"n","theoretical","observed"
150,0.00050006251041862,8.34095347191216e-05
150,0.0015005627814083,0.000504840518254649
150,0.00250156380330526,0.0009254699928768
150,0.00350306607761269,0.00100679224735652
150,0.00450507010658756,0.00161239841770636
150,0.00550757639324209,0.00282767716106387
150,0.0065105854413453,0.00449417464005727
150,0.00751409775542451,0.00451147670425956
150,0.00851811384076689,0.00554925086978612
150,0.00952263420342094,0.0081890974059391
150,0.0105276593501981,0.00903503286164471
150,0.0115331897886741,0.00930718213588504
150,0.0125392260271908,0.00935348587569183
150,0.0135457685748575,0.0103157263336501
150,0.0145528179415524,0.0104929722405417
150,0.0155603746379246,0.0117526439501189
150,0.0165684391753951,0.0123417737016714
150,0.0175770120661586,0.0123710388325676
150,0.0185860938231853,0.0130333045038076
150,0.019595684960222,0.01376209719085
150,0.0206057859917941,0.0150940398140502
150,0.0216163974332068,0.0151798082190358
150,0.0226275198005468,0.0154902910474851
150,0.0236391536106843,0.0156564554918084
150,0.0246512993812739,0.0157372475455287
150,0.0256639576307565,0.0158493473670539
150,0.0266771288783611,0.0162881147223122
150,0.0276908136441061,0.0169389112586248
150,0.028705012448801,0.0179400385439132
150,0.029719725814048,0.0190024142904387
150,0.0307349542622436,0.0201381620141484
150,0.0317506983165803,0.0212005206205037
150,0.0327669585010481,0.0218678627712207
150,0.0337837353404363,0.0233372272713502
150,0.0348010293603347,0.0237582291115856
150,0.0358188410871358,0.0241592470364617
150,0.0368371710480361,0.0242817787394698
150,0.0378560197710377,0.0244834269736021
150,0.0388753877849502,0.0246712457342957
150,0.0398952756193921,0.0265048732292848
150,0.0409156838047924,0.026634188366866
150,0.0419366128723927,0.0273310766765009
150,0.0429580633542484,0.0291297119321107
150,0.0439800357832304,0.0298528793537971
150,0.0450025306930271,0.0310664495314952
150,0.0460255486181457,0.0320257881383561
150,0.0470490900939142,0.0328111036464313
150,0.0480731556564827,0.0348819927903389
150,0.0490977458428254,0.0354574730481408
150,0.0501228611907423,0.0363296995291588
150,0.0511485022388607,0.0368888176389129
150,0.0521746695266369,0.0376682718699189
150,0.0532013635943581,0.0379857663872137
150,0.0542285849831439,0.0383340977982672
150,0.0552563342349482,0.0390533626506313
150,0.0562846118925608,0.0407666716605768
150,0.057313418499609,0.041231507018128
150,0.0583427546005597,0.041764645026148
150,0.0593726207407207,0.043104413657981
150,0.0604030174662427,0.0446749982876107
150,0.061433945324121,0.0448612942439155
150,0.0624654048621971,0.0449186792916997
150,0.0634973966291606,0.0457059047379017
150,0.064529921174551,0.047337201350947
150,0.0655629790487591,0.0477154483381454
150,0.0665965708030294,0.0500016864406723
150,0.0676306969894612,0.0516700602437093
150,0.0686653581610107,0.0529245584983632
150,0.0697005548714927,0.0532277620570347
150,0.0707362876755826,0.0538494570124919
150,0.0717725571288178,0.0545661766371875
150,0.0728093637875998,0.0551087299267408
150,0.0738467082091956,0.0556759613917779
150,0.0748845909517402,0.0560648176599197
150,0.0759230125742376,0.0585140442033834
150,0.0769619736365631,0.058886414669421
150,0.0780014746994651,0.059384908033499
150,0.0790415163245666,0.0600659798496028
150,0.0800820990743675,0.0606436160925321
150,0.0811232235122457,0.0624810865302838
150,0.0821648902024599,0.0634802001236666
150,0.0832070997101506,0.0648287084626889
150,0.0842498526013422,0.0653568891436693
150,0.0852931494429452,0.0654983703020715
150,0.0863369908027574,0.0674945382584635
150,0.0873813772494663,0.068433872007256
150,0.0884263093526508,0.0706252036823375
150,0.0894717876827829,0.0717951997373522
150,0.0905178128112298,0.0732452931941084
150,0.0915643853102554,0.0732630102872851
150,0.0926115057530229,0.0744544741330731
150,0.0936591747135959,0.076048229045875
150,0.0947073927669406,0.0788838940377803
150,0.0957561604889279,0.0790286374313423
150,0.0968054784563349,0.079682099836531
150,0.0978553472468473,0.0798874089218001
150,0.0989057674390606,0.0799772341944428
150,0.0999567396124829,0.0806325490470046
150,0.101008264347536,0.0815712876786004
150,0.102060342225558,0.0818394941575066
150,0.103112973828804,0.0820350107847798
150,0.104166159740451,0.0840948571445572
150,0.105219900544595,0.0841895414078647
150,0.106274196826257,0.0849060217873939
150,0.107329049171386,0.0860319631109892
150,0.108384458166854,0.0887027656312301
150,0.109440424400466,0.0894175588825759
150,0.110496948460957,0.0921758098834611
150,0.111554030937997,0.093214578143498
150,0.11261167242219,0.0932272456727858
150,0.113669873505077,0.0938488553318012
150,0.114728634779142,0.0940208932854494
150,0.115787956837805,0.0949722801590241
150,0.116847840275434,0.0953788194138997
150,0.117908285687341,0.0968913216213336
150,0.118969293669784,0.0976349476514189
150,0.120030864819973,0.0987009692186998
150,0.121092999736067,0.0992981252745107
150,0.122155699017181,0.0994797296452875
150,0.123218963263383,0.100297111147108
150,0.124282793075699,0.100884915206499
150,0.125347189056118,0.101468371719414
150,0.126412151807585,0.101693779499528
150,0.127477681934014,0.102124547926628
150,0.128543780040281,0.102277903161303
150,0.129610446732231,0.10319442753981
150,0.130677682616681,0.103679196950646
150,0.131745488301416,0.104237843135139
150,0.132813864395197,0.104885938535381
150,0.133882811507763,0.105782136591633
150,0.134952330249828,0.106981544033809
150,0.136022421233088,0.107267177646567
150,0.13709308507022,0.107696370561292
150,0.138164322374888,0.110223414785427
150,0.13923613376174,0.110226830412213
150,0.140308519846414,0.110926985214325
150,0.141381481245539,0.111144317810405
150,0.142455018576736,0.112472784066044
150,0.143529132458622,0.112475211960281
150,0.14460382351081,0.113727158873527
150,0.145679092353915,0.115781738362849
150,0.146754939609551,0.116220484109247
150,0.147831365900336,0.116573477232217
150,0.148908371849895,0.124364808389981
150,0.14998595808286,0.125156460990969
150,0.151064125224874,0.127251821869821
150,0.152142873902591,0.127630669587139
150,0.153222204743681,0.129111561363087
150,0.15430211837683,0.12915736633496
150,0.155382615431743,0.129774388773143
150,0.156463696539147,0.131474619046532
150,0.157545362330792,0.131739799229622
150,0.158627613439451,0.133382041278239
150,0.159710450498929,0.133946321689867
150,0.160793874144058,0.134132703208988
150,0.161877885010704,0.134904341176514
150,0.162962483735766,0.135872557082145
150,0.164047670957181,0.13663010187375
150,0.165133447313925,0.139337914801715
150,0.166219813446013,0.142013531479081
150,0.167306769994507,0.144660375217188
150,0.168394317601511,0.144713400036621
150,0.169482456910181,0.144747673976752
150,0.170571188564721,0.145397875804338
150,0.171660513210387,0.148067961067442
150,0.172750431493491,0.148933883222941
150,0.173840944061403,0.151592919129592
150,0.174932051562552,0.151771015653597
150,0.176023754646427,0.154354130258021
150,0.177116053963583,0.155688552119679
150,0.178208950165642,0.155882279843365
150,0.179302443905293,0.156406931475041
150,0.180396535836298,0.156931373197307
150,0.18149122661349,0.158531961742985
150,0.182586516892782,0.16001752120964
150,0.18368240733116,0.160918852345685
150,0.184778898586695,0.161172887415504
150,0.185875991318538,0.162396952870701
150,0.186973686186928,0.16312614073581
150,0.188071983853188,0.164520647812586
150,0.189170884979736,0.166661269715613
150,0.190270390230077,0.16743435581597
150,0.191370500268816,0.169967755041041
150,0.192471215761651,0.17095327923396
150,0.193572537375384,0.171195735282561
150,0.194674465777915,0.171799353676655
150,0.195777001638251,0.171880553968812
150,0.196880145626505,0.172452133060338
150,0.197983898413901,0.172702760575268
150,0.199088260672773,0.173046583167881
150,0.20019323307657,0.17323595963944
150,0.201298816299859,0.173759917120809
150,0.202405011018325,0.174600443681513
150,0.203511817908775,0.176144331465203
150,0.20461923764914,0.176285624199777
150,0.205727270918478,0.177658923246622
150,0.206835918396977,0.178598187815901
150,0.207945180765956,0.178661947981525
150,0.209055058707869,0.180042788944069
150,0.210165552906305,0.180755147233383
150,0.211276664045994,0.181512236055887
150,0.212388392812807,0.182207484742049
150,0.213500739893761,0.182305873304344
150,0.214613705977018,0.186596277243546
150,0.21572729175189,0.188910365731519
150,0.216841497908841,0.189055771889948
150,0.21795632513949,0.190975704605468
150,0.219071774136614,0.191317138179334
150,0.220187845594148,0.192870427373991
150,0.22130454020719,0.195533044113152
150,0.222421858672004,0.195765739094212
150,0.22353980168602,0.197244154561816
150,0.224658369947839,0.199647512487539
150,0.225777564157236,0.20077295965873
150,0.226897385015158,0.201334630627186
150,0.228017833223735,0.202033534935399
150,0.229138909486272,0.20301462316067
150,0.230260614507263,0.203309650692096
150,0.231382948992383,0.203459924714088
150,0.2325059136485,0.204802248818561
150,0.23362950918367,0.205621336381017
150,0.234753736307145,0.205628221660137
150,0.235878595729373,0.206248229338013
150,0.237004088162001,0.208504763663346
150,0.23813021431788,0.210251767996362
150,0.239256974911062,0.210259739445602
150,0.240384370656812,0.210706624118553
150,0.2415124022716,0.212081238529951
150,0.242641070473111,0.212220919697295
150,0.243770375980248,0.212486120974096
150,0.244900319513129,0.213244352899915
150,0.246030901793094,0.213961260417103
150,0.247162123542709,0.214475871480906
150,0.248293985485765,0.215029820044964
150,0.249426488347283,0.215628347202768
150,0.250559632853515,0.216396284666568
150,0.251693419731951,0.216573746552647
150,0.252827849711317,0.217016250278321
150,0.25396292352158,0.217422136092812
150,0.25509864189395,0.217943428973153
150,0.256235005560885,0.219741526752717
150,0.25737201525609,0.22074999088868
150,0.258509671714525,0.221833673795017
150,0.259647975672401,0.22271404537626
150,0.260786927867191,0.22383399502034
150,0.261926529037625,0.225031183112242
150,0.263066779923699,0.226357465934996
150,0.264207681266674,0.227053156378209
150,0.265349233809082,0.233396161136194
150,0.266491438294724,0.233574195846137
150,0.267634295468679,0.234233274008413
150,0.268777806077304,0.234541111701306
150,0.269921970868234,0.234613823912097
150,0.271066790590391,0.236525915852852
150,0.272212265993983,0.237507027221507
150,0.273358397830507,0.237827392219212
150,0.274505186852753,0.239723867975939
150,0.275652633814807,0.240183054434277
150,0.276800739472053,0.24124517525919
150,0.277949504581178,0.24342633097584
150,0.279098929900171,0.244390436214583
150,0.280249016188333,0.245546035367431
150,0.28139976420627,0.24619849384119
150,0.282551174715907,0.246698449267292
150,0.283703248480483,0.247128500657119
150,0.284855986264556,0.248953280211337
150,0.286009388834009,0.250742047140569
150,0.287163456956048,0.252001706893517
150,0.288318191399211,0.252738461545268
150,0.289473592933367,0.253434657967946
150,0.290629662329718,0.259300862483406
150,0.291786400360806,0.259336559948967
150,0.292943807800515,0.26024374328087
150,0.294101885424071,0.261068608022507
150,0.295260634008049,0.26590962819711
150,0.296420054330374,0.265974191835756
150,0.297580147170325,0.266373046677083
150,0.298740913308537,0.268858827721999
150,0.299902353527008,0.272194313073162
150,0.301064468609095,0.278078133856763
150,0.302227259339523,0.278800668818923
150,0.303390726504388,0.279617543760425
150,0.304554870891156,0.279633521612486
150,0.305719693288671,0.279902594127541
150,0.306885194487156,0.282057720744957
150,0.308051375278215,0.282615143910603
150,0.309218236454838,0.282647790721325
150,0.310385778811404,0.283921491738354
150,0.311554003143685,0.285095666278597
150,0.312722910248846,0.289624717208196
150,0.313892500925453,0.290084284303165
150,0.315062775973472,0.292789554842295
150,0.316233736194274,0.293239605636858
150,0.317405382390641,0.29413717758381
150,0.318577715366764,0.294829525041761
150,0.319750735928249,0.295623674182141
150,0.320924444882122,0.2961638487151
150,0.32209884303683,0.297840603278949
150,0.323273931202244,0.2993517273152
150,0.324449710189664,0.301146119618817
150,0.325626180811823,0.302133967080165
150,0.326803343882887,0.303755011385788
150,0.327981200218462,0.304704218448831
150,0.329159750635595,0.306937368744262
150,0.330338995952778,0.307641698454939
150,0.331518936989953,0.309115210210158
150,0.332699574568512,0.309525816011995
150,0.333880909511305,0.310188950723616
150,0.335062942642638,0.311268353564258
150,0.336245674788283,0.311453997308445
150,0.337429106775475,0.311534096247721
150,0.33861323943292,0.313680686499823
150,0.339798073590795,0.313861219813331
150,0.340983610080755,0.313940515136678
150,0.342169849735934,0.317658154822387
150,0.34335679339095,0.31801891950978
150,0.344544441881906,0.318019226779468
150,0.345732796046399,0.318445787505258
150,0.346921856723516,0.319609187977413
150,0.348111624753844,0.320231112815345
150,0.34930210097947,0.320441103819788
150,0.350493286243986,0.32077270342535
150,0.351685181392491,0.320934648566441
150,0.352877787271598,0.324268824629637
150,0.354071104729435,0.324366536820142
150,0.355265134615646,0.328125291084773
150,0.356459877781402,0.328521969421462
150,0.357655335079398,0.329239329842918
150,0.358851507363858,0.329741185784602
150,0.360048395490542,0.330852686074371
150,0.361246000316746,0.331266041504744
150,0.362444322701307,0.331385278478378
150,0.363643363504607,0.332202752804909
150,0.364843123588576,0.333032264152295
150,0.366043603816696,0.333040255413173
150,0.367244805054005,0.333416253998355
150,0.368446728167102,0.334226147964009
150,0.369649374024146,0.339021435562875
150,0.370852743494867,0.340572922909621
150,0.372056837450562,0.341059466286698
150,0.373261656764106,0.341771000074634
150,0.374467202309951,0.342556866806846
150,0.37567347496413,0.342757353323906
150,0.376880475604264,0.343847374601899
150,0.378088205109563,0.344428298402207
150,0.379296664360831,0.344666335139979
150,0.38050585424047,0.344964200389789
150,0.381715775632482,0.345590363872211
150,0.382926429422476,0.346050573766834
150,0.384137816497669,0.350219691642631
150,0.385349937746892,0.35119295541077
150,0.386562794060593,0.35411549358179
150,0.38777638633084,0.354764321940853
150,0.388990715451327,0.354905219379402
150,0.390205782317375,0.355171516039066
150,0.391421587825941,0.35607924008467
150,0.392638132875617,0.356866192977063
150,0.393855418366634,0.357660527348865
150,0.39507344520087,0.358762628858228
150,0.396292214281852,0.360287261747262
150,0.397511726514759,0.360312799360792
150,0.398731982806426,0.360317488905293
150,0.399952984065351,0.361111533864659
150,0.401174731201694,0.361448216965948
150,0.402397225127288,0.362505667367547
150,0.403620466755634,0.364319184661849
150,0.404844457001915,0.364918740546705
150,0.406069196782992,0.365971096631084
150,0.407294687017414,0.372345668516067
150,0.408520928625417,0.373268655452847
150,0.409747922528932,0.373304139192981
150,0.410975669651588,0.37461838452326
150,0.412204170918716,0.376599791623779
150,0.413433427257352,0.376957271635397
150,0.414663439596245,0.379212493988864
150,0.415894208865855,0.379614307662752
150,0.417125735998363,0.379705879170791
150,0.418358021927675,0.380510914090607
150,0.419591067589419,0.382341719410892
150,0.420824873920961,0.383145355982265
150,0.422059441861397,0.383387582839265
150,0.423294772351567,0.383584298083424
150,0.424530866334054,0.384415524333583
150,0.425767724753189,0.38743898795644
150,0.427005348555059,0.387954825211684
150,0.428243738687505,0.388349716874102
150,0.429482896100132,0.389207575456529
150,0.43072282174431,0.390035743568387
150,0.43196351657318,0.394285738105517
150,0.433204981541658,0.39584693417578
150,0.434447217606439,0.395982587965956
150,0.435690225726003,0.398292044471127
150,0.436934006860616,0.399410441904009
150,0.438178561972338,0.400733225867569
150,0.439423892025028,0.401250340460704
150,0.440669997984342,0.401275173778719
150,0.441916880817745,0.402328525602972
150,0.443164541494515,0.40283389237442
150,0.444412980985739,0.403368046134457
150,0.445662200264329,0.404971690372777
150,0.446912200305019,0.412599234571458
150,0.448162982084372,0.413236162746299
150,0.449414546580785,0.416145927605106
150,0.450666894774491,0.416397432621308
150,0.451920027647568,0.417209835421607
150,0.45317394618394,0.41893560047162
150,0.454428651369382,0.419892051202491
150,0.455684144191528,0.422398193360601
150,0.45694042563987,0.424063613094582
150,0.458197496705767,0.42503285281942
150,0.45945535838245,0.425351512420511
150,0.460714011665023,0.427039688313893
150,0.461973457550471,0.430302827892079
150,0.463233697037664,0.430442622652476
150,0.464494731127361,0.430679448932507
150,0.465756560822214,0.4310198934205
150,0.467019187126776,0.431310235492331
150,0.468282611047502,0.43195327374619
150,0.469546833592758,0.431978617888728
150,0.47081185577282,0.432232791686784
150,0.472077678599885,0.432497428376315
150,0.473344303088072,0.434015332992595
150,0.474611730253428,0.434142080074883
150,0.475879961113934,0.436072100543894
150,0.477148996689506,0.436826048039262
150,0.478418838002006,0.438158086374066
150,0.479689486075242,0.438394691470371
150,0.480960941934974,0.439000562687266
150,0.48223320660892,0.439389626467138
150,0.483506281126762,0.439812537682833
150,0.484780166520148,0.440225706371308
150,0.486054863822699,0.441719352184793
150,0.487330374070013,0.442619070797722
150,0.488606698299672,0.443832421140788
150,0.489883837551244,0.445831386896882
150,0.491161792866291,0.446425321884619
150,0.492440565288373,0.446743906916131
150,0.493720155863052,0.45045681478819
150,0.495000565637898,0.451211364269095
150,0.496281795662496,0.451323405412087
150,0.497563846988449,0.452109109569142
150,0.498846720669381,0.453390823801357
150,0.500130417760948,0.453934729878073
150,0.501414939320839,0.455220344240589
150,0.502700286408781,0.458423772436562
150,0.503986460086548,0.462197082470853
150,0.50527346141796,0.463342635414561
150,0.506561291468897,0.463446540530058
150,0.507849951307295,0.463863019143427
150,0.509139442003158,0.466205144785304
150,0.510429764628559,0.466287619090783
150,0.51172092025765,0.46721054913453
150,0.513012909966662,0.469135846959697
150,0.514305734833916,0.47052457861317
150,0.515599395939823,0.470531215180529
150,0.516893894366892,0.471198665793173
150,0.518189231199737,0.47146674151119
150,0.519485407525079,0.471620817281103
150,0.520782424431755,0.472473167533888
150,0.52208028301072,0.473620501803672
150,0.523378984355055,0.476863306450287
150,0.524678529559972,0.477277281474165
150,0.525978919722819,0.480331729127306
150,0.527280155943086,0.483852869588895
150,0.528582239322411,0.484313262518537
150,0.529885170964583,0.487110530884383
150,0.531188951975552,0.490691304818666
150,0.532493583463432,0.492961261920577
150,0.533799066538505,0.494284763296779
150,0.53510540231323,0.495062116343026
150,0.536412591902248,0.495352460005078
150,0.537720636422386,0.496270243730774
150,0.539029536992664,0.496324224899682
150,0.5403392947343,0.496587931877668
150,0.541649910770716,0.497536909892035
150,0.542961386227546,0.49862187793772
150,0.544273722232637,0.499283004210077
150,0.545586919916061,0.501727397646722
150,0.546900980410113,0.502938867843369
150,0.548215904849326,0.502951812870254
150,0.549531694370469,0.504938355516589
150,0.550848350112558,0.506280848995579
150,0.552165873216858,0.506345917924974
150,0.553484264826893,0.507108845230086
150,0.554803526088449,0.507596756347004
150,0.556123658149581,0.510808970011107
150,0.557444662160618,0.513364009062602
150,0.558766539274172,0.515260925302722
150,0.560089290645139,0.515416880902195
150,0.561412917430711,0.515515992014901
150,0.562737420790378,0.515520772653157
150,0.564062801885933,0.516448180910319
150,0.565389061881484,0.51673775170212
150,0.566716201943453,0.51840559529324
150,0.568044223240588,0.520277683391706
150,0.569373126943965,0.52120603827942
150,0.570702914226997,0.521553474550293
150,0.572033586265439,0.52345576912221
150,0.573365144237395,0.525189032668035
150,0.574697589323321,0.525745471236535
150,0.576030922706037,0.528834088022936
150,0.577365145570729,0.529180771445245
150,0.578700259104956,0.530140737879885
150,0.580036264498657,0.530287743367172
150,0.581373162944159,0.53187501756703
150,0.58271095563618,0.533434484429846
150,0.584049643771836,0.534726146889214
150,0.58538922855065,0.535822141786027
150,0.586729711174558,0.538669393559113
150,0.588071092847912,0.539262554395395
150,0.589413374777491,0.539776661517032
150,0.590756558172502,0.541246290936538
150,0.592100644244595,0.541348368746005
150,0.59344563420786,0.542165849911938
150,0.59479152927884,0.54327841773528
150,0.596138330676536,0.544261854008962
150,0.597486039622412,0.545298363018989
150,0.598834657340404,0.54793190703198
150,0.600184185056925,0.55006833517783
150,0.601534624000873,0.551565179311922
150,0.602885975403636,0.552405414115272
150,0.604238240499101,0.553086190139226
150,0.605591420523658,0.553675495259356
150,0.60694551671621,0.555522243011601
150,0.608300530318176,0.556366701320545
150,0.609656462573503,0.558582301083172
150,0.611013314728666,0.559300284844634
150,0.612371088032681,0.55930793080863
150,0.61372978373711,0.56257664532468
150,0.615089403096065,0.562952077630231
150,0.616449947366221,0.564412050046336
150,0.617811417806815,0.565635113194476
150,0.619173815679662,0.567141935973804
150,0.620537142249153,0.56816117899622
150,0.62190139878227,0.568780299284319
150,0.623266586548588,0.573259218240494
150,0.624632706820284,0.573449399219723
150,0.625999760872142,0.575273626585626
150,0.627367749981563,0.576787196147829
150,0.628736675428573,0.576959045362485
150,0.630106538495826,0.577551884819539
150,0.631477340468612,0.577870304789177
150,0.63284908263487,0.5788459502828
150,0.634221766285186,0.579009408915509
150,0.635595392712809,0.580105938444016
150,0.636969963213652,0.580542849963694
150,0.638345479086303,0.580812579057828
150,0.639721941632032,0.581554561428511
150,0.641099352154796,0.583951811044805
150,0.642477711961247,0.585128088655366
150,0.643857022360744,0.585616811545707
150,0.645237284665354,0.58578439173835
150,0.646618500189864,0.585965170844232
150,0.648000670251785,0.586147464978261
150,0.649383796171363,0.587762340540357
150,0.650767879271585,0.591374849537078
150,0.652152920878185,0.593001534702268
150,0.653538922319655,0.597746455459814
150,0.654925884927251,0.59855411739734
150,0.656313810034998,0.599884376624225
150,0.657702698979704,0.599919610127627
150,0.659092553100959,0.600663330088879
150,0.660483373741154,0.601243069670217
150,0.661875162245476,0.60169902314054
150,0.663267919961927,0.603221171055251
150,0.664661648241326,0.605016321169247
150,0.666056348437316,0.608907814328769
150,0.667452021906375,0.609401848825029
150,0.668848670007825,0.613160219397063
150,0.670246294103835,0.613766773221878
150,0.671644895559432,0.616234381586679
150,0.673044475742509,0.61653411095119
150,0.674445036023834,0.618968506137066
150,0.675846577777055,0.619391965921515
150,0.677249102378711,0.620496464975355
150,0.678652611208239,0.621383867844507
150,0.68005710564798,0.625575502530904
150,0.681462587083193,0.626897990406982
150,0.682869056902056,0.630219360892248
150,0.68427651649568,0.630902022950719
150,0.685684967258113,0.633068312019616
150,0.687094410586353,0.634287094726207
150,0.688504847880351,0.636316538086947
150,0.689916280543022,0.636800740353527
150,0.691328709980256,0.638641946256759
150,0.692742137600921,0.641941952595336
150,0.694156564816875,0.645638661881074
150,0.695571993042973,0.646076582374137
150,0.696988423697077,0.647296616497766
150,0.698405858200063,0.647523185534757
150,0.69982429797583,0.648053167849029
150,0.70124374445131,0.648953278458444
150,0.702664199056474,0.652207441283578
150,0.704085663224342,0.652304930990181
150,0.705508138390992,0.65585961558302
150,0.706931625995568,0.657527854961407
150,0.70835612748029,0.658698654280487
150,0.709781644290462,0.659622379341075
150,0.711208177874479,0.660854576045066
150,0.712635729683838,0.662113370623218
150,0.714064301173148,0.664741617576349
150,0.715493893800136,0.666714945224984
150,0.716924509025656,0.667527679996273
150,0.718356148313702,0.669173939506202
150,0.719788813131411,0.669746250374111
150,0.721222504949078,0.673134753373321
150,0.722657225240159,0.676035451341298
150,0.724092975481287,0.67723077209817
150,0.725529757152274,0.678068131086436
150,0.726967571736126,0.678495275432792
150,0.728406420719048,0.678653431155023
150,0.729846305590456,0.679084198359278
150,0.731287227842986,0.679570211683338
150,0.732729188972499,0.680356379372719
150,0.734172190478099,0.680706425222142
150,0.735616233862132,0.681613678008277
150,0.737061320630204,0.681911380234478
150,0.738507452291185,0.68277196389216
150,0.739954630357222,0.682882062690035
150,0.741402856343746,0.684352677629167
150,0.742852131769483,0.688560906653549
150,0.744302458156462,0.688622011529346
150,0.745753837030026,0.688880621435877
150,0.747206269918841,0.690388154095552
150,0.748659758354906,0.69129542633457
150,0.750114303873564,0.691580149071651
150,0.751569908013508,0.693930373897997
150,0.753026572316793,0.700977386813095
150,0.754484298328849,0.701329496965895
150,0.755943087598484,0.701468977418488
150,0.757402941677899,0.703810254417284
150,0.758863862122697,0.705543994207693
150,0.760325850491892,0.707891556355453
150,0.761788908347919,0.708263445759805
150,0.763253037256645,0.708676084598173
150,0.764718238787378,0.709052758947477
150,0.766184514512878,0.709919870734775
150,0.767651866009366,0.710631991267662
150,0.769120294856536,0.710733698009397
150,0.770589802637563,0.711973584458175
150,0.772060390939114,0.71225835332042
150,0.77353206135136,0.714535411019466
150,0.775004815467984,0.714769102611711
150,0.776478654886192,0.71634840251852
150,0.777953581206724,0.717690182888511
150,0.779429596033865,0.720035014526492
150,0.780906700975453,0.723095039327539
150,0.782384897642891,0.723532434518515
150,0.78386418765116,0.725032728940497
150,0.785344572618824,0.726589344347874
150,0.786826054168046,0.728197031989321
150,0.788308633924595,0.729208950018199
150,0.78979231351786,0.729330157510299
150,0.791277094580857,0.730459510494913
150,0.792762978750244,0.730964956177493
150,0.794249967666326,0.736892482798934
150,0.795738062973073,0.737354615799627
150,0.797227266318125,0.738197152886068
150,0.798717579352807,0.738231493075126
150,0.800209003732137,0.752474758138162
150,0.801701541114838,0.752620756461195
150,0.80319519316335,0.753401692467293
150,0.804689961543841,0.754462376068293
150,0.806185847926217,0.75634607604684
150,0.807682853984134,0.757111236837127
150,0.809180981395007,0.757930156223492
150,0.810680231840027,0.759543779138116
150,0.812180607004166,0.760151703001115
150,0.813682108576191,0.761316204815186
150,0.815184738248677,0.761787545383191
150,0.816688497718016,0.76241486766841
150,0.818193388684428,0.76501459878391
150,0.819699412851977,0.76948392388619
150,0.821206571928576,0.771448200366392
150,0.822714867626004,0.771878533624242
150,0.824224301659916,0.773312240515174
150,0.825734875749853,0.773857007588207
150,0.827246591619256,0.775619676237729
150,0.828759450995477,0.785225214748505
150,0.830273455609791,0.786699356319859
150,0.831788607197407,0.786975932252168
150,0.833304907497482,0.788504191204341
150,0.83482235825313,0.789985806794313
150,0.836340961211437,0.790230829170054
150,0.83786071812347,0.792136588643496
150,0.839381630744293,0.795210895577807
150,0.840903700832976,0.795556647445624
150,0.842426930152607,0.796357726268016
150,0.843951320470308,0.796564591576425
150,0.845476873557243,0.796782213178798
150,0.847003591188632,0.797223019183543
150,0.848531475143763,0.799520954832725
150,0.850060527206009,0.799594143701332
150,0.85159074916283,0.800615783477584
150,0.853122142805798,0.800989993711685
150,0.854654709930598,0.802800218597509
150,0.856188452337052,0.803407126406903
150,0.857723371829121,0.804253494388485
150,0.859259470214925,0.806047916811945
150,0.860796749306752,0.807358822176099
150,0.862335210921075,0.807516800848538
150,0.863874856878558,0.809476740040498
150,0.865415689004077,0.80985027646034
150,0.866957709126727,0.810767627953216
150,0.868500919079836,0.81160139265867
150,0.87004532070098,0.81194673608642
150,0.871590915831997,0.815475176221853
150,0.873137706318996,0.815831375498683
150,0.874685694012374,0.816024187911371
150,0.876234880766828,0.820492150218186
150,0.877785268441366,0.820772079070947
150,0.879336858899325,0.822045409353036
150,0.880889654008382,0.822786846982097
150,0.882443655640567,0.825079049577551
150,0.883998865672276,0.826345544133027
150,0.885555285984288,0.826844700969948
150,0.887112918461775,0.827211909815915
150,0.888671764994316,0.827526154283969
150,0.890231827475913,0.828458560976113
150,0.891793107805005,0.828723866818157
150,0.893355607884478,0.82961518217725
150,0.894919329621682,0.829931337555385
150,0.896484274928446,0.830110001728865
150,0.898050445721088,0.830119859737509
150,0.899617843920433,0.835851459852115
150,0.901186471451825,0.841677235110197
150,0.902756330245141,0.843411818929359
150,0.904327422234809,0.847172241779707
150,0.905899749359816,0.847287521650492
150,0.907473313563727,0.852442821652928
150,0.909048116794699,0.85281504566343
150,0.910624161005492,0.854267225260413
150,0.912201448153488,0.855761568551599
150,0.913779980200705,0.858669653610954
150,0.915359759113807,0.859053066373903
150,0.916940786864125,0.860486580070069
150,0.918523065427667,0.860606882032626
150,0.920106596785135,0.862450992117571
150,0.92169138292194,0.863371775000596
150,0.923277425828216,0.864525435515407
150,0.924864727498835,0.866229632959252
150,0.926453289933424,0.872472382206779
150,0.928043115136376,0.877512172551031
150,0.929634205116871,0.877878914597949
150,0.931226561888885,0.878076617295417
150,0.932820187471211,0.886520453593828
150,0.934415083887469,0.891927852175111
150,0.936011253166125,0.892468591130207
150,0.937608697340507,0.893720925538759
150,0.939207418448817,0.893994885515112
150,0.940807418534151,0.894105650825066
150,0.942408699644509,0.89473209799714
150,0.944011263832817,0.894860281164863
150,0.945615113156939,0.897136209115001
150,0.947220249679694,0.897186711635189
150,0.948826675468871,0.898408944754096
150,0.950434392597246,0.900437101297996
150,0.952043403142597,0.901866983682434
150,0.953653709187722,0.901965501679627
150,0.955265312820453,0.902840744723395
150,0.956878216133674,0.903409183009408
150,0.958492421225336,0.90378494694707
150,0.960107930198474,0.905035013146328
150,0.961724745161223,0.905264410959377
150,0.963342868226835,0.90595526049253
150,0.964962301513696,0.906187875229438
150,0.966583047145342,0.907880477706618
150,0.968205107250474,0.908581706129718
150,0.969828483962979,0.911328471237621
150,0.971453179421944,0.91157735933033
150,0.97307919577167,0.913188759459615
150,0.974706535161697,0.921339839541123
150,0.976335199746813,0.926075197490149
150,0.977965191687077,0.927972769328338
150,0.97959651314783,0.929273507770102
150,0.98122916629972,0.929433093475797
150,0.982863153318712,0.929764234493141
150,0.98449847638611,0.931080042589598
150,0.986135137688574,0.93279641181683
150,0.987773139418135,0.933773440071195
150,0.989412483772215,0.934837436292671
150,0.991053172953643,0.936011139610762
150,0.992695209170675,0.938671562185652
150,0.99433859463701,0.939056853694001
150,0.995983331571809,0.939102906477431
150,0.99762942219971,0.940012939994406
150,0.999276868750853,0.941482129454879
150,1.00092567346089,0.942132806253576
150,1.002575838571,0.944133687123995
150,1.00422736632794,0.945868249441899
150,1.005880258984,0.946243651960161
150,1.00753451879709,0.949602571779754
150,1.00919014803071,0.949975984231136
150,1.01084714895399,0.952446756868586
150,1.01250552384171,0.952870213929493
150,1.01416527497431,0.954149331269153
150,1.01582640463791,0.95595724762205
150,1.01748891512433,0.956910930926642
150,1.01915280873112,0.959081225905772
150,1.02081808776155,0.961362386482383
150,1.02248475452467,0.966486370896249
150,1.02415281133529,0.969667449192427
150,1.02582226051402,0.970371171421481
150,1.02749310438731,0.972002993236481
150,1.02916534528741,0.972071078063852
150,1.03083898555244,0.972492802670685
150,1.0325140275264,0.972848567717727
150,1.03419047355917,0.975450394541821
150,1.03586832600657,0.976001353355874
150,1.03754758723033,0.976907480155694
150,1.03922825959814,0.977230704526557
150,1.04091034548367,0.978239198745638
150,1.04259384726657,0.980025567487807
150,1.04427876733253,0.980346605226378
150,1.04596510807324,0.980554884899512
150,1.04765287188648,0.981096210816111
150,1.04934206117609,0.981528897601444
150,1.05103267835199,0.983018308475434
150,1.05272472583024,0.985245001781146
150,1.05441820603303,0.987638320672704
150,1.05611312138871,0.988058867907535
150,1.05780947433179,0.989784404786513
150,1.05950726730302,0.991154972875219
150,1.06120650274933,0.99400549063094
150,1.06290718312392,0.994612156420648
150,1.06460931088623,0.994819540486333
150,1.06631288850201,0.995555618059563
150,1.0680179184433,0.995705437784802
150,1.06972440318846,0.997620808909977
150,1.07143234522223,0.997925598057176
150,1.0731417470357,0.999186525673661
150,1.07485261112634,1.00296334072405
150,1.07656493999806,1.00363988914173
150,1.0782787361612,1.00841326812988
150,1.07999400213254,1.01120269715003
150,1.08171074043537,1.0119038961378
150,1.08342895359947,1.01220239945506
150,1.08514864416114,1.01269598627995
150,1.08686981466324,1.01340337184247
150,1.08859246765518,1.01366961771106
150,1.09031660569299,1.01379451057891
150,1.0920422313393,1.01541281930397
150,1.09376934716339,1.01824868846254
150,1.09549795574118,1.02161034228702
150,1.09722805965529,1.02274009130795
150,1.09895966149506,1.02305082863485
150,1.10069276385655,1.0268154461059
150,1.10242736934256,1.0304441927701
150,1.10416348056268,1.03082873905672
150,1.10590110013332,1.03318891638572
150,1.10764023067769,1.0333928698668
150,1.10938087482586,1.03392024949166
150,1.11112303521476,1.0348244888838
150,1.11286671448825,1.03529139374135
150,1.11461191529706,1.03607722805177
150,1.11635864029892,1.03767954860764
150,1.11810689215849,1.03880121201143
150,1.11985667354745,1.03954641500147
150,1.12160798714446,1.0439928598363
150,1.12336083563528,1.04554537496704
150,1.12511522171269,1.04696759845582
150,1.12687114807658,1.04831390264627
150,1.12862861743395,1.0485704705978
150,1.13038763249897,1.04925960772689
150,1.13214819599294,1.05716081777737
150,1.13391031064437,1.06056186849821
150,1.135673979189,1.06088806058643
150,1.13743920436979,1.06263193679232
150,1.13920598893698,1.06404057904653
150,1.14097433564812,1.06561166898252
150,1.14274424726805,1.06689207189271
150,1.14451572656898,1.07053329370921
150,1.1462887763305,1.07133380869233
150,1.14806339933957,1.07184885642063
150,1.14983959839059,1.07330174215017
150,1.15161737628542,1.07380778124855
150,1.1533967358334,1.07750257473694
150,1.15517767985135,1.08029734340693
150,1.15696021116364,1.08233637509662
150,1.1587443326022,1.08260746773119
150,1.16053004700655,1.08452435851503
150,1.1623173572238,1.08810714539734
150,1.16410626610872,1.09154323787716
150,1.16589677652374,1.09392258492309
150,1.16768889133899,1.09404948927461
150,1.16948261343232,1.0951945835245
150,1.17127794568932,1.09651607068553
150,1.17307489100337,1.09664160375174
150,1.17487345227566,1.09723395881605
150,1.1766736324152,1.09767109258947
150,1.17847543433887,1.09828575235713
150,1.18027886097143,1.09887549552863
150,1.18208391524558,1.10035267543974
150,1.18389060010196,1.10217706886452
150,1.18569891848916,1.1024312657669
150,1.18750887336382,1.10253890062689
150,1.18932046769058,1.10284451968969
150,1.19113370444216,1.10306883186593
150,1.19294858659937,1.10314428520232
150,1.19476511715113,1.10861891066871
150,1.19658329909453,1.11191957091981
150,1.19840313543483,1.11197056783011
150,1.20022462918551,1.11457124376698
150,1.20204778336828,1.11589194213073
150,1.20387260101312,1.11673494273148
150,1.20569908515833,1.11711460211764
150,1.20752723885052,1.11863082709381
150,1.20935706514467,1.11942520230221
150,1.21118856710417,1.11958581947414
150,1.2130217478008,1.12018464884562
150,1.21485661031482,1.12222758285066
150,1.21669315773496,1.12468094525893
150,1.21853139315849,1.12654057084938
150,1.2203713196912,1.12976606678262
150,1.22221294044747,1.13229825872605
150,1.22405625855031,1.13278499757168
150,1.22590127713134,1.13423708597471
150,1.22774799933087,1.13461866293422
150,1.22959642829794,1.13503188187741
150,1.23144656719028,1.13547191235228
150,1.23329841917444,1.13588368244311
150,1.23515198742574,1.13784908987264
150,1.23700727512836,1.13855665874298
150,1.23886428547533,1.13932132109301
150,1.2407230216686,1.14150681134896
150,1.24258348691903,1.14186098314264
150,1.24444568444649,1.14227246777669
150,1.24630961747982,1.14462841086054
150,1.2481752892569,1.14619576688506
150,1.25004270302469,1.14788880791337
150,1.25191186203924,1.15358893758857
150,1.25378276956576,1.15371684218268
150,1.25565542887861,1.15899875954233
150,1.25752984326135,1.16122128977087
150,1.25940601600682,1.16316181543104
150,1.2612839504171,1.16487381394834
150,1.26316364980358,1.16664509625379
150,1.26504511748702,1.16787674830804
150,1.26692835679754,1.17098834953534
150,1.26881337107469,1.17256547123506
150,1.27070016366746,1.1741735768349
150,1.27258873793432,1.177098471519
150,1.2744790972433,1.18019168284882
150,1.27637124497194,1.1833760144541
150,1.27826518450741,1.18430650925685
150,1.28016091924651,1.18490262279466
150,1.28205845259568,1.18765831880395
150,1.28395778797109,1.18835303619589
150,1.28585892879866,1.18900885061403
150,1.28776187851405,1.18940470642398
150,1.28966664056279,1.18951169163956
150,1.29157321840022,1.19178650128726
150,1.29348161549158,1.191898815045
150,1.29539183531206,1.19197300775114
150,1.29730388134679,1.19384607426155
150,1.29921775709092,1.19674311983685
150,1.30113346604965,1.20128856016115
150,1.30305101173825,1.20408692662712
150,1.30497039768211,1.20502404667262
150,1.30689162741679,1.20505221128104
150,1.30881470448803,1.20579010626515
150,1.31073963245183,1.20588237979824
150,1.31266641487446,1.20610386084165
150,1.3145950553325,1.20622198267871
150,1.31652555741289,1.20695450773715
150,1.31845792471297,1.20826933651981
150,1.32039216084052,1.20919740768306
150,1.32232826941379,1.21162622463104
150,1.32426625406155,1.21591748249051
150,1.32620611842314,1.21633451453605
150,1.32814786614848,1.21967502019735
150,1.33009150089814,1.22230585874259
150,1.33203702634339,1.22481132074138
150,1.33398444616619,1.22562159123144
150,1.33593376405929,1.22718700337936
150,1.33788498372626,1.22750774527325
150,1.33983810888148,1.22810765467363
150,1.34179314325025,1.22941675794789
150,1.34375009056881,1.23019565293662
150,1.34570895458437,1.2308845274002
150,1.34766973905514,1.23161917489619
150,1.34963244775044,1.23277654573972
150,1.35159708445066,1.2345988681607
150,1.35356365294736,1.23501457889038
150,1.35553215704329,1.23677704581527
150,1.35750260055243,1.24015037924116
150,1.35947498730006,1.24026589541802
150,1.36144932112278,1.24131547391523
150,1.36342560586856,1.2442202835673
150,1.36540384539681,1.24691397700408
150,1.36738404357838,1.24759079529072
150,1.36936620429563,1.24865100702636
150,1.37135033144249,1.2491824344716
150,1.37333642892447,1.24918798537328
150,1.37532450065875,1.25057822880544
150,1.37731455057419,1.25198753838712
150,1.37930658261138,1.254376839236
150,1.38130060072272,1.25533238447109
150,1.38329660887242,1.25582168690673
150,1.38529461103659,1.2565111447479
150,1.38729461120326,1.25872795880678
150,1.38929661337243,1.26353822403559
150,1.39130062155613,1.26658879409614
150,1.39330663977847,1.26764963577034
150,1.39531467207566,1.26813114586167
150,1.39732472249611,1.26960985059471
150,1.39933679510042,1.26968103999495
150,1.40135089396147,1.27752530229098
150,1.40336702316446,1.27789685645738
150,1.40538518680695,1.27834026077383
150,1.40740538899892,1.28063275687561
150,1.40942763386282,1.28199667060716
150,1.41145192553361,1.28333332654794
150,1.41347826815882,1.28493999824909
150,1.41550666589861,1.28873176930295
150,1.4175371229258,1.28889485639329
150,1.41956964342594,1.2920017108951
150,1.42160423159733,1.29335558305045
150,1.42364089165113,1.29362317496197
150,1.42567962781136,1.29592492016636
150,1.42772044431497,1.29822208124126
150,1.4297633454119,1.29933075206206
150,1.43180833536512,1.2997118925266
150,1.4338554184507,1.30053859194737
150,1.43590459895783,1.30215219500096
150,1.43795588118893,1.30308701917406
150,1.44000926945966,1.30397229714934
150,1.44206476809896,1.3060293086272
150,1.44412238144918,1.3072338656733
150,1.44618211386604,1.30973985651791
150,1.44824396971875,1.31415396460304
150,1.45030795339006,1.32166215095683
150,1.45237406927629,1.32204176456447
150,1.45444232178739,1.3235727268619
150,1.45651271534703,1.32359972384162
150,1.4585852543926,1.32931669196247
150,1.46065994337532,1.33012580347232
150,1.46273678676029,1.33062055357471
150,1.4648157890265,1.33103807435205
150,1.46689695466694,1.33245873136024
150,1.46898028818866,1.3438051322524
150,1.47106579411277,1.34455494515757
150,1.47315347697456,1.34678943779227
150,1.47524334132355,1.34935594495802
150,1.47733539172351,1.34955789711079
150,1.47942963275256,1.35237202444408
150,1.48152606900322,1.3553728741877
150,1.48362470508245,1.35600318393817
150,1.48572554561176,1.35797784537115
150,1.4878285952272,1.35813557691431
150,1.48993385857948,1.36026699276921
150,1.49204134033403,1.36057413326193
150,1.494151045171,1.36096597697624
150,1.49626297778541,1.36140632870039
150,1.49837714288714,1.36352994105782
150,1.50049354520104,1.36426621632467
150,1.50261218946695,1.36581492746749
150,1.50473308043983,1.36694600997098
150,1.50685622288975,1.36731964706303
150,1.50898162160199,1.37190211645707
150,1.51110928137712,1.37239696275827
150,1.51323920703104,1.37661008065962
150,1.51537140339503,1.3772437448878
150,1.51750587531588,1.37931220213747
150,1.51964262765588,1.38183612558075
150,1.52178166529293,1.38748509223219
150,1.52392299312061,1.39073280217531
150,1.52606661604822,1.39147308074312
150,1.52821253900088,1.39320204414696
150,1.53036076691955,1.39562573618513
150,1.53251130476117,1.397158633751
150,1.53466415749864,1.3986593793123
150,1.53681933012098,1.3991055741763
150,1.53897682763333,1.40136216937753
150,1.54113665505706,1.40422067503864
150,1.54329881742981,1.40461513561132
150,1.54546331980558,1.40710792479073
150,1.5476301672548,1.40832799129686
150,1.54979936486441,1.41191649659497
150,1.5519709177379,1.41227687099574
150,1.55414483099541,1.41575034672273
150,1.5563211097738,1.41754446740556
150,1.55849975922671,1.41807972135219
150,1.56068078452465,1.42500956966931
150,1.56286419085503,1.42563919360437
150,1.56504998342232,1.42577578140334
150,1.56723816744804,1.42979713593739
150,1.56942874817087,1.43130138853992
150,1.57162173084673,1.43136102788574
150,1.57381712074884,1.43185591660854
150,1.57601492316781,1.43261720746695
150,1.57821514341171,1.43365892516345
150,1.58041778680615,1.43461116093266
150,1.58262285869435,1.43669117203824
150,1.58483036443723,1.43777968747465
150,1.58704030941346,1.43965147943769
150,1.5892526990196,1.44093721611979
150,1.59146753867009,1.44169369525376
150,1.59368483379742,1.44419487270012
150,1.59590458985214,1.44430496527678
150,1.59812681230299,1.44438939661015
150,1.60035150663694,1.44803209728957
150,1.6025786783593,1.44990988509501
150,1.60480833299379,1.45003607593151
150,1.60704047608263,1.45073205171953
150,1.60927511318662,1.45263312278443
150,1.6115122498852,1.45336497230053
150,1.61375189177658,1.4548710449026
150,1.61599404447777,1.45589883396457
150,1.61823871362473,1.45741508255244
150,1.62048590487238,1.45928076993158
150,1.62273562389475,1.46043005653832
150,1.62498787638502,1.46146455231938
150,1.62724266805564,1.46337268839587
150,1.62950000463839,1.46339217879858
150,1.63175989188448,1.46889212470553
150,1.63402233556466,1.47625678628045
150,1.63628734146926,1.4771193525213
150,1.63855491540831,1.47828290636973
150,1.64082506321164,1.48102742828982
150,1.64309779072894,1.48589133103431
150,1.64537310382986,1.49198461007379
150,1.64765100840412,1.49429033193916
150,1.64993151036159,1.49473068601065
150,1.65221461563235,1.49690768436444
150,1.65450033016685,1.49976081407165
150,1.65678865993594,1.50128329454861
150,1.659079610931,1.50170256645078
150,1.66137318916401,1.50926167182686
150,1.66366940066768,1.51220107931161
150,1.66596825149549,1.51251650387438
150,1.66826974772185,1.51319818889349
150,1.67057389544214,1.51610956613892
150,1.67288070077284,1.52170864097325
150,1.67519016985164,1.52591758122943
150,1.67750230883747,1.52711788222821
150,1.6798171239107,1.52830975073743
150,1.68213462127313,1.52873156852718
150,1.6844548071482,1.53139239357327
150,1.68677768778098,1.53840730562751
150,1.68910326943836,1.53973405315552
150,1.6914315584091,1.54504981603548
150,1.69376256100397,1.54835061163449
150,1.69609628355581,1.55053504501386
150,1.69843273241967,1.55746684723977
150,1.70077191397287,1.55968335087558
150,1.70311383461517,1.56602223980279
150,1.70545850076882,1.56621958546143
150,1.70780591887868,1.56776643147641
150,1.71015609541233,1.56921413591252
150,1.71250903686019,1.5735410915066
150,1.7148647497356,1.57452133571965
150,1.71722324057495,1.57486863389736
150,1.71958451593778,1.5749755738833
150,1.72194858240689,1.57601303103551
150,1.72431544658846,1.58113016507348
150,1.72668511511212,1.58136981504802
150,1.72905759463113,1.58400705465259
150,1.73143289182244,1.58506889918065
150,1.73381101338682,1.58639342407405
150,1.73619196604897,1.59052841351997
150,1.73857575655764,1.59211949887553
150,1.74096239168572,1.59305557998193
150,1.74335187823041,1.5967521856313
150,1.74574422301327,1.59800911800462
150,1.74813943288039,1.60234043718044
150,1.75053751470247,1.60368993017169
150,1.75293847537497,1.60890735794291
150,1.7553423218182,1.61016008827928
150,1.75774906097747,1.61445428956409
150,1.76015869982317,1.62168436427762
150,1.76257124535093,1.62364914148113
150,1.76498670458173,1.62368164248737
150,1.76740508456201,1.63722574818128
150,1.7698263923638,1.63849049058038
150,1.77225063508486,1.63939790979602
150,1.77467781984878,1.6409454289774
150,1.77710795380511,1.64175354911918
150,1.77954104412952,1.64234729412119
150,1.78197709802387,1.64347688377679
150,1.7844161227164,1.647677937417
150,1.78685812546179,1.64962759472057
150,1.78930311354135,1.6545047829953
150,1.79175109426313,1.65845947931208
150,1.79420207496203,1.65871807513568
150,1.79665606299996,1.66016048269397
150,1.79911306576598,1.66260148443803
150,1.80157309067638,1.66376283568527
150,1.80403614517487,1.66437225701276
150,1.8065022367327,1.66470716090165
150,1.80897137284878,1.66579154481423
150,1.81144356104984,1.6660140430205
150,1.81391880889054,1.66682160812779
150,1.81639712395364,1.6679827253614
150,1.81887851385011,1.66817164196123
150,1.82136298621929,1.66820039588612
150,1.82385054872903,1.6708767518914
150,1.82634120907582,1.67538454188499
150,1.82883497498495,1.67944773337453
150,1.83133185421063,1.67984525916666
150,1.83383185453615,1.68053014891973
150,1.83633498377403,1.68244820739072
150,1.83884124976617,1.68889773236027
150,1.84135066038396,1.69063607201882
150,1.84386322352848,1.69354446820479
150,1.84637894713062,1.69872222470076
150,1.84889783915124,1.69887936772014
150,1.85141990758129,1.70105754907204
150,1.85394516044203,1.70762483669071
150,1.85647360578511,1.70799051250923
150,1.85900525169277,1.7093646460167
150,1.86154010627798,1.71046264558571
150,1.86407817768459,1.71120536818903
150,1.8666194740875,1.71275537404538
150,1.86916400369281,1.71325021947479
150,1.87171177473799,1.71529259809356
150,1.87426279549201,1.71564157924695
150,1.87681707425555,1.71818443509748
150,1.8793746193611,1.72105798623825
150,1.88193543917319,1.72216530392751
150,1.8844995420885,1.72246938436974
150,1.88706693653606,1.7229444354279
150,1.88963763097739,1.7247126406108
150,1.89221163390668,1.72801837854934
150,1.89478895385098,1.7296097046686
150,1.89736959937032,1.73838898379123
150,1.89995357905792,1.7405482921417
150,1.90254090154036,1.74161969339155
150,1.90513157547773,1.74345806826464
150,1.90772560956382,1.74500702606234
150,1.9103230125263,1.74552545764817
150,1.91292379312686,1.74726730338521
150,1.91552796016146,1.75323617098142
150,1.91813552246043,1.75454561607438
150,1.92074648888869,1.75567328978762
150,1.92336086834593,1.75709096108294
150,1.92597866976679,1.75976231651711
150,1.92859990212103,1.75983457990972
150,1.93122457441373,1.76229022756349
150,1.93385269568547,1.76308152064691
150,1.93648427501251,1.76630719718025
150,1.93911932150699,1.76880400143726
150,1.94175784431712,1.7710070371589
150,1.94439985262734,1.77101112291606
150,1.94704535565858,1.77139311274533
150,1.94969436266836,1.77177065158046
150,1.95234688295107,1.77286320703002
150,1.9550029258381,1.77529386412717
150,1.95766250069811,1.77550143668465
150,1.96032561693713,1.77626579241459
150,1.96299228399886,1.77632298105326
150,1.9656625113648,1.77996814344402
150,1.96833630855448,1.78359278713673
150,1.97101368512568,1.78590330233443
150,1.97369465067458,1.78622148952072
150,1.97637921483604,1.79026583833716
150,1.97906738728374,1.79026710021694
150,1.98175917773046,1.79115404227554
150,1.98445459592819,1.79465423630135
150,1.98715365166846,1.7967413365047
150,1.98985635478246,1.80362075091637
150,1.9925627151413,1.80428743596448
150,1.99527274265622,1.80476108192686
150,1.99798644727879,1.8054290955666
150,2.00070383900118,1.80779531160345
150,2.0034249278563,1.80838893766894
150,2.00614972391809,1.81023024842716
150,2.00887823730172,1.81077741893479
150,2.01161047816381,1.8112011034285
150,2.01434645670266,1.81129793632855
150,2.01708618315848,1.81228496483127
150,2.01982966781365,1.81425827005652
150,2.02257692099287,1.8148518201786
150,2.02532795306349,1.81935944968375
150,2.02808277443568,1.81956063455774
150,2.03084139556269,1.81980464748456
150,2.03360382694109,1.82004776920578
150,2.03637007911099,1.82494999821035
150,2.03914016265631,1.82687837201044
150,2.04191408820501,1.82734860568132
150,2.04469186642932,1.83209762052713
150,2.04747350804601,1.83780670404401
150,2.05025902381661,1.83883668916062
150,2.05304842454771,1.841634777664
150,2.05584172109115,1.84643111896928
150,2.05863892434432,1.84740604607777
150,2.06144004525038,1.84949050100676
150,2.06424509479855,1.85250847673065
150,2.06705408402435,1.8535506570004
150,2.06986702400985,1.85856676487335
150,2.07268392588397,1.86448450380463
150,2.07550480082269,1.86609316324205
150,2.07832966004938,1.8697122043604
150,2.081158514835,1.87128752641008
150,2.08399137649843,1.87180759277386
150,2.0868282564067,1.87225415737925
150,2.08966916597528,1.87399339214076
150,2.09251411666836,1.87672365898104
150,2.09536311999913,1.87704101668586
150,2.09821618753004,1.87776776565551
150,2.10107333087309,1.88166684486592
150,2.10393456169013,1.88729872091679
150,2.10679989169312,1.88930616262355
150,2.10966933264444,1.89123211896683
150,2.11254289635717,1.8932007953486
150,2.11542059469537,1.89566634790003
150,2.11830243957439,1.89687599611384
150,2.12118844296118,1.90122580369762
150,2.12407861687454,1.907264676552
150,2.12697297338547,1.90986112418653
150,2.12987152461745,1.91056328891605
150,2.13277428274675,1.91061163967973
150,2.13568126000271,1.91500711592966
150,2.13859246866811,1.91667948486165
150,2.14150792107943,1.91767123852623
150,2.14442762962716,1.91831756113822
150,2.14735160675616,1.92189353940629
150,2.15027986496593,1.92222747886677
150,2.15321241681099,1.92374273824579
150,2.15614927490112,1.92524633718312
150,2.15909045190177,1.93038478797503
150,2.16203596053432,1.93628659430937
150,2.16498581357645,1.93809227402753
150,2.16794002386248,1.94183443277716
150,2.17089860428366,1.94632162465485
150,2.17386156778854,1.9465279365661
150,2.17682892738333,1.94833140106036
150,2.17980069613218,1.94958982225584
150,2.18277688715758,1.95214610115749
150,2.1857575136407,1.9525918504942
150,2.18874258882171,1.95314882490535
150,2.19173212600017,1.95607406032646
150,2.19472613853536,1.95761410267415
150,2.19772463984664,1.95987987528389
150,2.20072764341383,1.9629312345234
150,2.20373516277756,1.96401380591868
150,2.20674721153964,1.96476567718382
150,2.20976380336341,1.96656582876422
150,2.21278495197414,1.97035079745739
150,2.2158106711594,1.98213395287501
150,2.21884097476943,1.98285243107912
150,2.22187587671749,1.98368747533537
150,2.22491539098033,1.98760010990057
150,2.22795953159846,1.98767987783735
150,2.23100831267666,1.99011990477959
150,2.23406174838426,1.99483518105576
150,2.23711985295561,1.99614194042931
150,2.24018264069047,1.99664555054225
150,2.24325012595436,1.9982697451234
150,2.24632232317904,2.00275158899183
150,2.24939924686286,2.00707101165867
150,2.25248091157117,2.01076921587689
150,2.25556733193678,2.01087019768033
150,2.25865852266034,2.01131818658472
150,2.26175449851077,2.01203559616421
150,2.26485527432568,2.01258314753288
150,2.2679608650118,2.01386224114885
150,2.27107128554541,2.01658452323172
150,2.27418655097278,2.01822058210309
150,2.27730667641059,2.01823990577164
150,2.28043167704637,2.0209462326306
150,2.28356156813898,2.02406487941923
150,2.286696365019,2.02867432020915
150,2.28983608308924,2.04043380775593
150,2.29298073782515,2.04234132473023
150,2.29613034477528,2.04303307220747
150,2.29928491956178,2.04567490415628
150,2.30244447788081,2.04910802724138
150,2.30560903550307,2.05163471494159
150,2.30877860827422,2.0520276058836
150,2.31195321211536,2.05369092385393
150,2.31513286302356,2.05615456384374
150,2.31831757707229,2.05701351267803
150,2.32150737041192,2.05720172740565
150,2.32470225927023,2.05906245448908
150,2.3279022599529,2.06270789854185
150,2.33110738884398,2.06741022765678
150,2.33431766240644,2.07067253189694
150,2.33753309718263,2.07301479186045
150,2.34075370979484,2.07935652636806
150,2.34397951694577,2.07937562778298
150,2.34721053541908,2.07980674598665
150,2.3504467820799,2.0823478967589
150,2.35368827387537,2.08564020182386
150,2.35693502783515,2.08650212340121
150,2.36018706107199,2.0865076948322
150,2.36344439078223,2.08829011870626
150,2.3667070342464,2.08868088130764
150,2.36997500882971,2.09404633209823
150,2.37324833198265,2.09758688923967
150,2.37652702124151,2.09814041734823
150,2.379811094229,2.10549494948922
150,2.38310056865476,2.10583905224302
150,2.38639546231596,2.1064457875855
150,2.38969579309787,2.11760280300542
150,2.39300157897447,2.12000540316202
150,2.39631283800899,2.12530530940414
150,2.39962958835454,2.1260698561239
150,2.4029518482547,2.13262546730474
150,2.40627963604409,2.13809668471346
150,2.40961297014903,2.13968102152202
150,2.41295186908811,2.13983275800649
150,2.41629635147283,2.14654583871521
150,2.41964643600822,2.1468264707043
150,2.42300214149346,2.14762653740541
150,2.42636348682249,2.1490338337565
150,2.42973049098472,2.15061215869038
150,2.43310317306559,2.15395894436049
150,2.43648155224728,2.15536774431764
150,2.43986564780933,2.1575994899941
150,2.44325547912931,2.15843126824105
150,2.4466510656835,2.16433175217392
150,2.45005242704754,2.16985057465362
150,2.4534595828971,2.17077524437932
150,2.45687255300862,2.17683289266971
150,2.46029135725992,2.18150213797234
150,2.46371601563094,2.18482146577256
150,2.46714654820445,2.18525303917822
150,2.47058297516673,2.1862712758702
150,2.47402531680827,2.18643222966232
150,2.47747359352455,2.18923210260747
150,2.4809278258167,2.19204818278394
150,2.48438803429227,2.19830895010299
150,2.48785423966594,2.20484583858565
150,2.49132646276029,2.20682131706644
150,2.49480472450654,2.20778683619831
150,2.49828904594531,2.20960438994149
150,2.50177944822737,2.21453903234917
150,2.50527595261443,2.21587002141808
150,2.5087785804799,2.21786873358541
150,2.51228735330969,2.21977358193362
150,2.51580229270298,2.22374275832958
150,2.51932342037305,2.22720419220248
150,2.52285075814804,2.22816826744328
150,2.52638432797181,2.22827211337615
150,2.52992415190473,2.23319766527912
150,2.5334702521245,2.24050611152252
150,2.53702265092701,2.2455183179404
150,2.54058137072717,2.24733497494988
150,2.54414643405974,2.25114067871077
150,2.5477178635802,2.25622161527364
150,2.55129568206565,2.26036680098798
150,2.55487991241562,2.26993836299746
150,2.55847057765297,2.2822048210454
150,2.56206770092479,2.28241299124612
150,2.56567130550332,2.28373039656667
150,2.56928141478678,2.28407372499172
150,2.57289805230035,2.28645587715032
150,2.57652124169705,2.28993214630927
150,2.5801510067587,2.29128745308437
150,2.58378737139681,2.29234696237319
150,2.58743035965359,2.29239285829804
150,2.59107999570285,2.3044618814955
150,2.59473630385098,2.31705493701409
150,2.59839930853791,2.32319050030185
150,2.60206903433813,2.32689459572456
150,2.60574550596164,2.33231339928036
150,2.60942874825494,2.3327216076659
150,2.61311878620207,2.33524877293166
150,2.61681564492564,2.33670938319894
150,2.62051934968779,2.33878698672449
150,2.62422992589128,2.34012204019056
150,2.62794739908053,2.34132315859068
150,2.63167179494266,2.34307202820268
150,2.63540313930856,2.3445580965787
150,2.63914145815396,2.34517232081927
150,2.64288677760055,2.34737578352268
150,2.64663912391701,2.35084253804971
150,2.65039852352016,2.35479574626272
150,2.65416500297609,2.35621791567504
150,2.65793858900124,2.35922159877184
150,2.66171930846358,2.36114648456561
150,2.66550718838372,2.36177230614601
150,2.6693022559361,2.36434342338889
150,2.67310453845015,2.36470000211926
150,2.67691406341146,2.36939242490275
150,2.68073085846298,2.37084069492517
150,2.68455495140623,2.37807628985326
150,2.68838637020251,2.37831778894558
150,2.69222514297412,2.38453746709815
150,2.6960712980056,2.38561719653958
150,2.699924863745,2.38757032200798
150,2.70378586880512,2.40290841744446
150,2.70765434196478,2.40520359941204
150,2.71153031217014,2.40566279081015
150,2.71541380853596,2.40828704829906
150,2.71930486034694,2.41067202700608
150,2.72320349705904,2.41473848689276
150,2.7271097483008,2.41543611863197
150,2.73102364387472,2.41620871257995
150,2.73494521375861,2.41962675837107
150,2.73887448810694,2.42072605845612
150,2.74281149725228,2.42227540535614
150,2.74675627170669,2.42778662330516
150,2.75070884216311,2.42920121313574
150,2.75466923949684,2.43066976301656
150,2.75863749476693,2.43289685944152
150,2.7626136392177,2.43290246461017
150,2.76659770428018,2.44079642028687
150,2.77058972157361,2.4455087405447
150,2.77458972290695,2.45101371056552
150,2.77859774028038,2.45489927749256
150,2.78261380588687,2.45569662687452
150,2.78663795211371,2.46171996243489
150,2.79067021154408,2.46213953780406
150,2.79471061695863,2.46619634960769
150,2.79875920133709,2.47013659834774
150,2.80281599785988,2.47260162023822
150,2.80688103990972,2.48133633441909
150,2.81095436107333,2.48169907673026
150,2.81503599514303,2.48629487557716
150,2.81912597611849,2.49434401928026
150,2.82322433820836,2.49486870224281
150,2.82733111583205,2.4994170882199
150,2.83144634362141,2.50350378811437
150,2.83557005642252,2.5044543918279
150,2.83970228929747,2.50543470011476
150,2.84384307752608,2.50914144032726
150,2.8479924566078,2.51876371059897
150,2.85215046226347,2.51958937216456
150,2.85631713043718,2.51970060001185
150,2.86049249729815,2.52970105249585
150,2.86467659924259,2.53128114475875
150,2.86886947289565,2.53212149183252
150,2.87307115511327,2.5345743275321
150,2.8772816829842,2.53491477601233
150,2.8815010938319,2.53497272238928
150,2.88572942521657,2.53619092319488
150,2.88996671493714,2.53729503756456
150,2.8942130010333,2.54303018663625
150,2.89846832178753,2.54319146153974
150,2.90273271572721,2.55358142870727
150,2.90700622162668,2.55554763298541
150,2.91128887850937,2.56244072135102
150,2.91558072564992,2.56678924929316
150,2.91988180257638,2.56712204353987
150,2.92419214907235,2.56744020004131
150,2.92851180517921,2.5675859363553
150,2.93284081119835,2.57120174124536
150,2.93717920769344,2.57889755597649
150,2.94152703549268,2.591247253602
150,2.94588433569113,2.5954969156975
150,2.95025114965301,2.59591605807029
150,2.95462751901412,2.59637573114351
150,2.95901348568414,2.60508513144769
150,2.9634090918491,2.60509309371453
150,2.96781437997378,2.61317600380345
150,2.9722293928042,2.62142160695539
150,2.97665417337008,2.62371308169545
150,2.98108876498738,2.62500037963161
150,2.98553321126081,2.62659212578688
150,2.98998755608646,2.63109660109999
150,2.99445184365434,2.63456065911267
150,2.99892611845106,2.65409889419094
150,3.00341042526244,2.65521786859577
150,3.00790480917625,2.66368470452608
150,3.0124093155849,2.66530821812597
150,3.0169239901882,2.66875128952258
150,3.02144887899614,2.66909974109326
150,3.0259840283317,2.66965007339965
150,3.0305294848337,2.67270072561552
150,3.03508529545969,2.67396794597662
150,3.03965150748883,2.68181925510323
150,3.04422816852485,2.69261127732859
150,3.04881532649905,2.69428930871743
150,3.05341302967327,2.70069833098028
150,3.05802132664297,2.70246048437652
150,3.0626402663403,2.71134072960864
150,3.0672698980372,2.71492748423689
150,3.07191027134859,2.72007695163771
150,3.07656143623554,2.72233337306627
150,3.0812234430085,2.73043243723364
150,3.08589634233054,2.73396069030161
150,3.0905801852207,2.7361811126501
150,3.09527502305731,2.73683812101572
150,3.09998090758136,2.74167106219548
150,3.10469789089995,2.74290523990154
150,3.10942602548971,2.75400071756085
150,3.11416536420034,2.76137963311004
150,3.11891596025816,2.7734963395936
150,3.12367786726964,2.77611790680096
150,3.1284511392251,2.77752768214943
150,3.13323583050234,2.77827609429267
150,3.13803199587037,2.78387243233296
150,3.14283969049316,2.78784154379221
150,3.14765896993346,2.78952282106776
150,3.15248989015667,2.80124606131337
150,3.15733250753469,2.81022639920283
150,3.16218687884992,2.8118071027326
150,3.1670530612992,2.81404699810806
150,3.17193111249792,2.81447898061209
150,3.17682109048405,2.81448730169978
150,3.18172305372233,2.8168325196775
150,3.18663706110843,2.81706200623733
150,3.19156317197323,2.81741711547718
150,3.19650144608707,2.82244210460788
150,3.20145194366416,2.82992029636274
150,3.20641472536693,2.83351278011979
150,3.21138985231053,2.83364081733725
150,3.21637738606734,2.84353486803981
150,3.22137738867151,2.84746440598438
150,3.22638992262362,2.84884467647289
150,3.23141505089539,2.85469097950931
150,3.23645283693436,2.85578760570879
150,3.24150334466875,2.85777496525407
150,3.24656663851231,2.86477451425738
150,3.25164278336925,2.86579498834077
150,3.25673184463924,2.86670517547262
150,3.26183388822245,2.87117368707954
150,3.26694898052468,2.87368348909127
150,3.27207718846256,2.89048951094461
150,3.27721857946876,2.89117901083721
150,3.28237322149736,2.89210967806501
150,3.28754118302921,2.89533479714347
150,3.2927225330774,2.89706332614521
150,3.29791734119277,2.89856503767836
150,3.30312567746954,2.89941643600819
150,3.30834761255098,2.9051914924551
150,3.31358321763514,2.90554420976427
150,3.31883256448068,2.91302711644791
150,3.3240957254128,2.91354784551556
150,3.32937277332916,2.92046036766169
150,3.33466378170601,2.92373069827737
150,3.33996882460427,2.93250419170372
150,3.34528797667579,2.94128565970238
150,3.35062131316962,2.9430323465967
150,3.35596890993842,2.94416469950884
150,3.36133084344494,2.9453462710014
150,3.36670719076854,2.95912608897394
150,3.37209802961188,2.96067741936748
150,3.37750343830765,2.96077692144197
150,3.38292349582538,2.9820222021747
150,3.38835828177838,2.98363895997835
150,3.39380787643075,2.98958313326192
150,3.3992723607045,2.9947729863978
150,3.40475181618674,3.00747434393255
150,3.41024632513702,3.00863102189714
150,3.41575597049471,3.00920380546949
150,3.42128083588653,3.00986787401304
150,3.42682100563416,3.01655327616598
150,3.43237656476196,3.01731683706479
150,3.43794759900481,3.01867261038222
150,3.44353419481604,3.02352202624451
150,3.44913643937546,3.02799460821256
150,3.45475442059757,3.03734713412432
150,3.4603882271398,3.04372867711204
150,3.46603794841091,3.0516100088681
150,3.47170367457952,3.06284175204634
150,3.47738549658273,3.06480808105021
150,3.48308350613488,3.06581253784764
150,3.48879779573643,3.06708163138917
150,3.49452845868301,3.06898328723572
150,3.50027558907447,3.07081818525632
150,3.50603928182425,3.08198544185671
150,3.51181963266872,3.08699395492626
150,3.51761673817674,3.09601471568826
150,3.52343069575936,3.09831293758956
150,3.5292616036796,3.10056298451539
150,3.53510956106248,3.10130057887529
150,3.54097466790503,3.10919482217505
150,3.54685702508666,3.11500044141187
150,3.55275673437951,3.12126605822262
150,3.558673898459,3.12178223326178
150,3.5646086209146,3.13194200789631
150,3.57056100626069,3.13703640227171
150,3.5765311599476,3.13886504375697
150,3.58251918837281,3.15203265370236
150,3.58852519889235,3.15896270136463
150,3.59454929983233,3.16319707946419
150,3.60059160050068,3.16986892386314
150,3.60665221119904,3.17909759754867
150,3.61273124323483,3.18432913611081
150,3.61882880893355,3.18932666428052
150,3.62494502165119,3.19050041050337
150,3.63107999578692,3.20551267193712
150,3.63723384679588,3.21058892464305
150,3.64340669120225,3.21070783700709
150,3.64959864661251,3.21503047707133
150,3.65580983172882,3.21900192208685
150,3.66204036636271,3.2256161359467
150,3.66829037144899,3.2321297741167
150,3.67455996905973,3.23473771197108
150,3.68084928241867,3.24049837585569
150,3.6871584359157,3.24306077681979
150,3.69348755512163,3.24647030139546
150,3.69983676680318,3.25331993778815
150,3.70620619893821,3.26005842065068
150,3.71259598073125,3.26234026485512
150,3.71900624262915,3.26524119667627
150,3.7254371163371,3.26565673271963
150,3.73188873483486,3.27847044235415
150,3.73836123239328,3.27974371381104
150,3.74485474459102,3.28029696313707
150,3.75136940833163,3.2824281728889
150,3.75790536186086,3.28760337569967
150,3.76446274478426,3.28948703982224
150,3.77104169808506,3.29256913926545
150,3.77764236414237,3.29684421359429
150,3.78426488674968,3.29713537982423
150,3.79090941113364,3.30055706778872
150,3.79757608397316,3.30117412853615
150,3.80426505341885,3.30325594500463
150,3.81097646911279,3.30406066713414
150,3.81771048220861,3.31010415602671
150,3.82446724539186,3.31683219785146
150,3.83124691290088,3.32882213372271
150,3.83804964054786,3.32979003737579
150,3.84487558574034,3.3335851522763
150,3.85172490750307,3.34597380419478
150,3.85859776650023,3.34982834529361
150,3.86549432505806,3.36184426307934
150,3.87241474718786,3.36761131898842
150,3.87935919860935,3.37448438241833
150,3.88632784677458,3.38625515446197
150,3.89332086089203,3.39974788089548
150,3.90033841195139,3.40700139091233
150,3.90738067274855,3.40799041216679
150,3.91444781791117,3.41006597165108
150,3.92154002392467,3.41083652308504
150,3.92865746915866,3.41532557007667
150,3.93580033389386,3.41760114712639
150,3.94296880034949,3.41884097620538
150,3.95016305271119,3.42112104494822
150,3.95738327715939,3.43643645751805
150,3.96462966189823,3.4392319642213
150,3.97190239718499,3.43934077932779
150,3.97920167536009,3.43956729910965
150,3.98652769087757,3.46279176910097
150,3.99388064033618,3.46351471195682
150,4.00126072251109,3.46616111045423
150,4.00866813838606,3.47027648113428
150,4.01610309118633,3.47436077778238
150,4.02356578641204,3.49466265078831
150,4.03105643187237,3.49527987914982
150,4.03857523772018,3.49723183916013
150,4.04612241648746,3.52037460506572
150,4.05369818312133,3.52257715564831
150,4.06130275502081,3.5235245521951
150,4.06893635207421,3.53663258789179
150,4.07659919669732,3.54328433230735
150,4.08429151387228,3.56419700220118
150,4.0920135311872,3.56712205237611
150,4.09976547887658,3.58516360393808
150,4.10754758986252,3.59590710758283
150,4.11536009979665,3.61094394926328
150,4.12320324710301,3.61440650120449
150,4.13107727302169,3.62172536056471
150,4.13898242165334,3.63177416389976
150,4.14691894000458,3.66192932934671
150,4.15488707803433,3.66198970928217
150,4.16288708870102,3.67902597351097
150,4.1709192280108,3.70597972297104
150,4.17898375506667,3.71046024927875
150,4.18708093211867,3.71107185997235
150,4.19521102461501,3.74130240388063
150,4.20337430125431,3.74200362118301
150,4.21157103403888,3.74600926182105
150,4.21980149832909,3.74617330743722
150,4.22806597289891,3.76004445189544
150,4.23636473999253,3.7614333735243
150,4.24469808538222,3.76266887732503
150,4.25306629842737,3.76465317848775
150,4.26146967213477,3.78615613604499
150,4.26990850322019,3.78980350916021
150,4.27838309217122,3.78987949554502
150,4.2868937433115,3.79499823530682
150,4.29544076486626,3.80144563366068
150,4.30402446902934,3.80384597221713
150,4.31264517203159,3.81902871516051
150,4.32130319421076,3.8256985890943
150,4.32999886008296,3.82749518263235
150,4.33873249841565,3.82864979993963
150,4.34750444230215,3.83593682019675
150,4.35631502923799,3.84692662380322
150,4.3651646011987,3.84917097348184
150,4.37405350471955,3.85146357420314
150,4.38298209097692,3.86756739628103
150,4.39195071587158,3.89371576290066
150,4.40095974011378,3.89522120782045
150,4.41000952931036,3.89682294820318
150,4.41910045405371,3.90038110613028
150,4.42823289001287,3.90177599158013
150,4.43740721802669,3.91372261442797
150,4.44662382419908,3.91617080957357
150,4.45588309999656,3.932800189309
150,4.46518544234802,3.9399592104106
150,4.47453125374681,3.95087299335601
150,4.48392094235522,3.95263451469943
150,4.4933549221115,3.96041887785214
150,4.50283361283929,3.96622099759408
150,4.51235744035978,3.97118323240128
150,4.52192683660645,3.97861768095588
150,4.53154223974266,3.98387770775735
150,4.54120409428199,4.00167793980969
150,4.55091285121159,4.01055193809454
150,4.56066896811845,4.02040699440209
150,4.57047290931887,4.0288064391419
150,4.58032514599098,4.03546202698121
150,4.59022615631069,4.04185387153035
150,4.60017642559092,4.05645844205887
150,4.61017644642433,4.06872667177577
150,4.62022671882967,4.08831858019185
150,4.63032775040181,4.10030511796559
150,4.64048005646553,4.10175215519394
150,4.65068416023332,4.10832498227991
150,4.66094059296716,4.12310448268381
150,4.67124989414449,4.12492337693029
150,4.68161261162849,4.13358225297871
150,4.69202930184276,4.13571419882833
150,4.70250052995065,4.13787963796
150,4.7130268700392,4.1385763968074
150,4.72360890530804,4.14144535011902
150,4.73424722826323,4.15518488062779
150,4.74494244091642,4.15877785902262
150,4.75569515498918,4.15956216113464
150,4.766505992123,4.16388427453912
150,4.77737558409492,4.18166743268257
150,4.78830457303907,4.20077319124857
150,4.79929361167435,4.21235310153176
150,4.81034336353829,4.21383222600851
150,4.8214545032275,4.21488689007639
150,4.83262771664478,4.23557380131049
150,4.84386370125323,4.24754250745835
150,4.85516316633746,4.26028184426595
150,4.86652683327232,4.2634423994174
150,4.8779554357992,4.27808028340754
150,4.88944972031034,4.28326428417262
150,4.90101044614134,4.28338723606896
150,4.91263838587218,4.29615678708772
150,4.92433432563702,4.30277806861725
150,4.93609906544316,4.31137163700983
150,4.94793341949933,4.31757967945632
150,4.95983821655392,4.32229856344657
150,4.97181430024317,4.33081988948792
150,4.98386252944993,4.33713918634598
150,4.99598377867331,4.33737866042001
150,5.00817893840955,4.34208987728057
150,5.02044891554458,4.34461948427101
150,5.03279463375874,4.38172125024648
150,5.04521703394402,4.38691840945763
150,5.05771707463437,4.3897699742391
150,5.07029573244949,4.42075586644164
150,5.08295400255279,4.43016464449264
150,5.09569289912375,4.44411004167276
150,5.10851345584559,4.45548527739009
150,5.12141672640856,4.45776656553695
150,5.13440378502966,4.4656786194147
150,5.14747572698923,4.47353478896914
150,5.16063366918532,4.47499710017353
150,5.1738787507063,4.49883175463525
150,5.18721213342268,4.49941325500445
150,5.20063500259866,4.5277855817706
150,5.21414856752442,4.54447205160881
150,5.22775406216992,4.56318439769619
150,5.24145274586107,4.57368448108603
150,5.25524590397919,4.57959354256958
150,5.26913484868481,4.60810884688289
150,5.28312091966675,4.6152167106902
150,5.29720548491758,4.6559240149749
150,5.31138994153656,4.656880839556
150,5.32567571656133,4.67386366062235
150,5.34006426782938,4.67646742890547
150,5.35455708487091,4.69817735429919
150,5.36915568983413,4.70275624141213
150,5.38386163844465,4.70315825747723
150,5.39867652100038,4.71348948796175
150,5.41360196340356,4.71624171526476
150,5.42863962823161,4.71866346224108
150,5.44379121584853,4.73725236701642
150,5.45905846555867,4.73896926026944
150,5.47444315680498,4.75407253676203
150,5.48994711041361,4.76127696129887
150,5.5055721898872,4.77158354576353
150,5.52132030274901,4.80501471723413
150,5.53719340194049,4.87364446836342
150,5.55319348727464,4.87985773652234
150,5.5693226069481,4.88706632844182
150,5.5855828591146,4.90807280620463
150,5.60197639352296,4.93074725028905
150,5.61850541322274,4.96861348790681
150,5.63517217634104,4.97306498460431
150,5.65197899793379,4.98105359975424
150,5.66892825191574,4.99527165726051
150,5.68602237307265,5.06009667558107
150,5.70326385916047,5.08673062131187
150,5.72065527309557,5.09868104558537
150,5.73819924524125,5.12500256752077
150,5.75589847579522,5.13412080245555
150,5.77375573728382,5.14835268028278
150,5.79177387716855,5.1561426428299
150,5.80995582057106,5.15814192815284
150,5.82830457312313,5.17359253248933
150,5.84682322394873,5.1828128390474
150,5.8655149487852,5.20081368183303
150,5.88438301325192,5.21780434337827
150,5.90343077627443,5.22696260041683
150,5.92266169367332,5.22989894467744
150,5.94207932192724,5.2322699621491
150,5.96168732212048,5.30619335730621
150,5.9814894640859,5.31240639660696
150,6.00148963075507,5.32294437495932
150,6.02169182272808,5.41435666467592
150,6.04210016307656,5.46219990986616
150,6.06271890239428,5.4837129477969
150,6.0835524241108,5.4888492762213
150,6.10460525008477,5.49395136853657
150,6.12588204649488,5.49485431242449
150,6.1473876300474,5.51297952495306
150,6.16912697452122,5.51509714455707
150,6.1911052176724,5.51758258129496
150,6.21332766852255,5.53442493679749
150,6.2357998150564,5.54338632538605
150,6.25852733235703,5.56596398564704
150,6.2815160912085,5.59756095281295
150,6.30477216719874,5.6060758387569
150,6.32830185035791,5.6076908516038
150,6.35211165537055,5.62686095098757
150,6.37620833240289,5.65643054200795
150,6.40059887859053,5.71283091183794
150,6.42529055023513,5.77863297136798
150,6.45029087576359,5.81993852626657
150,6.47560766950744,5.82417821733024
150,6.50124904636556,5.82488832699589
150,6.52722343741918,5.82617684529945
150,6.55353960657421,5.86577457539
150,6.58020666831314,5.89690613449845
150,6.60723410664659,5.900857092976
150,6.63463179536291,5.90430971780242
150,6.66241001968424,5.93818267492103
150,6.69057949944772,5.99668020122282
150,6.71915141394267,6.08342969227292
150,6.74813742854781,6.08810124999335
150,6.7775497233272,6.09587639252802
150,6.80740102376055,6.10365534757556
150,6.83770463380176,6.11130896273005
150,6.86847447148071,6.15635294073904
150,6.89972510728688,6.15714331476378
150,6.93147180559945,6.23338768681612
150,6.96373056945921,6.25321676701293
150,6.99651818901057,6.30059596378328
150,7.02985229398099,6.30416661280258
150,7.06375141060854,6.33005511256744
150,7.09823502347755,6.33188299325603
150,7.13332364277937,6.36521529373878
150,7.16903887757938,6.4761348390664
150,7.20540351574577,6.51351405196724
150,7.24244161128024,6.61767038909645
150,7.28017857988901,6.67793910406297
150,7.31864130374478,6.7029929913534
150,7.35785824652154,6.70782113361499
150,7.39785957993487,6.73407783058711
150,7.43867732319729,6.75661865564568
150,7.48034549700297,6.7626384747762
150,7.52290029389754,6.83925504793471
150,7.56638026717035,6.83999766973616
150,7.61082654073978,6.84917241105749
150,7.65628304289488,6.85104924260677
150,7.70279676722342,6.88024269456966
150,7.75041806461086,6.90554509662853
150,7.79920097085918,6.92474950693991
150,7.84920357527001,7.02846731070697
150,7.90048843649669,7.0711670072165
150,7.95312305313143,7.0742437714373
150,8.00718039790728,7.08489933201537
150,8.06273952612142,7.09933088319682
150,8.11988627100954,7.13533063445498
150,8.17871404142212,7.18250785611338
150,8.23932474041278,7.22283855533682
150,8.30182982742098,7.23138774911158
150,8.36635155185743,7.35405966331902
150,8.43302439239261,7.45408268420223
150,8.50199674453496,7.48158846095637
150,8.57343290973911,7.50478605119884
150,8.64751545309981,7.51339824919287
150,8.7244480147554,7.72678542348281
150,8.8044586839828,7.9217165431502
150,8.88780407678393,7.96447244725356
150,8.97477430066342,7.9895668887572
150,9.06569904881692,8.02399584882395
150,9.16095514679544,8.03238719165361
150,9.26097598794476,8.07640713626722
150,9.36626345491561,8.15902702462471
150,9.47740315722522,8.38658734240153
150,9.5950841572711,8.54733114645528
150,9.72012487123375,8.61649147045149
150,9.85350762023111,8.72830057399554
150,9.99642554819539,8.77034548293058
150,10.1503476304677,8.79243934862698
150,10.3171108483457,9.12246376619453
150,10.4990544047572,9.25723881453633
150,10.6992213218712,9.46972944028999
150,10.9216725920916,10.0147201020121
150,11.1719988779996,10.3116513100301
150,11.458200565281,10.5328459628712
150,11.7923087346073,10.9559512863042
150,12.1936501255316,11.1979288595657
150,12.6962789820934,11.3464750797981
150,13.3692234553359,11.4530303601825
150,14.3908747028678,12.0786999473299
150,16.5880992802043,12.2407763632086
300,0.00066677780247531,6.25490683179937e-05
300,0.00200100066716707,0.000911368585102445
300,0.00333611420139404,0.00098555592070105
300,0.00467211959509562,0.00211507506709074
300,0.00600901804059744,0.00255148767056306
300,0.00734681073261777,0.00485385036746302
300,0.00868549886827389,0.00572249255081883
300,0.0100250836470886,0.00665277972015887
300,0.0113655662709965,0.00869241492375897
300,0.0127069479443506,0.0107189490605112
300,0.0140492298739289,0.0129316131109075
300,0.0153924132689407,0.0138384040822191
300,0.0167364993410332,0.014097825414725
300,0.0180814893042981,0.0143837075272096
300,0.0194273843752782,0.0153475733195389
300,0.0207741857729739,0.0154074798158761
300,0.0221218947188499,0.0162802680734848
300,0.0234705124368418,0.0196990179178314
300,0.024820040153363,0.0222693768924062
300,0.0261704790973109,0.0233885430966197
300,0.0275218305000742,0.0237691203652634
300,0.0288740955955391,0.0256267526675866
300,0.0302272756200963,0.0301563151148374
300,0.0315813718126481,0.0314855975537448
300,0.0329363854146147,0.0319408508170276
300,0.034292317669941,0.0319973688669225
300,0.035649169825104,0.0322716896905321
300,0.0370069431291193,0.0325536382291989
300,0.0383656388335479,0.0328057563911582
300,0.0397252581925034,0.0374167234269079
300,0.0410858024626588,0.0389369258041508
300,0.0424472729032533,0.0405313720970795
300,0.0438096707760998,0.0411016398026223
300,0.0451729973455914,0.041292103470559
300,0.0465372538787086,0.0436927583986483
300,0.0479024416450265,0.0442167543274708
300,0.0492685619167218,0.0446370516016169
300,0.0506356159685798,0.044664023510796
300,0.0520036050780016,0.0458808678764791
300,0.0533725305250116,0.047411302815946
300,0.054742393592264,0.0480084629554779
300,0.0561131955650506,0.0495378679153462
300,0.057484937731308,0.0542091482904627
300,0.0588576213816243,0.0556232888688444
300,0.060231247809247,0.0558494911466883
300,0.0616058183100902,0.0560383424242572
300,0.0629813341827416,0.0602932677001312
300,0.0643577967284703,0.0630115797221524
300,0.0657352072512337,0.0644293686109874
300,0.0671135670576855,0.0648185821706918
300,0.0684928774571825,0.0656098376697788
300,0.0698731397617927,0.0672666149446583
300,0.0712543552863023,0.0689980395365597
300,0.0726365253482233,0.0690090180172886
300,0.0740196512678014,0.0737698894351407
300,0.075403734368023,0.0750059212115377
300,0.0767887759746233,0.075070189706183
300,0.0781747774160936,0.0752563454308719
300,0.0795617400236891,0.0756075401363727
300,0.0809496651314365,0.07602113510939
300,0.0823385540761417,0.076148956904343
300,0.0837284081973977,0.0787382244379639
300,0.0851192288375918,0.0794333384442885
300,0.0865110173419144,0.0804157465037667
300,0.0879037750583656,0.081166550548503
300,0.0892975033377639,0.0825307844615887
300,0.0906922035337538,0.0829028852540327
300,0.0920878770028136,0.0847396133923515
300,0.0934845251042634,0.0851797473797627
300,0.094882149200273,0.0856809380021698
300,0.0962807506558699,0.0867445721060519
300,0.0976803308389474,0.0919486691391703
300,0.0990808911202723,0.0943710132005592
300,0.100482432873493,0.0952267337260242
300,0.10188495747515,0.0962823866858773
300,0.103288466304677,0.0994784533170099
300,0.104692960744418,0.102672651261941
300,0.106098442179631,0.108027217618605
300,0.107504911998494,0.1083163567072
300,0.108912371592118,0.109460178871228
300,0.110320822354551,0.111470750113364
300,0.111730265682791,0.11309194817792
300,0.113140702976789,0.113179622406732
300,0.11455213563946,0.113439916827007
300,0.115964565076694,0.115572564104811
300,0.117377992697359,0.117485732735341
300,0.118792419913313,0.120654569297288
300,0.120207848139411,0.121018443371131
300,0.121624278793515,0.122796711754595
300,0.123041713296501,0.123415079379282
300,0.124460153072268,0.123570304371928
300,0.125879599547748,0.123616743628831
300,0.127300054152912,0.128865476458015
300,0.12872151832078,0.129109204885723
300,0.13014399348743,0.13151686552735
300,0.131567481092006,0.131942583174692
300,0.132991982576729,0.132773405318377
300,0.1344174993869,0.133613267765861
300,0.135844032970917,0.134488703729361
300,0.137271584780276,0.134696862451783
300,0.138700156269586,0.134955137649709
300,0.140129748896574,0.135552345716854
300,0.141560364122094,0.136988478028908
300,0.14299200341014,0.139261797051422
300,0.144424668227849,0.141283095825411
300,0.145858360045516,0.143009202958794
300,0.147293080336597,0.143457478288837
300,0.148728830577725,0.145335941365021
300,0.150165612248712,0.147721682831984
300,0.151603426832564,0.149762275652367
300,0.153042275815486,0.150190382438571
300,0.154482160686894,0.151112303808147
300,0.155923082939424,0.151634350595458
300,0.157365044068937,0.151941709809941
300,0.158808045574537,0.15278300964007
300,0.16025208895857,0.153673369151182
300,0.161697175726642,0.156448692677705
300,0.163143307387623,0.157796423402175
300,0.16459048545366,0.158021886560524
300,0.166038711440185,0.158325008761542
300,0.167487986865921,0.158452767187075
300,0.1689383132529,0.16028425330578
300,0.170389692126464,0.161399374370513
300,0.171842125015279,0.16181709634281
300,0.173295613451344,0.162637421952777
300,0.174750158970002,0.167660624586212
300,0.176205763109946,0.16871990259369
300,0.177662427413231,0.168903289466579
300,0.179120153425287,0.169956997599571
300,0.180578942694922,0.170961927474934
300,0.182038796774337,0.172628369365237
300,0.183499717219135,0.17345270313925
300,0.18496170558833,0.17508485555187
300,0.186424763444357,0.175737139691649
300,0.187888892353083,0.178240782221729
300,0.189354093883817,0.183783068821255
300,0.190820369609316,0.183896693607377
300,0.192287721105805,0.184273366665911
300,0.193756149952974,0.18485582217705
300,0.195225657734001,0.184876099126969
300,0.196696246035552,0.186550560921089
300,0.198167916447798,0.18836173487566
300,0.199640670564422,0.189640341447504
300,0.20111450998263,0.190211311660913
300,0.202589436303162,0.191386942140159
300,0.204065451130303,0.194806003570115
300,0.205542556071891,0.199230288234168
300,0.20702075273933,0.199345962103629
300,0.208500042747598,0.199765527305387
300,0.209980427715262,0.201777698139138
300,0.211461909264484,0.202534285828785
300,0.212944489021034,0.202634287875689
300,0.214428168614298,0.203948209426817
300,0.215912949677296,0.205087842520867
300,0.217398833846682,0.205189733885618
300,0.218885822762764,0.206361048973684
300,0.220373918069511,0.207983240152859
300,0.221863121414563,0.208467708696761
300,0.223353434449245,0.208778000966794
300,0.224844858828575,0.2096584574803
300,0.226337396211276,0.210174524853434
300,0.227831048259788,0.211402813654366
300,0.22932581664028,0.21265473790892
300,0.230821703022655,0.213910711544945
300,0.232318709080572,0.21490412670774
300,0.233816836491445,0.216618387367004
300,0.235316086936465,0.21697331848189
300,0.236816462100604,0.218118614427591
300,0.238317963672629,0.218170086088252
300,0.239820593345115,0.218536149829548
300,0.241324352814454,0.21960225090926
300,0.242829243780866,0.220453793111242
300,0.244335267948415,0.220591548712641
300,0.245842427025014,0.221168212527785
300,0.247350722722442,0.222998179495254
300,0.248860156756354,0.22471238599115
300,0.250370730846291,0.228102298112235
300,0.251882446715694,0.229933724889517
300,0.253395306091915,0.232241392602386
300,0.254909310706229,0.233311372155972
300,0.256424462293845,0.234965221913631
300,0.25794076259392,0.236622026061468
300,0.259458213349568,0.24170494136669
300,0.260976816307875,0.244280226023111
300,0.262496573219908,0.245681927776041
300,0.264017485840731,0.247150781692667
300,0.265539555929414,0.248115624295736
300,0.267062785249045,0.248345670820589
300,0.268587175566746,0.249264157234629
300,0.270112728653681,0.250599688902906
300,0.27163944628507,0.250752885904798
300,0.273167330240202,0.250767519030842
300,0.274696382302447,0.251588047511407
300,0.276226604259269,0.253870808553368
300,0.277757997902236,0.254184884560054
300,0.279290565027037,0.254613599562853
300,0.28082430743349,0.25572701522866
300,0.282359226925559,0.256741818022456
300,0.283895325311363,0.257668127882764
300,0.28543260440319,0.257742862423573
300,0.286971066017513,0.258750071006536
300,0.288510711974997,0.261590495137097
300,0.290051544100515,0.263966188163745
300,0.291593564223165,0.265520117106808
300,0.293136774176274,0.27453511636582
300,0.294681175797418,0.274673158182098
300,0.296226770928435,0.275982730872527
300,0.297773561415434,0.278989920033863
300,0.299321549108813,0.279643084758375
300,0.300870735863266,0.280068642512432
300,0.302421123537804,0.280117329804796
300,0.303972713995763,0.280422552750497
300,0.30552550910482,0.28145628732631
300,0.307079510737005,0.284266123362751
300,0.308634720768715,0.286433872705978
300,0.310191141080726,0.287045302384996
300,0.311748773558213,0.287405013152033
300,0.313307620090754,0.287929955442944
300,0.314867682572351,0.288494447490191
300,0.316428962901443,0.290415521226045
300,0.317991462980916,0.29093815107886
300,0.31955518471812,0.292467176214546
300,0.321120130024884,0.294910679760212
300,0.322686300817526,0.29782858699906
300,0.324253699016871,0.298868442131611
300,0.325822326548263,0.299820013253091
300,0.327392185341579,0.300433667170303
300,0.328963277331247,0.305517629311945
300,0.330535604456254,0.307010994180538
300,0.332109168660165,0.307759195150918
300,0.333683971891137,0.307815009099611
300,0.33526001610193,0.307858461443816
300,0.336837303249926,0.309695586318097
300,0.338415835297143,0.310608051120322
300,0.339995614210245,0.313078900280474
300,0.341576641960563,0.31561355467176
300,0.343158920524105,0.317377972684337
300,0.344742451881573,0.31983556083857
300,0.346327238018378,0.320946608995777
300,0.347913280924654,0.32155975874803
300,0.349500582595273,0.323551743433504
300,0.351089145029862,0.324892837438232
300,0.352678970232814,0.326049075742154
300,0.354270060213309,0.326846799570854
300,0.355862416985324,0.328253690111334
300,0.357456042567649,0.328406933380996
300,0.359050938983907,0.329213167588043
300,0.360647108262563,0.329825966021141
300,0.362244552436945,0.331011674574813
300,0.363843273545255,0.331637299023618
300,0.365443273630589,0.332719993334341
300,0.367044554740947,0.334088648073005
300,0.368647118929255,0.334129846513676
300,0.370250968253378,0.336693519460617
300,0.371856104776133,0.337785311339326
300,0.373462530565309,0.33850362048565
300,0.375070247693684,0.340263453677695
300,0.376679258239035,0.342221884690649
300,0.37828956428416,0.347381658237989
300,0.379901167916891,0.34756447304971
300,0.381514071230112,0.347946074714363
300,0.383128276321774,0.35004056941877
300,0.384743785294912,0.351016355704613
300,0.386360600257661,0.351954390430495
300,0.387978723323273,0.352507501436905
300,0.389598156610134,0.354840366076842
300,0.39121890224178,0.358692292049574
300,0.392840962346913,0.361370830987425
300,0.394464339059418,0.363483029999712
300,0.396089034518382,0.365392656085342
300,0.397715050868108,0.367648871627313
300,0.399342390258135,0.368742030624986
300,0.400971054843252,0.370150723801092
300,0.402601046783515,0.371123072483908
300,0.404232368244268,0.372298585735757
300,0.405865021396158,0.373777200649218
300,0.40749900841515,0.374320448095884
300,0.409134331482549,0.374777325004661
300,0.410770992785013,0.376776859527835
300,0.412408994514573,0.37900352887506
300,0.414048338868653,0.380065323271777
300,0.415689028050081,0.382640666484553
300,0.417331064267113,0.382969375088999
300,0.418974449733448,0.384706961343519
300,0.420619186668247,0.389756063728277
300,0.422265277296148,0.393397948324243
300,0.423912723847291,0.394892765591634
300,0.425561528557326,0.395088037837224
300,0.427211693667442,0.395899102213731
300,0.428863221424376,0.398341475622348
300,0.430516114080439,0.399017618885988
300,0.432170373893527,0.402819529265799
300,0.433826003127147,0.403573734949446
300,0.43548300405043,0.403892323241456
300,0.437141378938151,0.404120675595044
300,0.438801130070751,0.407408821990932
300,0.44046225973435,0.408537738813966
300,0.44212477022077,0.412279624790455
300,0.443788663827556,0.416523035570829
300,0.445453942857987,0.418936204102223
300,0.447120609621104,0.41966897931387
300,0.448788666431725,0.421182220510639
300,0.450458115610462,0.425284459889764
300,0.452128959483747,0.427238850619972
300,0.453801200383844,0.42869947759168
300,0.455474840648874,0.42879123477895
300,0.457149882622833,0.430309806048164
300,0.45882632865561,0.430404264110215
300,0.460504181103009,0.43079491231181
300,0.462183442326768,0.431009511409806
300,0.463864114694578,0.432093041142719
300,0.465546200580106,0.43307539845547
300,0.46722970236301,0.433096099735566
300,0.468914622428966,0.433605323511014
300,0.470600963169683,0.433663367355383
300,0.472288726982923,0.435564639927598
300,0.473977916272526,0.439295148364572
300,0.475668533448427,0.4397722583556
300,0.477360580926678,0.439974957888942
300,0.479054061129468,0.440828634067487
300,0.480748976485143,0.440885598456217
300,0.482445329428231,0.441352240598069
300,0.484143122399457,0.443188637350693
300,0.485842357845769,0.445263493408893
300,0.487543038220354,0.451139588900262
300,0.489245165982668,0.451208910473771
300,0.490948743598446,0.451519692468022
300,0.492653773539734,0.457639184049666
300,0.494360258284902,0.4577093125554
300,0.496068200318672,0.459726515621053
300,0.497777602132135,0.461721059938248
300,0.499488466222778,0.462916101654639
300,0.501200795094498,0.466454603338033
300,0.502914591257634,0.469258800671734
300,0.504629857228979,0.472058446998705
300,0.506346595531812,0.472936844887221
300,0.50806480869591,0.473524268725844
300,0.50978449925758,0.473848678758003
300,0.511505669759675,0.476062090537315
300,0.513228322751619,0.477538498642784
300,0.51495246078943,0.47932592288086
300,0.516678086435741,0.479945431239959
300,0.518405202259825,0.481058127119249
300,0.520133810837615,0.482674362385818
300,0.521863914751732,0.48323862677632
300,0.523595516591503,0.484974935882371
300,0.525328618952986,0.48714663389004
300,0.527063224438996,0.488996451740487
300,0.528799335659123,0.489101986382964
300,0.530536955229762,0.491519467584478
300,0.53227608577413,0.494188885248092
300,0.534016729922297,0.494318430099324
300,0.535758890311202,0.496090816496263
300,0.537502569584685,0.498102866761916
300,0.539247770393502,0.498875262638601
300,0.54099449539536,0.499095676532852
300,0.542742747254931,0.501411911854168
300,0.544492528643883,0.502738563620368
300,0.546243842240902,0.504483733288169
300,0.547996690731717,0.507949353890605
300,0.549751076809125,0.509579754333614
300,0.551507003173014,0.509633178658493
300,0.553264472530392,0.510950022878009
300,0.555023487595407,0.51191872781314
300,0.556784051089377,0.511976540185847
300,0.55854616574081,0.512715664293387
300,0.560309834285435,0.513066378647983
300,0.562075059466225,0.518475201536621
300,0.563841844033419,0.518787644972606
300,0.565610190744554,0.525658386506488
300,0.567380102364487,0.525984855952385
300,0.569151581665422,0.526075068994495
300,0.570924631426936,0.538819217559959
300,0.572699254436005,0.539827473357964
300,0.574475453487029,0.542028634049026
300,0.576253231381862,0.543325176539474
300,0.578032590929835,0.544080130497622
300,0.579813534947784,0.544566667193302
300,0.581596066260077,0.547498787339157
300,0.58338018769864,0.551016959890652
300,0.585165902102984,0.553569512358524
300,0.586953212320234,0.554668753975887
300,0.588742121205155,0.55549670637886
300,0.590532631620178,0.555896863759757
300,0.592324746435429,0.556098216785819
300,0.594118468528756,0.559996685860486
300,0.595913800785758,0.563911579580324
300,0.597710746099812,0.566191603395333
300,0.5995093073721,0.567883613447875
300,0.601309487511638,0.568224185779326
300,0.603111289435306,0.569279144102501
300,0.604914716067871,0.56994345644833
300,0.606719770342022,0.571098738859215
300,0.608526455198394,0.57241496643344
300,0.610334773585601,0.581827697224938
300,0.612144728460259,0.582361289771825
300,0.613956322787021,0.583034138039118
300,0.615769559538601,0.584556281834915
300,0.617584441695807,0.584910357702682
300,0.61940097224757,0.590086135390573
300,0.621219154190971,0.591119526679159
300,0.623038990531273,0.59138833886344
300,0.62486048428195,0.591606609427118
300,0.626683638464717,0.602805808796752
300,0.628508456109561,0.606048268758391
300,0.630334940254768,0.609073763708233
300,0.632163093946958,0.609627270514021
300,0.633992920241112,0.614642439504894
300,0.635824422200606,0.61664268541062
300,0.637657602897235,0.616730098392417
300,0.639492465411254,0.618235751698269
300,0.641329012831399,0.624011477237762
300,0.643167248254925,0.624295980544632
300,0.645007174787634,0.624478244291229
300,0.64684879554391,0.624863755771462
300,0.648692113646745,0.626238936087829
300,0.650537132227775,0.629026762120399
300,0.652383854427313,0.629205041712411
300,0.654232283394376,0.629813584132025
300,0.656082422286722,0.630754013292941
300,0.657934274270879,0.632025270559983
300,0.659787842522181,0.639306216010351
300,0.661643130224797,0.640478126420521
300,0.663500140571767,0.642444154968984
300,0.665358876765033,0.644028891876002
300,0.667219342015473,0.647396462471679
300,0.669081539542931,0.648687627303333
300,0.670945472576259,0.649319680209012
300,0.672811144353339,0.64980495894383
300,0.674678558121128,0.652364678340335
300,0.676547717135682,0.653790159135992
300,0.678418624662198,0.65410699942479
300,0.680291283975044,0.654385378185338
300,0.682165698357792,0.654765706084375
300,0.684041871103259,0.657277353268048
300,0.685919805513534,0.662303315492233
300,0.687799504900019,0.663900728661626
300,0.689680972583459,0.666978102222744
300,0.691564211893981,0.668771542605016
300,0.693449226171128,0.672128988856087
300,0.695336018763895,0.672912228572624
300,0.697224593030763,0.676425017083485
300,0.699114952339737,0.676983081706671
300,0.70100710006838,0.677464340369181
300,0.702901039603852,0.679961531888103
300,0.704796774342944,0.680486792942596
300,0.706694307692115,0.680958671623145
300,0.70859364306753,0.682287289664091
300,0.710494783895094,0.684745494429843
300,0.712397733610493,0.686476925224561
300,0.714302495659228,0.688258775362544
300,0.716209073496654,0.688987892129739
300,0.718117470588017,0.693580980019241
300,0.720027690408494,0.695862293600025
300,0.721939736443226,0.700149835402607
300,0.723853612187362,0.705849326573806
300,0.725769321146092,0.706373980086497
300,0.72768686683469,0.709278903192597
300,0.729606252778549,0.71011395267098
300,0.731527482513225,0.714468756814789
300,0.733450559584468,0.716371569742032
300,0.735375487548269,0.720377204395443
300,0.737302269970896,0.721652366283832
300,0.739230910428934,0.725214127959747
300,0.741161412509325,0.725272844999158
300,0.743093779809407,0.726789097133976
300,0.745028015936957,0.729069859679333
300,0.746964124510227,0.729291020753228
300,0.74890210915799,0.73157177168478
300,0.750841973519575,0.732478043265345
300,0.752783721244915,0.732902723168902
300,0.754727355994579,0.737074417850463
300,0.756672881439823,0.737210699837683
300,0.758620301262626,0.739010682801133
300,0.760569619155732,0.740088620006008
300,0.762520838822694,0.741239563324405
300,0.764473963977914,0.742250943470731
300,0.766428998346689,0.742290186167221
300,0.768385945665249,0.742424810097145
300,0.770344809680804,0.743362901398383
300,0.772305594151583,0.743453845632411
300,0.774268302846882,0.74389985371217
300,0.776232939547103,0.746048191989556
300,0.7781995080438,0.746709663062574
300,0.780168012139724,0.750433174789652
300,0.782138455648864,0.751121466366573
300,0.784110842396493,0.751489664106274
300,0.786085176219214,0.751932946555556
300,0.788061460965003,0.753251132653076
300,0.790039700493251,0.754216380460833
300,0.792019898674818,0.754949148890774
300,0.79400205939207,0.759754959831822
300,0.795986186538927,0.760074485631556
300,0.797972284020911,0.760207179875783
300,0.799960355755189,0.761917096442162
300,0.801950405670625,0.764441688574871
300,0.803942437707817,0.764642262152486
300,0.805936455819154,0.766244180194036
300,0.807932463968857,0.766646734511584
300,0.809930466133027,0.767569765352124
300,0.811930466299693,0.777535464597967
300,0.813932468468863,0.78054170596968
300,0.815936476652566,0.7822760605833
300,0.817942494874904,0.786121380843062
300,0.819950527172101,0.786209994562232
300,0.821960577592549,0.788377247152163
300,0.82397265019686,0.792265190519919
300,0.825986749057912,0.794409269695687
300,0.828002878260901,0.795042947595277
300,0.830021041903392,0.796898006026192
300,0.832041244095362,0.798200149153136
300,0.83406348895926,0.799979250615288
300,0.836087780630049,0.801427001086425
300,0.838114123255263,0.802401683920234
300,0.840142520995053,0.803905568131865
300,0.842172978022243,0.804625905932959
300,0.844205498522375,0.804626778811294
300,0.84624008669377,0.805080051710072
300,0.848276746747571,0.811251718185471
300,0.850315482907801,0.812541339821724
300,0.852356299411412,0.82282203944727
300,0.854399200508341,0.823348098424284
300,0.856444190461561,0.82475082204385
300,0.858491273547136,0.825278191022144
300,0.860540454054271,0.825514761908208
300,0.862591736285372,0.827639692658834
300,0.864645124556094,0.827891736542816
300,0.8667006231954,0.829028418471353
300,0.868758236545613,0.829225167567548
300,0.870817968962473,0.830145755894878
300,0.87287982481519,0.830506011805099
300,0.874943808486502,0.830568096302723
300,0.877009924372729,0.830604728629013
300,0.879078176883832,0.833046297947176
300,0.881148570443465,0.834184100159914
300,0.883221109489035,0.838015607995423
300,0.885295798471761,0.840111334885724
300,0.887372641856724,0.842788199996103
300,0.889451644122934,0.843363796407069
300,0.89153280976338,0.846408303531
300,0.893616143285094,0.849052717374528
300,0.895701649209204,0.852385072136746
300,0.897789332071001,0.852474375986336
300,0.899879196419988,0.852589814231549
300,0.901971246819947,0.85732607816284
300,0.904065487848998,0.857933842484834
300,0.906161924099656,0.860078182216335
300,0.908260560178891,0.860726427005855
300,0.910361400708194,0.861737417451837
300,0.912464450323635,0.866982860707752
300,0.914569713675922,0.869001751183515
300,0.916677195430465,0.875202257841613
300,0.91878690026744,0.883474461287433
300,0.920898832881848,0.883772391331975
300,0.923012997983578,0.883966254412218
300,0.925129400297474,0.88489596049724
300,0.927248044563393,0.886391114020187
300,0.929368935536271,0.891512047383767
300,0.931492077986189,0.894680246021907
300,0.933617476698433,0.903685971192083
300,0.935745136473563,0.90430992752607
300,0.937875062127476,0.904447503742306
300,0.940007258491471,0.906239352677566
300,0.942141730412316,0.907185345410395
300,0.944278482752314,0.907792091212199
300,0.946417520389368,0.912635339506809
300,0.948558848217048,0.912711335390549
300,0.950702471144662,0.915145174138029
300,0.952848394097317,0.915916750797184
300,0.954996622015992,0.919709338734787
300,0.957147159857605,0.925342659258442
300,0.959300012595082,0.926347624024771
300,0.961455185217423,0.927638307417794
300,0.963612682729774,0.930104101732848
300,0.965772510153499,0.931119463715281
300,0.967934672526244,0.937898796591208
300,0.970099174902014,0.938183271847534
300,0.972266022351238,0.939118437481836
300,0.974435219960847,0.940047632261661
300,0.976606772834338,0.942479090052065
300,0.978780686091851,0.944895172309425
300,0.980956964870242,0.949795797696088
300,0.983135614323152,0.951887786901338
300,0.985316639621084,0.952074646165897
300,0.987500045951472,0.952702057019486
300,0.989685838518762,0.953380216142002
300,0.99187402254448,0.954097558737296
300,0.99406460326731,0.95652164775367
300,0.996257585943167,0.956942684136082
300,0.998452975845278,0.957883548405487
300,1.00065077826425,0.958818182893294
300,1.00285099850815,0.96446416489779
300,1.00505364190259,0.966771473832096
300,1.00725871379079,0.967489229719282
300,1.00946621953367,0.968531273413955
300,1.0116761645099,0.969249881561141
300,1.01388855411604,0.97129295616085
300,1.01610339376653,0.97363936304958
300,1.01832068889386,0.976531385197554
300,1.02054044494858,0.982132321250015
300,1.02276266739943,0.986989906675138
300,1.02498736173338,0.987130492539586
300,1.02721453345573,0.988890645196982
300,1.02944418809023,0.989108808921952
300,1.03167633117907,0.98915257356727
300,1.03391096828306,0.990172742200318
300,1.03614810498164,0.991371423406463
300,1.03838774687301,0.991484529820925
300,1.04062989957421,0.993724944495886
300,1.04287456872117,0.994101874424332
300,1.04512175996882,0.994137189891503
300,1.04737147899119,0.996282778698544
300,1.04962373148146,0.996462948741081
300,1.05187852315208,0.997027643277488
300,1.05413585973483,1.00194821199203
300,1.05639574698092,1.00620350637988
300,1.0586581906611,1.00694354183375
300,1.0609231965657,1.0105873543403
300,1.06319077050475,1.01274850135809
300,1.06546091830808,1.01284202830974
300,1.06773364582538,1.01410849286892
300,1.0700089589263,1.02380063893184
300,1.07228686350056,1.02494497888908
300,1.07456736545802,1.02637753910563
300,1.07685047072879,1.0267160846258
300,1.07913618526329,1.03513080692927
300,1.08142451503238,1.0354928129273
300,1.08371546602744,1.03820531047402
300,1.08600904426045,1.04370302475275
300,1.08830525576412,1.05525296873478
300,1.09060410659193,1.0574462739022
300,1.09290560281828,1.05857353764375
300,1.09520975053857,1.05984356982732
300,1.09751655586928,1.06029866679873
300,1.09982602494808,1.06377628848721
300,1.10213816393391,1.06483579642057
300,1.10445297900714,1.06927865928879
300,1.10677047636957,1.07065706208115
300,1.10909066224463,1.07209919340031
300,1.11141354287741,1.07306067128197
300,1.11373912453479,1.07491714422494
300,1.11606741350554,1.07824563226268
300,1.11839841610041,1.07875432377764
300,1.12073213865225,1.07929911387507
300,1.12306858751611,1.08049490617451
300,1.12540776906931,1.08230889261271
300,1.12774968971161,1.08519472938573
300,1.13009435586526,1.08562461423193
300,1.13244177397512,1.08912945571574
300,1.13479195050877,1.09774205730619
300,1.13714489195663,1.10016161665408
300,1.13950060483204,1.10552686089393
300,1.14185909567139,1.10965170994436
300,1.14422037103422,1.10972990777999
300,1.14658443750333,1.11062236218365
300,1.14895130168489,1.11343872385975
300,1.15132097020856,1.11516691761752
300,1.15369344972757,1.12001085830842
300,1.15606874691888,1.122540638068
300,1.15844686848326,1.12557569028665
300,1.16082782114541,1.12924269213206
300,1.16321161165408,1.12992063352022
300,1.16559824678216,1.1302935320149
300,1.16798773332685,1.14263457673873
300,1.17038007810971,1.14354104959127
300,1.17277528797682,1.14710182815195
300,1.17517336979891,1.14775066537871
300,1.17757433047141,1.14962513625366
300,1.17997817691464,1.1554763632578
300,1.1823849160739,1.15616045983318
300,1.1847945549196,1.15685163766142
300,1.18720710044737,1.15766831069566
300,1.18962255967817,1.16809848889358
300,1.19204093965845,1.16857398883699
300,1.19446224746024,1.17095448158752
300,1.1968864901813,1.17121826937329
300,1.19931367494521,1.17778234458432
300,1.20174380890155,1.17978704715145
300,1.20417689922596,1.18036940532372
300,1.20661295312031,1.18055180143785
300,1.20905197781283,1.18313428532475
300,1.21149398055822,1.1865270516858
300,1.21393896863779,1.18762700692717
300,1.21638694935956,1.1885793431336
300,1.21883793005847,1.18883157408471
300,1.2212919180964,1.18889849540822
300,1.22374892086242,1.19183132819543
300,1.22620894577282,1.19512086977775
300,1.22867200027131,1.20393470442985
300,1.23113809182914,1.20727654272233
300,1.23360722794522,1.20807768224133
300,1.23607941614628,1.2082541559239
300,1.23855466398698,1.20837874964936
300,1.24103297905008,1.20859570668331
300,1.24351436894655,1.20999755016171
300,1.24599884131573,1.21241999293578
300,1.24848640382547,1.21463269804942
300,1.25097706417226,1.21757673371193
300,1.25347083008139,1.21926271524231
300,1.25596770930706,1.22144661138262
300,1.25846770963258,1.2238374124682
300,1.26097083887047,1.22605553190561
300,1.2634771048626,1.22819386313621
300,1.2659865154804,1.22967680085621
300,1.26849907862492,1.23156582089094
300,1.27101480222706,1.23344080872156
300,1.27353369424768,1.23432932609896
300,1.27605576267773,1.23654128615864
300,1.27858101553847,1.2379786244049
300,1.28110946088155,1.24158392671132
300,1.28364110678921,1.24219687766783
300,1.28617596137442,1.24286118007939
300,1.28871403278103,1.24310000148177
300,1.29125532918394,1.24555918639945
300,1.29379985878925,1.24881531554475
300,1.29634762983443,1.25212250560179
300,1.29889865058845,1.25588126245985
300,1.30145292935199,1.25629655683642
300,1.30401047445754,1.25845959203131
300,1.30657129426963,1.26095121613822
300,1.30913539718494,1.26377882121681
300,1.3117027916325,1.26532854426557
300,1.31427348607382,1.26583956464751
300,1.31684748900312,1.26883874151694
300,1.31942480894742,1.27158691616178
300,1.32200545446676,1.27660592870103
300,1.32458943415436,1.27666747076715
300,1.3271767566368,1.27965814606148
300,1.32976743057417,1.27997417584051
300,1.33236146466026,1.28093661398542
300,1.33495886762274,1.28102877892892
300,1.3375596482233,1.28235635806424
300,1.3401638152579,1.28257640247364
300,1.34277137755687,1.28786770718311
300,1.34538234398513,1.28822299908268
300,1.34799672344237,1.29714234577472
300,1.35061452486323,1.2976075315828
300,1.35323575721747,1.30002970882074
300,1.35586042951017,1.3020926415798
300,1.35848855078191,1.30346365183353
300,1.36112013010895,1.30541425328365
300,1.36375517660343,1.30776127318876
300,1.36639369941355,1.310856825731
300,1.36903570772378,1.31732233982551
300,1.37168121075501,1.31773147978432
300,1.3743302177648,1.32032056736576
300,1.3769827380475,1.32113437867139
300,1.37963878093454,1.32485422946269
300,1.38229835579454,1.33595337931254
300,1.38496147203357,1.33983153413662
300,1.3876281390953,1.34478717151111
300,1.39029836646124,1.34871522740957
300,1.39297216365092,1.34913977804754
300,1.39564954022211,1.35372091425477
300,1.39833050577102,1.3587833150588
300,1.40101506993248,1.36906960193059
300,1.40370324238018,1.36985070736918
300,1.40639503282689,1.37447288006957
300,1.40909045102463,1.37603514079449
300,1.4117895067649,1.37619688338614
300,1.41449220987889,1.37927256875065
300,1.41719857023773,1.37927608614535
300,1.41990859775265,1.37936601235553
300,1.42262230237523,1.38145327891739
300,1.42533969409762,1.38399218896064
300,1.42806078295274,1.3842665101478
300,1.43078557901453,1.38531252772191
300,1.43351409239816,1.38658287872247
300,1.43624633326024,1.3868792409354
300,1.43898231179909,1.38870992282275
300,1.44172203825492,1.39169986134871
300,1.44446552291008,1.3975109550292
300,1.44721277608931,1.39827522372243
300,1.44996380815993,1.40136622470656
300,1.45271862953212,1.40380705423756
300,1.45547725065913,1.40712657547034
300,1.45823968203753,1.40956394308395
300,1.46100593420743,1.41199138747465
300,1.46377601775275,1.41251186400989
300,1.46654994330145,1.41341998673371
300,1.46932772152576,1.41368473835688
300,1.47210936314244,1.41422613988799
300,1.47489487891305,1.41875458682443
300,1.47768427964415,1.42701178961357
300,1.48047757618759,1.42836721488001
300,1.48327477944076,1.42880150602657
300,1.48607590034682,1.4314835140058
300,1.48888094989499,1.43588942421262
300,1.49168993912079,1.43806383149606
300,1.49450287910629,1.4463947252019
300,1.49731978098041,1.45771687080894
300,1.50014065591913,1.45791519008274
300,1.50296551514582,1.46754453773252
300,1.50579436993144,1.47259183078751
300,1.50862723159487,1.47598317035456
300,1.51146411150313,1.47890523946398
300,1.51430502107172,1.47923193610345
300,1.5171499717648,1.49191866539653
300,1.51999897509557,1.50063266707737
300,1.52285204262648,1.50695998931638
300,1.52570918596953,1.5079358232981
300,1.52857041678657,1.50877637626698
300,1.53143574678956,1.51117978880617
300,1.53430518774088,1.51467039949528
300,1.53717875145361,1.51783143003136
300,1.54005644979181,1.52069213989011
300,1.54293829467083,1.52397335095008
300,1.54582429805762,1.52637922016918
300,1.54871447197098,1.53059556367553
300,1.55160882848191,1.53710946827162
300,1.55450737971389,1.53935180310845
300,1.55741013784318,1.54182447561334
300,1.56031711509915,1.54657974504094
300,1.56322832376455,1.54893133824844
300,1.56614377617587,1.56448792947518
300,1.5690634847236,1.56595086880609
300,1.57198746185259,1.56999422595352
300,1.57491572006237,1.57032813093313
300,1.57784827190743,1.57058343077452
300,1.58078512999756,1.57117693443445
300,1.58372630699821,1.57612391848147
300,1.58667181563076,1.58117063827764
300,1.58962166867289,1.59017340127913
300,1.59257587895892,1.59098967932068
300,1.5955344593801,1.59477955523448
300,1.59849742288498,1.5956141275798
300,1.60146478247977,1.59669252209719
300,1.60443655122861,1.60260210016804
300,1.60741274225402,1.60474721533154
300,1.61039336873714,1.60574470557437
300,1.61337844391815,1.60648476595725
300,1.61636798109661,1.6074144852749
300,1.61936199363179,1.6138418648375
300,1.62236049494308,1.61806752936423
300,1.62536349851027,1.61924256699666
300,1.628371017874,1.62052448258808
300,1.63138306663608,1.62379867848583
300,1.63439965845985,1.62584763006956
300,1.63742080707058,1.62588486738484
300,1.64044652625584,1.62833060741116
300,1.64347682986586,1.63178639500186
300,1.64651173181393,1.6322695196621
300,1.64955124607676,1.63228646121714
300,1.6525953866949,1.63408670019701
300,1.65564416777309,1.63565696820921
300,1.65869760348069,1.64265175436939
300,1.66175570805205,1.64304273973569
300,1.66481849578691,1.64313566221715
300,1.6678859810508,1.6437002106609
300,1.67095817827548,1.64691449150701
300,1.67403510195929,1.65276246776301
300,1.67711676666761,1.65278704107014
300,1.68020318703322,1.65599906418466
300,1.68329437775678,1.65760384282879
300,1.68639035360721,1.65851765656295
300,1.68949112942212,1.65924714670716
300,1.69259672010824,1.66163307748295
300,1.69570714064185,1.66664398208226
300,1.69882240606922,1.66765926658306
300,1.70194253150702,1.67065905920339
300,1.70506753214281,1.67205127957461
300,1.70819742323542,1.67407235068871
300,1.71133222011544,1.67613118150037
300,1.71447193818568,1.6819647158522
300,1.71761659292159,1.68570008874129
300,1.72076619987172,1.69041856663526
300,1.72392077465822,1.6929199126601
300,1.72708033297725,1.69331138478159
300,1.73024489059951,1.69732682261897
300,1.73341446337065,1.70038106085405
300,1.7365890672118,1.70275012260259
300,1.73976871812,1.70395223463797
300,1.74295343216872,1.70573248750301
300,1.74614322550836,1.7087805282332
300,1.74933811436667,1.70946580751994
300,1.75253811504934,1.71076083204745
300,1.75574324394042,1.71588644340947
300,1.75895351750288,1.72468770649788
300,1.76216895227907,1.72980522396214
300,1.76538956489128,1.7324276012048
300,1.76861537204221,1.73291459915467
300,1.77184639051552,1.73776224061995
300,1.77508263717634,1.74738270644408
300,1.7783241289718,1.75554944768621
300,1.78157088293159,1.75691128615273
300,1.78482291616842,1.7582980812011
300,1.78808024587867,1.76160956392231
300,1.79134288934284,1.76609851358402
300,1.79461086392615,1.76760272789897
300,1.79788418707908,1.77424006782317
300,1.80116287633795,1.77727558212392
300,1.80444694932544,1.77760351246698
300,1.8077364237512,1.7801413031281
300,1.81103131741239,1.78017152124954
300,1.81433164819431,1.78149712743583
300,1.81763743407091,1.78159186400166
300,1.82094869310543,1.78453516687148
300,1.82426544345098,1.78539369345128
300,1.82758770335114,1.7875698413321
300,1.83091549114053,1.79017523730552
300,1.83424882524547,1.79728139283375
300,1.83758772418455,1.79934876824143
300,1.84093220656927,1.80194317741458
300,1.84428229110466,1.80221933942632
300,1.84763799658989,1.82165944031883
300,1.85099934191893,1.82496526235667
300,1.85436634608116,1.83219924564902
300,1.85773902816203,1.83459178511874
300,1.86111740734372,1.84346836095559
300,1.86450150290577,1.8492643130049
300,1.86789133422575,1.85269019942542
300,1.87128692077994,1.8529819460031
300,1.87468828214397,1.85339059657461
300,1.87809543799354,1.85689005255058
300,1.88150840810506,1.86230393604238
300,1.88492721235636,1.86738171950971
300,1.88835187072738,1.86827051527594
300,1.89178240330089,1.87174457366943
300,1.89521883026316,1.87207238603695
300,1.89866117190471,1.87553905011746
300,1.90210944862099,1.87568271693447
300,1.90556368091314,1.88308158132949
300,1.90902388938871,1.88552952731804
300,1.91249009476238,1.88825924107393
300,1.91596231785673,1.88864783874746
300,1.91944057960298,1.89205033347305
300,1.92292490104175,1.89333470512934
300,1.92641530332381,1.90318473061936
300,1.92991180771087,1.90657267680086
300,1.93341443557634,1.91040972761678
300,1.93692320840613,1.9131403558252
300,1.94043814779942,1.91422233785602
300,1.94395927546949,1.91501352913299
300,1.94748661324448,1.9171662629274
300,1.95102018306825,1.91876017078877
300,1.95456000700117,1.9191453440133
300,1.95810610722094,1.919222791311
300,1.96165850602345,1.91942542997443
300,1.96521722582361,1.92458054118718
300,1.96878228915617,1.92985517282685
300,1.97235371867664,1.9335922334803
300,1.97593153716209,1.94383661139682
300,1.97951576751206,1.9438655218517
300,1.9831064327494,1.94455548341375
300,1.98670355602123,1.94738894728716
300,1.99030716059976,1.94767089605452
300,1.99391726988322,1.94790604145917
300,1.99753390739679,1.95579262405802
300,2.00115709679349,1.95647167265685
300,2.00478686185513,1.95921457522893
300,2.00842322649325,1.96678041044447
300,2.01206621475003,1.97238474498449
300,2.01571585079929,1.97330116992112
300,2.01937215894742,1.97761047793027
300,2.02303516363435,1.98027807597051
300,2.02670488943457,1.98043519943022
300,2.03038136105807,1.98067890911155
300,2.03406460335137,1.98591944786424
300,2.03775464129851,1.98697249463242
300,2.04145150002208,1.98801011692179
300,2.04515520478422,1.98863024688404
300,2.04886578098772,1.9907906576607
300,2.05258325417697,1.99376670750438
300,2.0563076500391,1.99376791467053
300,2.060038994405,1.99438675770235
300,2.0637773132504,1.99478077223537
300,2.06752263269699,1.99588945660814
300,2.07127497901344,1.99636645797337
300,2.0750343786166,1.99648414314061
300,2.07880085807253,1.99984419284163
300,2.08257444409768,2.00258468910781
300,2.08635516356002,2.00450557162891
300,2.09014304348016,2.00660446342653
300,2.09393811103254,2.00931314255592
300,2.09774039354659,2.01239395998164
300,2.1015499185079,2.01332588129327
300,2.10536671355942,2.01597845167654
300,2.10919080650267,2.01986352797339
300,2.11302222529895,2.02187658067426
300,2.11686099807056,2.03780225736707
300,2.12070715310204,2.0635801324659
300,2.12456071884144,2.06465584328661
300,2.12842172390156,2.06788823609547
300,2.13229019706122,2.06922753818013
300,2.13616616726657,2.07058205284389
300,2.14004966363239,2.07236180441508
300,2.14394071544338,2.07321901470673
300,2.14783935215548,2.07469308716094
300,2.15174560339724,2.0755588963042
300,2.15565949897116,2.08291496710933
300,2.15958106885504,2.08501044074856
300,2.16351034320337,2.08860346131677
300,2.16744735234872,2.09060850215243
300,2.17139212680313,2.09144835131468
300,2.17534469725955,2.09321694892219
300,2.17930509459328,2.09735678701714
300,2.18327334986337,2.10072858865128
300,2.18724949431414,2.10112172213346
300,2.19123355937662,2.10488650436479
300,2.19522557667005,2.10957600781693
300,2.19922557800339,2.11372507372127
300,2.20323359537682,2.11441550185215
300,2.20724966098331,2.12464667521267
300,2.21127380721015,2.12543557953083
300,2.21530606664052,2.1261674059197
300,2.21934647205507,2.12652025338121
300,2.22339505643353,2.13789469096624
300,2.22745185295632,2.13973662252994
300,2.23151689500616,2.15065313082733
300,2.23559021616977,2.15132495318245
300,2.23967185023947,2.15439223865288
300,2.24376183121493,2.16003240679222
300,2.2478601933048,2.16357518432385
300,2.25196697092848,2.17089496188747
300,2.25608219871784,2.17213820224577
300,2.26020591151896,2.17566418083026
300,2.2643381443939,2.17698621204973
300,2.26847893262252,2.18053681768465
300,2.27262831170424,2.18441150623649
300,2.27678631735991,2.18721621219506
300,2.28095298553362,2.19718367665903
300,2.28512835239458,2.19817957814666
300,2.28931245433903,2.1985240264031
300,2.29350532799209,2.20157336258676
300,2.29770701020971,2.20254010631744
300,2.30191753808064,2.20275019815451
300,2.30613694892834,2.20500549844897
300,2.31036528031301,2.20870166386118
300,2.31460257003358,2.21249143453258
300,2.31884885612973,2.21950084933349
300,2.32310417688397,2.22199835508731
300,2.32736857082365,2.2239045664675
300,2.33164207672312,2.22876839296386
300,2.3359247336058,2.23038647056585
300,2.34021658074636,2.23246207677548
300,2.34451765767282,2.25568266540268
300,2.34882800416878,2.25836061566826
300,2.35314766027564,2.26604959483941
300,2.35747666629479,2.26790218425638
300,2.36181506278988,2.27103818657095
300,2.36616289058912,2.27911345230422
300,2.37052019078756,2.28858802394595
300,2.37488700474945,2.29271508965274
300,2.37926337411056,2.29667274309149
300,2.38364934078058,2.29764378904949
300,2.38804494694554,2.30002792340602
300,2.39245023507022,2.30089331073219
300,2.39686524790064,2.30275694086236
300,2.40129002846652,2.31421431330659
300,2.40572462008382,2.31439628224687
300,2.41016906635725,2.3235699584371
300,2.4146234111829,2.33386389614851
300,2.41908769875078,2.34516825329114
300,2.4235619735475,2.3572052639074
300,2.42804628035887,2.35809618715738
300,2.43254066427268,2.3616086390174
300,2.43704517068133,2.3652045816585
300,2.44155984528463,2.37207374118195
300,2.44608473409257,2.37437114599893
300,2.45061988342814,2.38068487748109
300,2.45516533993014,2.38535327485649
300,2.45972115055613,2.38816278494242
300,2.46428736258527,2.38860725075633
300,2.46886402362129,2.392445196267
300,2.47345118159549,2.4122611220925
300,2.47804888476971,2.41748135922084
300,2.48265718173941,2.42928829169377
300,2.48727612143674,2.43019442621838
300,2.49190575313364,2.43270660426452
300,2.49654612644503,2.44659992807301
300,2.50119729133198,2.44826708507412
300,2.50585929810493,2.45365254518484
300,2.51053219742697,2.45713688817366
300,2.51521604031714,2.46284236214251
300,2.51991087815375,2.48100046822088
300,2.5246167626778,2.49118284465619
300,2.52933374599638,2.49148962050077
300,2.53406188058615,2.49606610527482
300,2.53880121929678,2.49952283842718
300,2.5435518153546,2.50106028003909
300,2.54831372236608,2.50522477225157
300,2.55308699432154,2.50634296877075
300,2.55787168559878,2.5114622162436
300,2.56266785096681,2.5121301166571
300,2.5674755455896,2.51324641966436
300,2.5722948250299,2.51443984041257
300,2.57712574525311,2.52239775670479
300,2.58196836263113,2.52426561192169
300,2.58682273394635,2.52509631245173
300,2.59168891639564,2.52592147555711
300,2.59656696759435,2.52632461425803
300,2.60145694558049,2.52769173707142
300,2.60635890881877,2.53371213093711
300,2.61127291620487,2.53393702836796
300,2.61619902706967,2.54086612032299
300,2.62113730118351,2.54238686980899
300,2.6260877987606,2.54253442115951
300,2.63105058046337,2.54487407684221
300,2.63602570740697,2.54730212418197
300,2.64101324116378,2.54920879204044
300,2.64601324376794,2.55588853911898
300,2.65102577772006,2.55896551997404
300,2.65605090599183,2.56117032346142
300,2.6610886920308,2.56358931417389
300,2.66613919976519,2.56629662699223
300,2.67120249360874,2.57582735662721
300,2.67627863846569,2.57618099068968
300,2.68136769973568,2.57923667382006
300,2.68646974331889,2.58193409762635
300,2.69158483562112,2.59051323980038
300,2.696713043559,2.59469936606282
300,2.7018544345652,2.60563243865547
300,2.7070090765938,2.6062218414053
300,2.71217703812565,2.60731387511384
300,2.71735838817383,2.6193093964276
300,2.72255319628921,2.62009360445203
300,2.72776153256598,2.62350302307142
300,2.73298346764742,2.6323880220162
300,2.73821907273158,2.64057633762371
300,2.74346841957712,2.6432212210808
300,2.74873158050923,2.64473100674035
300,2.7540086284256,2.64501181677026
300,2.75929963680244,2.64680365112669
300,2.76460467970071,2.64943199535162
300,2.76992383177222,2.65988198939427
300,2.77525716826605,2.6717778865543
300,2.78060476503486,2.67355129505943
300,2.78596669854137,2.67894060376727
300,2.79134304586497,2.6805763667277
300,2.79673388470832,2.68665120055048
300,2.80213929340409,2.68887532591364
300,2.80755935092182,2.69588988972197
300,2.81299413687482,2.69733094809018
300,2.81844373152719,2.69861185649878
300,2.82390821580094,2.70283970633821
300,2.82938767128318,2.70308920555525
300,2.83488218023346,2.71071602401273
300,2.84039182559114,2.71407447513924
300,2.84591669098296,2.71983995894253
300,2.8514568607306,2.72673718448771
300,2.8570124198584,2.72912947377861
300,2.86258345410125,2.72940106148557
300,2.86817004991248,2.73080784790202
300,2.8737722944719,2.73687862952663
300,2.87939027569401,2.74784491400128
300,2.88502408223624,2.75588339246287
300,2.89067380350735,2.75695670625959
300,2.89633952967596,2.76160892133958
300,2.90202135167916,2.76641618909463
300,2.90771936123131,2.77004430625675
300,2.91343365083287,2.78154541042347
300,2.91916431377945,2.79617761043123
300,2.92491144417091,2.79902950060362
300,2.93067513692069,2.80352819288608
300,2.93645548776515,2.80369980845765
300,2.94225259327318,2.80392665497778
300,2.94806655085579,2.81226507945517
300,2.95389745877604,2.81293327275676
300,2.95974541615891,2.81771484354534
300,2.96561052300147,2.82027213700645
300,2.9714928801831,2.83381767902703
300,2.97739258947594,2.83922312469227
300,2.98330975355543,2.84171010669014
300,2.98924447601104,2.85046132192997
300,2.99519686135713,2.85355604567981
300,3.00116701504404,2.86626655558264
300,3.00715504346925,2.87275692300805
300,3.01316105398879,2.87310502380371
300,3.01918515492877,2.87320921381748
300,3.02522745559712,2.88404702090658
300,3.03128806629548,2.8890447528885
300,3.03736709833127,2.89196142012963
300,3.04346466402999,2.89275322117488
300,3.04958087674763,2.89747683557717
300,3.05571585088336,2.89786364167991
300,3.06186970189231,2.90532788986136
300,3.06804254629869,2.90715142686791
300,3.07423450170895,2.91589755319599
300,3.08044568682525,2.92745628201167
300,3.08667622145915,2.93026634333834
300,3.09292622654542,2.95057655523239
300,3.09919582415617,2.95504777398899
300,3.10548513751511,2.96189312140749
300,3.11179429101214,2.9654879149538
300,3.11812341021807,2.96599241152452
300,3.12447262189961,2.96817318425884
300,3.13084205403465,2.97038974614461
300,3.13723183582769,2.97943327968824
300,3.14364209772559,2.98642789156517
300,3.15007297143354,3.00187772166154
300,3.1565245899313,3.00528664357363
300,3.16299708748972,3.00611382142892
300,3.16949059968746,3.00720565362528
300,3.17600526342807,3.01267238246271
300,3.1825412169573,3.02478416434445
300,3.1890985998807,3.02744792548863
300,3.1956775531815,3.02947862563898
300,3.20227821923881,3.0397748488356
300,3.20890074184612,3.04301738652648
300,3.21554526623008,3.05203276774695
300,3.22221193906959,3.07178047302496
300,3.22890090851529,3.07203895678628
300,3.23561232420923,3.08368614902947
300,3.24234633730504,3.09685410277489
300,3.2491031004883,3.1002515533789
300,3.25588276799732,3.10244939824916
300,3.2626854956443,3.10715115208884
300,3.26951144083678,3.11230708090529
300,3.27636076259951,3.12622271420637
300,3.28323362159667,3.15054122073064
300,3.2901301801545,3.18366757735964
300,3.29705060228429,3.18670708100555
300,3.30399505370579,3.20043605207672
300,3.31096370187101,3.20529969627797
300,3.31795671598847,3.21750846137351
300,3.32497426704783,3.22366052089338
300,3.33201652784499,3.22410818904567
300,3.33908367300761,3.22576005549403
300,3.34617587902111,3.22875019941412
300,3.3532933242551,3.23098249253351
300,3.3604361889903,3.23188225502382
300,3.36760465544593,3.23319214988824
300,3.37479890780762,3.2415635088716
300,3.38201913225582,3.24164214775406
300,3.38926551699467,3.24304515176901
300,3.39653825228143,3.24444667346358
300,3.40383753045653,3.2475959115691
300,3.41116354597401,3.24985394259249
300,3.41851649543262,3.25382699451207
300,3.42589657760753,3.26597542044415
300,3.4333039934825,3.27536174850809
300,3.44073894628276,3.28106063031604
300,3.44820164150848,3.30535763729164
300,3.4556922869688,3.3081060149321
300,3.46321109281662,3.32918845010799
300,3.4707582715839,3.3447615046199
300,3.47833403821777,3.36876194588494
300,3.48593861011725,3.36957370977499
300,3.49357220717065,3.37023493346805
300,3.50123505179376,3.37866774773626
300,3.50892736896872,3.39252291498719
300,3.51664938628364,3.42174445964553
300,3.52440133397302,3.4290951165343
300,3.53218344495895,3.43150907536681
300,3.53999595489308,3.43858847426109
300,3.54783910219945,3.44437093997075
300,3.55571312811813,3.44538788417079
300,3.56361827674977,3.44765626472504
300,3.57155479510102,3.45376608947474
300,3.57952293313076,3.46286275181592
300,3.58752294379746,3.46615032600633
300,3.59555508310724,3.47238477932414
300,3.60361961016311,3.47733483044151
300,3.61171678721511,3.4878117278694
300,3.61984687971145,3.48926461308565
300,3.62801015635075,3.49256056519653
300,3.63620688913531,3.49304528472127
300,3.64443735342553,3.4960338857309
300,3.65270182799535,3.50639252201651
300,3.66100059508897,3.5329217156828
300,3.66933394047866,3.53703945136689
300,3.67770215352381,3.55561143684199
300,3.68610552723121,3.55992914400543
300,3.69454435831663,3.56255240995538
300,3.70301894726766,3.57843197352382
300,3.71152959840793,3.58251610025487
300,3.7200766199627,3.58886338984156
300,3.72866032412578,3.60023440346728
300,3.73728102712803,3.60124365894721
300,3.7459390493072,3.60253534566375
300,3.7546347151794,3.6077544770488
300,3.76336835351208,3.6331843387503
300,3.77214029739859,3.63480819448799
300,3.78095088433443,3.63903335205043
300,3.78980045629514,3.66123717637443
300,3.79868935981599,3.68762905584009
300,3.80761794607336,3.68921737610295
300,3.81658657096801,3.69804164381952
300,3.82559559521022,3.70251338359122
300,3.8346453844068,3.7257118578026
300,3.84373630915015,3.73031932049734
300,3.85286874510931,3.73865889662899
300,3.86204307312313,3.75140289547111
300,3.87125967929551,3.75604822558147
300,3.880518955093,3.78236995720177
300,3.88982129744446,3.79476924116106
300,3.89916710884325,3.80186924964544
300,3.90855679745166,3.80357143841112
300,3.91799077720794,3.80828535652776
300,3.92746946793573,3.81478635188338
300,3.93699329545622,3.81481552993382
300,3.94656269170289,3.82188750046013
300,3.9561780948391,3.82280107850837
300,3.96583994937843,3.85553063100635
300,3.97554870630802,3.86536640332189
300,3.98530482321489,3.86782095752347
300,3.9951087644153,3.86843955472953
300,4.00496100108742,3.890660733784
300,4.01486201140713,3.89322118892789
300,4.02481228068735,3.89519745314655
300,4.03481230152077,3.90236079627434
300,4.04486257392611,3.91454581905781
300,4.05496360549825,3.93471173826106
300,4.06511591156197,3.93547118426249
300,4.07532001532976,3.94289276237249
300,4.0855764480636,3.96757506654004
300,4.09588574924093,3.99697493233872
300,4.10624846672493,4.01127512324767
300,4.1166651569392,4.01666804571968
300,4.12713638504709,4.01861479920784
300,4.13766272513564,4.03117647464655
300,4.14824476040447,4.03491319308131
300,4.15888308335967,4.03652892934001
300,4.16957829601286,4.04733637968431
300,4.18033101008562,4.05613487420585
300,4.19114184721944,4.07564671357786
300,4.20201143919135,4.08868786944465
300,4.21294042813551,4.09656177239427
300,4.22392946677079,4.13990250571449
300,4.23497921863473,4.14571456926623
300,4.24609035832394,4.15988859622301
300,4.25726357174121,4.1762562307889
300,4.26849955634966,4.19337727731217
300,4.2797990214339,4.19848155397022
300,4.29116268836876,4.19904540288597
300,4.30259129089564,4.23360840328547
300,4.31408557540678,4.2383982669627
300,4.32564630123777,4.24519287597129
300,4.33727424096862,4.27749650811381
300,4.34897018073346,4.29813376600838
300,4.36073492053959,4.30667020591029
300,4.37256927459577,4.31321695377102
300,4.38447407165036,4.31473864849015
300,4.39645015533961,4.32006372149532
300,4.40849838454637,4.3269470337677
300,4.42061963376975,4.3328267789676
300,4.43281479350599,4.35540061268676
300,4.44508477064102,4.36143532258385
300,4.45743048885518,4.36298590914434
300,4.46985288904046,4.38072048990191
300,4.4823529297308,4.38505859485993
300,4.49493158754593,4.40000527336804
300,4.50758985764923,4.40343551989692
300,4.52032875422019,4.42497905415799
300,4.53314931094202,4.43112994899359
300,4.546052581505,4.47062016052575
300,4.5590396401261,4.47872555255768
300,4.57211158208567,4.47890396658805
300,4.58526952428176,4.48403397701063
300,4.59851460580274,4.49099208943833
300,4.61184798851912,4.50148729484899
300,4.62527085769509,4.50204702250726
300,4.63878442262085,4.5061869686968
300,4.65238991726636,4.50641536074115
300,4.66608860095751,4.50641952123582
300,4.67988175907563,4.50985018750118
300,4.69377070378125,4.550032977681
300,4.70775677476319,4.55682385530172
300,4.72184134001402,4.55966310854004
300,4.736025796633,4.57116801868299
300,4.75031157165776,4.5723326326604
300,4.76470012292582,4.59781054780441
300,4.77919293996735,4.61641689848479
300,4.79379154493057,4.6216722280059
300,4.80849749354109,4.68787565656255
300,4.82331237609681,4.70097921558883
300,4.8382378185,4.70904282758088
300,4.85327548332805,4.73260835393166
300,4.86842707094496,4.7784602927692
300,4.88369432065511,4.78618768397538
300,4.89907901190142,4.79201536795782
300,4.91458296551005,4.79459283846139
300,4.93020804498364,4.80148335797346
300,4.94595615784545,4.81724246954716
300,4.96182925703692,4.85396187636683
300,4.97782934237108,4.86669526545821
300,4.99395846204454,4.87053107645941
300,5.01021871421104,4.87715883658415
300,5.0266122486194,4.87769935939936
300,5.04314126831918,4.89020911687429
300,5.05980803143747,4.90968159088436
300,5.07661485303023,4.91024844747964
300,5.09356410701217,4.91733845503739
300,5.11065822816909,4.91783387748208
300,5.12789971425691,4.92229371933019
300,5.14529112819201,4.96509136484582
300,5.16283510033769,4.9758063624173
300,5.18053433089165,4.98291034923614
300,5.19839159238025,4.99812878951885
300,5.21640973226499,5.00343121065487
300,5.23459167566749,5.02664847004922
300,5.25294042821958,5.03484576803985
300,5.27145907904517,5.03895694371835
300,5.29015080388164,5.04201701756061
300,5.30901886834836,5.08881996734908
300,5.32806663137087,5.09354710167165
300,5.34729754876976,5.09842687905322
300,5.36671517702368,5.10690628041387
300,5.38632317721692,5.11896315383175
300,5.40612531918234,5.15848778954672
300,5.42612548585151,5.16982424639789
300,5.44632767782452,5.20749601432973
300,5.466736018173,5.23092158590588
300,5.48735475749072,5.23117020267833
300,5.50818827920723,5.26388827427724
300,5.52924110518121,5.27688649227851
300,5.55051790159132,5.28220902452577
300,5.57202348514385,5.31605025561657
300,5.59376282961765,5.32693220688029
300,5.61574107276884,5.34169394105645
300,5.63796352361898,5.34419800589997
300,5.66043567015283,5.34592440105938
300,5.68316318745346,5.3696063091596
300,5.70615194630494,5.40343223999214
300,5.72940802229517,5.46530657170321
300,5.75293770545435,5.46741100021345
300,5.77674751046698,5.50336209192627
300,5.80084418749933,5.51887429678772
300,5.82523473368697,5.55802304860944
300,5.84992640533157,5.61599258119937
300,5.87492673086003,5.63567228388519
300,5.90024352460388,5.6479887268062
300,5.925884901462,5.69540529136053
300,5.95185929251562,5.69638907416876
300,5.97817546167064,5.7178253399471
300,6.00484252340958,5.72125047409051
300,6.03186996174302,5.76590142364831
300,6.05926765045935,5.76896723811124
300,6.08704587478068,5.77694086470309
300,6.11521535454415,5.85923650988866
300,6.14378726903911,5.86683620910264
300,6.17277328364424,5.91473221919741
300,6.20218557842363,5.92215857462509
300,6.23203687885699,5.93951822044072
300,6.26234048889819,5.98969380157823
300,6.29311032657715,6.00360531943111
300,6.32436096238331,6.00466915200639
300,6.35610766069589,6.07319345898272
300,6.38836642455566,6.1911946415407
300,6.42115404410701,6.1969612455057
300,6.45448814907744,6.23071681484453
300,6.48838726570498,6.23989949776936
300,6.52287087857399,6.32641743075642
300,6.55795949787581,6.35289778570687
300,6.59367473267582,6.37062517785547
300,6.63003937084221,6.39771630427092
300,6.66707746637668,6.43021062431595
300,6.70481443498544,6.49404186689858
300,6.74327715884122,6.53030889287877
300,6.78249410161798,6.58797918660486
300,6.82249543503131,6.62253382521684
300,6.86331317829373,6.63594145327735
300,6.90498135209941,6.65908925854401
300,6.94753614899398,6.69732355898267
300,6.99101612226679,6.70953049363385
300,7.03546239583622,6.71676861468604
300,7.08091889799132,6.76152021902376
300,7.12743262231986,6.76326051550748
300,7.1750539197073,6.82181231985455
300,7.22383682595561,6.82540270906319
300,7.27383943036645,6.90256851170553
300,7.32512429159313,6.92280967517238
300,7.37775890822787,6.9942150968873
300,7.43181625300371,7.04666505714882
300,7.48737538121787,7.05934180163507
300,7.54452212610597,7.06547978453243
300,7.60334989651856,7.08716296458397
300,7.66396059550922,7.12928412909485
300,7.72646568251743,7.155470888649
300,7.79098740695387,7.15742928448602
300,7.85766024748905,7.18637760720033
300,7.92663259963139,7.19668202529988
300,7.99806876483555,7.31847687380699
300,8.07215130819624,7.3426596279396
300,8.14908386985184,7.39783282400447
300,8.22909453907924,7.47543284115728
300,8.31243993188037,7.4929871278926
300,8.39941015575985,7.67462528494147
300,8.49033490391337,7.73042606214034
300,8.58559100189187,7.80884660184873
300,8.6856118430412,7.95870929533428
300,8.79089931001205,7.97710662091141
300,8.90203901232166,8.03746645941268
300,9.01972001236753,8.07908133116717
300,9.14476072633021,8.44415808480712
300,9.27814347532754,8.65008613927824
300,9.42106140329183,8.70662845788005
300,9.5749834855641,8.72902483019178
300,9.74174670344218,8.95415464920043
300,9.92369025985364,8.97935726436501
300,10.1238571769676,9.15954504755015
300,10.346308447188,9.2073014770116
300,10.5966347330961,9.22024260978721
300,10.8828364203774,9.30750989345651
300,11.2169445897037,9.4419462623947
300,11.6182859806281,9.65669598273484
300,12.1209148371899,11.2848856271509
300,12.7938593104322,12.562233947002
300,13.8155105579643,13.1299338286007
300,16.0127351353007,13.2879864403286
600,0.0010002500833646,0.00299781342540091
600,0.00300225225253429,0.00374020508069395
600,0.00500626043623706,0.00441212563478279
600,0.00701227865857528,0.00562354237124685
600,0.00902031095577214,0.00568555519319762
600,0.0110303613762203,0.00605053474213049
600,0.013042433980531,0.00940886609234642
600,0.0150565328415831,0.0116216689446342
600,0.0170726620445728,0.0142621744939797
600,0.0190908256870629,0.0166293293144976
600,0.0211110278790333,0.01807188316226
600,0.0231332727429309,0.021840171675048
600,0.0251575644137202,0.0225129920894558
600,0.027183907038934,0.0235649944930244
600,0.0292123047787243,0.0245660975518738
600,0.0312427618059136,0.0251975436630305
600,0.0332752823060466,0.0253806764741457
600,0.0353098704774415,0.026720575063205
600,0.0373465305312426,0.0270633516910424
600,0.0393852666914722,0.0286540311276179
600,0.0414260831950832,0.0304165028108166
600,0.0434689842920123,0.0319858387559017
600,0.0455139742452324,0.0327796955515597
600,0.0475610573308069,0.0342960810945739
600,0.0496102378379423,0.0398289776781396
600,0.0516615200690431,0.0401562454746967
600,0.0537149083397654,0.0407990805585821
600,0.0557704069790714,0.0427072528143698
600,0.0578280203292846,0.0453887321042592
600,0.0598877527461442,0.0461605645791959
600,0.0619496085988611,0.0462484859682806
600,0.064013592270173,0.046467963542974
600,0.0660797081564004,0.0477676848429556
600,0.0681479606675029,0.0489317526485891
600,0.0702183542271358,0.0503808128058477
600,0.0722908932727066,0.0508982959587457
600,0.0743655822554319,0.0528879220562009
600,0.0764424256403955,0.0539010511469039
600,0.0785214279066053,0.0559730790729005
600,0.0806025935470514,0.0563284318461996
600,0.0826859270687649,0.0600840786690905
600,0.0847714329928757,0.0603109172717003
600,0.086859115854672,0.0646887667328164
600,0.088948980203659,0.0678789814897341
600,0.0910410306036186,0.0682410038124634
600,0.0931352716326695,0.0690380875460763
600,0.0952317078833266,0.0707722799062539
600,0.097330343962562,0.0710039914306611
600,0.0994311844918657,0.0744822012257844
600,0.101534234107306,0.0755770700391112
600,0.103639497459593,0.0757340559156326
600,0.105746979214136,0.080972899850587
600,0.107856684051111,0.0811206668456887
600,0.109968616665519,0.0811587674540964
600,0.11208278176725,0.0828364958778305
600,0.114199184081146,0.0849408934665715
600,0.116317828347064,0.0861866764241231
600,0.118438719319942,0.0902075617877735
600,0.12056186176986,0.0908385426753599
600,0.122687260482104,0.0912812225278769
600,0.124814920257234,0.0913030794023455
600,0.126944845911147,0.0966044668954543
600,0.129077042275142,0.0985772014709829
600,0.131211514195988,0.10037619481253
600,0.133348266535985,0.101657852195842
600,0.135487304173039,0.103331621010214
600,0.13762863200072,0.104482924437846
600,0.139772254928333,0.109041496970165
600,0.141918177880988,0.110362800908431
600,0.144066405799663,0.111851813138461
600,0.146216943641277,0.119475985368223
600,0.148369796378753,0.122257768815609
600,0.150524969001094,0.122493312720555
600,0.152682466513445,0.123316935859895
600,0.15484229393717,0.124654449050056
600,0.157004456309915,0.124798837238667
600,0.159168958685685,0.127654567923107
600,0.16133580613491,0.129071916337411
600,0.163505003744518,0.130591081220201
600,0.165676556618009,0.132329015164474
600,0.167850469875523,0.134913836057554
600,0.170026748653913,0.136230863158073
600,0.172205398106823,0.13990925595592
600,0.174386423404755,0.140848911784278
600,0.176569829735143,0.143009352487674
600,0.178755622302433,0.145533732236287
600,0.180943806328151,0.151930593650021
600,0.183134387050981,0.152402761667344
600,0.185327369726839,0.155159868524946
600,0.187522759628949,0.155210077473303
600,0.18972056204792,0.159116411955978
600,0.191920782291822,0.161292983655811
600,0.194123425686262,0.161593759156646
600,0.196328497574463,0.161732477297697
600,0.198536003317338,0.166307825711309
600,0.200745948293574,0.171773375494813
600,0.202958337899708,0.172239257920236
600,0.205173177550202,0.177384271214156
600,0.20739047267753,0.177855388761561
600,0.209610228732253,0.181525540669182
600,0.211832451183099,0.186899087788296
600,0.214057145517047,0.187728308197215
600,0.216284317239406,0.189702208953193
600,0.218513971873899,0.195041480359587
600,0.220746114962741,0.195124152511937
600,0.222980752066726,0.197578373756957
600,0.225217888765309,0.198160853676979
600,0.227457530656686,0.200461864521114
600,0.229699683357884,0.204084443007162
600,0.231944352504841,0.206684372573624
600,0.234191543752494,0.211781418959355
600,0.236441262774862,0.212078997510838
600,0.238693515265132,0.216763561202856
600,0.240948306935749,0.219731974193936
600,0.243205643518498,0.221934163364842
600,0.245465530764594,0.225570885418069
600,0.247727974444772,0.225787392372825
600,0.24999298034937,0.227578569334472
600,0.252260554288424,0.231349772618129
600,0.254530702091752,0.235004635623788
600,0.256803429609048,0.237365757561454
600,0.25907874270997,0.242851225732529
600,0.261356647284232,0.244317327411866
600,0.263637149241696,0.244990126786796
600,0.265920254512461,0.248154025340392
600,0.268205969046961,0.250768580074977
600,0.270494298816052,0.255313641875745
600,0.27278524981111,0.26128480282804
600,0.275078828044123,0.262015612201743
600,0.277375039547787,0.262498249744478
600,0.279673890375599,0.263782755156797
600,0.281975386601955,0.267356817272853
600,0.284279534322246,0.268912399645854
600,0.286586339652953,0.269422939292402
600,0.288895808731746,0.270991252798719
600,0.291207947717584,0.274684643665956
600,0.293522762790808,0.275124936448546
600,0.295840260153244,0.277378591626718
600,0.298160446028305,0.278237979114568
600,0.300483326661086,0.280015518243362
600,0.302808908318466,0.283107211262149
600,0.305137197289214,0.283733450774297
600,0.307468199884084,0.285208508104849
600,0.309801922435925,0.288831285081896
600,0.312138371299778,0.291763261214348
600,0.314477552852983,0.29296033428777
600,0.316819473495283,0.293912308844426
600,0.31916413964893,0.295070121541952
600,0.321511557758788,0.296932419145921
600,0.323861734292441,0.299059719239458
600,0.326214675740301,0.299492778946631
600,0.328570388615712,0.304185045612151
600,0.330928879455063,0.308294537667961
600,0.333290154817894,0.309204760544725
600,0.335654221287004,0.309324474133031
600,0.338021085468565,0.311005419018012
600,0.340390753992228,0.316378800490812
600,0.342763233511241,0.318170850299398
600,0.345138530702553,0.321590775556407
600,0.347516652266934,0.325713720127544
600,0.349897604929083,0.326235723043863
600,0.352281395437747,0.327741950307319
600,0.354668030565831,0.330448409334643
600,0.357057517110517,0.334475884881095
600,0.359449861893377,0.338563171671468
600,0.361845071760495,0.342893026761134
600,0.364243153582577,0.347323742304482
600,0.366644114255076,0.349261073169818
600,0.369047960698309,0.353985508804478
600,0.371454699857575,0.358107643972611
600,0.373864338703276,0.359878038177948
600,0.376276884231039,0.365637484364203
600,0.378692343461838,0.366253943550252
600,0.381110723442116,0.375394027824105
600,0.383532031243909,0.375787853889573
600,0.385956273964967,0.376128566008825
600,0.388383458728884,0.377853969324913
600,0.39081359268522,0.379675867933757
600,0.393246683009629,0.380561050362301
600,0.395682736903983,0.381460991217048
600,0.398121761596505,0.382353511919838
600,0.400563764341895,0.383193215205906
600,0.403008752421457,0.386972473612469
600,0.405456733143234,0.387297532981766
600,0.407907713842137,0.388737797427795
600,0.410361701880074,0.390240434552433
600,0.412818704646089,0.390259430554228
600,0.415278729556489,0.390594323553039
600,0.417741784054982,0.391129450200885
600,0.420207875612813,0.392055108036579
600,0.422677011728894,0.393667830387346
600,0.425149199929951,0.395230827804982
600,0.427624447770651,0.397293638700143
600,0.430102762833747,0.39743512097507
600,0.432584152730216,0.400551338990586
600,0.435068625099398,0.402247851521343
600,0.43755618760914,0.403901016881241
600,0.440046847955932,0.406283149550724
600,0.442540613865059,0.410610296566409
600,0.445037493090735,0.413173993035383
600,0.447537493416256,0.419689255996956
600,0.45004062265414,0.420404072096671
600,0.452546888646275,0.424912013572253
600,0.455056299264068,0.425881860929839
600,0.457568862408591,0.427082968930591
600,0.460084586010733,0.431781860078032
600,0.462603478031347,0.432000964127902
600,0.465125546461403,0.433046669929746
600,0.46765079932214,0.434646491535015
600,0.470179244665221,0.435519241434985
600,0.472710890572881,0.441043546596108
600,0.475245745158088,0.441071588281638
600,0.477783816564698,0.447790029445339
600,0.480325112967609,0.455978755410247
600,0.482869642572922,0.457676698474849
600,0.4854174136181,0.45930127153522
600,0.487968434372123,0.460968518723164
600,0.490522713135658,0.461531943066601
600,0.493080258241211,0.463214948684161
600,0.495641078053301,0.467085176339507
600,0.498205180968612,0.470347059851363
600,0.500772575416168,0.471622659491755
600,0.503343269857496,0.474880597428959
600,0.505917272786791,0.47651627929331
600,0.508494592731087,0.480730507171968
600,0.511075238250427,0.481548993102122
600,0.513659217938032,0.485606252480906
600,0.516246540420473,0.487082355798312
600,0.518837214357843,0.489455796237332
600,0.521431248443933,0.492021598631127
600,0.524028651406406,0.494294560518773
600,0.526629432006973,0.500135799018876
600,0.52923359904157,0.501469221251727
600,0.531841161340536,0.503193713280522
600,0.534452127768797,0.505055149227818
600,0.53706650722604,0.50719843074257
600,0.5396843086469,0.509441571922927
600,0.542305541001141,0.511576713335195
600,0.544930213293841,0.513495117396323
600,0.547558334565579,0.514068013573702
600,0.550189913892619,0.51704548584217
600,0.5528249603871,0.51838034045968
600,0.555463483197226,0.520146847647745
600,0.558105491507453,0.531700484852634
600,0.560750994538685,0.531990559970961
600,0.563400001548467,0.541247682086992
600,0.566052521831174,0.545327761610051
600,0.568708564718213,0.545534132456102
600,0.571368139578216,0.545644453185726
600,0.574031255817241,0.54797429080367
600,0.576697922878969,0.554071971147261
600,0.579368150244908,0.560137954248465
600,0.582041947434591,0.564939902863569
600,0.584719324005784,0.570266106817079
600,0.587400289554688,0.572402928649116
600,0.590084853716147,0.575613162585642
600,0.592773026163855,0.579956921073272
600,0.595464816610565,0.588929669463404
600,0.598160234808301,0.594274857110681
600,0.600859290548567,0.594472449315002
600,0.603561993662565,0.594732645227764
600,0.606268354021405,0.595992678159685
600,0.608978381536324,0.596219808576355
600,0.611692086158904,0.596337841165893
600,0.61440947788129,0.600152018192838
600,0.61713056673641,0.600216306616889
600,0.619855362798201,0.600301723962209
600,0.622583876181829,0.600751978390436
600,0.625316117043916,0.601561788267935
600,0.628052095582766,0.608796627718696
600,0.630791822038593,0.609072474792567
600,0.633535306693755,0.610274171492993
600,0.636282559872979,0.614084690373703
600,0.639033591943599,0.614119877343888
600,0.641788413315789,0.621559841715339
600,0.6445470344428,0.62469040737715
600,0.647309465821197,0.632870985442908
600,0.6500757179911,0.633447090806453
600,0.652845801536423,0.63349032605512
600,0.655619727085121,0.634460173824728
600,0.658397505309429,0.637741419420041
600,0.661179146926115,0.640213886815141
600,0.663964662696722,0.640676294205102
600,0.666754063427821,0.643870493634683
600,0.669547359971263,0.646083165144016
600,0.67234456322443,0.653524402764009
600,0.675145684130492,0.653793563033944
600,0.677950733678663,0.65834980469421
600,0.68075972290446,0.659243324246931
600,0.683572662889963,0.663188492915524
600,0.686389564764079,0.669742521032681
600,0.689210439702804,0.669949164418654
600,0.692035298929489,0.675287016896885
600,0.69486415371511,0.676414897996526
600,0.697697015378537,0.678804000751068
600,0.700533895286804,0.679623494651286
600,0.703374804855387,0.682302636536597
600,0.706219755548472,0.683474410189994
600,0.709068758879243,0.68511350116606
600,0.711921826410151,0.686925984810284
600,0.714778969753202,0.688023623651112
600,0.717640200570241,0.689039223293434
600,0.720505530573233,0.694534291213687
600,0.723374971524553,0.696022211116972
600,0.726248535237279,0.699291842662433
600,0.729126233575477,0.702240161772998
600,0.732008078454502,0.70316553269514
600,0.734894081841287,0.706007055787798
600,0.737784255754648,0.706924035013449
600,0.74067861226558,0.71319272779045
600,0.743577163497561,0.713510144996431
600,0.746479921626855,0.715274890035546
600,0.749386898882821,0.717773717859165
600,0.752298107548223,0.718053926647072
600,0.755213559959536,0.72037929527845
600,0.758133268507267,0.721733500665603
600,0.761057245636266,0.72419055011242
600,0.763985503846044,0.727636977725149
600,0.7669180556911,0.735666406024883
600,0.769854913781233,0.737387183258773
600,0.772796090781877,0.737396694560494
600,0.775741599414427,0.738618889588915
600,0.778691452456562,0.740210832532599
600,0.781645662742589,0.742977183818834
600,0.784604243163767,0.744718522107618
600,0.787567206668653,0.747644004571903
600,0.790534566263437,0.749178282374071
600,0.793506335012286,0.756518209411633
600,0.79648252603769,0.758309421030174
600,0.799463152520808,0.760627539017589
600,0.80244822770182,0.763264024396072
600,0.805437764880278,0.763317936100079
600,0.808431777415465,0.776040102751603
600,0.811430278726748,0.776697047452567
600,0.814433282293942,0.782816785786208
600,0.817440801657674,0.78464825837267
600,0.82045285041975,0.788074773775638
600,0.823469442243519,0.788198037300754
600,0.826490590854253,0.790657997803008
600,0.829516310039514,0.793362041374141
600,0.832546613649536,0.80394426721798
600,0.835581515597603,0.804767982193647
600,0.838621029860435,0.806300211438348
600,0.841665170478572,0.806724681931549
600,0.844713951556765,0.809685053530759
600,0.847767387264365,0.815498029028044
600,0.850825491835721,0.816825430240632
600,0.853888279570577,0.817379894734604
600,0.856955764834474,0.817765508075518
600,0.860027962059154,0.818333970688417
600,0.863104885742966,0.821526531192209
600,0.866186550451277,0.822916521804239
600,0.869272970816889,0.826378460117153
600,0.87236416154045,0.828426782263443
600,0.87546013739088,0.830304722879718
600,0.87856091320579,0.841556727537081
600,0.881666503891911,0.844047906273755
600,0.884776924425524,0.84455582574941
600,0.887892189852892,0.862207296255478
600,0.891012315290696,0.86559839012642
600,0.894137315926479,0.867014333121006
600,0.897267207019086,0.872515658807008
600,0.900402003899112,0.875648050012318
600,0.903541721969352,0.875750283315089
600,0.906686376705257,0.882744734237514
600,0.90983598365539,0.883320908680362
600,0.912990558441886,0.890190003429952
600,0.916150116760924,0.895650411906092
600,0.919314674383182,0.896557930326573
600,0.922484247154326,0.907538347335043
600,0.925658850995471,0.909024986627431
600,0.92883850190367,0.909913548523212
600,0.932023215952396,0.916183154927369
600,0.935213009292028,0.917605778073095
600,0.938407898150342,0.922726553494158
600,0.941607898833009,0.924054863983319
600,0.944813027724092,0.924577806964775
600,0.948023301286549,0.925818573037918
600,0.951238736062742,0.932202676538144
600,0.95445934867495,0.932253382406046
600,0.95768515582588,0.935058651996202
600,0.960916174299189,0.936864747897167
600,0.96415242096001,0.949824718097288
600,0.967393912755476,0.95240810323761
600,0.970640666715258,0.954059004985731
600,0.973892699952095,0.954284348842258
600,0.977150029662342,0.955204596740294
600,0.98041267312651,0.960534373513344
600,0.98368064770982,0.965466426486408
600,0.986953970862755,0.975874720001491
600,0.990232660121622,0.977655056037775
600,0.99351673310911,0.981012065702612
600,0.996806207534867,0.981489301422021
600,1.00010110119606,0.982327979760271
600,1.00340143197798,0.988770785047019
600,1.00670721785458,0.993645964974036
600,1.0100184768891,0.993992569051744
600,1.01333522723465,0.994034176994299
600,1.01665748713481,0.995813630919375
600,1.0199852749242,0.997414309182727
600,1.02331860902914,0.998906754809736
600,1.02665750796822,1.00831415650043
600,1.03000199035294,1.01292888936029
600,1.03335207488833,1.0195201978669
600,1.03670778037356,1.01952510826102
600,1.0400691257026,1.02421767629749
600,1.04343612986483,1.0252338012814
600,1.0468088119457,1.04208576539267
600,1.05018719112739,1.04477292477457
600,1.05357128668944,1.048335769542
600,1.05696111800942,1.0506242106489
600,1.06035670456361,1.05143867009415
600,1.06375806592765,1.05828000400947
600,1.06716522177721,1.05904481772398
600,1.07057819188873,1.07502281145331
600,1.07399699614003,1.07599920995288
600,1.07742165451105,1.0770390930732
600,1.08085218708456,1.08576015005985
600,1.08428861404684,1.08633147522724
600,1.08773095568838,1.09296743329605
600,1.09117923240466,1.09482405152776
600,1.09463346469681,1.09498011908046
600,1.09809367317238,1.09503743136602
600,1.10155987854605,1.09684691517507
600,1.1050321016404,1.1001211827098
600,1.10851036338665,1.10255845964906
600,1.11199468482542,1.10985564517919
600,1.11548508710748,1.11311153684395
600,1.11898159149454,1.11962511570153
600,1.12248421936001,1.12222102056227
600,1.1259929921898,1.12285299469395
600,1.12950793158309,1.12764090537507
600,1.13302905925316,1.13199303379725
600,1.13655639702815,1.13518485014874
600,1.14008996685192,1.13844056780064
600,1.14362979078484,1.14098872936399
600,1.14717589100461,1.14249448521998
600,1.15072828980712,1.1456610894884
600,1.15428700960728,1.14697537715642
600,1.15785207293985,1.15154919763619
600,1.16142350246031,1.154675685115
600,1.16500132094576,1.15622857235067
600,1.16858555129573,1.16005548037139
600,1.17217621653308,1.16311850343154
600,1.1757733398049,1.16463130618874
600,1.17937694438343,1.16571796439201
600,1.18298705366689,1.16879646571449
600,1.18660369118046,1.17010164137248
600,1.19022688057716,1.17721863304509
600,1.1938566456388,1.18060961702438
600,1.19749301027692,1.18917473927904
600,1.2011359985337,1.19842172083574
600,1.20478563458296,1.20115510734556
600,1.20844194273109,1.20143335154251
600,1.21210494741802,1.20230096501162
600,1.21577467321824,1.20233481542306
600,1.21945114484175,1.20239231794655
600,1.22313438713505,1.20711516789177
600,1.22682442508218,1.21364735586695
600,1.23052128380575,1.21713733691091
600,1.2342249885679,1.21791181810465
600,1.23793556477139,1.21841946548964
600,1.24165303796064,1.21899886622173
600,1.24537743382277,1.23190894940842
600,1.24910877818867,1.23394588152074
600,1.25284709703407,1.23537761973222
600,1.25659241648066,1.23613189838075
600,1.26034476279711,1.24041690477647
600,1.26410416240027,1.24405896600545
600,1.2678706418562,1.24547485991707
600,1.27164422788135,1.24914394800024
600,1.27542494734369,1.25057946181416
600,1.27921282726383,1.25845581975654
600,1.28300789481621,1.2644605156915
600,1.28681017733026,1.2656832308667
600,1.29061970229157,1.2692555841016
600,1.29443649734309,1.27018990505533
600,1.29826059028634,1.27243923411815
600,1.30209200908262,1.27318185403897
600,1.30593078185423,1.2732782614723
600,1.30977693688571,1.27421192675198
600,1.31363050262511,1.27633389849083
600,1.31749150768523,1.27863677355482
600,1.32135998084489,1.28058534617144
600,1.32523595105024,1.28361994636318
600,1.32911944741607,1.29012560688009
600,1.33301049922705,1.29637222361022
600,1.33690913593915,1.29791938078981
600,1.34081538718091,1.29948312508963
600,1.34472928275483,1.30579358277994
600,1.34865085263872,1.30720546881146
600,1.35258012698704,1.32785259374238
600,1.35651713613239,1.32935027190557
600,1.3604619105868,1.32938870698618
600,1.36441448104322,1.33080781860797
600,1.36837487837695,1.33089284856425
600,1.37234313364704,1.33496849731695
600,1.37631927809781,1.35440599921551
600,1.38030334316029,1.36102055043517
600,1.38429536045372,1.36201051578443
600,1.38829536178706,1.36572544878673
600,1.39230337916049,1.36738230390266
600,1.39631944476698,1.37010711116063
600,1.40034359099382,1.37389244696481
600,1.40437585042419,1.3780152013591
600,1.40841625583874,1.37955981345936
600,1.4124648402172,1.3797465349553
600,1.41652163673999,1.3840850867058
600,1.42058667878983,1.38910699129793
600,1.42465999995344,1.39560266296902
600,1.42874163402314,1.39750843830665
600,1.4328316149986,1.40131627902835
600,1.43692997708847,1.40141507629148
600,1.44103675471215,1.40696799883028
600,1.44515198250151,1.41033078202327
600,1.44927569530263,1.41554377301593
600,1.45340792817758,1.41554892435107
600,1.45754871640619,1.41582920047632
600,1.46169809548791,1.41713602168761
600,1.46585610114358,1.42038775430778
600,1.47002276931729,1.42277575257592
600,1.47419813617826,1.42904297932901
600,1.4783822381227,1.43423882029402
600,1.48257511177576,1.43632547240542
600,1.48677679399338,1.43639704786845
600,1.49098732186431,1.43789220469342
600,1.49520673271201,1.43803897484005
600,1.49943506409668,1.45757037099769
600,1.50367235381725,1.45971595661381
600,1.50791863991341,1.46761059586352
600,1.51217396066764,1.47853386317276
600,1.51643835460732,1.47987925557999
600,1.52071186050679,1.48241673626088
600,1.52499451738948,1.49003700512446
600,1.52928636453003,1.49180983416541
600,1.53358744145649,1.49940982183146
600,1.53789778795245,1.49991163022516
600,1.54221744405931,1.50221947530246
600,1.54654645007846,1.50701380447864
600,1.55088484657355,1.51195545319058
600,1.55523267437279,1.5132128921028
600,1.55958997457123,1.51609723247542
600,1.56395678853312,1.5161983671636
600,1.56833315789423,1.52447831275646
600,1.57271912456425,1.52751071849193
600,1.57711473072921,1.5339294770055
600,1.58152001885389,1.53593866362384
600,1.58593503168431,1.53731239211506
600,1.59035981225019,1.54312639334482
600,1.59479440386749,1.55035853018265
600,1.59923885014092,1.55324765473518
600,1.60369319496657,1.55473924475999
600,1.60815748253445,1.57090367108826
600,1.61263175733117,1.57403394704959
600,1.61711606414255,1.58170202423531
600,1.62161044805636,1.58276801384503
600,1.62611495446501,1.58315139473485
600,1.63062962906831,1.58339818927994
600,1.63515451787624,1.59543406550293
600,1.63968966721181,1.59954417033574
600,1.64423512371381,1.60837261562586
600,1.6487909343398,1.61025756896612
600,1.65335714636894,1.61327658227189
600,1.65793380740496,1.6158857133282
600,1.66252096537916,1.62031760292752
600,1.66711866855338,1.63561342851717
600,1.67172696552308,1.63597737941998
600,1.67634590522041,1.63697369918167
600,1.68097553691731,1.64405794734682
600,1.6856159102287,1.64450435475681
600,1.69026707511565,1.64877139010314
600,1.6949290818886,1.64996568787586
600,1.69960198121064,1.65163009343305
600,1.70428582410081,1.65307371523116
600,1.70898066193742,1.65736995889993
600,1.71368654646147,1.6591205543412
600,1.71840352978006,1.66200091637225
600,1.72313166436982,1.66244933850239
600,1.72787100308045,1.66322901716423
600,1.73262159913827,1.66367960890222
600,1.73738350614975,1.66594897076048
600,1.74215677810521,1.66759646731018
600,1.74694146938245,1.66836337374538
600,1.75173763475048,1.66982570226149
600,1.75654532937327,1.67170201124527
600,1.76136460881357,1.67778434719944
600,1.76619552903678,1.67919234647747
600,1.7710381464148,1.68029229692088
600,1.77589251773003,1.69323053207736
600,1.78075870017931,1.69441388630628
600,1.78563675137803,1.69883060386095
600,1.79052672936416,1.71472017457156
600,1.79542869260244,1.71859489102365
600,1.80034269998854,1.71995613119172
600,1.80526881085334,1.73022878656289
600,1.81020708496718,1.73382666920243
600,1.81515758254427,1.73384698166139
600,1.82012036424704,1.73608388730676
600,1.82509549119064,1.73661146786602
600,1.83008302494745,1.73951334060231
600,1.83508302755162,1.73992831110006
600,1.84009556150374,1.75359956728458
600,1.8451206897755,1.75528252046784
600,1.85015847581447,1.76161747315542
600,1.85520898354886,1.76309217255913
600,1.86027227739242,1.76566370113733
600,1.86534842224936,1.7711445860229
600,1.87043748351935,1.77956065924513
600,1.87553952710256,1.7818264338159
600,1.88065461940479,1.78726889868772
600,1.88578282734267,1.78813838563601
600,1.89092421834887,1.79355542713062
600,1.89607886037747,1.7954147705512
600,1.90124682190932,1.80595509456732
600,1.90642817195751,1.80717846136801
600,1.91162298007288,1.8185574623982
600,1.91683131634965,1.82595545612027
600,1.92205325143109,1.82834078744988
600,1.92728885651525,1.83558319792041
600,1.93253820336079,1.84746525189799
600,1.93780136429291,1.85423083941229
600,1.94307841220927,1.85840001202152
600,1.94836942058612,1.86131315527602
600,1.95367446348438,1.86927432000033
600,1.9589936155559,1.8718238529248
600,1.96432695204973,1.8961254153689
600,1.96967454881853,1.90754935408547
600,1.97503648232505,1.90848174001497
600,1.98041282964865,1.91159559644151
600,1.98580366849199,1.91614952433157
600,1.99120907718776,1.92360532295047
600,1.99662913470549,1.92994977370661
600,2.00206392065849,1.93298684745692
600,2.00751351531086,1.94319495317756
600,2.01297799958461,1.95162540812217
600,2.01845745506685,1.95754853702511
600,2.02395196401713,1.9605581790964
600,2.02946160937482,1.9776288354924
600,2.03498647476663,1.97846169248602
600,2.04052664451427,1.9867130509817
600,2.04608220364207,1.98702587446424
600,2.05165323788492,1.98714135258471
600,2.05723983369615,1.98833151883398
600,2.06284207825557,1.99180230608034
600,2.06846005947768,1.9971960125857
600,2.07409386601991,1.99869139216699
600,2.07974358729102,2.02245643803227
600,2.08540931345963,2.03085960845464
600,2.09109113546283,2.04780926203493
600,2.09678914501498,2.06082839383969
600,2.10250343461654,2.06179894362256
600,2.10823409756312,2.06420606664993
600,2.11398122795458,2.06940907891094
600,2.11974492070436,2.091699130366
600,2.12552527154882,2.09498015570029
600,2.13132237705685,2.09906057082838
600,2.13713633463947,2.11182967311448
600,2.14296724255971,2.11464123589979
600,2.14881519994258,2.12429777551803
600,2.15468030678514,2.12801409731524
600,2.16056266396677,2.13439576098771
600,2.16646237325961,2.14282406947371
600,2.17237953733911,2.15585855189462
600,2.17831425979471,2.15684253728993
600,2.1842666451408,2.15783972147914
600,2.19023679882771,2.16366578207968
600,2.19622482725292,2.17171218147709
600,2.20223083777246,2.17559179918573
600,2.20825493871244,2.1909492054698
600,2.21429723938079,2.20373770282187
600,2.22035785007915,2.21504472396464
600,2.22643688211494,2.22148768477177
600,2.23253444781366,2.24064409146274
600,2.2386506605313,2.24583038906896
600,2.24478563466703,2.24790649603942
600,2.25093948567598,2.25458009343203
600,2.25711233008236,2.25728122244417
600,2.26330428549262,2.25768549970675
600,2.26951547060893,2.2643669004975
600,2.27574600524282,2.27655159883358
600,2.28199601032909,2.27784931273392
600,2.28826560793984,2.28141623639085
600,2.29455492129878,2.29593234514606
600,2.30086407479581,2.30116972045372
600,2.30719319400174,2.30223531277652
600,2.31354240568328,2.30756168179498
600,2.31991183781832,2.32558996032809
600,2.32630161961136,2.33057345477604
600,2.33271188150926,2.33091828909177
600,2.33914275521721,2.34000571226479
600,2.34559437371497,2.34117190560523
600,2.35206687127339,2.35267466962962
600,2.35856038347113,2.35360577958146
600,2.36507504721174,2.35528906641342
600,2.37161100074097,2.36147275267529
600,2.37816838366437,2.36549192205405
600,2.38474733696517,2.37069175657371
600,2.39134800302248,2.37087767193431
600,2.39797052562979,2.3711082632699
600,2.40461505001375,2.38023815120438
600,2.41128172285327,2.38318668802773
600,2.41797069229896,2.38580359938757
600,2.42468210799291,2.39359003558562
600,2.43141612108871,2.3968475570573
600,2.43817288427197,2.39873239831433
600,2.44495255178099,2.40281723219354
600,2.45175527942797,2.41374447809375
600,2.45858122462045,2.41473839097125
600,2.46543054638318,2.41544426241278
600,2.47230340538034,2.41715095232441
600,2.47919996393817,2.42481544354102
600,2.48612038606797,2.43206025055512
600,2.49306483748946,2.44316053024478
600,2.50003348565469,2.45047258621406
600,2.50702649977214,2.45155309257085
600,2.5140440508315,2.46168554723581
600,2.52108631162866,2.46522598328846
600,2.52815345679128,2.46865341798031
600,2.53524566280478,2.4720379130757
600,2.54236310803877,2.47339769100334
600,2.54950597277397,2.48975129373711
600,2.5566744392296,2.49295552484714
600,2.5638686915913,2.49449522087284
600,2.5710889160395,2.50772830660252
600,2.57833530077834,2.50876595350328
600,2.5856080360651,2.53447244007893
600,2.5929073142402,2.54247921641439
600,2.60023332975768,2.54653243597236
600,2.60758627921629,2.55869491580653
600,2.6149663613912,2.56156673906494
600,2.62237377726617,2.56380068373813
600,2.62980873006644,2.56607604225217
600,2.63727142529215,2.57677616976502
600,2.64476207075248,2.5779407037479
600,2.65228087660029,2.58817265248146
600,2.65982805536757,2.59624525935926
600,2.66740382200144,2.59760303370251
600,2.67500839390092,2.60924610951872
600,2.68264199095432,2.61316685102529
600,2.69030483557743,2.62133093096539
600,2.69799715275239,2.62302021367282
600,2.70571917006731,2.62502875874193
600,2.71347111775669,2.62619771866102
600,2.72125322874263,2.64183620706005
600,2.72906573867676,2.65572858248642
600,2.73690888598312,2.65753012052048
600,2.7447829119018,2.66052864021681
600,2.75268806053345,2.66231106042736
600,2.76062457888469,2.68072933738744
600,2.76859271691444,2.681744408996
600,2.77659272758113,2.69143163808863
600,2.78462486689091,2.69270334994544
600,2.79268939394678,2.69633078339982
600,2.80078657099878,2.6965781899126
600,2.80891666349512,2.69934258101566
600,2.81707994013442,2.70961360551768
600,2.82527667291898,2.71105304917923
600,2.8335071372092,2.71222237618964
600,2.84177161177902,2.71763371839358
600,2.85007037887264,2.72166430485307
600,2.85840372426233,2.72391284925493
600,2.86677193730748,2.73342175084634
600,2.87517531101488,2.73396325974218
600,2.8836141421003,2.73683642018161
600,2.89208873105133,2.73840391949388
600,2.90059938219161,2.74812711658428
600,2.90914640374637,2.7601439844711
600,2.91773010790945,2.77516894156252
600,2.9263508109117,2.7826686346412
600,2.93500883309087,2.78417092366345
600,2.94370449896307,2.78541820482167
600,2.95243813729575,2.79850367675562
600,2.96121008118226,2.79983327691932
600,2.9700206681181,2.80384197448562
600,2.97887024007881,2.80585511484193
600,2.98775914359966,2.81894994037857
600,2.99668772985703,2.82442194557284
600,3.00565635475168,2.83303130235689
600,3.01466537899389,2.84742503314611
600,3.02371516819047,2.84957771702703
600,3.03280609293382,2.850939831657
600,3.04193852889298,2.86325101632765
600,3.0511128569068,2.87059064006268
600,3.06032946307919,2.87784985290259
600,3.06958873887667,2.88364182556971
600,3.07889108122813,2.90117962572106
600,3.08823689262692,2.90292818621101
600,3.09762658123533,2.9193686697416
600,3.10706056099161,2.92270214079203
600,3.1165392517194,2.93117178478114
600,3.12606307923989,2.9390148594125
600,3.13563247548656,2.94845674095895
600,3.14524787862277,2.95425784144042
600,3.1549097331621,2.95924764471093
600,3.1646184900917,2.9596657965378
600,3.17437460699856,2.96225910920707
600,3.18417854819897,2.96790364095082
600,3.19403078487109,2.97025958456619
600,3.2039317951908,2.97438938428919
600,3.21388206447103,2.98185747285088
600,3.22388208530444,3.00697950775902
600,3.23393235770978,3.03332562754857
600,3.24403338928192,3.03364946221952
600,3.25418569534564,3.04111774485013
600,3.26438979911343,3.04605254363086
600,3.27464623184727,3.04832772460944
600,3.2849555330246,3.05699912147849
600,3.2953182505086,3.05715695250041
600,3.30573494072287,3.05735705248923
600,3.31620616883076,3.07867747809187
600,3.32673250891931,3.07880130264637
600,3.33731454418814,3.08260341307005
600,3.34795286714334,3.09952050188259
600,3.35864807979653,3.11536965669996
600,3.36940079386929,3.11712072716432
600,3.38021163100311,3.12121782675681
600,3.39108122297502,3.12302304876861
600,3.40201021191918,3.12966085617241
600,3.41299925055446,3.13726729606806
600,3.4240490024184,3.13733331385837
600,3.43516014210761,3.13797573096471
600,3.44633335552489,3.14479302961983
600,3.45756934013333,3.15888014111832
600,3.46886880521757,3.16840543818896
600,3.48023247215243,3.17305489422383
600,3.49166107467931,3.19948932341353
600,3.50315535919045,3.22448037139376
600,3.51471608502144,3.22622548456714
600,3.52634402475228,3.2400782318001
600,3.53803996451713,3.24269580701923
600,3.54980470432326,3.25263067366512
600,3.56163905837944,3.25418014549465
600,3.57354385543403,3.26871874243264
600,3.58551993912328,3.27923427983513
600,3.59756816833004,3.31317331949035
600,3.60968941755342,3.31554121398425
600,3.62188457728966,3.31724969457601
600,3.63415455442469,3.33617786368224
600,3.64650027263885,3.36205459419697
600,3.65892267282413,3.42175313216825
600,3.67142271351448,3.42514966706998
600,3.6840013713296,3.43838271263216
600,3.6966596414329,3.44950218117234
600,3.70939853800386,3.45090547374788
600,3.7222190947257,3.46373139023907
600,3.73512236528867,3.47875722689962
600,3.74810942390977,3.50023859475251
600,3.76118136586934,3.51847185863732
600,3.77433930806543,3.53167450070879
600,3.78758438958641,3.54564509202206
600,3.80091777230279,3.56092210165969
600,3.81434064147877,3.56554242890852
600,3.82785420640452,3.57503945890114
600,3.84145970105003,3.6027523069877
600,3.85515838474118,3.613104725607
600,3.8689515428593,3.6191145122319
600,3.88284048756492,3.66607658338211
600,3.89682655854686,3.68769678494539
600,3.91091112379769,3.70239595797795
600,3.92509558041667,3.7109733236429
600,3.93938135544143,3.71204081446085
600,3.95376990670949,3.72395775387115
600,3.96826272375102,3.73253488517119
600,3.98286132871425,3.75064371684362
600,3.99756727732476,3.75534135948729
600,4.01238215988049,3.76368035982243
600,4.02730760228367,3.78317659048353
600,4.04234526711172,3.79363614415066
600,4.05749685472864,3.80982206435546
600,4.07276410443878,3.81560163541721
600,4.08814879568509,3.81898014377943
600,4.10365274929373,3.83585947933391
600,4.11927782876731,3.83680004939268
600,4.13502594162913,3.84538464223084
600,4.1508990408206,3.8602949843186
600,4.16689912615475,3.86927817363392
600,4.18302824582821,3.87303671834457
600,4.19928849799471,3.87369945246796
600,4.21568203240307,3.9322236734154
600,4.23221105210285,3.94602735905607
600,4.24887781522114,3.9779175092269
600,4.2656846368139,3.98048339928844
600,4.28263389079585,3.98391032756503
600,4.29972801195276,4.00402945748839
600,4.31696949804058,4.01707888061454
600,4.33436091197569,4.01948259660134
600,4.35190488412136,4.03097496983008
600,4.36960411467532,4.04207436096868
600,4.38746137616393,4.05462155082242
600,4.40547951604866,4.06453610943567
600,4.42366145945116,4.07267709589535
600,4.44201021200324,4.1015248394603
600,4.46052886282884,4.11012279393941
600,4.47922058766531,4.11414632571654
600,4.49808865213203,4.14518191148981
600,4.51713641515454,4.15060530310051
600,4.53636733255343,4.16627597984874
600,4.55578496080735,4.2030505574569
600,4.57539296100059,4.20534333547084
600,4.59519510296601,4.20763268993959
600,4.61519526963518,4.25481409268371
600,4.63539746160819,4.2569100877404
600,4.65580580195667,4.2643486849993
600,4.67642454127439,4.27981940362019
600,4.6972580629909,4.31262741250596
600,4.71831088896488,4.3133704035998
600,4.73958768537499,4.32356452481184
600,4.76109326892752,4.32442332475847
600,4.78283261340132,4.34419885654705
600,4.80481085655251,4.37263814755694
600,4.82703330740266,4.43484230491138
600,4.84950545393651,4.46000442840153
600,4.87223297123714,4.48297577374682
600,4.89522173008861,4.50512808653293
600,4.91847780607884,4.54251039256258
600,4.94200748923802,4.57754191008014
600,4.96581729425065,4.62159812314571
600,4.989913971283,4.62196323697255
600,5.01430451747064,4.65839686416064
600,5.03899618911524,4.70057327939633
600,5.0639965146437,4.72512881364023
600,5.08931330838755,4.72629653966887
600,5.11495468524567,4.76967945861706
600,5.14092907629929,4.77684490959964
600,5.16724524545431,4.79099396318576
600,5.19391230719325,4.85036288393968
600,5.22093974552669,4.85352895950807
600,5.24833743424302,4.89348653334021
600,5.27611565856435,4.90518535362206
600,5.30428513832783,4.9103183715184
600,5.33285705282278,4.91182120851109
600,5.36184306742791,4.91193272759683
600,5.39125536220731,4.93653833568699
600,5.42110666264066,4.93796013103629
600,5.45141027268186,4.94880003650914
600,5.48218011036082,5.0039314281127
600,5.51343074616698,5.07595998992042
600,5.54517744447956,5.07855438286241
600,5.57743620833933,5.11225190430492
600,5.61022382789068,5.15037949882785
600,5.64355793286111,5.1736508608731
600,5.67745704948865,5.17837501849589
600,5.71194066235766,5.23552212814898
600,5.74702928165949,5.24138441363678
600,5.7827445164595,5.26691694237707
600,5.81910915462588,5.32323140857548
600,5.85614725016035,5.33544835818237
600,5.89388421876912,5.33973636753885
600,5.93234694262489,5.43123282314429
600,5.97156388540165,5.45927123626357
600,6.01156521881499,5.50214476163826
600,6.0523829620774,5.55062470553093
600,6.09405113588308,5.62578670962488
600,6.13660593277765,5.64719283550584
600,6.18008590605046,5.6609348058137
600,6.22453217961989,5.73019295241766
600,6.269988681775,5.87145888882583
600,6.31650240610353,5.9201173938261
600,6.36412370349097,5.92801929096322
600,6.41290660973929,6.00441799392147
600,6.46290921415012,6.21016861838064
600,6.5141940753768,6.24220025841856
600,6.56682869201155,6.2904634060695
600,6.62088603678738,6.30025657969171
600,6.67644516500154,6.31836744242561
600,6.73359190988965,6.33893084799929
600,6.79241968030223,6.38800085213204
600,6.85303037929289,6.53744550577231
600,6.9155354663011,6.54325381415824
600,6.98005719073754,6.65665583313592
600,7.04673003127273,6.70636997331292
600,7.11570238341506,6.75232432702909
600,7.18713854861922,6.93629438238363
600,7.26122109197992,6.96702974431502
600,7.33815365363551,6.97050243887004
600,7.41816432286291,6.98914974250414
600,7.50150971566405,6.99972961010603
600,7.58847993954353,7.14802030487529
600,7.67940468769704,7.39464194745666
600,7.77466078567555,7.40847343008116
600,7.87468162682488,7.53352975958579
600,7.97996909379572,7.79464530996488
600,8.09110879610534,7.97785083253031
600,8.20878979615121,7.98998901924807
600,8.33383051011388,8.22026382145168
600,8.46721325911122,8.37066294552289
600,8.61013118707551,8.61954337616825
600,8.76405326934777,8.80038200373175
600,8.93081648722587,9.07720049764371
600,9.11276004363733,9.48006789231123
600,9.31292696075129,10.3088595892084
600,9.53537823097174,10.3733530294692
600,9.78570451687976,10.6285568973059
600,10.0719062041611,10.8835877454401
600,10.4060143734874,11.4590437686116
600,10.8073557644117,11.5977430777044
600,11.3099846209736,11.9791282689673
600,11.982929094216,12.5438405216187
600,13.004580341748,13.90960320501
600,15.2018049190844,15.5304519290674
