"standardized_alpha","quantity","standardized_error"
0.443952939332999,"Delta",0.471907220061058
-0.460541892526284,"Delta",-0.329234283926821
-0.508101610378275,"Delta",-0.778180291628211
1.40279505481662,"Delta",1.80485292436474
-0.0345601849100722,"Delta",-0.380319998948344
-1.4780016550739,"Delta",-1.10790023168447
-0.560037683408332,"Delta",-0.770569292978826
-0.0116752504759714,"Delta",-0.0616247823908477
0.831013465617087,"Delta",0.342735911362144
0.685114585198306,"Delta",0.606495441355866
0.0478128880192643,"Delta",-0.481840825787113
0.628503717085891,"Delta",0.314363060911318
-0.629422868245251,"Delta",-0.699690175356847
1.59714199731081,"Delta",1.75678649522766
0.0732749341922228,"Delta",-0.353092901049086
1.23432890174726,"Delta",0.829062162266373
-0.380554892974167,"Delta",-0.00629490394065499
1.27219736955239,"Delta",0.616350901910013
0.377933027006897,"Delta",0.371695193618071
-1.8757142794299,"Delta",-1.12477427566258
-0.312665267502222,"Delta",-0.370477522348268
2.88298891683651,"Delta",4.84976932976483
-0.372705674755586,"Delta",-0.597259148166856
0.566797114563596,"Delta",0.615433637478619
-0.222227871758234,"Delta",-0.695692024072776
-0.421513959795339,"Delta",-0.417425470536755
-0.559045746507961,"Delta",-0.47350765173899
0.405714737964306,"Delta",0.11860274357971
0.156015398639964,"Delta",-0.274261929693265
0.231213872265354,"Delta",-0.138137110838834
-0.170225802850792,"Delta",-0.32641883918297
0.17509400810336,"Delta",0.445934485438663
-1.57816436044884,"Delta",-1.22941304813877
-0.432220642833871,"Delta",-0.257025947758541
-0.131129057501299,"Delta",-0.687173872895548
0.000885805156749055,"Delta",-0.390518153693186
0.810806891797521,"Delta",0.621509024429947
-0.418839590771272,"Delta",-0.232565879982142
-0.395298045394892,"Delta",-0.329824408010819
0.622486099479537,"Delta",0.42418366418858
0.652818344187434,"Delta",0.0822577729189586
1.79440294127779,"Delta",2.84743194935903
-0.539463161992162,"Delta",-0.709327320787291
1.83542879723587,"Delta",1.87026239584718
-0.581311324024345,"Delta",-0.566734440299465
1.12501401856684,"Delta",1.24006515986576
1.20011537542233,"Delta",1.47847256991149
1.91996843162881,"Delta",2.78090272245271
0.300949777425429,"Delta",0.353240844591655
-0.518175037437575,"Delta",-0.833297091748911
1.1401975285356,"Delta",1.21945839025115
0.53169422719581,"Delta",0.658629676315561
1.04597723772417,"Delta",0.588303054802342
-0.177181525793508,"Delta",-0.234749179337439
0.70559859066935,"Delta",0.473108163672634
0.938649098722397,"Delta",1.13780056123855
-0.108695928912903,"Delta",-0.427084551739843
-0.921752013312552,"Delta",-0.864994815854531
-0.352592123280987,"Delta",-0.466417020222052
0.164381132675575,"Delta",0.078072654357396
0.388693538813837,"Delta",0.53484248410379
1.48863820704266,"Delta",1.80882873249966
-2.07794950308817,"Delta",-1.18814453802891
0.17538765955205,"Delta",-0.561998380371828
-0.172602816846098,"Delta",-0.668770490883256
-1.719149694893,"Delta",-1.17901344189637
-1.63532985420667,"Delta",-1.24468292298559
0.360155844422229,"Delta",0.243210045380306
0.703668761041703,"Delta",0.875111206548678
0.014711485404542,"Delta",-0.0631223932161005
-0.0690338979549351,"Delta",-0.373054534476547
1.08247473988823,"Delta",1.24131543214196
0.478847712956191,"Delta",0.273014567594116
-0.357360574301872,"Delta",-0.504019089999166
1.09918316066898,"Delta",1.63175694004024
0.596472938356348,"Delta",-0.330061061581357
-1.6285931962367,"Delta",-1.1539268898198
0.301719555487861,"Delta",0.181027819199361
0.802850205002551,"Delta",0.193668104233257
0.657195670612545,"Delta",0.803895009155213
-1.46637534875987,"Delta",-1.08113053110515
0.271636298319643,"Delta",0.242757657960666
1.30019641032653,"Delta",1.28821351536682
-0.718258457987831,"Delta",-0.736524446776469
-0.973340898903718,"Delta",-0.655446429126649
0.164959984678311,"Delta",0.232237163324121
-1.06456933993664,"Delta",-1.01641662779967
-1.08816160429712,"Delta",-0.831839726275718
1.62258910858607,"Delta",2.0291410946248
-0.144926033940217,"Delta",-0.359637472225028
1.2234118037768,"Delta",1.98555443145073
0.190208702249106,"Delta",-0.318337481998411
1.21643569535631,"Delta",1.60542758363415
0.0248758580061287,"Delta",0.0538483296851375
-0.1838527016675,"Delta",-0.0205139545392686
1.1938391885675,"Delta",0.850274992142453
-0.296725388874867,"Delta",-0.241458636534661
-1.18358372201331,"Delta",-0.786582812493821
1.83264425639806,"Delta",2.50450329062603
0.817032839253745,"Delta",1.13262276432543
1.25714273364098,"Delta",1.52440879951172
0.907795500280897,"Delta",1.30542773759555
-0.0896977281748433,"Delta",-0.147626718945612
-0.301143387346034,"Delta",-0.600791212689836
0.245135048183529,"Delta",-0.025473064932148
-2.00039770119516,"Delta",-1.16707061573555
-1.32836319563933,"Delta",-1.00832922239495
0.31059157312618,"Delta",-0.457272501716066
2.0769516187325,"Delta",3.23145604660317
-0.582573175905444,"Delta",-0.444163843126404
1.2907153667939,"Delta",1.62425710646236
-0.148833184659728,"Delta",-0.310627299804725
1.23600998896249,"Delta",1.37833700525853
-1.01102082499977,"Delta",-0.984645111993488
0.192879741063918,"Delta",0.340218532524711
-0.523785951859653,"Delta",-0.558210863945446
-0.170634618269712,"Delta",-0.675137565123857
1.11033593519659,"Delta",1.41344251751247
-0.732752129144871,"Delta",-0.547888676714573
-0.770274198206726,"Delta",-0.911735170875972
1.19343296650581,"Delta",1.14864763491492
-0.241528314810887,"Delta",-0.584667860621098
0.945580282156377,"Delta",0.483911848639726
-0.0609190657973184,"Delta",-0.584348946253749
0.053903141591635,"Delta",0.0903408506417013
0.700021559793657,"Delta",0.611661778161844
-0.383627314407932,"Delta",-0.666538207064824
-0.103597733480382,"Delta",-0.337307545574139
-0.008233200636447,"Delta",0.245050597507299
-0.323394145507163,"Delta",-0.820603830133324
0.837923862004301,"Delta",1.07453894099805
0.752215920236707,"Delta",0.293395776109164
0.713344798453862,"Delta",0.577246739426285
1.94777323762942,"Delta",2.45552639581285
-2.51841376852384,"Delta",-1.20208799566121
-0.516403718673327,"Delta",-0.542782763799205
1.11584761616059,"Delta",0.976289238848915
-0.24003903599531,"Delta",-0.134979019047413
1.85187575960085,"Delta",2.31186371795883
-1.15169578032354,"Delta",-0.75488054471519
0.0843847082883946,"Delta",-0.477663947488616
0.208038862333926,"Delta",0.40908407544653
0.388084925561727,"Delta",-0.0802151746306037
1.93824793743776,"Delta",2.16265448758775
0.327983775640724,"Delta",0.256322837052228
-1.00616175667565,"Delta",-1.02135299869643
1.05388731636802,"Delta",0.993944431168981
0.0700486886613104,"Delta",-0.388377508564524
-0.143057349440234,"Delta",-0.115368002507802
-1.38785573287711,"Delta",-1.02085800854362
-0.660710307063772,"Delta",-0.649472331586595
0.788221911694169,"Delta",0.915323730928592
-1.0627535375078,"Delta",-0.76248673240638
-0.218972070650553,"Delta",-0.46375546386445
0.795676533822801,"Delta",1.105471654406
-0.216852914254429,"Delta",-0.309366426640592
-1.54161370493386,"Delta",-1.1045199546414
-0.420345579562432,"Delta",-0.627051215486076
-0.888831107481066,"Delta",-0.921963127055125
-2.01201093332134,"Delta",-1.34464444148741
-0.868101945589213,"Delta",-0.878485535042759
0.6068430399289,"Delta",1.05858342869403
-0.452656873661951,"Delta",-0.544603419668269
0.400231867747463,"Delta",0.560616056659661
-0.0298513301613973,"Delta",-0.117932572299557
-0.750834195642409,"Delta",-0.950620999020207
0.0547479371024085,"Delta",-0.428717468282671
-0.104356898353592,"Delta",-0.09802200163608
0.501830817409398,"Delta",-0.253596517343127
-0.00390929069965918,"Delta",-0.0044035434287856
-1.43242839705972,"Delta",-1.09323673474755
1.18060214367143,"Delta",1.71731797891919
-0.807015682397873,"Delta",-0.769244425317622
0.328069180874033,"Delta",0.497084493454585
0.809812074732058,"Delta",0.2635082105431
-1.34952671431748,"Delta",-1.09075445204412
0.919359323257227,"Delta",1.08226181537498
-0.175879276046557,"Delta",-0.471546663471044
1.02791374573523,"Delta",1.05246608075374
0.478538974689222,"Delta",-0.157473283026932
1.46252237554727,"Delta",0.198231018672217
-0.917653953902917,"Delta",-0.978391215083874
-0.822237982975299,"Delta",-0.76437519337388
0.637261030453167,"Delta",0.434345273722883
1.47984049696078,"Delta",2.02639089611787
-0.329821659973476,"Delta",-0.497461195535902
0.190773948391305,"Delta",-0.107895838834097
0.811699712911856,"Delta",0.845237055901935
-0.294130385563011,"Delta",-0.235298748104298
-0.0403852482672984,"Delta",-0.0565130999867362
-0.313282404061956,"Delta",-0.026135674174364
-0.408301949232953,"Delta",-0.928909454803316
-0.477311352612387,"Delta",-0.424215471631486
-1.3522695993994,"Delta",-1.10412765826547
1.41194269045079,"Delta",2.11316846697572
0.718122697538048,"Delta",1.4802161850074
0.0705068953487314,"Delta",0.0272483046506941
2.02840230333842,"Delta",2.2492436699426
1.12956667880004,"Delta",1.33332831961947
1.89007022984665,"Delta",1.92959143021704
-0.339293263225636,"Delta",-0.605316015385427
1.77573276432638,"Delta",2.74646249216436
-0.140566316642198,"Delta",-0.0220255568137931
0.0440376361487342,"Delta",-0.0475275571419581
-0.154707973692315,"Delta",-0.333165313273805
-1.19373180000617,"Delta",-0.901724633843665
0.364253846641775,"Delta",-0.50613355177192
0.331622867478547,"Delta",0.213949614572699
0.988469858971379,"Delta",1.1015049093612
-0.519066218687019,"Delta",-0.401599087256718
1.33534853579952,"Delta",1.29307547545368
1.27203400056149,"Delta",2.01630989062081
-1.29692337962151,"Delta",-1.06476027354777
0.252648623764387,"Delta",0.19430868067376
-0.52886749960043,"Delta",-0.193251373695165
0.637851875789653,"Delta",0.647473467335469
1.1143937401448,"Delta",1.55079499001268
-0.570649670867793,"Delta",-0.698651773887703
0.953271162659132,"Delta",0.993108662912501
-0.564652157529842,"Delta",-0.45269253922591
-0.637834045180064,"Delta",-0.538199257799756
-1.4671798368706,"Delta",-1.16167800294366
1.10478179845954,"Delta",0.996136669192588
-0.534892368466939,"Delta",-0.451250839877848
-0.199081374569709,"Delta",-0.391910574704685
-1.11923451545837,"Delta",-0.957631028079965
0.654212270691942,"Delta",1.0231515963148
-0.675287069966402,"Delta",-0.640419524221115
-0.345446100354205,"Delta",-0.476120804714137
0.424374521121742,"Delta",0.43331487343905
2.01115737425741,"Delta",2.7443724024453
0.0674846162106502,"Delta",-0.072184825446192
0.232296215982536,"Delta",0.353592425473538
-0.812932519816569,"Delta",-0.828522096770383
-0.763164909693084,"Delta",-0.738783982591734
-0.699114124445773,"Delta",-0.679837922212442
1.5594313944975,"Delta",1.98857611806103
-0.0295381025431409,"Delta",-0.169964102965885
-1.03891921648398,"Delta",-0.907874650661625
-0.412165775008385,"Delta",-0.403244030181445
1.09312092296084,"Delta",0.556694038958893
1.3566758373593,"Delta",0.806343874238013
0.78130537308995,"Delta",0.688628050190965
2.0383781109349,"Delta",3.30938365213885
-0.32694456746419,"Delta",-0.843841185031881
2.3795613502789,"Delta",3.32107517247224
-1.00957674722594,"Delta",-0.865909422028386
0.954162048892964,"Delta",0.106226234894178
0.465222588694554,"Delta",-0.231928226910451
0.670676110829371,"Delta",0.830547374037574
0.935939382473599,"Delta",0.51145666267118
0.0225497970833668,"Delta",-0.45139335736283
-0.160066492989867,"Delta",-0.184299897997036
-1.93385740813435,"Delta",-1.39276155881353
0.978662893915321,"Delta",0.675344874032832
1.17965647296356,"Delta",1.72315748401953
0.119775777299978,"Delta",0.257447185173422
-0.882082971839102,"Delta",-0.76304962362919
-0.468068809604575,"Delta",-0.454591673209826
-1.09756461653933,"Delta",-0.800275858906777
-1.16363488185288,"Delta",-1.04252565351809
0.983449238570225,"Delta",0.945406163799788
0.390779880051604,"Delta",0.22236068997727
0.587234932985711,"Delta",0.412892856450427
1.04981007157035,"Delta",0.892440827965855
1.74009871078653,"Delta",1.95801288867335
1.72667589800663,"Delta",2.25713277765636
1.20481563383982,"Delta",1.36522454948834
-0.516860260132896,"Delta",-0.438930586882925
0.757137021615196,"Delta",0.478818709415809
0.459739182461866,"Delta",0.345042498311037
0.576448567351156,"Delta",0.540724069512922
-1.50044572331586,"Delta",-1.10973095214078
0.379799441985835,"Delta",0.0429912821325315
0.7886854398774,"Delta",0.983939368104618
1.15581350126895,"Delta",1.53715455939189
-1.83098578180959,"Delta",-1.26077810250539
1.42841832567459,"Delta",1.19374937202866
0.995677412337722,"Delta",0.860475920518352
0.299650990857483,"Delta",-0.183818945377277
0.345858865804745,"Delta",0.371374222889309
0.118119137810273,"Delta",-0.251753636322932
-1.11972145557194,"Delta",-0.986092388274059
1.4153256347736,"Delta",2.04347847872163
-0.562631683655206,"Delta",-0.813655393771707
1.27341208763121,"Delta",1.01506116557984
0.147450649514856,"Delta",0.191135124217902
-1.18886085667267,"Delta",-1.08210995782878
1.12650466451115,"Delta",0.943021289579956
1.67845666382676,"Delta",2.39575743144692
1.66634911158928,"Delta",1.84161983247236
-0.0429176372538105,"Delta",-0.111120737227897
-0.906774312904057,"Delta",-0.982655962754571
0.348859105042546,"Delta",-0.082291916576025
-0.34545731787651,"Delta",-0.254502867203354
1.13670993033398,"Delta",1.40506302386756
-0.44515117840375,"Delta",-0.764973828322109
-0.938250965626533,"Delta",-0.94458790971278
-0.0317175045023226,"Delta",-0.513257057591302
0.579625974858359,"Delta",0.397199968682957
-1.31620002558007,"Delta",-1.08277370314982
0.621856335916364,"Delta",0.177280275214097
-0.394377061795975,"Delta",-0.675231863215762
0.0701888579214047,"Delta",-0.0725497877168424
0.277878291176351,"Delta",-0.279101693521652
0.00991066349398961,"Delta",-0.500683084331408
0.137659581137418,"Delta",0.401609510787055
-0.304236570593131,"Delta",-0.144185754990798
0.380759882696116,"Delta",0.054163917331621
-0.545855434244206,"Delta",-0.416563888761246
-1.85911870152352,"Delta",-1.19677024875582
0.933939535524498,"Delta",1.1573494787064
-1.00806315225787,"Delta",-0.820807412034755
-0.325374606368251,"Delta",-0.184998286336952
1.05277171423454,"Delta",0.806054864122781
-1.04855283534649,"Delta",-0.97154411726073
-2.2264081098082,"Delta",-1.38520259320387
0.745222798740508,"Delta",-0.106750937155955
-0.885970297172784,"Delta",-0.734111904420834
0.574624369458403,"Delta",-0.0174351648584283
0.432464973869866,"Delta",0.273857162226902
1.70470317334583,"Delta",2.18983694703763
0.422518260863796,"Delta",0.367222827969549
-1.01238370438524,"Delta",-0.624376626904714
1.1911804941766,"Delta",1.51436302924428
-0.493419075764764,"Delta",-0.862196999974689
-0.520299804712529,"Delta",-0.864523974711589
-0.717340369750179,"Delta",-0.823357410326146
0.0849925480363884,"Delta",-0.300062676584174
-0.0978928411568271,"Delta",-0.0891757003547986
-0.337818417202358,"Delta",0.123793454879324
-0.223775717689208,"Delta",0.0415699028702435
-0.674257314129137,"Delta",-0.710191318442972
-0.608417010671751,"Delta",-0.901412683887758
1.32232240328268,"Delta",2.04078569788758
-1.69606758814016,"Delta",-1.15364165128393
-0.897121683626532,"Delta",-0.659266046873319
-0.856704305484599,"Delta",-0.96966580489313
-0.618396877842435,"Delta",-0.692391719937809
0.846697303922077,"Delta",1.38495132158163
1.58993794370253,"Delta",1.6632423829951
0.678695580938909,"Delta",0.865352556156567
0.533299277710076,"Delta",0.51627691710208
-0.199236507544926,"Delta",-0.494906430275384
1.33021921574474,"Delta",1.72402275596865
-0.852510340374569,"Delta",-0.764899715110923
0.0802431200364183,"Delta",-0.133480330188646
0.0754106875521978,"Delta",-0.166370313643544
-0.501141733182749,"Delta",-0.748375064141108
0.206511632003331,"Delta",0.0931178720691844
0.535763081026802,"Delta",0.355498610157278
0.0331887170033867,"Delta",-0.0549270220594527
1.01833009450784,"Delta",1.11662489635775
-1.70515448719745,"Delta",-1.19849930580763
0.473501936742987,"Delta",0.0119375616579906
0.0672227500597351,"Delta",-0.542243530774486
0.198596395794496,"Delta",0.164434714728775
-0.327077293338932,"Delta",-0.304428421588229
1.05661432241477,"Delta",1.26551387333868
0.959718783340906,"Delta",1.17588917717993
0.778405800361011,"Delta",0.895149333933996
-0.102922783361944,"Delta",-0.108553998295578
0.337839843541365,"Delta",0.341865517821342
0.383992237952805,"Delta",0.26660402754034
-1.62034796794441,"Delta",-1.14566396704203
0.917382450545389,"Delta",0.866214850433624
-1.762931828852,"Delta",-1.26983292613351
0.641397617035276,"Delta",0.611358812387887
-0.261512612916296,"Delta",-0.304223565506637
0.605171749968981,"Delta",0.713770581882201
0.600216310303128,"Delta",0.549248022271384
0.953613894306711,"Delta",1.05966562872528
-0.122688727044967,"Delta",-0.536209748890377
-0.947305189376282,"Delta",-1.02220549684331
-0.300923577803789,"Delta",-0.233825577713863
-0.270319290092613,"Delta",-0.366833751603167
-0.391700209088248,"Delta",-0.685760001908832
1.12449809321829,"Delta",1.16049174383201
-0.143907131926385,"Delta",-0.765300124067459
-0.125306771863473,"Delta",-0.77657591703196
0.242719081532357,"Delta",-0.195504175467383
0.944474576830407,"Delta",1.30194526765029
0.435070209863289,"Delta",0.166658798044114
0.168154152384443,"Delta",-0.223005142332382
1.09115663119759,"Delta",1.37526785234162
1.34199191193454,"Delta",1.96935004963722
-1.65485291992466,"Delta",-1.11473404201481
0.713189076846092,"Delta",-0.135198598398937
-0.506658569421438,"Delta",-0.51387243181794
-0.585699102298359,"Delta",-0.64755695387036
-0.335154000314674,"Delta",-0.604701817303342
0.26054226963965,"Delta",-0.233930771719513
-0.329827004966125,"Delta",-0.208304143850249
-0.0161522088251799,"Delta",-0.0297969262267656
-0.0864864452124443,"Delta",-0.445740801817019
-0.114408465625857,"Delta",-0.369908120251077
0.934170588205364,"Delta",1.00245231026483
0.169726888442999,"Delta",-0.401418303607176
0.409018865658909,"Delta",0.326407160296319
0.632138405992442,"Delta",0.586206166495556
-0.315890439971756,"Delta",-0.676124204356712
0.876615938248352,"Delta",0.473033802906181
1.27613916885942,"Delta",1.87119779184867
1.84174652781883,"Delta",2.16095770969632
0.141946346235404,"Delta",0.234227086911906
-0.0525934574896601,"Delta",-0.184793668290741
0.109514094514692,"Delta",-0.48136530576707
0.485887282333298,"Delta",0.385388677413949
0.092125612760356,"Delta",-0.185660770139209
-0.171805733362731,"Delta",-0.656853013113282
0.619659503936854,"Delta",0.0701816426998937
0.996110761535856,"Delta",0.99468562140538
-0.481157360425147,"Delta",-0.36914301032099
0.431887076063827,"Delta",0.439353426032837
-0.611631929627243,"Delta",-0.515727123437378
0.412209966309351,"Delta",-0.115503683791012
-0.753582289876362,"Delta",-0.547754899226099
1.16212769980564,"Delta",1.13249203292142
-0.113395649246357,"Delta",-0.290722221827025
0.550307888940176,"Delta",0.69724380658433
-0.634094013013973,"Delta",-0.613560196892028
1.06032942019534,"Delta",1.49929395246098
-1.76198139978968,"Delta",-1.23861080946637
0.206228774213279,"Delta",-0.00531457031636187
-1.24281556498583,"Delta",-0.996574651161747
-0.302397961761135,"Delta",-0.762901228081381
0.531088301199936,"Delta",0.719571222235595
0.309240822770482,"Delta",0.436034026419659
0.19041190471826,"Delta",-0.477852016762301
0.675939720750829,"Delta",-0.0352470033576874
0.537238739915322,"Delta",0.268363952014902
1.63259624429719,"Delta",2.3234649529637
-0.838850533112316,"Delta",-0.436150940363353
-1.13200595365492,"Delta",-1.01804327227631
0.779959764278187,"Delta",1.02904416235246
0.0138745538020076,"Delta",-0.296154820776625
0.334865450131161,"Delta",0.268884805456561
0.507594711428437,"Delta",0.58163202913112
0.842360317572538,"Delta",0.49686412563988
1.53926703522114,"Delta",1.95461861830885
-0.124342608765689,"Delta",-0.342610084904829
1.47162592473627,"Delta",1.72737565396082
0.820855825357644,"Delta",0.508703653891949
-1.99747759098986,"Delta",-1.24118901014249
-0.687259838742508,"Delta",-0.940924145169371
1.03262576746777,"Delta",1.18357230924553
0.580120971407608,"Delta",0.550305375038211
1.02940209158372,"Delta",1.27333368175967
-0.283960258913198,"Delta",-0.366072926966419
2.08512446953033,"Delta",2.77830906637451
-0.166839576605489,"Delta",-0.289825842073506
-0.475809170386803,"Delta",-0.529476438828789
0.594404713415982,"Delta",0.66099429049879
1.40159060956205,"Delta",1.72843247518603
0.880232943038276,"Delta",0.514910647556673
1.48563605262125,"Delta",1.5625738301941
-0.00397711438491369,"Delta",-0.013208096732649
-0.0439225096579048,"Delta",0.0781997820746965
-1.39777120820045,"Delta",-1.07901944567021
-0.0972978499388608,"Delta",-0.630700890483809
-0.204319646045089,"Delta",-0.255307690621109
0.622127315377336,"Delta",0.244391798751334
0.649048290874612,"Delta",0.980213138176273
-0.209507386498542,"Delta",-0.146084614616644
0.188855817632584,"Delta",0.121228936294065
-0.420235819844056,"Delta",-0.466007058638004
0.010897448168394,"Delta",-0.471030562597311
-1.49383075243006,"Delta",-1.17760033188777
-0.959687155504784,"Delta",-1.00254174519127
-0.390436018845034,"Delta",-0.86433148083152
-0.713865547597943,"Delta",-0.586616177887161
0.71097376567648,"Delta",0.568108313603344
0.197091149545972,"Delta",0.0195806377021213
0.279649269191224,"Delta",0.409463659779601
-0.241628559144097,"Delta",-0.583518257788599
-0.196602668218722,"Delta",-0.0143016281021159
0.489564544679627,"Delta",0.155614297164065
-0.911447777439185,"Delta",-0.996933487984748
0.19954202937505,"Delta",0.0543222147901307
1.8286650238644,"Delta",2.88198157179527
-0.222547715816399,"Delta",-0.291296254623164
0.142489421028977,"Delta",0.49233141134417
0.275786107423004,"Delta",0.758643085181952
-0.543548657376791,"Delta",-0.487434273556253
-0.436955765763672,"Delta",-0.162145976648226
-0.662056514416291,"Delta",-0.843372165109776
-0.171237417113414,"Delta",-0.098176603264345
-1.26373173978731,"Delta",-0.875351620311816
0.357157364446121,"Delta",0.152483357108421
-0.435617953215661,"Delta",-0.380517970123066
-2.14523871320446,"Delta",-1.19166675033112
-1.34294848966004,"Delta",-1.00656040377028
0.238743152644929,"Delta",0.071562825016541
0.663660953418063,"Delta",0.198733855541546
-0.46402471049871,"Delta",-0.745497797321418
-0.458211766959683,"Delta",-0.392220678752404
-0.0357964916962566,"Delta",-0.213172816436896
0.310659695193613,"Delta",-0.163907321976031
0.230181658549049,"Delta",0.403648630720622
0.426719696554743,"Delta",0.269964310722396
0.614839594504526,"Delta",0.763998947727973
1.60572208852077,"Delta",1.04363554886401
-0.129527009370926,"Delta",-0.0377812904029791
0.059226199569892,"Delta",0.340586962437322
0.0916861191247366,"Delta",-0.156802152398244
1.5785442585487,"Delta",1.70961449987339
0.831568335460497,"Delta",0.498453236755607
0.989711232134976,"Delta",1.56626212398788
-0.547068690166053,"Delta",-0.646321239401377
0.256660762752527,"Delta",0.0434248730775815
-1.27870572458015,"Delta",-0.986370848048126
-0.597088166875961,"Delta",-0.676482838708512
-1.53461422086773,"Delta",-1.08105341861715
0.64770026571448,"Delta",0.42209035624846
-0.194312637662973,"Delta",-0.241782909994881
0.0163614573297029,"Delta",-0.583015235209546
0.144443860795074,"Delta",0.105419693617019
0.630266201361101,"Delta",0.426060301350772
0.706906396293079,"Delta",0.328287297602409
-0.334026226983322,"Delta",-0.412380531349649
-0.782696017147338,"Delta",-0.934756999841547
-1.38755556239354,"Delta",-1.02360337344805
0.978638430618376,"Delta",1.22279076099161
-0.477177688205608,"Delta",-0.654039669172351
-0.921560436429465,"Delta",-0.973952642160774
0.740566576426565,"Delta",0.477402370531454
-0.364706405467498,"Delta",-0.153211798905306
0.397900338073279,"Delta",0.0538419712722757
-1.48172217382744,"Delta",-1.09152009754008
0.438085838667423,"Delta",-0.44149551917588
0.109694760851716,"Delta",-0.405868477292774
0.0616018261281982,"Delta",-0.466158170186467
-2.1563170616191,"Delta",-1.33312819021389
-0.307555470536541,"Delta",-0.874434546464847
0.3942032869341,"Delta",1.1146813774344
0.609327685536332,"Delta",0.382811080848929
1.75064338366898,"Delta",1.91913821683811
-1.24158342731739,"Delta",-0.897834783062519
-0.700090771578523,"Delta",-0.748754883396131
0.591066847199747,"Delta",0.756690203203886
1.47058411131939,"Delta",1.85356512753298
0.293028821560263,"Delta",-0.366993662793171
1.02019476212308,"Delta",1.01949469234063
-1.0558979215845,"Delta",-0.98189177239076
-1.52139552272922,"Delta",-1.0414025674949
0.158452903718776,"Delta",0.328149354104347
-0.718538813671589,"Delta",-0.853329870835595
0.895877769707799,"Delta",0.197801441917777
1.01129931084909,"Delta",1.291292426941
0.418633227534558,"Delta",0.0879710844451212
1.43811916915857,"Delta",1.48199610336841
0.679239530923482,"Delta",0.785984496060133
-0.250324762358975,"Delta",0.039166971988907
0.271412029477959,"Delta",-0.121558171559151
0.519321627429943,"Delta",0.767136346578659
-0.880738626013147,"Delta",-0.574484193593963
-1.82461623157462,"Delta",-1.18271143534001
0.950616058105276,"Delta",0.789847601751367
0.992715358897067,"Delta",0.700352801823371
0.499291552373523,"Delta",0.0585898636271993
0.696427661680017,"Delta",0.434178519247752
-0.510285307034174,"Delta",-0.0897510680387715
0.0452385351644174,"Delta",-0.0758361497221662
-0.291052569414804,"Delta",-0.275306766998097
0.648308237779904,"Delta",0.635446842685136
1.26702024083791,"Delta",0.980520035488889
0.203374943511287,"Delta",0.43754690455578
-0.383291354528758,"Delta",-0.487596898550423
0.716253565342213,"Delta",0.567426922603249
-0.852044134195768,"Delta",-0.686899114347434
-1.34697951848032,"Delta",-0.972083075818531
0.469807631082277,"Delta",0.0058402942130376
1.14273110277427,"Delta",1.69160346496788
-0.518794937977279,"Delta",-0.480954333916888
0.123793623522683,"Delta",-0.0674249950116999
-0.844166033928174,"Delta",-0.734309902855972
-1.29628765996642,"Delta",-0.889799066591904
-0.23685085594431,"Delta",-0.591323748811481
0.00987727089802227,"Delta",-0.0412811470605189
0.110850014824011,"Delta",-0.345247637616306
0.20621958306985,"Delta",-0.00239059739524664
1.08403177599516,"Delta",1.27571483777467
0.118988927986703,"Delta",-0.0596049841574326
0.529253148724691,"Delta",0.456415893846398
-0.459065100227202,"Delta",-0.481143771469702
-0.284711344803387,"Delta",-0.309600326965233
0.758679745924797,"Delta",0.488686324215085
0.817387524506046,"Delta",0.339369616785162
0.148167798391974,"Delta",0.0989419745637856
1.49082059047582,"Delta",2.13103221607234
-0.76319801125823,"Delta",-0.601977840538728
-0.820170780949464,"Delta",-0.816754333672263
-0.259814428626064,"Delta",-0.240996096262586
0.0657887868735817,"Delta",0.14160530486498
-1.77846515681464,"Delta",-1.06188767016228
-1.16917002610573,"Delta",-0.941443385236503
-0.458808230726669,"Delta",-0.377321956884391
1.97672182441451,"Delta",3.26768972668354
1.04052975803445,"Delta",0.981709644389918
1.56731718305094,"Delta",1.99593933349383
-0.392415362051139,"Delta",-0.88082773816424
-0.017647636686064,"Delta",0.0743485270990004
2.01679257970629,"Delta",2.16940917802676
-0.0810630771769991,"Delta",-0.251170929710163
0.417710300263053,"Delta",-0.0165528860328632
-0.200739498017017,"Delta",0.103127352089398
0.0723550265446647,"Delta",-0.401641270374265
-0.119206617142143,"Delta",-0.690896960594689
0.180998645992501,"Delta",0.0119864088272767
-0.108519246200464,"Delta",-0.237417866322942
0.826742812516708,"Delta",0.119648633060151
-2.36208087276643,"Delta",-1.37349490774917
0.752033234111321,"Delta",0.6118134135805
0.225617927540029,"Delta",-0.238078134664969
-1.87029846510706,"Delta",-1.05525699558172
0.00399272701425271,"Delta",-0.43979356370603
-1.47483038787021,"Delta",-0.995920713501986
1.93189150174885,"Delta",2.15270430889177
-0.0491704936765059,"Delta",-0.315221217664331
1.15877117432783,"Delta",1.25364227608981
1.57044806579807,"Delta",1.95871905787161
-0.177644819140232,"Delta",-0.40646823935535
1.53122925788106,"Delta",1.34501809154612
0.344181451843009,"Delta",0.0253911560355624
0.151130324746159,"Delta",0.0641734652164261
0.427900499413668,"Delta",0.0330571212223403
-1.29812553665949,"Delta",-0.812500306354848
-0.0939950410502403,"Delta",-0.61189123033907
0.45385718869297,"Delta",-0.0541423883575748
0.097930985240081,"Delta",-0.0933245835915144
-0.427106661212345,"Delta",-0.343357031539571
-0.385651005363476,"Delta",-0.636553244735112
1.96763473047809,"Delta",2.66036800084801
-0.0839156563586544,"Delta",-0.0725012099904729
-1.48530389155192,"Delta",-1.10398237242025
-0.922107978381789,"Delta",-0.960224958916465
-0.0537652760205106,"Delta",-0.355410085333632
0.731508018010787,"Delta",0.643870616843671
-0.334795197566126,"Delta",-0.572424399002899
0.79277060787575,"Delta",0.0773271378438379
-0.255807114166376,"Delta",-0.350546824506559
1.16512049640188,"Delta",1.51485907169129
0.597291364493806,"Delta",0.367059771483144
1.26728380736641,"Delta",0.567997829883688
0.158705060863244,"Delta",-0.478912936696004
-0.448424994737432,"Delta",-0.520167498426952
0.290398731911098,"Delta",0.15946269294692
-0.269809386972405,"Delta",-0.339191838591774
-0.304357670291361,"Delta",-0.352693639793143
0.151405641912166,"Delta",0.434501444885786
1.60648167219581,"Delta",1.62201161457454
0.623353078897929,"Delta",0.887976820930393
0.947455386798767,"Delta",1.17621328321264
-0.309526558249126,"Delta",-0.0508118384020815
2.06472683543609,"Delta",2.15051491566114
0.239232534239979,"Delta",0.39768409272727
0.471552904848953,"Delta",0.601758647247973
0.205811691097737,"Delta",0.248122534675751
0.0513260189014559,"Delta",-0.20100840001657
-0.771184666445798,"Delta",-0.881067737888727
-0.54518208252071,"Delta",-0.90478758423831
0.811652140658442,"Delta",0.900572174571012
0.187229195119792,"Delta",0.264369339709736
-0.535463315441409,"Delta",-0.780740716997665
-0.410580940944962,"Delta",-0.17126393301233
-0.0514787605421238,"Delta",-0.307057517699948
-0.61546180254095,"Delta",-0.659577827964131
0.728119112062782,"Delta",0.880577474561024
0.516643192149299,"Delta",0.049018032015448
-1.58471665113854,"Delta",-1.11423085444299
-1.44191717609677,"Delta",-1.0533632435043
0.0237406275684708,"Delta",-0.365836220791454
-1.26002176547423,"Delta",-1.08842401667762
0.582735625634135,"Delta",0.466743290719289
0.258694334115903,"Delta",0.258418797805166
0.18322661941409,"Delta",-0.118126129601869
-1.2943941999865,"Delta",-1.03538417023925
-0.242851294660276,"Delta",-0.203726239990682
0.752878856727047,"Delta",1.20559036550179
-1.19411993588883,"Delta",-0.906634161689006
-0.441923728709878,"Delta",-0.532007821760154
1.56363617061115,"Delta",2.68864827958522
-0.0773522624865741,"Delta",-0.168120671660393
1.89295715387845,"Delta",2.98215595406732
-2.69299165238776,"Delta",-1.23917497977221
-0.434957687467603,"Delta",-0.513841752597265
-0.0096238084950701,"Delta",-0.033546697910106
0.0510625353303605,"Delta",0.0534095398330483
-1.70842252164118,"Delta",-1.09437197492503
-1.68218271473614,"Delta",-1.25134967395378
0.268707711484669,"Delta",0.267064563625215
-0.419109899065863,"Delta",-0.777106959284392
0.629736184381666,"Delta",0.837382589705727
0.786015651078309,"Delta",-0.126818127282971
0.842163965215036,"Delta",0.39666654355157
-0.507298045631471,"Delta",-0.57568077002805
0.777916335520616,"Delta",0.64146625542331
0.381582140195984,"Delta",0.507001945892919
-1.65502958510113,"Delta",-1.0830413687308
1.25459218229494,"Delta",1.47865012591736
0.483412332803064,"Delta",0.669726443326577
1.29948764488386,"Delta",1.16389491443287
-1.82411667286726,"Delta",-1.23571087350405
-1.07478749266496,"Delta",-0.863021811134367
0.813048502143287,"Delta",0.921174228113693
-1.13151279441712,"Delta",-0.991085202691275
-0.572110460795986,"Delta",-0.942068219395361
1.06224125545418,"Delta",1.41691434918955
-0.72238852097589,"Delta",-0.77065839457276
-1.49640178529505,"Delta",-1.12750775842513
0.986489052198982,"Delta",0.441242930260883
0.775721872079968,"Delta",0.882931211384165
1.41349199619072,"Delta",1.80877506348194
1.21953419597115,"Delta",1.61512518106091
-1.2229897735342,"Delta",-0.981502625633727
0.8479609155848,"Delta",0.79274945548089
0.720282084167874,"Delta",1.06729490998256
-0.0974914560630208,"Delta",-0.294668908105315
-0.771163960157568,"Delta",-0.962432424642652
1.84735360233018,"Delta",2.72544766007855
1.15251810676782,"Delta",1.18307208129647
-0.215395971133445,"Delta",-0.484436132041981
-1.95899806427375,"Delta",-1.2264171740418
1.13653832155719,"Delta",1.43074594602651
-0.139273473707438,"Delta",-0.0427301897350146
-0.975962307484316,"Delta",-0.799791626936235
-0.800070452185247,"Delta",-0.964278879264054
0.0582726849978877,"Delta",-0.0940065930083075
0.346368406524401,"Delta",0.186920148215449
-0.703840130739975,"Delta",-0.648603348918264
0.132397481310947,"Delta",0.0209494920770413
0.137535079581368,"Delta",-0.00786329140911237
-1.36104797887216,"Delta",-1.02622861012354
1.19254778651607,"Delta",1.67559981158108
0.535447309110796,"Delta",0.0455363744191366
-0.273678387127696,"Delta",-0.625472194170681
0.353020385976286,"Delta",-0.421091275512239
-1.5480947298797,"Delta",-1.19500422749934
1.56281020521221,"Delta",1.44763455081283
1.78173437326839,"Delta",2.2122716164467
-2.28484863765097,"Delta",-1.36221876873996
-1.06393664574179,"Delta",-0.919486136634189
0.773752161674889,"Delta",0.614087153553285
-1.02872775239285,"Delta",-0.962837904506499
1.157036857233,"Delta",0.586106864391917
0.863421768886946,"Delta",0.81897782805894
0.714638846560223,"Delta",0.703179015966407
-0.000732297919540081,"Delta",0.0806872783955018
-0.447596227413203,"Delta",-0.55357464889281
-0.362383222742411,"Delta",-0.724370015067696
0.89865504236351,"Delta",1.5016820179001
-1.52943757793999,"Delta",-1.16846838227805
2.18999940847165,"Delta",3.74851241620427
-0.608956153970594,"Delta",-0.871908515749812
0.514544615658813,"Delta",0.219089762306267
0.34205067133859,"Delta",0.221939888344047
0.307481210789252,"Delta",0.613718736274924
0.83439845643348,"Delta",0.781206355958147
2.14948157681861,"Delta",3.40920964928635
0.613985517451164,"Delta",0.954536189291519
-0.653324600261455,"Delta",-0.709480034503745
-0.0420002491192136,"Delta",-0.0720503941278919
0.27854223808452,"Delta",-0.153353477964491
1.08604848448564,"Delta",0.127841315432813
0.453912888590926,"Delta",-0.13573624476356
0.516355500616014,"Delta",0.955301930576542
-0.539730684291631,"Delta",-0.531695139346097
0.111128422136039,"Delta",0.152570486571626
-0.2810976096132,"Delta",-0.177320126284971
-0.664662154149946,"Delta",-0.737358834063854
1.11055305810791,"Delta",1.20220130309835
-0.0534119963653248,"Delta",-0.521404831591406
-1.08033274708542,"Delta",-0.989332306557333
-2.18637652946627,"Delta",-1.30084513656503
0.164931561083996,"Delta",-0.013058876190188
1.18605094447547,"Delta",1.20831147419875
0.818276269250578,"Delta",0.574738815750489
0.356275283201931,"Delta",0.412395000319924
0.424591726437741,"Delta",0.204373432352042
1.41878696784794,"Delta",0.852069287081622
0.925099082339222,"Delta",1.76201410834511
0.54519476060905,"Delta",0.991291235623613
0.435041512940969,"Delta",0.069648639714382
0.924588012344855,"Delta",0.832261394398834
0.0739827478565223,"Delta",-0.135104676558099
-0.478013690404599,"Delta",-0.468257271356744
-0.758012034605078,"Delta",-0.773420444651303
-1.49420120472234,"Delta",-1.02313981323106
0.113276236142981,"Delta",0.348417367218285
-0.495863376615139,"Delta",-0.599186443859492
1.00264795869433,"Delta",0.81473651093908
-0.515089846590906,"Delta",-0.869739243791067
0.806971202468025,"Delta",0.947005457602563
1.89251139766497,"Delta",2.86967359562456
-2.2704668518518,"Delta",-1.33691248425959
0.181339596239675,"Delta",0.0682140064034057
-0.726092388652726,"Delta",-0.642607840973126
0.237925860853545,"Delta",-0.256647948986078
-0.859829652663916,"Delta",-0.981918608590024
0.614954634996138,"Delta",-0.085765859169165
-0.423815715572869,"Delta",-0.379813720842984
0.309070094331526,"Delta",-0.380405675010738
-0.40743648903478,"Delta",-0.726247242789665
-0.715024612705263,"Delta",-0.60620767277527
-0.775596477897,"Delta",-0.305080275293329
0.520265070416383,"Delta",0.760562101678114
-0.843626825577154,"Delta",-0.687681056671663
-0.339495646273297,"Delta",-0.330492654742399
1.44528342286369,"Delta",2.10676552939747
-0.273134765741186,"Delta",-0.507609494233576
-1.40330541644153,"Delta",-1.12390385776341
-0.830855101870733,"Delta",-0.66797370637197
0.899325585093284,"Delta",1.11442178066503
-0.910842459682942,"Delta",-0.732907477959955
-0.0708359240783816,"Delta",0.0669636434439261
0.161870005662632,"Delta",0.00469291082612407
-0.487926976325198,"Delta",-0.400290710374976
1.93778190768348,"Delta",2.71163518955484
1.00377169653328,"Delta",1.00794431966693
-0.759231035406539,"Delta",-0.631020770211977
-1.62508595518398,"Delta",-1.1249000471099
0.267932313913698,"Delta",0.134544854531351
0.518771157759277,"Delta",0.734589701663314
-1.41088945788786,"Delta",-1.13861996258152
0.673368396591121,"Delta",0.752526564717198
-0.559506012671541,"Delta",-0.675710901723737
0.346549431943573,"Delta",-0.181621853235144
1.69157074713557,"Delta",1.58491359491113
0.908019021271131,"Delta",0.686960991998026
-0.388492431596647,"Delta",-0.552085934803655
-0.898462868662697,"Delta",-0.750446141181587
0.93242297725475,"Delta",1.35120130325442
-2.50187915309847,"Delta",-1.45416779759863
-1.34742279665849,"Delta",-1.02245541761205
1.61357973672139,"Delta",2.55653066685374
0.825662272354969,"Delta",0.821044949786991
0.45707941301941,"Delta",-0.0835767044957975
0.759254108008704,"Delta",0.515429481180491
1.02556748789597,"Delta",0.909453388842247
0.341879156332251,"Delta",0.0632861956188704
-0.204048088178895,"Delta",-0.399820986097003
0.806864962609746,"Delta",0.746230730589124
-0.645778900425424,"Delta",-0.514591089645356
-0.358570898900424,"Delta",-0.214980508250971
-1.08826882138393,"Delta",-1.04563483535718
1.04803454300118,"Delta",0.582832379194949
-1.97640117221912,"Delta",-1.19287443077907
-1.57922898665327,"Delta",-1.13613761108153
0.367742941203224,"Delta",0.317519923016323
-0.575721397913798,"Delta",-0.55249429205356
-0.909184670503595,"Delta",-0.656492741964334
0.876563888480404,"Delta",0.779520228553687
0.247604225905954,"Delta",0.41899861035084
-0.526081836705694,"Delta",-0.468557728288006
-0.432216324170627,"Delta",-0.684208673598795
-0.48247888222841,"Delta",-0.492778243001526
1.16935971376492,"Delta",1.57313702524634
1.14625640817706,"Delta",1.67253833363727
-0.115225261248906,"Delta",-0.213568290604493
0.283531885770406,"Delta",0.118533609518395
0.0494480449478575,"Delta",0.0716666847755434
-1.2487816686221,"Delta",-1.05181852529452
0.544374165795257,"Delta",0.442353024950983
0.0295629693060619,"Delta",0.0454436821594774
0.548929548742107,"Delta",0.278542751870514
-0.618618712942558,"Delta",-0.314516169585142
0.85227361943716,"Delta",0.370235310881476
-0.635467653038037,"Delta",-0.833442424601489
-0.850722188093133,"Delta",-0.711952449791892
1.53211184094936,"Delta",1.93693565861497
0.543337481974138,"Delta",0.0796972904331992
-0.935990039723024,"Delta",-0.997791414542618
-0.104248907039403,"Delta",-0.187078920665891
-1.75133645463095,"Delta",-1.26581118384198
1.47613925521206,"Delta",1.98625218531363
-0.776431162411074,"Delta",-0.955779738897097
-0.478155755748119,"Delta",-0.802665807215115
2.22976257845472,"Delta",2.7315755034202
1.01089879861184,"Delta",1.44989464652254
0.109142566459584,"Delta",-0.193220743519596
-0.245064565178849,"Delta",-0.370143134554456
-0.00366664455863856,"Delta",0.322548100098958
1.32700289122687,"Delta",1.57756507891406
0.426518708899289,"Delta",0.148220709051139
0.52090928800523,"Delta",0.712676429796798
-0.257028345798664,"Delta",-0.0645137140000727
0.50104629455286,"Delta",1.15858252983684
-0.277226387559931,"Delta",-0.207269832052097
-1.24716980157971,"Delta",-0.963274460092125
1.4423176439355,"Delta",0.863374718734525
0.0977606024352405,"Delta",-0.0393595846766687
0.169277715930259,"Delta",-0.27384031380702
-1.83411885040411,"Delta",-1.24892928699265
-1.53944101770674,"Delta",-1.10402593126637
1.12331769637415,"Delta",0.783556998872783
0.685200752194465,"Delta",0.368292981897077
-2.95586907868411,"Delta",-1.60108873149827
1.76578237607162,"Delta",1.63302640314744
-0.642907457091892,"Delta",-0.350064987924465
1.42410979237878,"Delta",1.69277321053101
0.491555262128091,"Delta",0.945639934714346
-0.486647634922923,"Delta",-0.811570561300469
0.211398456776842,"Delta",0.186239922033016
0.102807899330433,"Delta",0.0866214559902997
0.797275949619797,"Delta",0.511921943493731
0.982232067077287,"Delta",0.835986353108048
1.07120401649016,"Delta",1.33381230012219
-0.155520351651407,"Delta",-0.106658305519896
0.862369706554013,"Delta",0.693667160659067
1.15987093256114,"Delta",1.75409253927523
-1.19858607608064,"Delta",-0.955365799548264
0.474125079113986,"Delta",0.667910514890606
0.691279425446458,"Delta",0.200723533643715
-0.419363532104368,"Delta",-0.465501363328308
0.885031354526073,"Delta",1.06810564354622
-0.083511814380655,"Delta",-0.168308472787989
-0.311806877595699,"Delta",-0.529717918527018
0.16369223675391,"Delta",0.198603207207085
0.442871282616787,"Delta",0.557526930160255
-0.0504857301320327,"Delta",0.0330884434476235
-0.459890327117092,"Delta",-0.662202547847425
0.579204637029584,"Delta",0.424765292736747
0.500025929351411,"Delta",-0.0150997731217905
0.399816986454897,"Delta",0.282855276058885
0.421142813787712,"Delta",0.553913979297074
-1.01113977884329,"Delta",-0.795020658724282
0.391999004143848,"Delta",0.100650029443266
0.507249128818927,"Delta",0.532784928394358
-0.644703364871409,"Delta",-0.555663853128166
-0.401479642922225,"Delta",-0.428805255561103
1.36840545112849,"Delta",0.657055726641047
0.157770082918888,"Delta",0.0760110839688403
-1.33243516217239,"Delta",-0.92222541129081
0.800370405086851,"Delta",0.926356491204227
1.45386946852097,"Delta",1.85045654273043
1.17614973732512,"Delta",1.12536877097675
-1.69560808306864,"Delta",-1.15540596801201
1.09007297036608,"Delta",1.12411659895263
-1.96889177449976,"Delta",-1.16236697367861
0.915658990507815,"Delta",0.702202326145929
0.728447034116523,"Delta",0.919240707772587
1.44295616403836,"Delta",1.14470882101043
0.488397138316285,"Delta",0.237466372211614
-2.26383966471573,"Delta",-1.14373604678145
-1.10759265888958,"Delta",-1.03816846981828
0.601100371811982,"Delta",0.944714744978754
0.308849200843211,"Delta",0.13086904809334
0.390760144698789,"Delta",0.378949228404141
-1.06086903781405,"Delta",-0.973465407487929
0.467266122741586,"Delta",0.159650271751586
-1.45657696665132,"Delta",-1.08318633474484
0.78669079978095,"Delta",0.67706579182525
0.852778555259822,"Delta",0.933824094202551
-0.583351509208524,"Delta",-0.423810768229528
-0.0267885515867098,"Delta",0.0989311333277258
0.611941213906748,"Delta",0.38375180629818
0.799165058559779,"Delta",1.02440199924222
1.08148519456577,"Delta",0.919660599505281
0.658074701607584,"Delta",0.537942766048159
-0.810476527062412,"Delta",-0.695898745853776
-1.76940874364195,"Delta",-1.18141945541934
0.617714083365186,"Delta",0.768043809213786
-1.31343644224857,"Delta",-1.06194743887368
0.833004944342314,"Delta",-0.227171231582392
-0.388993069921642,"Delta",-0.495895630586998
2.29576461940971,"Delta",3.09767720032342
-1.6232919315903,"Delta",-1.10399451689529
0.00904242128166853,"Delta",-0.011693897477217
0.58775512335781,"Delta",0.531438555089131
0.0975990472672255,"Delta",-0.561337221176899
0.159085269734396,"Delta",-0.114811349800297
1.20441531549697,"Delta",1.31898838686864
-0.460152498874488,"Delta",-0.577491531603214
-0.340008486268915,"Delta",-0.62175954353905
0.065594062755158,"Delta",0.149985530109814
-1.05416246965071,"Delta",-0.871477206706559
-0.322155825445322,"Delta",-0.459528101972119
-0.208168788814073,"Delta",-0.171452587300932
-1.20436664654457,"Delta",-1.00832984377142
0.294958592337626,"Delta",0.275200783465267
-0.208944028928243,"Delta",-0.238137461405061
0.441836063856258,"Delta",0.195520561642676
-0.267842311862764,"Delta",-0.683638334158825
0.635735018680335,"Delta",0.297216067416442
1.36592276708656,"Delta",1.25952429066287
-0.209947227260558,"Delta",-0.248798813722125
0.355349665906681,"Delta",0.399259962075369
1.13343920231391,"Delta",1.48084568427674
-1.29912447141516,"Delta",-1.03864166259817
-0.543753816532949,"Delta",-0.661451651189789
0.895032168141073,"Delta",1.15941157164909
0.280655769597072,"Delta",0.0421378680742101
-1.17821263134627,"Delta",-1.07818503851582
-0.646385590770442,"Delta",-0.360227529969953
0.394964943385606,"Delta",0.198878112240648
0.0183393272201707,"Delta",-0.128055731518167
1.5938483930794,"Delta",2.16732121162762
1.91448215767422,"Delta",2.66422054761551
0.661355516880238,"Delta",0.511779065592041
0.643270485508426,"Delta",1.12511937138496
-0.533023074871487,"Delta",-0.831854527380633
1.8445877341641,"Delta",2.6471419276241
-0.0168278747190939,"Delta",0.00189842643637631
-0.854427076876728,"Delta",-0.793568922077801
-0.590679280290499,"Delta",-0.804146198567301
-0.423616666048766,"Delta",-0.378494943852566
-0.0252523682133655,"Delta",0.0706250041650548
0.768028068405303,"Delta",0.790186603613307
-0.0252211701462457,"Delta",-0.119164740110068
0.00837016855925967,"Delta",-0.449730763726478
0.482477476458929,"Delta",0.541912881389292
0.741373571128247,"Delta",0.731276037016844
-1.00314261840547,"Delta",-1.03501240888822
-1.00760685099302,"Delta",-0.703034413164604
0.944509936465077,"Delta",1.51130803714282
0.0853498288600069,"Delta",0.297864271650031
0.880627243353587,"Delta",0.685482745964813
-0.579552497862097,"Delta",-0.497228022506429
1.04756061878173,"Delta",1.30304137818267
-2.35359768338638,"Delta",-1.36403434545817
-0.638452383322114,"Delta",-0.747544325813128
0.538910194153881,"Delta",0.453422778610238
-0.13591318525775,"Delta",-0.0330428286702867
-0.681506799026238,"Delta",-0.424962392202527
1.34686297060594,"Delta",1.70014163801943
0.058042094338495,"Delta",-0.484055263637721
0.633509736527381,"Delta",0.375953554711629
-0.607530894578619,"Delta",-0.414069892559339
-0.588211287726444,"Delta",-0.822493038205186
-0.0447741398785328,"Delta",-0.550937423315989
-1.34989690452076,"Delta",-1.12569341308504
0.131290010692459,"Delta",0.327774197118605
-1.82686081784148,"Delta",-1.18296478384995
-1.80843216974445,"Delta",-1.13894153036601
0.728790711440552,"Delta",1.18398299971392
0.783582520209283,"Delta",0.226447063057211
1.99689884280076,"Delta",2.42744576853836
-0.540535756658379,"Delta",-0.715882312360292
0.744499954866784,"Delta",0.83848238843012
0.941554180290758,"Delta",0.531818290193981
-0.434953179060682,"Delta",-0.604834959172635
0.187241014884391,"Delta",0.285550269983179
-1.15691352420704,"Delta",-0.914270805958612
0.586001489661955,"Delta",0.54525988094017
1.10603605889129,"Delta",1.53972601290453
0.0172374264401539,"Delta",-0.213204250996168
-2.28267435587316,"Delta",-1.34712615033518
0.581714576713268,"Delta",0.41490048095944
-0.31615303341908,"Delta",-0.209167126124398
-0.590419756557824,"Delta",-0.800406448507622
0.0881078270089218,"Delta",0.201179470028119
-1.33989832000233,"Delta",-0.987062878839224
-0.745945851998968,"Delta",-0.865649380844703
-0.287198625180871,"Delta",-0.698133566195063
-0.45459104377273,"Delta",-0.662733260911539
-0.00958490798525798,"Delta",-0.0270170273508784
-0.629614308087874,"Delta",-0.366295782650251
-0.881977500137777,"Delta",-0.843997691518769
-0.0883082352487786,"Delta",-0.439372630806631
-1.34534339111336,"Delta",-0.994414259008167
-0.513598363049766,"Delta",-0.722453838838245
-0.970171439777663,"Delta",-0.830077688828477
0.132101437923277,"Delta",0.0947373187387444
0.204128006134422,"Delta",0.108414568164414
0.017750173634886,"Delta",-0.472562723415787
0.264652381312042,"Delta",0.255282001338665
-2.2390920316713,"Delta",-1.33880776538557
0.811980927359554,"Delta",0.922882853764613
-0.824616233202192,"Delta",-0.576007891861481
0.54807501495613,"Delta",0.389207346248066
0.185922152635802,"Delta",-0.165664677441051
1.08368858277784,"Delta",1.19317968895699
-0.5473960111506,"Delta",-0.515235747767584
-0.227203767209709,"Delta",-0.609651087291078
-0.726358846684537,"Delta",-0.566044495987266
0.819694782330206,"Delta",0.866812991082191
0.148269094748474,"Delta",0.616523553602564
1.07379852643553,"Delta",0.970300923411316
1.32074552441354,"Delta",1.64074512278719
-0.435434988889709,"Delta",-0.437962400403961
0.201450401400782,"Delta",0.10903512376815
-0.208329921629764,"Delta",-0.862486773454792
-1.31233102972208,"Delta",-0.997152669181693
-0.720707133189753,"Delta",-0.715136846299591
0.321684181109618,"Delta",0.209433309847589
0.3416166220274,"Delta",0.553168290009146
-0.976615621910454,"Delta",-0.910949654559313
0.15812463106122,"Delta",-0.17752409544528
0.507448939828277,"Delta",-0.0995178831148588
-0.0398680173075083,"Delta",-0.117313463439246
0.454367512652322,"Delta",0.326221970755079
0.332281017856012,"Delta",0.418504291588937
0.976390604508227,"Delta",1.01042365267731
0.986489658819188,"Delta",1.03645171685568
0.508077485387569,"Delta",-0.39590485406256
2.29891767248356,"Delta",2.8689080210282
-0.0430372380884918,"Delta",-0.424297342920264
-0.312140269654204,"Delta",-0.0849054466165897
1.02126211668913,"Delta",1.79646240596026
0.18376549739138,"Delta",-0.358269849586425
-0.150441994744371,"Delta",-0.43607958770705
-0.643865845548413,"Delta",-0.824062600841522
-0.0491231310531042,"Delta",-0.286897511741769
-0.783153507500101,"Delta",-0.494891433976622
0.00708261372013448,"Delta",0.132227766213676
-0.229788912960217,"Delta",-0.0760067937726343
1.54424241993867,"Delta",1.90835504863025
2.58051680582851,"Delta",3.18882033187982
-1.24242837150724,"Delta",-1.02519791735743
-0.577660356895764,"Delta",-0.803314719392202
-0.791290909494388,"Delta",-0.70948066920273
-0.690676697999336,"Delta",-0.456799527394303
0.46896337837699,"Delta",-0.0272774084746729
0.511030398818098,"Delta",-0.133288415345546
-1.74924592386634,"Delta",-1.08034010040527
-2.56037332858029,"Delta",-1.46286505275061
0.871681902214809,"Delta",0.471235664390365
0.653923861942035,"Delta",0.398034502733376
0.28273601418534,"Delta",0.238230897844033
1.11335413088932,"Delta",1.74735212692261
1.22354762738104,"Delta",1.57225905362386
-0.426829991424268,"Delta",-0.536760376638884
0.75829858081014,"Delta",0.845760079022918
-0.0287485032336954,"Delta",-0.214013173326829
0.300690939436165,"Delta",-0.13210103908009
1.10828381545697,"Delta",0.658582022309272
0.590508632892001,"Delta",0.674511818524125
-0.0365994817208123,"Delta",-0.0300441674504285
-0.729693300638003,"Delta",-0.849493314705936
-0.0323160907417674,"Delta",-0.116202122172222
-0.97044770050909,"Delta",-0.792439982017302
-0.718464867921719,"Delta",-0.907424699520168
1.85622320285637,"Delta",2.56804047068507
0.938089108378835,"Delta",0.835183793701501
0.393781522899977,"Delta",0.101430675640156
0.549605066944973,"Delta",0.171092630384215
0.936809980592315,"Delta",1.09719989606029
0.523636016922192,"Delta",-0.12096680351996
-2.78372751871352,"Delta",-0.968804924041596
-0.255159132904428,"Delta",-0.338858009171447
-0.621149439758322,"Delta",-0.557828833613404
-1.66172535820041,"Delta",-1.212134771833
-0.429110986035029,"Delta",-0.678332870615298
-0.29668300583355,"Delta",-0.303499252400368
-0.387972270281054,"Delta",-0.675785324104152
0.274133755829683,"Delta",0.0393677743573238
2.84392050573834,"Delta",4.44550783859304
-1.70266254655683,"Delta",-1.06560149485071
0.348881441634296,"Delta",0.16405478040059
-1.18699668398259,"Delta",-1.03519349929479
0.882687204287198,"Delta",0.709660775013823
-0.152773946196421,"Delta",-0.27300007371688
-9.66271788502962e-05,"Delta",-0.319514923653218
-0.575774622655923,"Delta",-0.60645209357158
0.329595994199479,"Delta",0.143909974120504
-0.00494758421280864,"Delta",-0.292022600663542
1.09597920512418,"Delta",1.67160945139723
0.222896492825858,"Delta",0.110602662004501
0.0544367444653081,"Delta",0.162769241410332
-0.0224933815423271,"Delta",-0.0857400588789964
-0.773675042513105,"Delta",-0.703044086379951
0.919710401020794,"Delta",0.404933960988967
-1.76006518038775,"Delta",-1.23729530645135
-1.51488207777689,"Delta",-1.00078703140312
-0.600924399250389,"Delta",-0.64733047312547
-0.0272736151397129,"Delta",0.01824613693349
0.0390420111162676,"Delta",-0.201964956981423
1.83269347510201,"Delta",2.14859755585648
-0.675629353244589,"Delta",-0.724288655735748
0.830847548136964,"Delta",0.775286755795824
-0.0265442162991463,"Delta",-0.104412980540087
0.717811484811372,"Delta",0.738446582487698
-0.65350218898161,"Delta",-0.964722193632043
-0.0546302070642822,"Delta",-0.104443102330813
1.99729900756411,"Delta",3.29646506699029
-0.0454494815979865,"Delta",-0.390336104494213
-2.02616793449004,"Delta",-1.09914160403646
1.43320866002517,"Delta",1.17592127970794
0.658373250892521,"Delta",0.929765781588362
0.429663110322796,"Delta",0.6893148822122
0.0273785303636109,"Delta",-0.284388805272961
-0.54409426278031,"Delta",-0.563915072717592
0.508917030993681,"Delta",0.47959536503341
-0.55835037077057,"Delta",-0.501444720821104
-0.432472588992019,"Delta",-0.905508154375701
-0.450909265270406,"Delta",-0.669798456311278
0.92735817334532,"Delta",0.657528444903875
-0.88102295561544,"Delta",-0.948543879253398
0.716292962875074,"Delta",1.05770965901086
0.43458369098355,"Delta",0.288674993272288
0.321840841578969,"Delta",0.16556659058918
0.862324541624815,"Delta",0.758837444173023
-0.758206168243358,"Delta",-0.824191399495938
0.586451958078731,"Delta",1.03317057315102
1.16703299790182,"Delta",1.0953891678582
0.203969184831148,"Delta",-0.0184780299352933
-0.853736417880478,"Delta",-0.491815251386596
0.0643033859557317,"Delta",-0.462465125741172
1.1856169672155,"Delta",0.577287584582517
0.398314971218431,"Delta",0.00292665033404138
-2.07418741261436,"Delta",-1.39275796053634
-0.449952863434153,"Delta",-0.279249991480316
-1.23093369975692,"Delta",-1.0417015868537
-0.0269836077584256,"Delta",0.0633709884394651
0.449891554679627,"Delta",0.808744167295565
0.816555459954945,"Delta",0.81531211627709
0.901084722919099,"Delta",0.687510511288497
-1.37605826963073,"Delta",-0.981261426092238
-0.0868846300703956,"Delta",-0.407683635404531
0.0425147918640768,"Delta",0.0828749230555553
0.966449105285623,"Delta",1.00973306571511
0.601839433625451,"Delta",0.235217005134992
0.556922142641606,"Delta",0.289488212664806
-0.4614456894762,"Delta",-0.332909426750035
0.414527764241832,"Delta",-0.126790003508609
-0.705153807278453,"Delta",-0.828176642242622
-0.655770972877959,"Delta",-0.74957188693844
0.49236514979962,"Delta",0.515310964836411
-0.179689061122576,"Delta",-0.613404207571166
0.425037238178049,"Delta",0.454659126124947
0.136947705018426,"Delta",-0.562887110655387
-0.155304125515059,"Delta",-0.153315751292056
0.761383339892939,"Delta",0.808763709429777
0.462987680540912,"Delta",0.441441147613936
0.109644811226562,"Delta",0.0253430239927332
0.180325221912939,"Delta",-0.431823434218991
-0.173550444992101,"Delta",-0.578435784217459
-0.0171499253082942,"Delta",-0.427035695230913
1.30054483424705,"Delta",1.13438502046794
-1.0882273067621,"Delta",-0.68679182215473
-1.31065630075491,"Delta",-1.10042392039908
-0.734998917292676,"Delta",-0.437642094532213
-0.882997548584195,"Delta",-0.916258669619049
1.16180557948761,"Delta",0.969753888310203
1.52256090817059,"Delta",1.73746878918148
-1.28943559238267,"Delta",-0.868520523690276
0.501897911801152,"Delta",0.00181073279912186
-0.356807583350993,"Delta",-0.431595790616846
0.447926401191552,"Delta",-0.279142497739034
-0.318601484124288,"Delta",-0.360986038289643
-0.276869209223876,"Delta",-0.247768474228394
1.06324427175585,"Delta",1.08407618930705
-0.0453177075703265,"Delta",-0.239141053747135
1.06500123445835,"Delta",0.912160841472539
0.0259026002964873,"Delta",-0.278987841563897
-0.385534047002944,"Delta",-0.413762602927524
-0.944147827286112,"Delta",-0.848142481786044
0.0325345753251708,"Delta",-0.481834496081411
-0.449379081877835,"Delta",-0.516494528280635
-1.78583278151887,"Delta",-1.20741870617259
-0.953878189131312,"Delta",-0.689680449285496
0.631574913413584,"Delta",1.01060871725129
0.76830381966248,"Delta",0.696593994236989
1.5544458896517,"Delta",2.08674160039149
0.567184127331107,"Delta",0.44679807817764
0.670090333363303,"Delta",0.332712180518112
0.752132724335157,"Delta",0.950793766439751
0.314186814760095,"Delta",0.143157913577706
-0.904196092807968,"Delta",-0.769521216592746
-0.511699812495225,"Delta",-0.621826583719784
1.07599701024911,"Delta",0.824353087116696
0.966107396744045,"Delta",0.666490542140786
0.75007991299413,"Delta",-0.111632084464519
0.306160068748262,"Delta",5.27412654768735e-05
-0.866175369993127,"Delta",-0.839641949551393
0.171313341079326,"Delta",-0.157390765619555
-0.243326734611658,"Delta",-0.289645579524162
-0.0382632653435771,"Delta",-0.17766901853324
-0.197236939806308,"Delta",-0.7930945458973
-0.118404372662823,"Delta",-0.212209231548193
0.200520421470653,"Delta",0.426991420101136
0.0961355231753659,"Delta",0.0915050621716801
0.0244667405341014,"Delta",0.0140928883220377
-0.0614971341100943,"Delta",-0.265634222469926
-1.37297448316332,"Delta",-1.06720921034733
-2.01655220994904,"Delta",-1.17489696835663
0.491161654228176,"Delta",0.322282583646663
1.24624906019665,"Delta",1.13056348665299
1.07185294076016,"Delta",1.34166799304993
-0.0970060042515819,"Delta",-0.489371692333969
0.757020804031632,"Delta",1.28690874720715
-1.35895595182955,"Delta",-1.20659331675232
1.76978515661994,"Delta",1.92617862782566
0.37657138603139,"Delta",-0.232721026489297
0.259806218101101,"Delta",0.0279344840182344
0.342236401524468,"Delta",0.00305812265428285
-0.399817327352523,"Delta",-0.644849398541434
0.217154063778743,"Delta",-0.416742608204765
-1.79762333325102,"Delta",-1.22317502641464
1.6269008138748,"Delta",1.61973533552413
0.329966092145653,"Delta",0.548619958628079
0.533402754169705,"Delta",0.317116057781103
-0.806301452940362,"Delta",-0.645033649231216
0.543818033344684,"Delta",0.288161466692047
0.585717915795293,"Delta",0.585079168532683
-1.14388157327645,"Delta",-0.83151576696818
2.27420461713808,"Delta",2.84088044333196
-1.59122738021317,"Delta",-1.15432889070122
0.448304293929777,"Delta",0.13132301602692
-1.1521976901293,"Delta",-0.991729267785813
0.83036277236833,"Delta",1.00765255266809
1.28791653741694,"Delta",1.47486904346574
0.0440610356271211,"Delta",-0.434695442820893
-0.220545037381651,"Delta",-0.481299131487527
1.39996021263455,"Delta",1.44302771763357
0.329230189461868,"Delta",0.227960656806881
-0.789554822520313,"Delta",-0.665504753072114
-0.396063478924103,"Delta",-0.713318312172391
1.49430785915005,"Delta",1.14028235377424
-1.45531051786741,"Delta",-1.00816847520048
0.901675227584023,"Delta",1.220021072844
1.40500864005593,"Delta",2.20598335691999
0.285033038553909,"Delta",0.127605694997531
0.222820629865815,"Delta",0.10834344481792
1.36286128101919,"Delta",1.78771792716249
-0.955826816895635,"Delta",-0.991676585739363
-0.0459112368760836,"Delta",-0.33745444785463
-0.0921581242330962,"Delta",0.0922505902659644
-0.325575192586218,"Delta",-0.746868732208043
1.35092344634286,"Delta",1.76147066951255
1.07066706183483,"Delta",0.367432919633978
1.15882046762796,"Delta",1.35900710041614
0.331508268794453,"Delta",0.369120326394701
-0.392228315513994,"Delta",-0.654181922559317
0.0698014780318535,"Delta",-0.258030331634111
0.828842703249322,"Delta",0.628052479879715
0.020093119163385,"Delta",-0.350086559251764
0.0430683153825321,"Delta",0.120194450262269
0.470144880317991,"Delta",0.789098970216221
1.54994681943718,"Delta",1.39234538369578
2.60347473668166,"Delta",4.23700320012113
-1.02385796632726,"Delta",-0.9267857230562
0.0602255250963077,"Delta",-0.170346398879947
0.372238090917203,"Delta",-0.357946558251452
-0.22037102520215,"Delta",-0.677809369068132
0.684770868721101,"Delta",0.236008048060956
0.161688061383928,"Delta",0.0255894572877466
-0.779369774866378,"Delta",-0.887301688461046
1.00310933109732,"Delta",1.08993466402169
0.452478088513396,"Delta",0.613869711163304
-0.372697546622792,"Delta",-0.593880680855284
0.125869654481955,"Delta",0.0719852902330429
0.165249724550779,"Delta",0.415362285869275
0.24252293078086,"Delta",0.172785911670505
2.0930655900392,"Delta",2.68131743194255
0.542580359825855,"Delta",0.657926493918881
-0.666796669118345,"Delta",-0.727168700174513
-0.685472252261445,"Delta",-0.587481661596914
0.123463173819297,"Delta",-0.0887092090204456
-0.930494965889115,"Delta",-0.834115784089076
0.861104799285561,"Delta",1.1814791266376
0.694355134892138,"Delta",0.545533866067955
-0.300024395867345,"Delta",-0.308324653609995
-0.12084917048481,"Delta",0.0193238168399445
0.430821046141354,"Delta",0.25795796456392
-0.611126606788941,"Delta",-0.494219091448397
1.71268943702545,"Delta",2.77915473365968
0.0614478821372688,"Delta",0.226417253109829
0.60530898707441,"Delta",0.357932473765227
-1.49987486154164,"Delta",-1.08191209267834
0.885944073841868,"Delta",0.180241180489823
0.183720231467209,"Delta",0.358580152078163
0.369599662346807,"Delta",0.023886342882294
0.70337779055852,"Delta",0.0339198206525471
0.658622943332685,"Delta",0.152624367333322
0.167504334876979,"Delta",0.110832767679824
-1.42150600218508,"Delta",-0.934905751110893
0.686583862314849,"Delta",0.977184156062271
0.593996482644916,"Delta",0.571164925534519
-0.346703347719304,"Delta",-0.18576141371589
-0.466176105540891,"Delta",-0.851851592825753
0.691433845001308,"Delta",0.206331564664026
1.02162995692081,"Delta",0.731893579386304
-0.690924241755394,"Delta",-0.815502010726973
0.329307668442096,"Delta",0.0360638173776016
0.527415839365968,"Delta",0.588310019102368
-0.489188649845186,"Delta",-0.334357051397076
0.270361626382626,"Delta",0.345858373276652
0.217698195033386,"Delta",0.286404094870293
0.701461682378885,"Delta",-0.11388427200625
0.356340880407869,"Delta",0.25203257194599
-1.0589763573224,"Delta",-0.983003740862197
0.00443911402959708,"Delta",0.210943937686941
-1.524060048245,"Delta",-1.13033121847124
0.471555508127466,"Delta",0.407153607231009
0.38510105037493,"Delta",0.214312085039212
-0.800539059048684,"Delta",-0.982488563911671
1.17537894840009,"Delta",1.30949809497788
1.04349642110322,"Delta",1.38046779107947
0.468822265010796,"Delta",0.592323039200328
-1.11429563488633,"Delta",-1.00303174512242
1.58417030145822,"Delta",1.96049642865906
0.801022406263945,"Delta",0.657293107045783
-0.469832663256819,"Delta",-0.560265570412455
0.494834958289951,"Delta",0.470594207380289
0.104680533279528,"Delta",-0.657035316940187
0.0546938335314872,"Delta",0.19827463270484
-0.201535134991706,"Delta",-0.191064902639548
-2.40667672045822,"Delta",-1.41936495998814
0.400449328575293,"Delta",0.0355902480643064
0.608200093007909,"Delta",0.379330675997443
1.11468598745674,"Delta",1.13545117523756
0.321357311290621,"Delta",0.0493053771488998
0.450855233602607,"Delta",0.49182298026572
0.917943536668802,"Delta",1.60115973676837
-0.583802124507797,"Delta",-0.917537066673349
-0.036564856986395,"Delta",-0.408477660706219
0.0792623804633647,"Delta",0.117645696635405
-2.24437264801401,"Delta",-1.28937284017979
-1.64313290501295,"Delta",-1.12627640548839
0.76598562106599,"Delta",1.20302844880505
-0.925767692427784,"Delta",-0.700120209272076
0.420518392368863,"Delta",0.382946949872531
0.550268058421687,"Delta",0.0632430838862422
0.494963687262481,"Delta",0.235442237009872
-0.740115617756514,"Delta",-0.871532681152994
0.427483035048849,"Delta",0.348396285901124
1.02430238522537,"Delta",1.3316644098679
-0.978190543178006,"Delta",-0.808268225409558
0.919709872022049,"Delta",0.00311051270934899
0.919400406398363,"Delta",1.16726247209122
0.754445151946429,"Delta",0.993246566615755
1.50047151938183,"Delta",2.22969261255693
0.64881468783172,"Delta",0.0533791244347172
-0.136732244198042,"Delta",-0.0329852826751083
-1.12277704222912,"Delta",-0.724344087478957
-0.286705733938854,"Delta",-0.538297869088632
0.880053744226177,"Delta",0.476857801362962
0.269233966321144,"Delta",0.328533965291654
0.219383643791378,"Delta",0.233103061861891
0.481704991311488,"Delta",0.0218049248588377
0.727994750805325,"Delta",0.617123349811011
-0.144549793649674,"Delta",-0.267844682030979
1.35254396961974,"Delta",1.55165230641288
1.25968795945089,"Delta",1.1879243597394
0.780786577402002,"Delta",0.667805343800128
0.0383710551909905,"Delta",-0.203969550196684
-0.116912183792178,"Delta",-0.33667699526269
-0.96406765510909,"Delta",-0.849073409426022
-0.0270473563413837,"Delta",-0.388379181267354
-0.319410247325979,"Delta",-0.211108848247003
1.14171164163636,"Delta",1.33519132568537
-1.44933948397099,"Delta",-0.749315806806479
0.800326528474867,"Delta",0.91340665977369
0.553256001623924,"Delta",0.526384102287016
0.110059735003001,"Delta",0.146891025753437
-0.770333922153073,"Delta",-0.968802883941264
0.0480422693139519,"Delta",-0.332100843963522
-1.74077897472744,"Delta",-1.20126718844821
-0.167417335397288,"Delta",-0.362758373878453
1.60612047625394,"Delta",1.83304971229299
-0.221102895299635,"Delta",-0.197933683994553
0.41601267819233,"Delta",0.145763764648723
1.16279586672776,"Delta",1.00520501309829
0.224750214247496,"Delta",0.0987841650354568
0.483218095378896,"Delta",0.66107048881492
1.03939252886884,"Delta",1.24318717812491
1.04761059749028,"Delta",0.784931239277181
-1.45349482052669,"Delta",-1.16803126787827
1.25614778568538,"Delta",1.27137330860182
0.543527294954438,"Delta",0.349890914995457
-0.185950658864623,"Delta",-0.371483428283095
-0.105274429873742,"Delta",-0.375618492075338
-0.827657877619449,"Delta",-0.757133773976351
2.2849020126824,"Delta",2.17516333374504
-0.750580993408118,"Delta",-0.69608657529253
0.870885328097101,"Delta",1.11035875354269
0.772437602158219,"Delta",0.660660452281341
-0.387103052351028,"Delta",-0.376170594411914
1.15013071353775,"Delta",0.458278523334298
-0.479209343344029,"Delta",-0.728661710250237
0.317673065173102,"Delta",0.0485477386011002
2.05153327262833,"Delta",2.57237535588732
-0.843178831053601,"Delta",-0.907698803335698
-0.819675521033634,"Delta",-0.909802720068752
0.76740573555026,"Delta",0.159604333937371
0.465198455662567,"Delta",0.350950357401143
-2.0472270116918,"Delta",-1.19992219056753
0.0967120204375239,"Delta",0.0859798584968575
0.601378282642041,"Delta",0.143043729395923
0.533441900410849,"Delta",-0.27702096098201
0.488274757215748,"Delta",0.350832648937922
0.108690601558535,"Delta",0.0235609043417901
-0.459376886325677,"Delta",-0.739559194664129
0.158409269828599,"Delta",0.13390176939656
-0.519976148322735,"Delta",-0.752902370512184
1.08833462875561,"Delta",1.34033229483267
0.291491445029173,"Delta",0.293790502437059
0.0355875669243805,"Delta",-0.655566504048915
-0.266443860276534,"Delta",-0.488890814390829
-1.27591308777894,"Delta",-0.868214968304481
0.529378592498683,"Delta",0.811859308516691
0.766681057564284,"Delta",0.793951563216092
-1.64222314338579,"Delta",-1.05089376329327
-1.417524266281,"Delta",-0.936669716375909
0.0201957941639323,"Delta",-0.52934022204697
1.25602921767256,"Delta",1.27030557790692
0.231486382365694,"Delta",0.201528063574204
-0.129009329770774,"Delta",-0.62632765835318
1.21175223127395,"Delta",0.918592694758105
0.443952939332999,"r2",0.645142111766942
-0.460541892526284,"r2",-0.222923275328243
-0.508101610378275,"r2",-0.526296085195328
1.40279505481662,"r2",1.84851680603008
-0.0345601849100722,"r2",-0.0352277628201801
-1.4780016550739,"r2",-1.11961939381624
-0.560037683408332,"r2",-0.522649855345269
-0.0116752504759714,"r2",0.140174557624834
0.831013465617087,"r2",0.825722073779673
0.685114585198306,"r2",0.863761146706194
0.0478128880192643,"r2",-0.0943104281185766
0.628503717085891,"r2",0.690756155106574
-0.629422868245251,"r2",-0.508418065185343
1.59714199731081,"r2",1.94426044599796
0.0732749341922228,"r2",0.023127224692086
1.23432890174726,"r2",1.30429631530796
-0.380554892974167,"r2",-0.0179779727405445
1.27219736955239,"r2",1.22209351121483
0.377933027006897,"r2",0.567577297180332
-1.8757142794299,"r2",-1.25873884590495
-0.312665267502222,"r2",-0.185211739125473
2.88298891683651,"r2",4.08596942278108
-0.372705674755586,"r2",-0.342593662014934
0.566797114563596,"r2",0.785715894349671
-0.222227871758234,"r2",-0.361694200832781
-0.421513959795339,"r2",-0.258603532698353
-0.559045746507961,"r2",-0.344597894173477
0.405714737964306,"r2",0.456748956308521
0.156015398639964,"r2",0.117823759105554
0.231213872265354,"r2",0.212207724397567
-0.170225802850792,"r2",-0.0749503819061637
0.17509400810336,"r2",0.486851883001579
-1.57816436044884,"r2",-1.26381042748671
-0.432220642833871,"r2",-0.171624733926883
-0.131129057501299,"r2",-0.341365526320878
0.000885805156749055,"r2",-0.0350219860369734
0.810806891797521,"r2",0.936289034977695
-0.418839590771272,"r2",-0.15023756198808
-0.395298045394892,"r2",-0.20616705788802
0.622486099479537,"r2",0.745923160714976
0.652818344187434,"r2",0.570578350928225
1.79440294127779,"r2",2.45740721508094
-0.539463161992162,"r2",-0.473845014930784
1.83542879723587,"r2",2.17467458976091
-0.581311324024345,"r2",-0.397687660066952
1.12501401856684,"r2",1.40093303851385
1.20011537542233,"r2",1.57759154948202
1.91996843162881,"r2",2.54204225404068
0.300949777425429,"r2",0.517548983685216
-0.518175037437575,"r2",-0.577992705668767
1.1401975285356,"r2",1.40258388183121
0.53169422719581,"r2",0.788216337509559
1.04597723772417,"r2",1.08311988022926
-0.177181525793508,"r2",-0.029422277456475
0.70559859066935,"r2",0.826649912561748
0.938649098722397,"r2",1.25385408292781
-0.108695928912903,"r2",-0.114487667420054
-0.921752013312552,"r2",-0.746738861703473
-0.352592123280987,"r2",-0.233587584963608
0.164381132675575,"r2",0.301682055542892
0.388693538813837,"r2",0.646781462671273
1.48863820704266,"r2",1.87304882779423
-2.07794950308817,"r2",-1.3619406012932
0.17538765955205,"r2",-0.114409246436517
-0.172602816846098,"r2",-0.319018941337941
-1.719149694893,"r2",-1.25546244623262
-1.63532985420667,"r2",-1.2734263293164
0.360155844422229,"r2",0.494138240737826
0.703668761041703,"r2",1.01459874371776
0.014711485404542,"r2",0.157542898385621
-0.0690338979549351,"r2",-0.0615030507336599
1.08247473988823,"r2",1.36438462811159
0.478847712956191,"r2",0.599171656164763
-0.357360574301872,"r2",-0.27811859699564
1.09918316066898,"r2",1.54395696270067
0.596472938356348,"r2",0.263750824186675
-1.6285931962367,"r2",-1.20666924525358
0.301719555487861,"r2",0.442044114723101
0.802850205002551,"r2",0.726418205824955
0.657195670612545,"r2",0.919721189130909
-1.46637534875987,"r2",-1.10792941071503
0.271636298319643,"r2",0.46769149406237
1.30019641032653,"r2",1.55004556294306
-0.718258457987831,"r2",-0.571537297579193
-0.973340898903718,"r2",-0.638397734943592
0.164959984678311,"r2",0.375381246183637
-1.06456933993664,"r2",-0.981556074334331
-1.08816160429712,"r2",-0.79381910602647
1.62258910858607,"r2",2.08391935023427
-0.144926033940217,"r2",-0.093185418193074
1.2234118037768,"r2",1.74662362673631
0.190208702249106,"r2",0.0945104247992323
1.21643569535631,"r2",1.62761203537569
0.0248758580061287,"r2",0.228071858661856
-0.1838527016675,"r2",0.0855479675404434
1.1938391885675,"r2",1.28745076712696
-0.296725388874867,"r2",-0.0835461058166261
-1.18358372201331,"r2",-0.811471651090403
1.83264425639806,"r2",2.36751238651674
0.817032839253745,"r2",1.17033575141886
1.25714273364098,"r2",1.59091757446365
0.907795500280897,"r2",1.29799311879213
-0.0896977281748433,"r2",0.0662527618648028
-0.301143387346034,"r2",-0.320276548656974
0.245135048183529,"r2",0.295702192389651
-2.00039770119516,"r2",-1.32837364985636
-1.32836319563933,"r2",-0.994877852839061
0.31059157312618,"r2",0.0461523993781236
2.0769516187325,"r2",2.82776335840154
-0.582573175905444,"r2",-0.334250967810869
1.2907153667939,"r2",1.67488440646373
-0.148833184659728,"r2",-0.044567459995312
1.23600998896249,"r2",1.53682224146436
-1.01102082499977,"r2",-0.871386910015234
0.192879741063918,"r2",0.428367823507882
-0.523785951859653,"r2",-0.383539896109555
-0.170634618269712,"r2",-0.318552122937777
1.11033593519659,"r2",1.44723989781203
-0.732752129144871,"r2",-0.457552748160508
-0.770274198206726,"r2",-0.712690641836164
1.19343296650581,"r2",1.43309132353117
-0.241528314810887,"r2",-0.269014553954128
0.945580282156377,"r2",0.945843435912368
-0.0609190657973184,"r2",-0.214647050078868
0.053903141591635,"r2",0.272308800646991
0.700021559793657,"r2",0.869928969605716
-0.383627314407932,"r2",-0.392209027292955
-0.103597733480382,"r2",-0.0370595380796751
-0.008233200636447,"r2",0.288423686774094
-0.323394145507163,"r2",-0.533776924147673
0.837923862004301,"r2",1.1516389732783
0.752215920236707,"r2",0.741430004968329
0.713344798453862,"r2",0.85790159718793
1.94777323762942,"r2",2.48043591280745
-2.51841376852384,"r2",-1.45388544137323
-0.516403718673327,"r2",-0.356864775689863
1.11584761616059,"r2",1.28508403622412
-0.24003903599531,"r2",-0.00990799768014368
1.85187575960085,"r2",2.32275617741625
-1.15169578032354,"r2",-0.769821735504932
0.0843847082883946,"r2",-0.0583724248279208
0.208038862333926,"r2",0.498643012007817
0.388084925561727,"r2",0.343442992548857
1.93824793743776,"r2",2.37711911721752
0.327983775640724,"r2",0.470448008610586
-1.00616175667565,"r2",-0.891750087562998
1.05388731636802,"r2",1.26421931288355
0.0700486886613104,"r2",-0.00783877642570744
-0.143057349440234,"r2",0.045603377535244
-1.38785573287711,"r2",-1.01957819619316
-0.660710307063772,"r2",-0.483764405317668
0.788221911694169,"r2",1.05745727444981
-1.0627535375078,"r2",-0.71834502940851
-0.218972070650553,"r2",-0.179212461517676
0.795676533822801,"r2",1.14550173307633
-0.216852914254429,"r2",-0.0890161117855131
-1.54161370493386,"r2",-1.15024433511922
-0.420345579562432,"r2",-0.374712521729179
-0.888831107481066,"r2",-0.784072566160591
-2.01201093332134,"r2",-1.46963763267349
-0.868101945589213,"r2",-0.732679111524108
0.6068430399289,"r2",1.00056914559769
-0.452656873661951,"r2",-0.343434243455673
0.400231867747463,"r2",0.664225142022422
-0.0298513301613973,"r2",0.0984914525979884
-0.750834195642409,"r2",-0.783081041201934
0.0547479371024085,"r2",-0.0406602732578747
-0.104356898353592,"r2",0.0686447150278915
0.501830817409398,"r2",0.283619044933298
-0.00390929069965918,"r2",0.170897875162493
-1.43242839705972,"r2",-1.11477814720182
1.18060214367143,"r2",1.59757197351655
-0.807015682397873,"r2",-0.630557241302874
0.328069180874033,"r2",0.579025222746098
0.809812074732058,"r2",0.760574044668995
-1.34952671431748,"r2",-1.09258067406485
0.919359323257227,"r2",1.19881497115522
-0.175879276046557,"r2",-0.173594650657611
1.02791374573523,"r2",1.2981261580748
0.478538974689222,"r2",0.334244120540476
1.46252237554727,"r2",1.06244862403234
-0.917653953902917,"r2",-0.849049868759167
-0.822237982975299,"r2",-0.631769829106665
0.637261030453167,"r2",0.75397155347853
1.47984049696078,"r2",1.99154115300392
-0.329821659973476,"r2",-0.258202984488453
0.190773948391305,"r2",0.217635787829676
0.811699712911856,"r2",1.01984341331178
-0.294130385563011,"r2",-0.072318081715038
-0.0403852482672984,"r2",0.128896593964133
-0.313282404061956,"r2",0.00856147786719961
-0.408301949232953,"r2",-0.667597187948973
-0.477311352612387,"r2",-0.280949038629499
-1.3522695993994,"r2",-1.08890429693201
1.41194269045079,"r2",1.92725686188607
0.718122697538048,"r2",1.2052729426688
0.0705068953487314,"r2",0.2458068822596
2.02840230333842,"r2",2.45950076953972
1.12956667880004,"r2",1.43093983046653
1.89007022984665,"r2",2.22215978718838
-0.339293263225636,"r2",-0.344638661923215
1.77573276432638,"r2",2.42072188567122
-0.140566316642198,"r2",0.099827187967751
0.0440376361487342,"r2",0.203282716775877
-0.154707973692315,"r2",-0.0718808185668715
-1.19373180000617,"r2",-0.868119718714353
0.364253846641775,"r2",0.0187513305196184
0.331622867478547,"r2",0.458620252852392
0.988469858971379,"r2",1.26244929553944
-0.519066218687019,"r2",-0.285646600098814
1.33534853579952,"r2",1.56294027851149
1.27203400056149,"r2",1.80183673855973
-1.29692337962151,"r2",-1.04523380902227
0.252648623764387,"r2",0.415396733297272
-0.52886749960043,"r2",-0.208531423919557
0.637851875789653,"r2",0.859501511800709
1.1143937401448,"r2",1.52691760570432
-0.570649670867793,"r2",-0.482255530345753
0.953271162659132,"r2",1.1957001516368
-0.564652157529842,"r2",-0.341372459653941
-0.637834045180064,"r2",-0.423222657911185
-1.4671798368706,"r2",-1.17327039392801
1.10478179845954,"r2",1.28393626444587
-0.534892368466939,"r2",-0.314203862961082
-0.199081374569709,"r2",-0.126774148097397
-1.11923451545837,"r2",-0.97184017664747
0.654212270691942,"r2",1.00757410844968
-0.675287069966402,"r2",-0.495651271749067
-0.345446100354205,"r2",-0.253185792618525
0.424374521121742,"r2",0.605815902148627
2.01115737425741,"r2",2.59674182451554
0.0674846162106502,"r2",0.17915016427253
0.232296215982536,"r2",0.462168813560467
-0.812932519816569,"r2",-0.682751169391106
-0.763164909693084,"r2",-0.596654788505738
-0.699114124445773,"r2",-0.531067958979536
1.5594313944975,"r2",1.97963032766093
-0.0295381025431409,"r2",0.0778529826802809
-1.03891921648398,"r2",-0.818724299907889
-0.412165775008385,"r2",-0.241969969223893
1.09312092296084,"r2",1.10422490306808
1.3566758373593,"r2",1.37070469331337
0.78130537308995,"r2",0.964675529462839
2.0383781109349,"r2",2.80471578651828
-0.32694456746419,"r2",-0.548531617666656
2.3795613502789,"r2",3.11717409127542
-1.00957674722594,"r2",-0.782729521241196
0.954162048892964,"r2",0.739149077690513
0.465222588694554,"r2",0.282118524628206
0.670676110829371,"r2",0.950176498837003
0.935939382473599,"r2",0.980383549220684
0.0225497970833668,"r2",-0.0708537892333527
-0.160066492989867,"r2",0.0119514820126115
-1.93385740813435,"r2",-1.49142674308898
0.978662893915321,"r2",1.04949494252466
1.17965647296356,"r2",1.62920851422863
0.119775777299978,"r2",0.360830457382223
-0.882082971839102,"r2",-0.656216292974955
-0.468068809604575,"r2",-0.296896940125105
-1.09756461653933,"r2",-0.768767124357336
-1.16363488185288,"r2",-1.0167075296328
0.983449238570225,"r2",1.19117377098023
0.390779880051604,"r2",0.5126649190789
0.587234932985711,"r2",0.727721347499585
1.04981007157035,"r2",1.23957347127637
1.74009871078653,"r2",2.11388494016732
1.72667589800663,"r2",2.23154710460267
1.20481563383982,"r2",1.51641539644179
-0.516860260132896,"r2",-0.310171638602686
0.757137021615196,"r2",0.85266372376156
0.459739182461866,"r2",0.607001027294866
0.576448567351156,"r2",0.760940185418645
-1.50044572331586,"r2",-1.16440204149557
0.379799441985835,"r2",0.426000669728907
0.7886854398774,"r2",1.07745744838344
1.15581350126895,"r2",1.54998328388232
-1.83098578180959,"r2",-1.3491562831512
1.42841832567459,"r2",1.6092131711276
0.995677412337722,"r2",1.16794436912285
0.299650990857483,"r2",0.237813284403931
0.345858865804745,"r2",0.563658223994055
0.118119137810273,"r2",0.116367950595026
-1.11972145557194,"r2",-0.911000897466183
1.4153256347736,"r2",1.92463782528151
-0.562631683655206,"r2",-0.590412257671393
1.27341208763121,"r2",1.42662903335007
0.147450649514856,"r2",0.356445235446783
-1.18886085667267,"r2",-1.0449972814858
1.12650466451115,"r2",1.280658038565
1.67845666382676,"r2",2.24837029777614
1.66634911158928,"r2",2.02677604321279
-0.0429176372538105,"r2",0.0809386062731029
-0.906774312904057,"r2",-0.829145483245986
0.348859105042546,"r2",0.338825936804302
-0.34545731787651,"r2",-0.127950583547602
1.13670993033398,"r2",1.49238066007814
-0.44515117840375,"r2",-0.494912398075574
-0.938250965626533,"r2",-0.805120813502233
-0.0317175045023226,"r2",-0.147606886835402
0.579625974858359,"r2",0.699845795656836
-1.31620002558007,"r2",-1.07183251631368
0.621856335916364,"r2",0.620139978938763
-0.394377061795975,"r2",-0.400099183126121
0.0701888579214047,"r2",0.181017724014946
0.277878291176351,"r2",0.151857538676929
0.00991066349398961,"r2",-0.107880706170571
0.137659581137418,"r2",0.445001021875824
-0.304236570593131,"r2",-0.0426468818878949
0.380759882696116,"r2",0.412006891597163
-0.545855434244206,"r2",-0.312250110218817
-1.85911870152352,"r2",-1.31294475153709
0.933939535524498,"r2",1.20499863019371
-1.00806315225787,"r2",-0.75036460272422
-0.325374606368251,"r2",-0.0833904459141356
1.05277171423454,"r2",1.17662629505185
-1.04855283534649,"r2",-0.880182833725962
-2.2264081098082,"r2",-1.56732663892264
0.745222798740508,"r2",0.499823831773942
-0.885970297172784,"r2",-0.642985481823047
0.574624369458403,"r2",0.4678421091485
0.432464973869866,"r2",0.54500776189397
1.70470317334583,"r2",2.1997850449757
0.422518260863796,"r2",0.589358751004499
-1.01238370438524,"r2",-0.642084625491675
1.1911804941766,"r2",1.56956586817529
-0.493419075764764,"r2",-0.623766996623168
-0.520299804712529,"r2",-0.614935448640453
-0.717340369750179,"r2",-0.643064336795979
0.0849925480363884,"r2",0.0617788161210919
-0.0978928411568271,"r2",0.07536217502868
-0.337818417202358,"r2",0.0379333522974213
-0.223775717689208,"r2",0.083177431907716
-0.674257314129137,"r2",-0.535445523360103
-0.608417010671751,"r2",-0.675171763522535
1.32232240328268,"r2",1.85913799191137
-1.69606758814016,"r2",-1.23708163877583
-0.897121683626532,"r2",-0.602547051939808
-0.856704305484599,"r2",-0.835648398051978
-0.618396877842435,"r2",-0.508363972662395
0.846697303922077,"r2",1.28417554464672
1.58993794370253,"r2",1.88793391495843
0.678695580938909,"r2",0.976891700739825
0.533299277710076,"r2",0.739471794316122
-0.199236507544926,"r2",-0.195265842565255
1.33021921574474,"r2",1.73222833383832
-0.852510340374569,"r2",-0.64343709363427
0.0802431200364183,"r2",0.149954674587607
0.0754106875521978,"r2",0.150669849461285
-0.501141733182749,"r2",-0.491452755100178
0.206511632003331,"r2",0.329192764937302
0.535763081026802,"r2",0.673795505626812
0.0331887170033867,"r2",0.163594664965163
1.01833009450784,"r2",1.26752143084667
-1.70515448719745,"r2",-1.27173745706045
0.473501936742987,"r2",0.420240153954338
0.0672227500597351,"r2",-0.114171023034245
0.198596395794496,"r2",0.373107300500933
-0.327077293338932,"r2",-0.138279542969044
1.05661432241477,"r2",1.34073985217746
0.959718783340906,"r2",1.27182372744606
0.778405800361011,"r2",1.05418361736
-0.102922783361944,"r2",0.0800070475331513
0.337839843541365,"r2",0.534553768862561
0.383992237952805,"r2",0.518612855256882
-1.62034796794441,"r2",-1.19985115710687
0.917382450545389,"r2",1.1208034841107
-1.762931828852,"r2",-1.34865107561464
0.641397617035276,"r2",0.837573154797154
-0.261512612916296,"r2",-0.110004319626861
0.605171749968981,"r2",0.856219389969158
0.600216310303128,"r2",0.783299420930418
0.953613894306711,"r2",1.23346067602684
-0.122688727044967,"r2",-0.179012491531516
-0.947305189376282,"r2",-0.894162873866569
-0.300923577803789,"r2",-0.0886983395987552
-0.270319290092613,"r2",-0.146120200740347
-0.391700209088248,"r2",-0.41188221396802
1.12449809321829,"r2",1.36019179155053
-0.143907131926385,"r2",-0.420920053811033
-0.125306771863473,"r2",-0.420415015820514
0.242719081532357,"r2",0.208351698853507
0.944474576830407,"r2",1.31449445987355
0.435070209863289,"r2",0.508716584943039
0.168154152384443,"r2",0.159232812216936
1.09115663119759,"r2",1.43150818639679
1.34199191193454,"r2",1.84871201558665
-1.65485291992466,"r2",-1.2023519557049
0.713189076846092,"r2",0.447019736277551
-0.506658569421438,"r2",-0.350554129175058
-0.585699102298359,"r2",-0.46524959763021
-0.335154000314674,"r2",-0.316983685511038
0.26054226963965,"r2",0.181129711862543
-0.329827004966125,"r2",-0.0914746688489844
-0.0161522088251799,"r2",0.151347401613531
-0.0864864452124443,"r2",-0.115256252362449
-0.114408465625857,"r2",-0.0829202566866062
0.934170588205364,"r2",1.17942187751469
0.169726888442999,"r2",0.0269130774713814
0.409018865658909,"r2",0.561996568892804
0.632138405992442,"r2",0.791600085024018
-0.315890439971756,"r2",-0.382966198110191
0.876615938248352,"r2",0.920039765354184
1.27613916885942,"r2",1.75562518566594
1.84174652781883,"r2",2.2808915281824
0.141946346235404,"r2",0.352679167554425
-0.0525934574896601,"r2",0.0618029081362202
0.109514094514692,"r2",-0.0528695671564768
0.485887282333298,"r2",0.627328277770663
0.092125612760356,"r2",0.140722538190656
-0.171805733362731,"r2",-0.303785960751389
0.619659503936854,"r2",0.54964634792481
0.996110761535856,"r2",1.20611595050945
-0.481157360425147,"r2",-0.27282376761761
0.431887076063827,"r2",0.618966603804106
-0.611631929627243,"r2",-0.389395664050118
0.412209966309351,"r2",0.336672408497136
-0.753582289876362,"r2",-0.468000878604546
1.16212769980564,"r2",1.38081221613498
-0.113395649246357,"r2",-0.0276285097123492
0.550307888940176,"r2",0.801756239955467
-0.634094013013973,"r2",-0.477032460437825
1.06032942019534,"r2",1.4594118142518
-1.76198139978968,"r2",-1.31659397615921
0.206228774213279,"r2",0.27861879558163
-1.24281556498583,"r2",-0.968924451946732
-0.302397961761135,"r2",-0.464489097874274
0.531088301199936,"r2",0.813955370904372
0.309240822770482,"r2",0.547750843161171
0.19041190471826,"r2",-0.0288563535087367
0.675939720750829,"r2",0.514466821747771
0.537238739915322,"r2",0.612302474546568
1.63259624429719,"r2",2.17188318484276
-0.838850533112316,"r2",-0.471048471163696
-1.13200595365492,"r2",-0.924208872641771
0.779959764278187,"r2",1.08579693813131
0.0138745538020076,"r2",0.0100219398021559
0.334865450131161,"r2",0.507958056422138
0.507594711428437,"r2",0.745330286783563
0.842360317572538,"r2",0.913426011220614
1.53926703522114,"r2",1.98198259963892
-0.124342608765689,"r2",-0.0598221013245723
1.47162592473627,"r2",1.8603763610455
0.820855825357644,"r2",0.887745238116245
-1.99747759098986,"r2",-1.39533341571848
-0.687259838742508,"r2",-0.737252375640631
1.03262576746777,"r2",1.33144105447337
0.580120971407608,"r2",0.77407807381796
1.02940209158372,"r2",1.39253542723916
-0.283960258913198,"r2",-0.144750361671277
2.08512446953033,"r2",2.67415423059665
-0.166839576605489,"r2",-0.0476857673990119
-0.475809170386803,"r2",-0.335115634663644
0.594404713415982,"r2",0.809274483351244
1.40159060956205,"r2",1.80073038762953
0.880232943038276,"r2",0.935726225582975
1.48563605262125,"r2",1.80322483487679
-0.00397711438491369,"r2",0.167619445831464
-0.0439225096579048,"r2",0.204886543797486
-1.39777120820045,"r2",-1.07943215203927
-0.0972978499388608,"r2",-0.266260071899826
-0.204319646045089,"r2",-0.0672653921709734
0.622127315377336,"r2",0.64049263871313
0.649048290874612,"r2",0.999061451399089
-0.209507386498542,"r2",-0.0102653770923039
0.188855817632584,"r2",0.336418470321647
-0.420235819844056,"r2",-0.277722831151793
0.010897448168394,"r2",-0.0839846534668742
-1.49383075243006,"r2",-1.17789645278568
-0.959687155504784,"r2",-0.885176019082092
-0.390436018845034,"r2",-0.58165657499646
-0.713865547597943,"r2",-0.495235930195542
0.71097376567648,"r2",0.875970938921753
0.197091149545972,"r2",0.286274227667538
0.279649269191224,"r2",0.531230765972921
-0.241628559144097,"r2",-0.277812090549097
-0.196602668218722,"r2",0.073255554358431
0.489564544679627,"r2",0.523774759289795
-0.911447777439185,"r2",-0.846527414336802
0.19954202937505,"r2",0.310844893202942
1.8286650238644,"r2",2.51762963162681
-0.222547715816399,"r2",-0.0693673844781086
0.142489421028977,"r2",0.477659953607872
0.275786107423004,"r2",0.680780458451503
-0.543548657376791,"r2",-0.354860893665265
-0.436955765763672,"r2",-0.139922651689967
-0.662056514416291,"r2",-0.634270916765732
-0.171237417113414,"r2",0.0490325840285676
-1.26373173978731,"r2",-0.89075638157387
0.357157364446121,"r2",0.473090728941818
-0.435617953215661,"r2",-0.22093452918429
-2.14523871320446,"r2",-1.38418842859551
-1.34294848966004,"r2",-1.03809116499487
0.238743152644929,"r2",0.349047126113777
0.663660953418063,"r2",0.648365136632859
-0.46402471049871,"r2",-0.484870795103957
-0.458211766959683,"r2",-0.257762092032983
-0.0357964916962566,"r2",0.0583966791164916
0.310659695193613,"r2",0.25077542949197
0.230181658549049,"r2",0.497986721921932
0.426719696554743,"r2",0.559639351480913
0.614839594504526,"r2",0.883869863781052
1.60572208852077,"r2",1.67695265728793
-0.129527009370926,"r2",0.1122071121415
0.059226199569892,"r2",0.387752228315011
0.0916861191247366,"r2",0.13671212371898
1.5785442585487,"r2",1.9173204009705
0.831568335460497,"r2",0.896271636370323
0.989711232134976,"r2",1.44699987442044
-0.547068690166053,"r2",-0.44870885931284
0.256660762752527,"r2",0.313854760885155
-1.27870572458015,"r2",-0.967774530831228
-0.597088166875961,"r2",-0.486265587823414
-1.53461422086773,"r2",-1.11565015512893
0.64770026571448,"r2",0.753048224899493
-0.194312637662973,"r2",-0.0272328851695272
0.0163614573297029,"r2",-0.158251090745845
0.144443860795074,"r2",0.299663183551709
0.630266201361101,"r2",0.752013445880388
0.706906396293079,"r2",0.746846311198027
-0.334026226983322,"r2",-0.198919694564
-0.782696017147338,"r2",-0.76989143708445
-1.38755556239354,"r2",-1.02792670129031
0.978638430618376,"r2",1.31349876948119
-0.477177688205608,"r2",-0.433963449294958
-0.921560436429465,"r2",-0.823037892949952
0.740566576426565,"r2",0.835535965965383
-0.364706405467498,"r2",-0.0958548467293707
0.397900338073279,"r2",0.416917092278936
-1.48172217382744,"r2",-1.12180071474156
0.438085838667423,"r2",0.0954186783350797
0.109694760851716,"r2",0.00587759107947118
0.0616018261281982,"r2",-0.064517765165313
-2.1563170616191,"r2",-1.51431730853216
-0.307555470536541,"r2",-0.637536114351885
0.3942032869341,"r2",0.85397747982189
0.609327685536332,"r2",0.717766118933445
1.75064338366898,"r2",2.15183328913493
-1.24158342731739,"r2",-0.887782307364889
-0.700090771578523,"r2",-0.580552480885766
0.591066847199747,"r2",0.851515558487618
1.47058411131939,"r2",1.89522346143427
0.293028821560263,"r2",0.103252899434391
1.02019476212308,"r2",1.24745030837758
-1.0558979215845,"r2",-0.904045875504038
-1.52139552272922,"r2",-1.0993469825174
0.158452903718776,"r2",0.409582288998063
-0.718538813671589,"r2",-0.667897489738238
0.895877769707799,"r2",0.773566298257989
1.01129931084909,"r2",1.3625665164548
0.418633227534558,"r2",0.463937404962249
1.43811916915857,"r2",1.72772428858947
0.679239530923482,"r2",0.92241227460341
-0.250324762358975,"r2",0.0578415222721904
0.271412029477959,"r2",0.265959069670642
0.519321627429943,"r2",0.815277982952832
-0.880738626013147,"r2",-0.557875747544686
-1.82461623157462,"r2",-1.30043440477675
0.950616058105276,"r2",1.11615310305925
0.992715358897067,"r2",1.10677132732119
0.499291552373523,"r2",0.483265593459351
0.696427661680017,"r2",0.800445908199298
-0.510285307034174,"r2",-0.117560756247681
0.0452385351644174,"r2",0.17538636388677
-0.291052569414804,"r2",-0.121680183545718
0.648308237779904,"r2",0.853875037626647
1.26702024083791,"r2",1.40449922783202
0.203374943511287,"r2",0.487897370669339
-0.383291354528758,"r2",-0.259326522565141
0.716253565342213,"r2",0.864672860795517
-0.852044134195768,"r2",-0.595482817151187
-1.34697951848032,"r2",-0.980561254100996
0.469807631082277,"r2",0.420226200157819
1.14273110277427,"r2",1.57527205482545
-0.518794937977279,"r2",-0.318056559131171
0.123793623522683,"r2",0.228747881917165
-0.844166033928174,"r2",-0.60662426228673
-1.29628765996642,"r2",-0.902720446020416
-0.23685085594431,"r2",-0.276052387249416
0.00987727089802227,"r2",0.170895779620634
0.110850014824011,"r2",0.0423545130497788
0.20621958306985,"r2",0.295055857164464
1.08403177599516,"r2",1.38320904118395
0.118988927986703,"r2",0.22659445096765
0.529253148724691,"r2",0.680536884009311
-0.459065100227202,"r2",-0.305781303946095
-0.284711344803387,"r2",-0.133588883321004
0.758679745924797,"r2",0.837975261458586
0.817387524506046,"r2",0.807493412905453
0.148167798391974,"r2",0.315699652408349
1.49082059047582,"r2",1.98810517493501
-0.76319801125823,"r2",-0.516657309547273
-0.820170780949464,"r2",-0.678046967314566
-0.259814428626064,"r2",-0.0631473475509337
0.0657887868735817,"r2",0.281781675337309
-1.77846515681464,"r2",-1.17916318289922
-1.16917002610573,"r2",-0.871854841108952
-0.458808230726669,"r2",-0.245709968787158
1.97672182441451,"r2",2.75156425845111
1.04052975803445,"r2",1.23767536932684
1.56731718305094,"r2",2.01941296601093
-0.392415362051139,"r2",-0.638767016153549
-0.017647636686064,"r2",0.222418745999743
2.01679257970629,"r2",2.44217211370538
-0.0810630771769991,"r2",0.0156387292264884
0.417710300263053,"r2",0.391331722738188
-0.200739498017017,"r2",0.102646141393561
0.0723550265446647,"r2",-0.017191473595927
-0.119206617142143,"r2",-0.326682425244999
0.180998645992501,"r2",0.292049839637965
-0.108519246200464,"r2",0.010198079673546
0.826742812516708,"r2",0.683999269623498
-2.36208087276643,"r2",-1.59094991271764
0.752033234111321,"r2",0.910458294168139
0.225617927540029,"r2",0.168475320218995
-1.87029846510706,"r2",-1.24693240142794
0.00399272701425271,"r2",-0.0782806300034832
-1.47483038787021,"r2",-1.06685007611311
1.93189150174885,"r2",2.37167890283265
-0.0491704936765059,"r2",-0.00491275000534731
1.15877117432783,"r2",1.42294402974368
1.57044806579807,"r2",2.0016758538708
-0.177644819140232,"r2",-0.136491930926458
1.53122925788106,"r2",1.7271793936411
0.344181451843009,"r2",0.38366138458936
0.151130324746159,"r2",0.289727861546078
0.427900499413668,"r2",0.419440676990375
-1.29812553665949,"r2",-0.86686688068663
-0.0939950410502403,"r2",-0.23057183600053
0.45385718869297,"r2",0.374000055353302
0.097930985240081,"r2",0.173379315809044
-0.427106661212345,"r2",-0.210471074046559
-0.385651005363476,"r2",-0.358569085689873
1.96763473047809,"r2",2.56361759170983
-0.0839156563586544,"r2",0.118621939044426
-1.48530389155192,"r2",-1.11563257238987
-0.922107978381789,"r2",-0.816739015863385
-0.0537652760205106,"r2",-0.0317193797054065
0.731508018010787,"r2",0.900262636216052
-0.334795197566126,"r2",-0.305185431658165
0.79277060787575,"r2",0.649254866403475
-0.255807114166376,"r2",-0.124041152112673
1.16512049640188,"r2",1.54290630683275
0.597291364493806,"r2",0.690052256478235
1.26728380736641,"r2",1.20111281776916
0.158705060863244,"r2",-0.0444429833582755
-0.448424994737432,"r2",-0.31879788963626
0.290398731911098,"r2",0.400082261372559
-0.269809386972405,"r2",-0.123433785218747
-0.304357670291361,"r2",-0.155996966548695
0.151405641912166,"r2",0.459948049139526
1.60648167219581,"r2",1.90838041635894
0.623353078897929,"r2",0.945712031722556
0.947455386798767,"r2",1.25720953915836
-0.309526558249126,"r2",0.00272560328518978
2.06472683543609,"r2",2.43730502752877
0.239232534239979,"r2",0.501229695131952
0.471552904848953,"r2",0.732021875331727
0.205811691097737,"r2",0.412905326711583
0.0513260189014559,"r2",0.0995371961035901
-0.771184666445798,"r2",-0.73065235642549
-0.54518208252071,"r2",-0.7132647664354
0.811652140658442,"r2",1.05225287033768
0.187229195119792,"r2",0.420068060928605
-0.535463315441409,"r2",-0.535335286007391
-0.410580940944962,"r2",-0.117763082088933
-0.0514787605421238,"r2",-0.0240567324053527
-0.61546180254095,"r2",-0.470053124521978
0.728119112062782,"r2",1.01723844472426
0.516643192149299,"r2",0.468433814989198
-1.58471665113854,"r2",-1.18092876276565
-1.44191717609677,"r2",-1.09405270365954
0.0237406275684708,"r2",-0.010378989209304
-1.26002176547423,"r2",-1.05863023523405
0.582735625634135,"r2",0.732644044733643
0.258694334115903,"r2",0.451999359588487
0.18322661941409,"r2",0.228371016323817
-1.2943941999865,"r2",-1.01286915204894
-0.242851294660276,"r2",-0.0550875084289133
0.752878856727047,"r2",1.13212917198987
-1.19411993588883,"r2",-0.866664678514569
-0.441923728709878,"r2",-0.322602855137769
1.56363617061115,"r2",2.22866307100795
-0.0773522624865741,"r2",0.0681063674178867
1.89295715387845,"r2",2.57271094502586
-2.69299165238776,"r2",-1.5341095268426
-0.434957687467603,"r2",-0.305771972982489
-0.0096238084950701,"r2",0.141749623111325
0.0510625353303605,"r2",0.243060429943764
-1.70842252164118,"r2",-1.19649813256383
-1.68218271473614,"r2",-1.30657686388231
0.268707711484669,"r2",0.466982189001949
-0.419109899065863,"r2",-0.493777944776009
0.629736184381666,"r2",0.915671414445059
0.786015651078309,"r2",0.496619321269471
0.842163965215036,"r2",0.850409693014292
-0.507298045631471,"r2",-0.372109802345398
0.777916335520616,"r2",0.946019212928421
0.381582140195984,"r2",0.630622653092714
-1.65502958510113,"r2",-1.15368060803562
1.25459218229494,"r2",1.58403566189038
0.483412332803064,"r2",0.767929176655635
1.29948764488386,"r2",1.51198452908702
-1.82411667286726,"r2",-1.33067901331232
-1.07478749266496,"r2",-0.797944836276061
0.813048502143287,"r2",1.04792089216486
-1.13151279441712,"r2",-0.925362768979229
-0.572110460795986,"r2",-0.743415868001915
1.06224125545418,"r2",1.41770800640444
-0.72238852097589,"r2",-0.590458993472454
-1.49640178529505,"r2",-1.13679869625151
0.986489052198982,"r2",0.954842835460354
0.775721872079968,"r2",1.03018189657808
1.41349199619072,"r2",1.83976132473945
1.21953419597115,"r2",1.60768417308739
-1.2229897735342,"r2",-0.942258903936905
0.8479609155848,"r2",1.03361310870796
0.720282084167874,"r2",1.06146728647491
-0.0974914560630208,"r2",-0.000596549593886462
-0.771163960157568,"r2",-0.791601834471438
1.84735360233018,"r2",2.47760097087059
1.15251810676782,"r2",1.40196408510173
-0.215395971133445,"r2",-0.197094462891538
-1.95899806427375,"r2",-1.37350002270302
1.13653832155719,"r2",1.48971213165393
-0.139273473707438,"r2",0.077810611333556
-0.975962307484316,"r2",-0.73315606396065
-0.800070452185247,"r2",-0.777015131986145
0.0582726849978877,"r2",0.149999819438939
0.346368406524401,"r2",0.471478265669283
-0.703840130739975,"r2",-0.512280494241883
0.132397481310947,"r2",0.240798456097914
0.137535079581368,"r2",0.259765775214867
-1.36104797887216,"r2",-1.01954277452339
1.19254778651607,"r2",1.61106694316442
0.535447309110796,"r2",0.498106451510642
-0.273678387127696,"r2",-0.32084711979081
0.353020385976286,"r2",0.103573576317558
-1.5480947298797,"r2",-1.20389807245594
1.56281020521221,"r2",1.79928866455035
1.78173437326839,"r2",2.24545647792727
-2.28484863765097,"r2",-1.57708863346554
-1.06393664574179,"r2",-0.835854955124442
0.773752161674889,"r2",0.917808081899897
-1.02872775239285,"r2",-0.848235796053809
1.157036857233,"r2",1.16545149905385
0.863421768886946,"r2",1.07250816810048
0.714638846560223,"r2",0.929567589018526
-0.000732297919540081,"r2",0.229220867456522
-0.447596227413203,"r2",-0.354944932810761
-0.362383222742411,"r2",-0.437241438243467
0.89865504236351,"r2",1.34531771966564
-1.52943757793999,"r2",-1.17610185232044
2.18999940847165,"r2",3.07892496056819
-0.608956153970594,"r2",-0.663573276241788
0.514544615658813,"r2",0.586834934147103
0.34205067133859,"r2",0.454156197951272
0.307481210789252,"r2",0.633687012857344
0.83439845643348,"r2",1.03175936440899
2.14948157681861,"r2",2.94472995980747
0.613985517451164,"r2",0.940558199521222
-0.653324600261455,"r2",-0.540108932628554
-0.0420002491192136,"r2",0.105688205588029
0.27854223808452,"r2",0.252097916747807
1.08604848448564,"r2",0.822976320184508
0.453912888590926,"r2",0.337281942479316
0.516355500616014,"r2",0.89627032676358
-0.539730684291631,"r2",-0.352473664211011
0.111128422136039,"r2",0.330291368836187
-0.2810976096132,"r2",-0.0579226185810387
-0.664662154149946,"r2",-0.551886170042503
1.11055305810791,"r2",1.37372549455224
-0.0534119963653248,"r2",-0.139430455330775
-1.08033274708542,"r2",-0.908826137560157
-2.18637652946627,"r2",-1.48347433426527
0.164931561083996,"r2",0.254945692110409
1.18605094447547,"r2",1.42487734541736
0.818276269250578,"r2",0.901646856432688
0.356275283201931,"r2",0.569758491163668
0.424591726437741,"r2",0.52679685869643
1.41878696784794,"r2",1.44395927632554
0.925099082339222,"r2",1.47875260695788
0.54519476060905,"r2",0.928037985337094
0.435041512940969,"r2",0.450815093809378
0.924588012344855,"r2",1.12004591421452
0.0739827478565223,"r2",0.149676892326402
-0.478013690404599,"r2",-0.303900433035086
-0.758012034605078,"r2",-0.622826109918711
-1.49420120472234,"r2",-1.05757059802305
0.113276236142981,"r2",0.400552306660622
-0.495863376615139,"r2",-0.397527515043653
1.00264795869433,"r2",1.15783384767046
-0.515089846590906,"r2",-0.599404820375926
0.806971202468025,"r2",1.07098174809196
1.89251139766497,"r2",2.54424956583406
-2.2704668518518,"r2",-1.54954674656599
0.181339596239675,"r2",0.300833797255504
-0.726092388652726,"r2",-0.519549096738781
0.237925860853545,"r2",0.170476752361393
-0.859829652663916,"r2",-0.818772748574048
0.614954634996138,"r2",0.457061636206564
-0.423815715572869,"r2",-0.23498162479329
0.309070094331526,"r2",0.107558904958597
-0.40743648903478,"r2",-0.446017565024995
-0.715024612705263,"r2",-0.48173235257636
-0.775596477897,"r2",-0.364303961912626
0.520265070416383,"r2",0.816942539845824
-0.843626825577154,"r2",-0.599799507910992
-0.339495646273297,"r2",-0.155951281312342
1.44528342286369,"r2",1.94781556312001
-0.273134765741186,"r2",-0.231635560727619
-1.40330541644153,"r2",-1.13062290997545
-0.830855101870733,"r2",-0.586312725622789
0.899325585093284,"r2",1.20107387280923
-0.910842459682942,"r2",-0.665227876061003
-0.0708359240783816,"r2",0.192734438284441
0.161870005662632,"r2",0.277906485735691
-0.487926976325198,"r2",-0.266630791638999
1.93778190768348,"r2",2.54816338422953
1.00377169653328,"r2",1.21675246631995
-0.759231035406539,"r2",-0.525888286061673
-1.62508595518398,"r2",-1.20239370572074
0.267932313913698,"r2",0.405998190857517
0.518771157759277,"r2",0.823419892514118
-1.41088945788786,"r2",-1.12483669576157
0.673368396591121,"r2",0.923284815660702
-0.559506012671541,"r2",-0.468351478745056
0.346549431943573,"r2",0.254982633234027
1.69157074713557,"r2",1.95409526529881
0.908019021271131,"r2",1.04652267209539
-0.388492431596647,"r2",-0.31928353042059
-0.898462868662697,"r2",-0.66642301091967
0.93242297725475,"r2",1.30546607918745
-2.50187915309847,"r2",-1.72190787009183
-1.34742279665849,"r2",-1.02110273982189
1.61357973672139,"r2",2.25785501392781
0.825662272354969,"r2",1.03441382095737
0.45707941301941,"r2",0.375839005648667
0.759254108008704,"r2",0.859839478519129
1.02556748789597,"r2",1.20695569592604
0.341879156332251,"r2",0.390669410277151
-0.204048088178895,"r2",-0.134243169760093
0.806864962609746,"r2",1.00037667321259
-0.645778900425424,"r2",-0.414106172698558
-0.358570898900424,"r2",-0.130275266512203
-1.08826882138393,"r2",-0.955535269731007
1.04803454300118,"r2",1.06711422759015
-1.97640117221912,"r2",-1.34332924546565
-1.57922898665327,"r2",-1.16960085508674
0.367742941203224,"r2",0.536334995801745
-0.575721397913798,"r2",-0.39609242138496
-0.909184670503595,"r2",-0.602562749031745
0.876563888480404,"r2",1.04428988297372
0.247604225905954,"r2",0.506639559640794
-0.526081836705694,"r2",-0.313188430922154
-0.432216324170627,"r2",-0.431920052961709
-0.48247888222841,"r2",-0.32537638489302
1.16935971376492,"r2",1.55570804510749
1.14625640817706,"r2",1.5691318319824
-0.115225261248906,"r2",0.0255577372287239
0.283531885770406,"r2",0.393355450907494
0.0494480449478575,"r2",0.226814607909804
-1.2487816686221,"r2",-1.03038487513642
0.544374165795257,"r2",0.696240882655182
0.0295629693060619,"r2",0.233148437386896
0.548929548742107,"r2",0.619524107687247
-0.618618712942558,"r2",-0.278093785488602
0.85227361943716,"r2",0.846840239493492
-0.635467653038037,"r2",-0.623404911367996
-0.850722188093133,"r2",-0.613998424879144
1.53211184094936,"r2",1.97172784927417
0.543337481974138,"r2",0.503932806324076
-0.935990039723024,"r2",-0.862739691523406
-0.104248907039403,"r2",0.0346691325491448
-1.75133645463095,"r2",-1.32379443701655
1.47613925521206,"r2",1.93043750312328
-0.776431162411074,"r2",-0.783052242886059
-0.478155755748119,"r2",-0.552485283804964
2.22976257845472,"r2",2.81074584457626
1.01089879861184,"r2",1.4251282106524
0.109142566459584,"r2",0.139003211655484
-0.245064565178849,"r2",-0.138647537804985
-0.00366664455863856,"r2",0.316333271530867
1.32700289122687,"r2",1.68868131751808
0.426518708899289,"r2",0.476871126384296
0.52090928800523,"r2",0.80242730226614
-0.257028345798664,"r2",-0.0124840710185711
0.50104629455286,"r2",0.967418809790374
-0.277226387559931,"r2",-0.0773294511240541
-1.24716980157971,"r2",-0.939153612867701
1.4423176439355,"r2",1.45958436652134
0.0977606024352405,"r2",0.226886131903742
0.169277715930259,"r2",0.130244847425011
-1.83411885040411,"r2",-1.34144609607834
-1.53944101770674,"r2",-1.12650826993971
1.12331769637415,"r2",1.20370102616074
0.685200752194465,"r2",0.735897710555004
-2.95586907868411,"r2",-1.97574925709047
1.76578237607162,"r2",2.02179383032165
-0.642907457091892,"r2",-0.316747416677323
1.42410979237878,"r2",1.78911352277144
0.491555262128091,"r2",0.871421262255246
-0.486647634922923,"r2",-0.561755059003202
0.211398456776842,"r2",0.393013742539143
0.102807899330433,"r2",0.272501520177659
0.797275949619797,"r2",0.883803352839734
0.982232067077287,"r2",1.16007776066746
1.07120401649016,"r2",1.40627590314724
-0.155520351651407,"r2",0.040870678898238
0.862369706554013,"r2",1.01218786376339
1.15987093256114,"r2",1.61646960927349
-1.19858607608064,"r2",-0.924413583455993
0.474125079113986,"r2",0.773743448173271
0.691279425446458,"r2",0.666415184249626
-0.419363532104368,"r2",-0.273179650440823
0.885031354526073,"r2",1.20136179766541
-0.083511814380655,"r2",0.0658315432124215
-0.311806877595699,"r2",-0.270597854170369
0.16369223675391,"r2",0.376044429802255
0.442871282616787,"r2",0.688799057060768
-0.0504857301320327,"r2",0.140019637075899
-0.459890327117092,"r2",-0.423358081924882
0.579204637029584,"r2",0.717386557200317
0.500025929351411,"r2",0.440934548394301
0.399816986454897,"r2",0.549803419841661
0.421142813787712,"r2",0.67074462882625
-1.01113977884329,"r2",-0.733204742429438
0.391999004143848,"r2",0.435461300755857
0.507249128818927,"r2",0.725081564747662
-0.644703364871409,"r2",-0.432501019487638
-0.401479642922225,"r2",-0.233885476230476
1.36840545112849,"r2",1.3019919329742
0.157770082918888,"r2",0.293475081926122
-1.33243516217239,"r2",-0.927765303078476
0.800370405086851,"r2",1.06986837526213
1.45386946852097,"r2",1.86482204380692
1.17614973732512,"r2",1.43011817927912
-1.69560808306864,"r2",-1.22835876242537
1.09007297036608,"r2",1.35312568512828
-1.96889177449976,"r2",-1.31243205314363
0.915658990507815,"r2",1.02918302487831
0.728447034116523,"r2",1.01591123267141
1.44295616403836,"r2",1.61986401852178
0.488397138316285,"r2",0.564732300412829
-2.26383966471573,"r2",-1.35778677487716
-1.10759265888958,"r2",-0.942868146124339
0.601100371811982,"r2",0.949840408416839
0.308849200843211,"r2",0.439644488049243
0.390760144698789,"r2",0.582219239025378
-1.06086903781405,"r2",-0.875690082764719
0.467266122741586,"r2",0.521263773798396
-1.45657696665132,"r2",-1.10146517651043
0.78669079978095,"r2",0.965231862717396
0.852778555259822,"r2",1.09289868852444
-0.583351509208524,"r2",-0.318900057275831
-0.0267885515867098,"r2",0.222138733735408
0.611941213906748,"r2",0.70462006171643
0.799165058559779,"r2",1.10727526781617
1.08148519456577,"r2",1.24149496686452
0.658074701607584,"r2",0.832767345771549
-0.810476527062412,"r2",-0.589073796108734
-1.76940874364195,"r2",-1.27432330328853
0.617714083365186,"r2",0.906441950477604
-1.31343644224857,"r2",-1.02961857813262
0.833004944342314,"r2",0.445503196297145
-0.388993069921642,"r2",-0.288567068992228
2.29576461940971,"r2",2.97037757105362
-1.6232919315903,"r2",-1.17712177009681
0.00904242128166853,"r2",0.191180548362857
0.58775512335781,"r2",0.778980343442295
0.0975990472672255,"r2",-0.125771901411522
0.159085269734396,"r2",0.214975124643301
1.20441531549697,"r2",1.52129640779807
-0.460152498874488,"r2",-0.361823539834533
-0.340008486268915,"r2",-0.35289497831009
0.065594062755158,"r2",0.297999254726999
-1.05416246965071,"r2",-0.803931192401581
-0.322155825445322,"r2",-0.229789887234284
-0.208168788814073,"r2",-0.000529539674654695
-1.20436664654457,"r2",-0.956501365841678
0.294958592337626,"r2",0.480722736659493
-0.208944028928243,"r2",-0.0404032445998238
0.441836063856258,"r2",0.527338437487389
-0.267842311862764,"r2",-0.355999764837408
0.635735018680335,"r2",0.684411622920368
1.36592276708656,"r2",1.6136658167856
-0.209947227260558,"r2",-0.0594694942336029
0.355349665906681,"r2",0.58103022502094
1.13343920231391,"r2",1.4900862000604
-1.29912447141516,"r2",-1.01134287364246
-0.543753816532949,"r2",-0.451018493953306
0.895032168141073,"r2",1.20245069233995
0.280655769597072,"r2",0.35190399141058
-1.17821263134627,"r2",-1.04463158889292
-0.646385590770442,"r2",-0.347664683458716
0.394964943385606,"r2",0.492064155429386
0.0183393272201707,"r2",0.126456906365827
1.5938483930794,"r2",2.06525439979618
1.91448215767422,"r2",2.51871898711272
0.661355516880238,"r2",0.784722213332595
0.643270485508426,"r2",1.05223564148905
-0.533023074871487,"r2",-0.578367031381991
1.8445877341641,"r2",2.44140548705116
-0.0168278747190939,"r2",0.136942578104134
-0.854427076876728,"r2",-0.652996836090205
-0.590679280290499,"r2",-0.582648922271259
-0.423616666048766,"r2",-0.23109994684941
-0.0252523682133655,"r2",0.20892516126251
0.768028068405303,"r2",0.994378909140384
-0.0252211701462457,"r2",0.115437612106298
0.00837016855925967,"r2",-0.084781504249749
0.482477476458929,"r2",0.696945448547284
0.741373571128247,"r2",0.932341734827712
-1.00314261840547,"r2",-0.898579228379771
-1.00760685099302,"r2",-0.675474506855424
0.944509936465077,"r2",1.39289051746568
0.0853498288600069,"r2",0.370057600537327
0.880627243353587,"r2",1.01309546463423
-0.579552497862097,"r2",-0.365992743067893
1.04756061878173,"r2",1.36826403157757
-2.35359768338638,"r2",-1.59839945595506
-0.638452383322114,"r2",-0.544792238152944
0.538910194153881,"r2",0.705576844695138
-0.13591318525775,"r2",0.0992725247075604
-0.681506799026238,"r2",-0.382467397483491
1.34686297060594,"r2",1.74054548751458
0.058042094338495,"r2",-0.0706844677452485
0.633509736527381,"r2",0.740969992532527
-0.607530894578619,"r2",-0.353900667092643
-0.588211287726444,"r2",-0.589288871748523
-0.0447741398785328,"r2",-0.171136961130409
-1.34989690452076,"r2",-1.09979455924064
0.131290010692459,"r2",0.38629098967913
-1.82686081784148,"r2",-1.29226703811509
-1.80843216974445,"r2",-1.25902608699368
0.728790711440552,"r2",1.12532653217459
0.783582520209283,"r2",0.734304140882219
1.99689884280076,"r2",2.52941711892192
-0.540535756658379,"r2",-0.496182740142976
0.744499954866784,"r2",0.969643019046954
0.941554180290758,"r2",0.991146602694585
-0.434953179060682,"r2",-0.37092382290525
0.187241014884391,"r2",0.413305481020342
-1.15691352420704,"r2",-0.864713987575921
0.586001489661955,"r2",0.765190978955084
1.10603605889129,"r2",1.51301119349609
0.0172374264401539,"r2",0.0898979515774113
-2.28267435587316,"r2",-1.55191145854609
0.581714576713268,"r2",0.687053152191272
-0.31615303341908,"r2",-0.0745376695292709
-0.590419756557824,"r2",-0.581102720845829
0.0881078270089218,"r2",0.315746571359319
-1.33989832000233,"r2",-0.982252698531298
-0.745945851998968,"r2",-0.683091766188358
-0.287198625180871,"r2",-0.363934104885167
-0.45459104377273,"r2",-0.41648665013257
-0.00958490798525798,"r2",0.143298975505049
-0.629614308087874,"r2",-0.306039232363074
-0.881977500137777,"r2",-0.717359939906734
-0.0883082352487786,"r2",-0.113257469982606
-1.34534339111336,"r2",-0.99869098816255
-0.513598363049766,"r2",-0.487667681286229
-0.970171439777663,"r2",-0.726840589564824
0.132101437923277,"r2",0.307135494433238
0.204128006134422,"r2",0.330700117580909
0.017750173634886,"r2",-0.0858196602036202
0.264652381312042,"r2",0.473158689668628
-2.2390920316713,"r2",-1.56979916161234
0.811980927359554,"r2",1.07157569175789
-0.824616233202192,"r2",-0.520410781275043
0.54807501495613,"r2",0.686642991708989
0.185922152635802,"r2",0.190795031598992
1.08368858277784,"r2",1.35791438393904
-0.5473960111506,"r2",-0.376776884270933
-0.227203767209709,"r2",-0.296502346344432
-0.726358846684537,"r2",-0.463161038586448
0.819694782330206,"r2",1.06265014789019
0.148269094748474,"r2",0.541239289329663
1.07379852643553,"r2",1.25245323223263
1.32074552441354,"r2",1.67712893549013
-0.435434988889709,"r2",-0.264021867443514
0.201450401400782,"r2",0.360808171235364
-0.208329921629764,"r2",-0.56288999368522
-1.31233102972208,"r2",-0.987674538091523
-0.720707133189753,"r2",-0.569171144047667
0.321684181109618,"r2",0.453853752718647
0.3416166220274,"r2",0.617106874964474
-0.976615621910454,"r2",-0.800737335285867
0.15812463106122,"r2",0.16254259624444
0.507448939828277,"r2",0.379712888090232
-0.0398680173075083,"r2",0.0945950885424468
0.454367512652322,"r2",0.573441295689861
0.332281017856012,"r2",0.567064770158151
0.976390604508227,"r2",1.22578924908678
0.986489658819188,"r2",1.21974869964447
0.508077485387569,"r2",0.154628247223381
2.29891767248356,"r2",2.88930128678562
-0.0430372380884918,"r2",-0.0867838635546852
-0.312140269654204,"r2",-0.0391590315480561
1.02126211668913,"r2",1.55206927116646
0.18376549739138,"r2",0.0618261820623112
-0.150441994744371,"r2",-0.113519914181524
-0.643865845548413,"r2",-0.608637373933084
-0.0491231310531042,"r2",0.019991824980564
-0.783153507500101,"r2",-0.461122814454054
0.00708261372013448,"r2",0.24708104106047
-0.229788912960217,"r2",0.019612543501173
1.54424241993867,"r2",1.97391540880746
2.58051680582851,"r2",3.26794418941439
-1.24242837150724,"r2",-0.971342225315062
-0.577660356895764,"r2",-0.571414367921986
-0.791290909494388,"r2",-0.583918267731848
-0.690676697999336,"r2",-0.385931362072197
0.46896337837699,"r2",0.404287236100773
0.511030398818098,"r2",0.384344115009837
-1.74924592386634,"r2",-1.18974230418238
-2.56037332858029,"r2",-1.73777389831784
0.871681902214809,"r2",0.90324328188252
0.653923861942035,"r2",0.743817143263891
0.28273601418534,"r2",0.464636766753173
1.11335413088932,"r2",1.59681187684003
1.22354762738104,"r2",1.59689455672116
-0.426829991424268,"r2",-0.31994474957569
0.75829858081014,"r2",1.00969284533775
-0.0287485032336954,"r2",0.0522628544512058
0.300690939436165,"r2",0.267988931295769
1.10828381545697,"r2",1.14757031195464
0.590508632892001,"r2",0.83232684457738
-0.0365994817208123,"r2",0.152654901884859
-0.729693300638003,"r2",-0.651400860031849
-0.0323160907417674,"r2",0.0966549793034561
-0.97044770050909,"r2",-0.705796836915957
-0.718464867921719,"r2",-0.86714985901933
1.85622320285637,"r2",2.42222537084877
0.938089108378835,"r2",1.11546668279857
0.393781522899977,"r2",0.438333622056165
0.549605066944973,"r2",0.570027264921475
0.936809980592315,"r2",1.22970338136301
0.523636016922192,"r2",0.382136182544568
-2.78372751871352,"r2",-1.17060630405755
-0.255159132904428,"r2",-0.12299854782433
-0.621149439758322,"r2",-0.409845645355966
-1.66172535820041,"r2",-1.26531680510421
-0.429110986035029,"r2",-0.423465064472073
-0.29668300583355,"r2",-0.136463177392294
-0.387972270281054,"r2",-0.401418735377087
0.274133755829683,"r2",0.367637978341317
2.84392050573834,"r2",3.87562459156268
-1.70266254655683,"r2",-1.17110113543741
0.348881441634296,"r2",0.463021873230169
-1.18699668398259,"r2",-0.970168620525383
0.882687204287198,"r2",1.02522425906037
-0.152773946196421,"r2",-0.0516691443649253
-9.66271788502962e-05,"r2",0.00384727525906072
-0.575774622655923,"r2",-0.428658179312009
0.329595994199479,"r2",0.4283507065095
-0.00494758421280864,"r2",0.0331476247946386
1.09597920512418,"r2",1.53695026365217
0.222896492825858,"r2",0.35164573594056
0.0544367444653081,"r2",0.280370948617644
-0.0224933815423271,"r2",0.120686253611328
-0.773675042513105,"r2",-0.573988067365477
0.919710401020794,"r2",0.901039891366694
-1.76006518038775,"r2",-1.30416872054545
-1.51488207777689,"r2",-1.06946179414317
-0.600924399250389,"r2",-0.465907253825805
-0.0272736151397129,"r2",0.173658262799818
0.0390420111162676,"r2",0.103188134844235
1.83269347510201,"r2",2.27252955595073
-0.675629353244589,"r2",-0.549349945896725
0.830847548136964,"r2",1.04025821582913
-0.0265442162991463,"r2",0.113019766666243
0.717811484811372,"r2",0.939988075892312
-0.65350218898161,"r2",-0.8084406886364
-0.0546302070642822,"r2",0.10186754226328
1.99729900756411,"r2",2.80573683557684
-0.0454494815979865,"r2",-0.0611620017975061
-2.02616793449004,"r2",-1.2703557692017
1.43320866002517,"r2",1.60033211427691
0.658373250892521,"r2",0.987199734111395
0.429663110322796,"r2",0.728877220513064
0.0273785303636109,"r2",0.0368362749158328
-0.54409426278031,"r2",-0.395084195142672
0.508917030993681,"r2",0.695296500246698
-0.55835037077057,"r2",-0.35000829249252
-0.432472588992019,"r2",-0.641653008619376
-0.450909265270406,"r2",-0.416485193422675
0.92735817334532,"r2",1.0424235733937
-0.88102295561544,"r2",-0.799059829309807
0.716292962875074,"r2",1.06742654225688
0.43458369098355,"r2",0.568839875108207
0.321840841578969,"r2",0.460350225316958
0.862324541624815,"r2",1.03526129059231
-0.758206168243358,"r2",-0.658002871463505
0.586451958078731,"r2",0.967587417527554
1.16703299790182,"r2",1.38020880499573
0.203969184831148,"r2",0.281520916755401
-0.853736417880478,"r2",-0.501150475184674
0.0643033859557317,"r2",-0.0561702497055013
1.1856169672155,"r2",1.1686402424035
0.398314971218431,"r2",0.381218217496228
-2.07418741261436,"r2",-1.53827914700758
-0.449952863434153,"r2",-0.189610041484712
-1.23093369975692,"r2",-0.990881382805972
-0.0269836077584256,"r2",0.208732440963599
0.449891554679627,"r2",0.797041241675335
0.816555459954945,"r2",1.03549704481747
0.901084722919099,"r2",1.02136198337896
-1.37605826963073,"r2",-0.991872452549168
-0.0868846300703956,"r2",-0.0719992036163698
0.0425147918640768,"r2",0.233611217649465
0.966449105285623,"r2",1.21509844739963
0.601839433625451,"r2",0.628265176243723
0.556922142641606,"r2",0.639701434412832
-0.4614456894762,"r2",-0.221564021152456
0.414527764241832,"r2",0.315408376616081
-0.705153807278453,"r2",-0.632285712052009
-0.655770972877959,"r2",-0.562512805227477
0.49236514979962,"r2",0.687631795073753
-0.179689061122576,"r2",-0.272323216486051
0.425037238178049,"r2",0.622182982535438
0.136947705018426,"r2",-0.124485757435581
-0.155304125515059,"r2",0.0245228430543297
0.761383339892939,"r2",0.982780923501261
0.462987680540912,"r2",0.651363504521166
0.109644811226562,"r2",0.270195191518777
0.180325221912939,"r2",0.0114490180046648
-0.173550444992101,"r2",-0.242731867557445
-0.0171499253082942,"r2",-0.0699177211478028
1.30054483424705,"r2",1.49039923300832
-1.0882273067621,"r2",-0.704094832732214
-1.31065630075491,"r2",-1.07800183707034
-0.734998917292676,"r2",-0.420071776812653
-0.882997548584195,"r2",-0.774597257073444
1.16180557948761,"r2",1.30808786109621
1.52256090817059,"r2",1.87684167447145
-1.28943559238267,"r2",-0.87681218414285
0.501897911801152,"r2",0.442312027169731
-0.356807583350993,"r2",-0.214471133708747
0.447926401191552,"r2",0.236947798982536
-0.318601484124288,"r2",-0.166491443716543
-0.276869209223876,"r2",-0.0996557542491626
1.06324427175585,"r2",1.29899424513289
-0.0453177075703265,"r2",0.0270787522193075
1.06500123445835,"r2",1.23015911445274
0.0259026002964873,"r2",0.0554245238879772
-0.385534047002944,"r2",-0.21178596808958
-0.944147827286112,"r2",-0.729005369626869
0.0325345753251708,"r2",-0.0876430207046947
-0.449379081877835,"r2",-0.321076429373045
-1.78583278151887,"r2",-1.305761810323
-0.953878189131312,"r2",-0.642967140201893
0.631574913413584,"r2",0.99271956947214
0.76830381966248,"r2",0.949854819218514
1.5544458896517,"r2",2.0327167083543
0.567184127331107,"r2",0.710815302612161
0.670090333363303,"r2",0.70994052433433
0.752132724335157,"r2",1.03359755719799
0.314186814760095,"r2",0.430837762162202
-0.904196092807968,"r2",-0.662307383773851
-0.511699812495225,"r2",-0.391282216803168
1.07599701024911,"r2",1.18927354866837
0.966107396744045,"r2",1.04794320434096
0.75007991299413,"r2",0.497948125764519
0.306160068748262,"r2",0.337300876098486
-0.866175369993127,"r2",-0.700019953498011
0.171313341079326,"r2",0.196331587701588
-0.243326734611658,"r2",-0.0792384890986483
-0.0382632653435771,"r2",0.0827888405933609
-0.197236939806308,"r2",-0.454412529902933
-0.118404372662823,"r2",0.0171368709801641
0.200520421470653,"r2",0.475691293080755
0.0961355231753659,"r2",0.296298474513941
0.0244667405341014,"r2",0.196785627254441
-0.0614971341100943,"r2",-0.00677958720560492
-1.37297448316332,"r2",-1.07567087790704
-2.01655220994904,"r2",-1.33464681614326
0.491161654228176,"r2",0.640651819017499
1.24624906019665,"r2",1.4708250355291
1.07185294076016,"r2",1.41158960580949
-0.0970060042515819,"r2",-0.159111078753966
0.757020804031632,"r2",1.18027172006543
-1.35895595182955,"r2",-1.17662157016001
1.76978515661994,"r2",2.13819174229557
0.37657138603139,"r2",0.228966639364455
0.259806218101101,"r2",0.3296471869875
0.342236401524468,"r2",0.372800505547548
-0.399817327352523,"r2",-0.382373734201163
0.217154063778743,"r2",0.0439946701061027
-1.79762333325102,"r2",-1.32154146210809
1.6269008138748,"r2",1.89451069454484
0.329966092145653,"r2",0.623669267520364
0.533402754169705,"r2",0.625435540052617
-0.806301452940362,"r2",-0.569366056944381
0.543818033344684,"r2",0.634039058416364
0.585717915795293,"r2",0.771183984554187
-1.14388157327645,"r2",-0.795737376292219
2.27420461713808,"r2",2.87964721259203
-1.59122738021317,"r2",-1.19716715080614
0.448304293929777,"r2",0.475713809779463
-1.1521976901293,"r2",-0.929196180879655
0.83036277236833,"r2",1.10243337316049
1.28791653741694,"r2",1.63161661093497
0.0440610356271211,"r2",-0.0462316111432145
-0.220545037381651,"r2",-0.186757814423439
1.39996021263455,"r2",1.69512626609412
0.329230189461868,"r2",0.485509399054554
-0.789554822520313,"r2",-0.561008100522857
-0.396063478924103,"r2",-0.419666272731336
1.49430785915005,"r2",1.62001817491434
-1.45531051786741,"r2",-1.04389471177905
0.901675227584023,"r2",1.26327012498902
1.40500864005593,"r2",1.95858570607912
0.285033038553909,"r2",0.38364683960574
0.222820629865815,"r2",0.348248653659572
1.36286128101919,"r2",1.79470977917005
-0.955826816895635,"r2",-0.884476961466017
-0.0459112368760836,"r2",-0.0369578658131764
-0.0921581242330962,"r2",0.181714783425645
-0.325575192586218,"r2",-0.437186238102344
1.35092344634286,"r2",1.76970817492205
1.07066706183483,"r2",0.96155478450843
1.15882046762796,"r2",1.49633280957055
0.331508268794453,"r2",0.533712261439118
-0.392228315513994,"r2",-0.386582433442783
0.0698014780318535,"r2",0.0859158635978397
0.828842703249322,"r2",0.979915423229421
0.020093119163385,"r2",0.0152891974928854
0.0430683153825321,"r2",0.262313902205372
0.470144880317991,"r2",0.800718860103198
1.54994681943718,"r2",1.76165064711059
2.60347473668166,"r2",3.60717425885386
-1.02385796632726,"r2",-0.832137434804241
0.0602255250963077,"r2",0.122027059433071
0.372238090917203,"r2",0.145537479049175
-0.22037102520215,"r2",-0.345491300713327
0.684770868721101,"r2",0.676354286109021
0.161688061383928,"r2",0.291983044736773
-0.779369774866378,"r2",-0.717596036090348
1.00310933109732,"r2",1.25777505435184
0.452478088513396,"r2",0.721679363563393
-0.372697546622792,"r2",-0.336995759219328
0.125869654481955,"r2",0.292099513468008
0.165249724550779,"r2",0.465328242088655
0.24252293078086,"r2",0.379975126826604
2.0930655900392,"r2",2.67331816246749
0.542580359825855,"r2",0.77998852638516
-0.666796669118345,"r2",-0.549187474943473
-0.685472252261445,"r2",-0.461015407188642
0.123463173819297,"r2",0.199201227189853
-0.930494965889115,"r2",-0.720254827946816
0.861104799285561,"r2",1.18655698674609
0.694355134892138,"r2",0.841995397007322
-0.300024395867345,"r2",-0.143200872038686
-0.12084917048481,"r2",0.1181421695718
0.430821046141354,"r2",0.551921700066055
-0.611126606788941,"r2",-0.369537096309485
1.71268943702545,"r2",2.42299681145447
0.0614478821372688,"r2",0.324545990752608
0.60530898707441,"r2",0.701097485006262
-1.49987486154164,"r2",-1.11063670092392
0.885944073841868,"r2",0.75951844817614
0.183720231467209,"r2",0.454806101164178
0.369599662346807,"r2",0.421507922525894
0.70337779055852,"r2",0.581022844204966
0.658622943332685,"r2",0.624899832877341
0.167504334876979,"r2",0.352068967862613
-1.42150600218508,"r2",-0.995703691383734
0.686583862314849,"r2",1.02730930710898
0.593996482644916,"r2",0.783309873522089
-0.346703347719304,"r2",-0.0802569447000947
-0.466176105540891,"r2",-0.608236800913734
0.691433845001308,"r2",0.665773234850629
1.02162995692081,"r2",1.12630728187741
-0.690924241755394,"r2",-0.62667882964301
0.329307668442096,"r2",0.373533692979599
0.527415839365968,"r2",0.763449412845972
-0.489188649845186,"r2",-0.239755917552909
0.270361626382626,"r2",0.488700575840181
0.217698195033386,"r2",0.454274265269357
0.701461682378885,"r2",0.474650013421622
0.356340880407869,"r2",0.502000307612422
-1.0589763573224,"r2",-0.876331137889713
0.00443911402959708,"r2",0.285713701223572
-1.524060048245,"r2",-1.14746589942482
0.471555508127466,"r2",0.622177252460897
0.38510105037493,"r2",0.507721539684515
-0.800539059048684,"r2",-0.836621349945782
1.17537894840009,"r2",1.48925010508171
1.04349642110322,"r2",1.40488909195161
0.468822265010796,"r2",0.717617819273534
-1.11429563488633,"r2",-0.930625109193763
1.58417030145822,"r2",2.01733902814074
0.801022406263945,"r2",0.977114631979597
-0.469832663256819,"r2",-0.345038020225903
0.494834958289951,"r2",0.673578580071863
0.104680533279528,"r2",-0.229201788614592
0.0546938335314872,"r2",0.314404078593985
-0.201535134991706,"r2",-0.0218639524815541
-2.40667672045822,"r2",-1.66490625599636
0.400449328575293,"r2",0.421750932731114
0.608200093007909,"r2",0.709421848274223
1.11468598745674,"r2",1.35528300505764
0.321357311290621,"r2",0.374060793184756
0.450855233602607,"r2",0.67122610889575
0.917943536668802,"r2",1.3853340302702
-0.583802124507797,"r2",-0.740724173492669
-0.036564856986395,"r2",-0.0815039724330992
0.0792623804633647,"r2",0.285831718946377
-2.24437264801401,"r2",-1.50402169433835
-1.64313290501295,"r2",-1.19240899889654
0.76598562106599,"r2",1.14065357234942
-0.925767692427784,"r2",-0.635756288588136
0.420518392368863,"r2",0.601461569930481
0.550268058421687,"r2",0.515528328767693
0.494963687262481,"r2",0.593914035075274
-0.740115617756514,"r2",-0.678869783382502
0.427483035048849,"r2",0.591301580575104
1.02430238522537,"r2",1.36556563684596
-0.978190543178006,"r2",-0.740974216647698
0.919709872022049,"r2",0.658635175958218
0.919400406398363,"r2",1.24575404704364
0.754445151946429,"r2",1.05861084875437
1.50047151938183,"r2",2.02052374243117
0.64881468783172,"r2",0.5620089829035
-0.136732244198042,"r2",0.0872571738825281
-1.12277704222912,"r2",-0.745701819552041
-0.286705733938854,"r2",-0.267392441122193
0.880053744226177,"r2",0.909886697740652
0.269233966321144,"r2",0.479820351602033
0.219383643791378,"r2",0.41993907362117
0.481704991311488,"r2",0.442177837596236
0.727994750805325,"r2",0.886873112906294
-0.144549793649674,"r2",-0.026685600601904
1.35254396961974,"r2",1.71344424362162
1.25968795945089,"r2",1.48490544457397
0.780786577402002,"r2",0.947611232037305
0.0383710551909905,"r2",0.0953432417361948
-0.116912183792178,"r2",-0.0570734587198946
-0.96406765510909,"r2",-0.756082024180669
-0.0270473563413837,"r2",-0.0481602788606731
-0.319410247325979,"r2",-0.0972509357538649
1.14171164163636,"r2",1.47134314926049
-1.44933948397099,"r2",-0.914031399007479
0.800326528474867,"r2",1.05592222131125
0.553256001623924,"r2",0.746023211516733
0.110059735003001,"r2",0.318961600623046
-0.770333922153073,"r2",-0.830980646528382
0.0480422693139519,"r2",0.0403673318353899
-1.74077897472744,"r2",-1.27921348635042
-0.167417335397288,"r2",-0.104717773236979
1.60612047625394,"r2",2.0154676019427
-0.221102895299635,"r2",-0.0332612413022357
0.41601267819233,"r2",0.49526600460312
1.16279586672776,"r2",1.35088449585816
0.224750214247496,"r2",0.361990332433573
0.483218095378896,"r2",0.765348883475295
1.03939252886884,"r2",1.33546279192511
1.04761059749028,"r2",1.15274784614153
-1.45349482052669,"r2",-1.16464965150471
1.25614778568538,"r2",1.53675861289556
0.543527294954438,"r2",0.661598077725066
-0.185950658864623,"r2",-0.107713819454447
-0.105274429873742,"r2",-0.070967484504971
-0.827657877619449,"r2",-0.634680154925492
2.2849020126824,"r2",2.64574722624617
-0.750580993408118,"r2",-0.543033808411977
0.870885328097101,"r2",1.17816577968434
0.772437602158219,"r2",0.940296224756851
-0.387103052351028,"r2",-0.225082771267919
1.15013071353775,"r2",1.08195690007494
-0.479209343344029,"r2",-0.482623792536374
0.317673065173102,"r2",0.377606255770186
2.05153327262833,"r2",2.59078441925469
-0.843178831053601,"r2",-0.744004538424661
-0.819675521033634,"r2",-0.768743581449792
0.76740573555026,"r2",0.659826201091416
0.465198455662567,"r2",0.60595668851583
-2.0472270116918,"r2",-1.38492215118795
0.0967120204375239,"r2",0.277200841393427
0.601378282642041,"r2",0.587938498231623
0.533441900410849,"r2",0.282070993729055
0.488274757215748,"r2",0.637692101634122
0.108690601558535,"r2",0.263548152275644
-0.459376886325677,"r2",-0.476119862371072
0.158409269828599,"r2",0.332329048625235
-0.519976148322735,"r2",-0.510693943719869
1.08833462875561,"r2",1.41839916759483
0.291491445029173,"r2",0.467139141627103
0.0355875669243805,"r2",-0.236585567232827
-0.266443860276534,"r2",-0.222415058510767
-1.27591308777894,"r2",-0.886600089576223
0.529378592498683,"r2",0.852037331150768
0.766681057564284,"r2",0.999782082312017
-1.64222314338579,"r2",-1.14021958192233
-1.417524266281,"r2",-1.0050390498466
0.0201957941639323,"r2",-0.134815211064169
1.25602921767256,"r2",1.51222704624881
0.231486382365694,"r2",0.393910127139542
-0.129009329770774,"r2",-0.266585569345636
1.21175223127395,"r2",1.35401678108401
