"curve","x","density"
"Bulk spectrum",-0.236644357314897,0.000323867517012528
"Bulk spectrum",-0.222738084781293,0.000471592862973952
"Bulk spectrum",-0.20883181224769,0.000677315045040503
"Bulk spectrum",-0.194925539714086,0.000959828560534263
"Bulk spectrum",-0.181019267180482,0.00134259908444792
"Bulk spectrum",-0.167112994646878,0.00187765574597771
"Bulk spectrum",-0.153206722113274,0.00260023173410193
"Bulk spectrum",-0.13930044957967,0.0035537988440565
"Bulk spectrum",-0.125394177046066,0.00479513055403765
"Bulk spectrum",-0.111487904512462,0.00638976885623933
"Bulk spectrum",-0.0975816319788585,0.00841209525498057
"Bulk spectrum",-0.0836753594452546,0.0109451033395705
"Bulk spectrum",-0.0697690869116508,0.0140798312280945
"Bulk spectrum",-0.0558628143780469,0.0180070103043405
"Bulk spectrum",-0.041956541844443,0.0228172107523362
"Bulk spectrum",-0.0280502693108391,0.0285781075654083
"Bulk spectrum",-0.0141439967772352,0.0353920310296328
"Bulk spectrum",-0.00023772424363136,0.0433541521124802
"Bulk spectrum",0.0136685482899725,0.0525484859270316
"Bulk spectrum",0.0275748208235764,0.0630437674181208
"Bulk spectrum",0.0414810933571803,0.0748893028058443
"Bulk spectrum",0.0553873658907841,0.0882373976483246
"Bulk spectrum",0.069293638424388,0.103039659272048
"Bulk spectrum",0.0831999109579919,0.119142467897113
"Bulk spectrum",0.0971061834915958,0.136455827532729
"Bulk spectrum",0.1110124560252,0.154856775043311
"Bulk spectrum",0.124918728558804,0.174190995356813
"Bulk spectrum",0.138825001092407,0.19427550287513
"Bulk spectrum",0.152731273626011,0.214902352601294
"Bulk spectrum",0.166637546159615,0.235843368819406
"Bulk spectrum",0.180543818693219,0.256784830624393
"Bulk spectrum",0.194450091226823,0.277453273533204
"Bulk spectrum",0.208356363760427,0.297608152011574
"Bulk spectrum",0.222262636294031,0.317022485420201
"Bulk spectrum",0.236168908827635,0.335488570567931
"Bulk spectrum",0.250075181361238,0.352822948267338
"Bulk spectrum",0.263981453894842,0.368870513887697
"Bulk spectrum",0.277887726428446,0.383419350227747
"Bulk spectrum",0.29179399896205,0.396298710134063
"Bulk spectrum",0.305700271495654,0.407625391661068
"Bulk spectrum",0.319606544029258,0.417398106382628
"Bulk spectrum",0.333512816562862,0.425643700499225
"Bulk spectrum",0.347419089096466,0.432413775245125
"Bulk spectrum",0.361325361630069,0.43778094477003
"Bulk spectrum",0.375231634163673,0.441834851122383
"Bulk spectrum",0.389137906697277,0.444633997638688
"Bulk spectrum",0.403044179230881,0.446230796589567
"Bulk spectrum",0.416950451764485,0.446889070786038
"Bulk spectrum",0.430856724298089,0.446722799324979
"Bulk spectrum",0.444762996831693,0.4458416846766
"Bulk spectrum",0.458669269365297,0.44434936760986
"Bulk spectrum",0.4725755418989,0.442342067533676
"Bulk spectrum",0.486481814432504,0.439907626215864
"Bulk spectrum",0.500388086966108,0.437118599857578
"Bulk spectrum",0.514294359499712,0.434026453512512
"Bulk spectrum",0.528200632033316,0.430734221673155
"Bulk spectrum",0.54210690456692,0.427288512969007
"Bulk spectrum",0.556013177100524,0.423728685462056
"Bulk spectrum",0.569919449634128,0.420087573234541
"Bulk spectrum",0.583825722167732,0.41639222345356
"Bulk spectrum",0.597731994701335,0.412664626993427
"Bulk spectrum",0.611638267234939,0.408922435164957
"Bulk spectrum",0.625544539768543,0.405181825449233
"Bulk spectrum",0.639450812302147,0.401454294870657
"Bulk spectrum",0.653357084835751,0.397747097262767
"Bulk spectrum",0.667263357369355,0.394065894238218
"Bulk spectrum",0.681169629902959,0.390415074770371
"Bulk spectrum",0.695075902436563,0.386798028249236
"Bulk spectrum",0.708982174970166,0.383217374337122
"Bulk spectrum",0.72288844750377,0.379675152953026
"Bulk spectrum",0.736794720037374,0.376179360128456
"Bulk spectrum",0.750700992570978,0.372725754342806
"Bulk spectrum",0.764607265104582,0.369314898374709
"Bulk spectrum",0.778513537638186,0.365947665630346
"Bulk spectrum",0.79241981017179,0.362624821182985
"Bulk spectrum",0.806326082705394,0.35934703068612
"Bulk spectrum",0.820232355238997,0.356114862396471
"Bulk spectrum",0.834138627772601,0.352928784494614
"Bulk spectrum",0.848044900306205,0.349795497174218
"Bulk spectrum",0.861951172839809,0.346710262358489
"Bulk spectrum",0.875857445373413,0.343671847177319
"Bulk spectrum",0.889763717907017,0.340680243378046
"Bulk spectrum",0.903669990440621,0.337735375517953
"Bulk spectrum",0.917576262974225,0.334837121433773
"Bulk spectrum",0.931482535507828,0.33198533337349
"Bulk spectrum",0.945388808041432,0.329179858270754
"Bulk spectrum",0.959295080575036,0.326425998591449
"Bulk spectrum",0.97320135310864,0.323720258271799
"Bulk spectrum",0.987107625642244,0.321060442908595
"Bulk spectrum",1.00101389817585,0.318446443250385
"Bulk spectrum",1.01492017070945,0.31587810188721
"Bulk spectrum",1.02882644324306,0.313355175765074
"Bulk spectrum",1.04273271577666,0.310877296106103
"Bulk spectrum",1.05663898831026,0.308443927925593
"Bulk spectrum",1.07054526084387,0.306058606634163
"Bulk spectrum",1.08445153337747,0.303718300705516
"Bulk spectrum",1.09835780591108,0.301418852772316
"Bulk spectrum",1.11226407844468,0.299158612480341
"Bulk spectrum",1.12617035097828,0.296935728131262
"Bulk spectrum",1.14007662351189,0.294748192094645
"Bulk spectrum",1.15398289604549,0.292593895219139
"Bulk spectrum",1.16788916857909,0.290470688038203
"Bulk spectrum",1.1817954411127,0.288378655188952
"Bulk spectrum",1.1957017136463,0.286315160263958
"Bulk spectrum",1.20960798617991,0.284276182818226
"Bulk spectrum",1.22351425871351,0.282260243122964
"Bulk spectrum",1.23742053124711,0.280266106617272
"Bulk spectrum",1.25132680378072,0.278292780968011
"Bulk spectrum",1.26523307631432,0.276339500667266
"Bulk spectrum",1.27913934884793,0.274405700582214
"Bulk spectrum",1.29304562138153,0.272492222397817
"Bulk spectrum",1.30695189391513,0.270599316586357
"Bulk spectrum",1.32085816644874,0.268724930020684
"Bulk spectrum",1.33476443898234,0.26686886719961
"Bulk spectrum",1.34867071151594,0.265030915001796
"Bulk spectrum",1.36257698404955,0.263210836686491
"Bulk spectrum",1.37648325658315,0.261408376107413
"Bulk spectrum",1.39038952911676,0.259623271307343
"Bulk spectrum",1.40429580165036,0.257856103470703
"Bulk spectrum",1.41820207418396,0.256107771249499
"Bulk spectrum",1.43210834671757,0.254376272684073
"Bulk spectrum",1.44601461925117,0.252661695367345
"Bulk spectrum",1.45992089178478,0.250964258012816
"Bulk spectrum",1.47382716431838,0.249284304177667
"Bulk spectrum",1.48773343685198,0.247622284996389
"Bulk spectrum",1.50163970938559,0.245978731526892
"Bulk spectrum",1.51554598191919,0.244354840640531
"Bulk spectrum",1.5294522544528,0.242753266794552
"Bulk spectrum",1.5433585269864,0.241171910658057
"Bulk spectrum",1.55726479952,0.239611034403214
"Bulk spectrum",1.57117107205361,0.238070712099647
"Bulk spectrum",1.58507734458721,0.236550811143058
"Bulk spectrum",1.59898361712081,0.235050986021896
"Bulk spectrum",1.61288988965442,0.233570684582592
"Bulk spectrum",1.62679616218802,0.232109419306245
"Bulk spectrum",1.64070243472163,0.230668466931476
"Bulk spectrum",1.65460870725523,0.229243990074703
"Bulk spectrum",1.66851497978883,0.227834964491144
"Bulk spectrum",1.68242125232244,0.226440426187863
"Bulk spectrum",1.69632752485604,0.225059518505274
"Bulk spectrum",1.71023379738965,0.223691532018109
"Bulk spectrum",1.72414006992325,0.222335935973312
"Bulk spectrum",1.73804634245685,0.220992400030854
"Bulk spectrum",1.75195261499046,0.21966276197436
"Bulk spectrum",1.76585888752406,0.218345335549201
"Bulk spectrum",1.77976516005767,0.217040452156512
"Bulk spectrum",1.79367143259127,0.215748589326014
"Bulk spectrum",1.80757770512487,0.214470287926859
"Bulk spectrum",1.82148397765848,0.21320610317603
"Bulk spectrum",1.83539025019208,0.211956554693801
"Bulk spectrum",1.84929652272568,0.210722077304358
"Bulk spectrum",1.86320279525929,0.209505185382417
"Bulk spectrum",1.87710906779289,0.208304025576825
"Bulk spectrum",1.8910153403265,0.207118042887958
"Bulk spectrum",1.9049216128601,0.205946772264607
"Bulk spectrum",1.9188278853937,0.204789534985924
"Bulk spectrum",1.93273415792731,0.203645458297349
"Bulk spectrum",1.94664043046091,0.20251350404434
"Bulk spectrum",1.96054670299452,0.201392505380354
"Bulk spectrum",1.97445297552812,0.200282219477299
"Bulk spectrum",1.98835924806172,0.199180238514864
"Bulk spectrum",2.00226552059533,0.198085014932608
"Bulk spectrum",2.01617179312893,0.196995478384853
"Bulk spectrum",2.03007806566254,0.195910711852875
"Bulk spectrum",2.04398433819614,0.194829978516378
"Bulk spectrum",2.05789061072974,0.193752740267038
"Bulk spectrum",2.07179688326335,0.19267866750329
"Bulk spectrum",2.08570315579695,0.191607991972198
"Bulk spectrum",2.09960942833055,0.190540732147158
"Bulk spectrum",2.11351570086416,0.189477075219583
"Bulk spectrum",2.12742197339776,0.188417494843827
"Bulk spectrum",2.14132824593137,0.187362550548098
"Bulk spectrum",2.15523451846497,0.186312856390463
"Bulk spectrum",2.16914079099857,0.185269051176362
"Bulk spectrum",2.18304706353218,0.18423177113268
"Bulk spectrum",2.19695333606578,0.183202342496423
"Bulk spectrum",2.21085960859939,0.182181319859693
"Bulk spectrum",2.22476588113299,0.18116863627381
"Bulk spectrum",2.23867215366659,0.180164677705929
"Bulk spectrum",2.2525784262002,0.179169765756273
"Bulk spectrum",2.2664846987338,0.178184163420537
"Bulk spectrum",2.2803909712674,0.177208082671579
"Bulk spectrum",2.29429724380101,0.176241693244433
"Bulk spectrum",2.30820351633461,0.175285870388655
"Bulk spectrum",2.32210978886822,0.174340908879544
"Bulk spectrum",2.33601606140182,0.173406015872494
"Bulk spectrum",2.34992233393542,0.172481270579807
"Bulk spectrum",2.36382860646903,0.17156673941573
"Bulk spectrum",2.37773487900263,0.170662470811284
"Bulk spectrum",2.39164115153624,0.169768487527805
"Bulk spectrum",2.40554742406984,0.168884776717601
"Bulk spectrum",2.41945369660344,0.168011846867521
"Bulk spectrum",2.43335996913705,0.167150013462583
"Bulk spectrum",2.44726624167065,0.166297917416197
"Bulk spectrum",2.46117251420426,0.165455190606737
"Bulk spectrum",2.47507878673786,0.164621358171867
"Bulk spectrum",2.48898505927146,0.1637958370981
"Bulk spectrum",2.50289133180507,0.162977939606108
"Bulk spectrum",2.51679760433867,0.16216688162991
"Bulk spectrum",2.53070387687227,0.16136198640162
"Bulk spectrum",2.54461014940588,0.160562502212389
"Bulk spectrum",2.55851642193948,0.159766738184163
"Bulk spectrum",2.57242269447309,0.158973777661964
"Bulk spectrum",2.58632896700669,0.158182774737689
"Bulk spectrum",2.60023523954029,0.1573929856471
"Bulk spectrum",2.6141415120739,0.156603796520283
"Bulk spectrum",2.6280477846075,0.155814746407909
"Bulk spectrum",2.64195405714111,0.15502553944815
"Bulk spectrum",2.65586032967471,0.154236071226102
"Bulk spectrum",2.66976660220831,0.153446549682487
"Bulk spectrum",2.68367287474192,0.152657306572041
"Bulk spectrum",2.69757914727552,0.151868791760768
"Bulk spectrum",2.71148541980912,0.151081542647019
"Bulk spectrum",2.72539169234273,0.150296151917355
"Bulk spectrum",2.73929796487633,0.149513234971036
"Bulk spectrum",2.75320423740994,0.148733416178136
"Bulk spectrum",2.76711050994354,0.147957935171384
"Bulk spectrum",2.78101678247714,0.147186750076764
"Bulk spectrum",2.79492305501075,0.146420223501015
"Bulk spectrum",2.80882932754435,0.145658634335071
"Bulk spectrum",2.82273560007796,0.144902185198861
"Bulk spectrum",2.83664187261156,0.144151014160441
"Bulk spectrum",2.85054814514516,0.143405209751248
"Bulk spectrum",2.86445441767877,0.142664828282846
"Bulk spectrum",2.87836069021237,0.141930750829233
"Bulk spectrum",2.89226696274598,0.141202288293449
"Bulk spectrum",2.90617323527958,0.140479458739453
"Bulk spectrum",2.92007950781318,0.139762374945095
"Bulk spectrum",2.93398578034679,0.139051169411016
"Bulk spectrum",2.94789205288039,0.138345982971322
"Bulk spectrum",2.96179832541399,0.13764694880232
"Bulk spectrum",2.9757045979476,0.136954172482753
"Bulk spectrum",2.9896108704812,0.136268541200936
"Bulk spectrum",3.00351714301481,0.1355893127118
"Bulk spectrum",3.01742341554841,0.13491608362204
"Bulk spectrum",3.03132968808201,0.134248511014488
"Bulk spectrum",3.04523596061562,0.133586123303201
"Bulk spectrum",3.05914223314922,0.132928327405502
"Bulk spectrum",3.07304850568283,0.132274423668478
"Bulk spectrum",3.08695477821643,0.131623628331318
"Bulk spectrum",3.10086105075003,0.130975238141261
"Bulk spectrum",3.11476732328364,0.130328060429706
"Bulk spectrum",3.12867359581724,0.129681233579241
"Bulk spectrum",3.14257986835085,0.129034105726378
"Bulk spectrum",3.15648614088445,0.128386162607117
"Bulk spectrum",3.17039241341805,0.12773705006686
"Bulk spectrum",3.18429868595166,0.127086588996345
"Bulk spectrum",3.19820495848526,0.126434782267064
"Bulk spectrum",3.21211123101886,0.12578175085668
"Bulk spectrum",3.22601750355247,0.125128049359104
"Bulk spectrum",3.23992377608607,0.124474330428311
"Bulk spectrum",3.25383004861968,0.12382126828893
"Bulk spectrum",3.26773632115328,0.123169603977847
"Bulk spectrum",3.28164259368688,0.122520120561387
"Bulk spectrum",3.29554886622049,0.121873620832526
"Bulk spectrum",3.30945513875409,0.121230907989582
"Bulk spectrum",3.3233614112877,0.120593223271151
"Bulk spectrum",3.3372676838213,0.119961530253175
"Bulk spectrum",3.3511739563549,0.119336135875406
"Bulk spectrum",3.36508022888851,0.118717675079625
"Bulk spectrum",3.37898650142211,0.118106721457287
"Bulk spectrum",3.39289277395571,0.117503776233365
"Bulk spectrum",3.40679904648932,0.116909254945595
"Bulk spectrum",3.42070531902292,0.116323471840865
"Bulk spectrum",3.43461159155653,0.11574719865647
"Bulk spectrum",3.44851786409013,0.115180743081719
"Bulk spectrum",3.46242413662373,0.114622981048175
"Bulk spectrum",3.47633040915734,0.114073486031255
"Bulk spectrum",3.49023668169094,0.113531639959228
"Bulk spectrum",3.50414295422455,0.11299663829124
"Bulk spectrum",3.51804922675815,0.112467503231425
"Bulk spectrum",3.53195549929175,0.111943105278645
"Bulk spectrum",3.54586177182536,0.111422279055308
"Bulk spectrum",3.55976804435896,0.110903480844517
"Bulk spectrum",3.57367431689257,0.110384984455835
"Bulk spectrum",3.58758058942617,0.109865547154464
"Bulk spectrum",3.60148686195977,0.109344064114013
"Bulk spectrum",3.61539313449338,0.108819615114542
"Bulk spectrum",3.62929940702698,0.108291504445505
"Bulk spectrum",3.64320567956058,0.107759292626855
"Bulk spectrum",3.65711195209419,0.107222698701194
"Bulk spectrum",3.67101822462779,0.106681558882185
"Bulk spectrum",3.6849244971614,0.106137034150025
"Bulk spectrum",3.698830769695,0.105589936367606
"Bulk spectrum",3.7127370422286,0.10504125046464
"Bulk spectrum",3.72664331476221,0.104492081073371
"Bulk spectrum",3.74054958729581,0.103943595311347
"Bulk spectrum",3.75445585982942,0.103396963653941
"Bulk spectrum",3.76836213236302,0.102853352709773
"Bulk spectrum",3.78226840489662,0.102314489775053
"Bulk spectrum",3.79617467743023,0.101780609160559
"Bulk spectrum",3.81008094996383,0.101252168183801
"Bulk spectrum",3.82398722249743,0.100729389811379
"Bulk spectrum",3.83789349503104,0.100212267833554
"Bulk spectrum",3.85179976756464,0.099700582313387
"Bulk spectrum",3.86570604009825,0.0991939241701197
"Bulk spectrum",3.87961231263185,0.0986917277059687
"Bulk spectrum",3.89351858516545,0.0981937440473062
"Bulk spectrum",3.90742485769906,0.097698505217432
"Bulk spectrum",3.92133113023266,0.0972052442855548
"Bulk spectrum",3.93523740276627,0.0967132612527226
"Bulk spectrum",3.94914367529987,0.0962219310825074
"Bulk spectrum",3.96304994783347,0.095730722512236
"Bulk spectrum",3.97695622036708,0.0952392104734478
"Bulk spectrum",3.99086249290068,0.0947470822929159
"Bulk spectrum",4.00476876543429,0.0942540122352998
"Bulk spectrum",4.01867503796789,0.0937600348715939
"Bulk spectrum",4.03258131050149,0.0932652276104148
"Bulk spectrum",4.0464875830351,0.0927697204101248
"Bulk spectrum",4.0603938555687,0.0922737015027868
"Bulk spectrum",4.0743001281023,0.0917774051992981
"Bulk spectrum",4.08820640063591,0.0912811000224215
"Bulk spectrum",4.10211267316951,0.0907850771883151
"Bulk spectrum",4.11601894570312,0.0902897613283183
"Bulk spectrum",4.12992521823672,0.0897954648289591
"Bulk spectrum",4.14383149077032,0.0893024307960393
"Bulk spectrum",4.15773776330393,0.0888108925512573
"Bulk spectrum",4.17164403583753,0.0883210403244089
"Bulk spectrum",4.18555030837114,0.0878330147257266
"Bulk spectrum",4.19945658090474,0.0873469026502116
"Bulk spectrum",4.21336285343834,0.0868627360152817
"Bulk spectrum",4.22726912597195,0.0863806887707416
"Bulk spectrum",4.24117539850555,0.0859005667127541
"Bulk spectrum",4.25508167103916,0.0854221526119137
"Bulk spectrum",4.26898794357276,0.0849453369158044
"Bulk spectrum",4.28289421610636,0.0844700252329277
"Bulk spectrum",4.29680048863997,0.0839961524984458
"Bulk spectrum",4.31070676117357,0.0835236941611577
"Bulk spectrum",4.32461303370718,0.0830526734647781
"Bulk spectrum",4.33851930624078,0.0825833141272797
"Bulk spectrum",4.35242557877438,0.0821157545893762
"Bulk spectrum",4.36633185130799,0.0816500311209528
"Bulk spectrum",4.38023812384159,0.0811862763447254
"Bulk spectrum",4.39414439637519,0.0807245796344685
"Bulk spectrum",4.4080506689088,0.0802649616603716
"Bulk spectrum",4.4219569414424,0.0798073517924686
"Bulk spectrum",4.43586321397601,0.0793515698969903
"Bulk spectrum",4.44976948650961,0.0788973816935371
"Bulk spectrum",4.46367575904321,0.078444212198957
"Bulk spectrum",4.47758203157682,0.0779913282405608
"Bulk spectrum",4.49148830411042,0.0775380775944792
"Bulk spectrum",4.50539457664403,0.0770837937641062
"Bulk spectrum",4.51930084917763,0.076627839710408
"Bulk spectrum",4.53320712171123,0.0761696525567705
"Bulk spectrum",4.54711339424484,0.0757087872768936
"Bulk spectrum",4.56101966677844,0.0752447926019407
"Bulk spectrum",4.57492593931205,0.0747774803724612
"Bulk spectrum",4.58883221184565,0.0743074592930562
"Bulk spectrum",4.60273848437925,0.0738352319480216
"Bulk spectrum",4.61664475691286,0.0733614957423042
"Bulk spectrum",4.63055102944646,0.0728871119160763
"Bulk spectrum",4.64445730198007,0.0724130667644225
"Bulk spectrum",4.65836357451367,0.0719404265657481
"Bulk spectrum",4.67226984704727,0.0714704309045447
"Bulk spectrum",4.68617611958088,0.0710047089899403
"Bulk spectrum",4.70008239211448,0.0705438320560728
"Bulk spectrum",4.71398866464808,0.0700885241227625
"Bulk spectrum",4.72789493718169,0.0696393133598605
"Bulk spectrum",4.74180120971529,0.0691965137114913
"Bulk spectrum",4.7557074822489,0.0687602154747494
"Bulk spectrum",4.7696137547825,0.0683302848057174
"Bulk spectrum",4.7835200273161,0.0679064800603104
"Bulk spectrum",4.79742629984971,0.0674887348334494
"Bulk spectrum",4.81133257238331,0.0670753844945945
"Bulk spectrum",4.82523884491691,0.0666655380986596
"Bulk spectrum",4.83914511745052,0.0662582603833354
"Bulk spectrum",4.85305138998412,0.0658526143166481
"Bulk spectrum",4.86695766251773,0.065447701980238
"Bulk spectrum",4.88086393505133,0.0650427025769602
"Bulk spectrum",4.89477020758493,0.0646369019908602
"Bulk spectrum",4.90867648011854,0.0642294384870614
"Bulk spectrum",4.92258275265214,0.0638201500340834
"Bulk spectrum",4.93648902518574,0.0634089089079992
"Bulk spectrum",4.95039529771935,0.06299573389507
"Bulk spectrum",4.96430157025295,0.0625807668252016
"Bulk spectrum",4.97820784278656,0.0621642432724244
"Bulk spectrum",4.99211411532016,0.0617464588433196
"Bulk spectrum",5.00602038785376,0.0613277325031103
"Bulk spectrum",5.01992666038737,0.0609083161788552
"Bulk spectrum",5.03383293292097,0.0604885442424884
"Bulk spectrum",5.04773920545458,0.0600685152611276
"Bulk spectrum",5.06164547798818,0.0596482132930225
"Bulk spectrum",5.07555175052178,0.0592275221649403
"Bulk spectrum",5.08945802305539,0.0588062403066429
"Bulk spectrum",5.10336429558899,0.0583841036306366
"Bulk spectrum",5.1172705681226,0.0579608153164246
"Bulk spectrum",5.1311768406562,0.0575358524274425
"Bulk spectrum",5.1450831131898,0.0571091043830048
"Bulk spectrum",5.15898938572341,0.0566805325358341
"Bulk spectrum",5.17289565825701,0.0562501719385329
"Bulk spectrum",5.18680193079062,0.0558181786559702
"Bulk spectrum",5.20070820332422,0.0553848186440684
"Bulk spectrum",5.21461447585782,0.0549504456282777
"Bulk spectrum",5.22852074839143,0.0545154687423671
"Bulk spectrum",5.24242702092503,0.0540803417766591
"Bulk spectrum",5.25633329345863,0.0536454968398235
"Bulk spectrum",5.27023956599224,0.0532111192024246
"Bulk spectrum",5.28414583852584,0.0527772169991091
"Bulk spectrum",5.29805211105945,0.0523436110409658
"Bulk spectrum",5.31195838359305,0.0519099327833102
"Bulk spectrum",5.32586465612665,0.0514756371803376
"Bulk spectrum",5.33977092866026,0.0510400304243503
"Bulk spectrum",5.35367720119386,0.0506020014834735
"Bulk spectrum",5.36758347372747,0.0501605722893968
"Bulk spectrum",5.38148974626107,0.0497151673978111
"Bulk spectrum",5.39539601879467,0.0492652344275392
"Bulk spectrum",5.40930229132828,0.0488104436814088
"Bulk spectrum",5.42320856386188,0.0483507279047216
"Bulk spectrum",5.43711483639549,0.0478863068761647
"Bulk spectrum",5.45102110892909,0.0474176954548121
"Bulk spectrum",5.46492738146269,0.0469455370348502
"Bulk spectrum",5.4788336539963,0.0464712601246592
"Bulk spectrum",5.4927399265299,0.045996455541422
"Bulk spectrum",5.50664619906351,0.0455224812482879
"Bulk spectrum",5.52055247159711,0.0450506576790641
"Bulk spectrum",5.53445874413071,0.0445821921384746
"Bulk spectrum",5.54836501666432,0.0441181095309309
"Bulk spectrum",5.56227128919792,0.0436591919189444
"Bulk spectrum",5.57617756173152,0.0432062889293894
"Bulk spectrum",5.59008383426513,0.0427596839591379
"Bulk spectrum",5.60399010679873,0.042318396025471
"Bulk spectrum",5.61789637933234,0.0418817137145138
"Bulk spectrum",5.63180265186594,0.0414486649359679
"Bulk spectrum",5.64570892439954,0.0410180656561486
"Bulk spectrum",5.65961519693315,0.0405885741065797
"Bulk spectrum",5.67352146946675,0.0401587483145362
"Bulk spectrum",5.68742774200036,0.0397269401336509
"Bulk spectrum",5.70133401453396,0.0392910875037513
"Bulk spectrum",5.71524028706756,0.0388501080393783
"Bulk spectrum",5.72914655960117,0.0384028391386265
"Bulk spectrum",5.74305283213477,0.0379482786248672
"Bulk spectrum",5.75695910466837,0.0374855922167766
"Bulk spectrum",5.77086537720198,0.0370141127788561
"Bulk spectrum",5.78477164973558,0.0365333319967599
"Bulk spectrum",5.79867792226919,0.0360426051041538
"Bulk spectrum",5.81258419480279,0.0355405926365444
"Bulk spectrum",5.82649046733639,0.0350284921270627
"Bulk spectrum",5.84039673987,0.0345062134027299
"Bulk spectrum",5.8543030124036,0.0339736570909667
"Bulk spectrum",5.8682092849372,0.0334306818954543
"Bulk spectrum",5.88211555747081,0.0328770727441884
"Bulk spectrum",5.89602183000441,0.0323125102760455
"Bulk spectrum",5.90992810253802,0.0317364096929802
"Bulk spectrum",5.92383437507162,0.0311462378661772
"Bulk spectrum",5.93774064760522,0.0305428005046095
"Bulk spectrum",5.95164692013883,0.0299249531822597
"Bulk spectrum",5.96555319267243,0.029291352538873
"Bulk spectrum",5.97945946520604,0.0286404723868609
"Bulk spectrum",5.99336573773964,0.0279706309391064
"Bulk spectrum",6.00727201027324,0.0272800296321244
"Bulk spectrum",6.02117828280685,0.0265668039789641
"Bulk spectrum",6.03508455534045,0.0258248710771286
"Bulk spectrum",6.04899082787406,0.0250559628858974
"Bulk spectrum",6.06289710040766,0.0242588956669169
"Bulk spectrum",6.07680337294126,0.0234327177035884
"Bulk spectrum",6.09070964547487,0.0225769674891402
"Bulk spectrum",6.10461591800847,0.021691763559712
"Bulk spectrum",6.11852219054208,0.0207778836236384
"Bulk spectrum",6.13242846307568,0.0198368299675575
"Bulk spectrum",6.14633473560928,0.0188680439013919
"Bulk spectrum",6.16024100814289,0.0178785284713792
"Bulk spectrum",6.17414728067649,0.0168732251106285
"Bulk spectrum",6.18805355321009,0.0158571482703708
"Bulk spectrum",6.2019598257437,0.0148358636368427
"Bulk spectrum",6.2158660982773,0.0138153691973975
"Bulk spectrum",6.22977237081091,0.0128019615250548
"Bulk spectrum",6.24367864334451,0.011802090445037
"Bulk spectrum",6.25758491587811,0.0108256631353059
"Bulk spectrum",6.27149118841172,0.00987858897797595
"Bulk spectrum",6.28539746094532,0.00896557535384491
"Bulk spectrum",6.29930373347893,0.00809160430427217
"Bulk spectrum",6.31321000601253,0.007260984782102
"Bulk spectrum",6.32711627854613,0.00647728526302793
"Bulk spectrum",6.34102255107974,0.00574328782628477
"Bulk spectrum",6.35492882361334,0.00506096384834778
"Bulk spectrum",6.36883509614695,0.00443704662619544
"Bulk spectrum",6.38274136868055,0.00386916779690298
"Bulk spectrum",6.39664764121415,0.0033533952500684
"Bulk spectrum",6.41055391374776,0.00288829068164896
"Bulk spectrum",6.42446018628136,0.00247190213013325
"Bulk spectrum",6.43836645881496,0.0021018488957652
"Bulk spectrum",6.45227273134857,0.00177540739362074
"Bulk spectrum",6.46617900388217,0.00148959620835424
"Bulk spectrum",6.48008527641578,0.00124418381381056
"Bulk spectrum",6.49399154894938,0.0010345406245026
"Bulk spectrum",6.50789782148298,0.000854629025144428
"Bulk spectrum",6.52180409401659,0.00070131991925
"Bulk spectrum",6.53571036655019,0.000571616452843226
"Bulk spectrum",6.5496166390838,0.000462684698301546
"Bulk spectrum",6.5635229116174,0.000371877109847905
"Bulk spectrum",6.577429184151,0.000296749147127806
"Bulk spectrum",6.59133545668461,0.000235844053746755
"Bulk spectrum",6.60524172921821,0.000186923542311946
"Bulk spectrum",6.61914800175182,0.000147099324093093
"Bulk spectrum",6.63305427428542,0.000114916293265188
"Bulk spectrum",6.64696054681902,8.91027379112331e-05
"Bulk spectrum",6.66086681935263,6.85567176946983e-05
"Bulk spectrum",6.67477309188623,5.2331766527044e-05
"Bulk spectrum",6.68867936441984,3.96222416302201e-05
"Bulk spectrum",6.70258563695344,2.98636344161451e-05
"Bulk spectrum",6.71649190948704,2.250019073677e-05
"Bulk spectrum",6.73039818202065,1.6808790677292e-05
"Bulk spectrum",6.74430445455425,1.24469228798648e-05
"Bulk spectrum",6.75821072708785,9.13329314647135e-06
"Bulk spectrum",6.77211699962146,6.63885582802368e-06
"Bulk spectrum",6.78602327215506,4.7787713460913e-06
"Bulk spectrum",6.79992954468867,3.40525648331972e-06
"Bulk spectrum",6.81383581722227,2.41074138174256e-06
"Bulk spectrum",6.82774208975587,1.7123818953329e-06
"Bulk spectrum",6.84164836228948,1.20320341781404e-06
"Bulk spectrum",6.85555463482308,8.36006384172679e-07
"Bulk spectrum",6.86946090735669,5.74192554102786e-07
"Bulk edge: lambda_4",5.83563299183096,0.000393389314269294
"Bulk edge: lambda_4",5.8370556156225,0.000473545089545948
"Bulk edge: lambda_4",5.83847823941405,0.000569353348374694
"Bulk edge: lambda_4",5.83990086320559,0.000680620144014747
"Bulk edge: lambda_4",5.84132348699714,0.000809082471857686
"Bulk edge: lambda_4",5.84274611078869,0.000956567576493688
"Bulk edge: lambda_4",5.84416873458023,0.00112921470614556
"Bulk edge: lambda_4",5.84559135837178,0.00133055180243232
"Bulk edge: lambda_4",5.84701398216332,0.00155940515291491
"Bulk edge: lambda_4",5.84843660595487,0.00181814258981897
"Bulk edge: lambda_4",5.84985922974642,0.00210918262751762
"Bulk edge: lambda_4",5.85128185353796,0.00244169346465025
"Bulk edge: lambda_4",5.85270447732951,0.00281975577583393
"Bulk edge: lambda_4",5.85412710112105,0.00324009326498204
"Bulk edge: lambda_4",5.8555497249126,0.00370511483844243
"Bulk edge: lambda_4",5.85697234870415,0.00421715928327659
"Bulk edge: lambda_4",5.85839497249569,0.00478749492097893
"Bulk edge: lambda_4",5.85981759628724,0.00541907147962778
"Bulk edge: lambda_4",5.86124022007878,0.00610526549735525
"Bulk edge: lambda_4",5.86266284387033,0.00684728383029168
"Bulk edge: lambda_4",5.86408546766188,0.00764607242447007
"Bulk edge: lambda_4",5.86550809145342,0.00851207502112071
"Bulk edge: lambda_4",5.86693071524497,0.00944454459081019
"Bulk edge: lambda_4",5.86835333903651,0.010433033553767
"Bulk edge: lambda_4",5.86977596282806,0.0114759884418539
"Bulk edge: lambda_4",5.87119858661961,0.0125714188980565
"Bulk edge: lambda_4",5.87262121041115,0.0137243459673865
"Bulk edge: lambda_4",5.8740438342027,0.014928067173824
"Bulk edge: lambda_4",5.87546645799424,0.0161697803089607
"Bulk edge: lambda_4",5.87688908178579,0.0174442069518317
"Bulk edge: lambda_4",5.87831170557734,0.0187456101523723
"Bulk edge: lambda_4",5.87973432936888,0.0200691669984697
"Bulk edge: lambda_4",5.88115695316043,0.0214021433481745
"Bulk edge: lambda_4",5.88257957695197,0.0227333879671501
"Bulk edge: lambda_4",5.88400220074352,0.0240546023768093
"Bulk edge: lambda_4",5.88542482453507,0.0253572681213809
"Bulk edge: lambda_4",5.88684744832661,0.0266253217453663
"Bulk edge: lambda_4",5.88827007211816,0.0278434507311158
"Bulk edge: lambda_4",5.8896926959097,0.0290076986684987
"Bulk edge: lambda_4",5.89111531970125,0.0301095370990411
"Bulk edge: lambda_4",5.8925379434928,0.0311406836819089
"Bulk edge: lambda_4",5.89396056728434,0.0320776209333061
"Bulk edge: lambda_4",5.89538319107589,0.032908880409228
"Bulk edge: lambda_4",5.89680581486743,0.0336420910571714
"Bulk edge: lambda_4",5.89822843865898,0.034272520679479
"Bulk edge: lambda_4",5.89965106245053,0.0347961865984342
"Bulk edge: lambda_4",5.90107368624207,0.035190846479743
"Bulk edge: lambda_4",5.90249631003362,0.0354556180203098
"Bulk edge: lambda_4",5.90391893382516,0.0356099457739694
"Bulk edge: lambda_4",5.90534155761671,0.0356563698986416
"Bulk edge: lambda_4",5.90676418140826,0.0355984878673618
"Bulk edge: lambda_4",5.9081868051998,0.0354262223219643
"Bulk edge: lambda_4",5.90960942899135,0.0351532033156474
"Bulk edge: lambda_4",5.91103205278289,0.0348055169076337
"Bulk edge: lambda_4",5.91245467657444,0.0343943715551614
"Bulk edge: lambda_4",5.91387730036599,0.0339320342145182
"Bulk edge: lambda_4",5.91529992415753,0.0334301203119071
"Bulk edge: lambda_4",5.91672254794908,0.0329164642713205
"Bulk edge: lambda_4",5.91814517174062,0.0324147208353932
"Bulk edge: lambda_4",5.91956779553217,0.0319438512024422
"Bulk edge: lambda_4",5.92099041932372,0.0315236398861878
"Bulk edge: lambda_4",5.92241304311526,0.0311934906807132
"Bulk edge: lambda_4",5.92383566690681,0.030991931905422
"Bulk edge: lambda_4",5.92525829069835,0.030930319999685
"Bulk edge: lambda_4",5.9266809144899,0.0310330757693283
"Bulk edge: lambda_4",5.92810353828145,0.0313251144744861
"Bulk edge: lambda_4",5.92952616207299,0.0318761781597598
"Bulk edge: lambda_4",5.93094878586454,0.0327307396632929
"Bulk edge: lambda_4",5.93237140965608,0.0338796159582234
"Bulk edge: lambda_4",5.93379403344763,0.0353499186413751
"Bulk edge: lambda_4",5.93521665723918,0.0371688789568197
"Bulk edge: lambda_4",5.93663928103072,0.0394358325439796
"Bulk edge: lambda_4",5.93806190482227,0.0421958563780556
"Bulk edge: lambda_4",5.93948452861381,0.0454131424550263
"Bulk edge: lambda_4",5.94090715240536,0.0491140893498353
"Bulk edge: lambda_4",5.94232977619691,0.0533246970088932
"Bulk edge: lambda_4",5.94375239998845,0.0581685798228914
"Bulk edge: lambda_4",5.94517502378,0.0636841959473781
"Bulk edge: lambda_4",5.94659764757154,0.0698048506077203
"Bulk edge: lambda_4",5.94802027136309,0.0765512237801995
"Bulk edge: lambda_4",5.94944289515464,0.0839428238906191
"Bulk edge: lambda_4",5.95086551894618,0.092114906504264
"Bulk edge: lambda_4",5.95228814273773,0.101088795842976
"Bulk edge: lambda_4",5.95371076652927,0.110765446186082
"Bulk edge: lambda_4",5.95513339032082,0.121152880862891
"Bulk edge: lambda_4",5.95655601411237,0.132257010314507
"Bulk edge: lambda_4",5.95797863790391,0.144203111512445
"Bulk edge: lambda_4",5.95940126169546,0.156982881751726
"Bulk edge: lambda_4",5.960823885487,0.170469583912364
"Bulk edge: lambda_4",5.96224650927855,0.184651496243206
"Bulk edge: lambda_4",5.9636691330701,0.199514077182135
"Bulk edge: lambda_4",5.96509175686164,0.215145021493157
"Bulk edge: lambda_4",5.96651438065319,0.231497502342359
"Bulk edge: lambda_4",5.96793700444473,0.248432058268006
"Bulk edge: lambda_4",5.96935962823628,0.265914140249258
"Bulk edge: lambda_4",5.97078225202783,0.283906534272591
"Bulk edge: lambda_4",5.97220487581937,0.302435445578048
"Bulk edge: lambda_4",5.97362749961092,0.321418686630007
"Bulk edge: lambda_4",5.97505012340246,0.340730738101775
"Bulk edge: lambda_4",5.97647274719401,0.360320105768578
"Bulk edge: lambda_4",5.97789537098556,0.380134174333385
"Bulk edge: lambda_4",5.9793179947771,0.400132009019
"Bulk edge: lambda_4",5.98074061856865,0.420218142424446
"Bulk edge: lambda_4",5.98216324236019,0.440314022243157
"Bulk edge: lambda_4",5.98358586615174,0.460368622817482
"Bulk edge: lambda_4",5.98500848994329,0.480332695549385
"Bulk edge: lambda_4",5.98643111373483,0.50012358599984
"Bulk edge: lambda_4",5.98785373752638,0.519672545139317
"Bulk edge: lambda_4",5.98927636131792,0.538973790377342
"Bulk edge: lambda_4",5.99069898510947,0.558002353673035
"Bulk edge: lambda_4",5.99212160890102,0.576738348972772
"Bulk edge: lambda_4",5.99354423269256,0.595115200868135
"Bulk edge: lambda_4",5.99496685648411,0.613135408280566
"Bulk edge: lambda_4",5.99638948027565,0.630866444116148
"Bulk edge: lambda_4",5.9978121040672,0.648332510960246
"Bulk edge: lambda_4",5.99923472785875,0.66556487450493
"Bulk edge: lambda_4",6.00065735165029,0.682585638790988
"Bulk edge: lambda_4",6.00207997544184,0.699493959910316
"Bulk edge: lambda_4",6.00350259923338,0.716392962073877
"Bulk edge: lambda_4",6.00492522302493,0.733362194787207
"Bulk edge: lambda_4",6.00634784681648,0.750487246923217
"Bulk edge: lambda_4",6.00777047060802,0.767932402777699
"Bulk edge: lambda_4",6.00919309439957,0.785877411847586
"Bulk edge: lambda_4",6.01061571819111,0.804389974159623
"Bulk edge: lambda_4",6.01203834198266,0.823584471431182
"Bulk edge: lambda_4",6.01346096577421,0.843576901841291
"Bulk edge: lambda_4",6.01488358956575,0.864673929644153
"Bulk edge: lambda_4",6.0163062133573,0.887073981287418
"Bulk edge: lambda_4",6.01772883714884,0.910732172101039
"Bulk edge: lambda_4",6.01915146094039,0.935754399465267
"Bulk edge: lambda_4",6.02057408473194,0.962242007061211
"Bulk edge: lambda_4",6.02199670852348,0.990579066948613
"Bulk edge: lambda_4",6.02341933231503,1.02089828399331
"Bulk edge: lambda_4",6.02484195610657,1.05299941715337
"Bulk edge: lambda_4",6.02626457989812,1.08693302925562
"Bulk edge: lambda_4",6.02768720368967,1.12274032392821
"Bulk edge: lambda_4",6.02910982748121,1.16077627407118
"Bulk edge: lambda_4",6.03053245127276,1.2010435467117
"Bulk edge: lambda_4",6.0319550750643,1.2432083522761
"Bulk edge: lambda_4",6.03337769885585,1.28724049811617
"Bulk edge: lambda_4",6.0348003226474,1.33309969539354
"Bulk edge: lambda_4",6.03622294643894,1.38101327126647
"Bulk edge: lambda_4",6.03764557023049,1.43084582891326
"Bulk edge: lambda_4",6.03906819402203,1.48221392343508
"Bulk edge: lambda_4",6.04049081781358,1.53501715450273
"Bulk edge: lambda_4",6.04191344160513,1.58914877889799
"Bulk edge: lambda_4",6.04333606539667,1.64466396710767
"Bulk edge: lambda_4",6.04475868918822,1.70134230407049
"Bulk edge: lambda_4",6.04618131297976,1.75885860674817
"Bulk edge: lambda_4",6.04760393677131,1.81708248197157
"Bulk edge: lambda_4",6.04902656056286,1.87588323674769
"Bulk edge: lambda_4",6.0504491843544,1.93516779045531
"Bulk edge: lambda_4",6.05187180814595,1.99471415733339
"Bulk edge: lambda_4",6.05329443193749,2.05433583738092
"Bulk edge: lambda_4",6.05471705572904,2.11391943440565
"Bulk edge: lambda_4",6.05613967952059,2.1733563046539
"Bulk edge: lambda_4",6.05756230331213,2.23247423039047
"Bulk edge: lambda_4",6.05898492710368,2.29111866661201
"Bulk edge: lambda_4",6.06040755089522,2.34926153748403
"Bulk edge: lambda_4",6.06183017468677,2.40683646772435
"Bulk edge: lambda_4",6.06325279847832,2.46378369658128
"Bulk edge: lambda_4",6.06467542226986,2.51992472918573
"Bulk edge: lambda_4",6.06609804606141,2.57519732506996
"Bulk edge: lambda_4",6.06752066985295,2.62969361404805
"Bulk edge: lambda_4",6.0689432936445,2.6833971804275
"Bulk edge: lambda_4",6.07036591743605,2.73629687479901
"Bulk edge: lambda_4",6.07178854122759,2.78825206927753
"Bulk edge: lambda_4",6.07321116501914,2.83927364647379
"Bulk edge: lambda_4",6.07463378881068,2.8895085880926
"Bulk edge: lambda_4",6.07605641260223,2.93897272874027
"Bulk edge: lambda_4",6.07747903639378,2.98768424605483
"Bulk edge: lambda_4",6.07890166018532,3.0355475116885
"Bulk edge: lambda_4",6.08032428397687,3.08260592540352
"Bulk edge: lambda_4",6.08174690776841,3.12900452516538
"Bulk edge: lambda_4",6.08316953155996,3.17476813142795
"Bulk edge: lambda_4",6.08459215535151,3.21992134670245
"Bulk edge: lambda_4",6.08601477914305,3.26439657669432
"Bulk edge: lambda_4",6.0874374029346,3.308234314518
"Bulk edge: lambda_4",6.08886002672614,3.35155000105578
"Bulk edge: lambda_4",6.09028265051769,3.39436180146993
"Bulk edge: lambda_4",6.09170527430924,3.43668658496187
"Bulk edge: lambda_4",6.09312789810078,3.47846429995564
"Bulk edge: lambda_4",6.09455052189233,3.51971755994537
"Bulk edge: lambda_4",6.09597314568387,3.56053299904798
"Bulk edge: lambda_4",6.09739576947542,3.60091877264694
"Bulk edge: lambda_4",6.09881839326697,3.64088202573119
"Bulk edge: lambda_4",6.10024101705851,3.6803602402631
"Bulk edge: lambda_4",6.10166364085006,3.71936182559365
"Bulk edge: lambda_4",6.1030862646416,3.7579582279006
"Bulk edge: lambda_4",6.10450888843315,3.79615175420549
"Bulk edge: lambda_4",6.1059315122247,3.83394425731372
"Bulk edge: lambda_4",6.10735413601624,3.87127023410045
"Bulk edge: lambda_4",6.10877675980779,3.90813119365938
"Bulk edge: lambda_4",6.11019938359933,3.94459230690066
"Bulk edge: lambda_4",6.11162200739088,3.98065182446061
"Bulk edge: lambda_4",6.11304463118243,4.01630716400357
"Bulk edge: lambda_4",6.11446725497397,4.05148465593022
"Bulk edge: lambda_4",6.11588987876552,4.08617353370453
"Bulk edge: lambda_4",6.11731250255706,4.12043066761377
"Bulk edge: lambda_4",6.11873512634861,4.1542427824879
"Bulk edge: lambda_4",6.12015775014016,4.18759422449629
"Bulk edge: lambda_4",6.1215803739317,4.22037918228871
"Bulk edge: lambda_4",6.12300299772325,4.25255367029838
"Bulk edge: lambda_4",6.12442562151479,4.28416377880856
"Bulk edge: lambda_4",6.12584824530634,4.31517127349115
"Bulk edge: lambda_4",6.12727086909789,4.34553404427716
"Bulk edge: lambda_4",6.12869349288943,4.37507383569505
"Bulk edge: lambda_4",6.13011611668098,4.40369360503394
"Bulk edge: lambda_4",6.13153874047252,4.43144413189616
"Bulk edge: lambda_4",6.13296136426407,4.45825576725526
"Bulk edge: lambda_4",6.13438398805562,4.48405538920317
"Bulk edge: lambda_4",6.13580661184716,4.50855962957039
"Bulk edge: lambda_4",6.13722923563871,4.53162465316267
"Bulk edge: lambda_4",6.13865185943025,4.5533467344614
"Bulk edge: lambda_4",6.1400744832218,4.57363768887861
"Bulk edge: lambda_4",6.14149710701335,4.59240898808532
"Bulk edge: lambda_4",6.14291973080489,4.60927746579102
"Bulk edge: lambda_4",6.14434235459644,4.62409572789867
"Bulk edge: lambda_4",6.14576497838798,4.63705503722839
"Bulk edge: lambda_4",6.14718760217953,4.64808042292773
"Bulk edge: lambda_4",6.14861022597108,4.65710118030762
"Bulk edge: lambda_4",6.15003284976262,4.66368938285903
"Bulk edge: lambda_4",6.15145547355417,4.66775708275879
"Bulk edge: lambda_4",6.15287809734571,4.66961546998372
"Bulk edge: lambda_4",6.15430072113726,4.66923751864979
"Bulk edge: lambda_4",6.15572334492881,4.66660392981945
"Bulk edge: lambda_4",6.15714596872035,4.66132695672361
"Bulk edge: lambda_4",6.1585685925119,4.65342510887857
"Bulk edge: lambda_4",6.15999121630344,4.64330471475222
"Bulk edge: lambda_4",6.16141384009499,4.63100392759459
"Bulk edge: lambda_4",6.16283646388654,4.61656887366574
"Bulk edge: lambda_4",6.16425908767808,4.59972731621507
"Bulk edge: lambda_4",6.16568171146963,4.58060727176575
"Bulk edge: lambda_4",6.16710433526117,4.55963967456641
"Bulk edge: lambda_4",6.16852695905272,4.53691775736031
"Bulk edge: lambda_4",6.16994958284427,4.51253974040349
"Bulk edge: lambda_4",6.17137220663581,4.48638219235958
"Bulk edge: lambda_4",6.17279483042736,4.45864154630229
"Bulk edge: lambda_4",6.1742174542189,4.42968868421774
"Bulk edge: lambda_4",6.17564007801045,4.39964142594468
"Bulk edge: lambda_4",6.177062701802,4.36861814180615
"Bulk edge: lambda_4",6.17848532559354,4.33662862094953
"Bulk edge: lambda_4",6.17990794938509,4.30387667246722
"Bulk edge: lambda_4",6.18133057317663,4.27061124553455
"Bulk edge: lambda_4",6.18275319696818,4.23694015506195
"Bulk edge: lambda_4",6.18417582075973,4.20296791192229
"Bulk edge: lambda_4",6.18559844455127,4.16878865117848
"Bulk edge: lambda_4",6.18702106834282,4.13456032849325
"Bulk edge: lambda_4",6.18844369213436,4.10039042889776
"Bulk edge: lambda_4",6.18986631592591,4.06635131231726
"Bulk edge: lambda_4",6.19128893971746,4.03250980449493
"Bulk edge: lambda_4",6.192711563509,3.99898384434574
"Bulk edge: lambda_4",6.19413418730055,3.96585457888619
"Bulk edge: lambda_4",6.19555681109209,3.93310820268882
"Bulk edge: lambda_4",6.19697943488364,3.90076984516941
"Bulk edge: lambda_4",6.19840205867519,3.86885857050255
"Bulk edge: lambda_4",6.19982468246673,3.8374601582045
"Bulk edge: lambda_4",6.20124730625828,3.80657158037323
"Bulk edge: lambda_4",6.20266993004982,3.7761037991936
"Bulk edge: lambda_4",6.20409255384137,3.74603593998497
"Bulk edge: lambda_4",6.20551517763292,3.7163420772485
"Bulk edge: lambda_4",6.20693780142446,3.68703614507421
"Bulk edge: lambda_4",6.20836042521601,3.65804511232362
"Bulk edge: lambda_4",6.20978304900755,3.6292625691678
"Bulk edge: lambda_4",6.2112056727991,3.60063492024904
"Bulk edge: lambda_4",6.21262829659065,3.57210597178501
"Bulk edge: lambda_4",6.21405092038219,3.54360539567916
"Bulk edge: lambda_4",6.21547354417374,3.51502415480343
"Bulk edge: lambda_4",6.21689616796528,3.48629453847718
"Bulk edge: lambda_4",6.21831879175683,3.45735366229126
"Bulk edge: lambda_4",6.21974141554838,3.42813940610211
"Bulk edge: lambda_4",6.22116403933992,3.39851835174892
"Bulk edge: lambda_4",6.22258666313147,3.36839180433515
"Bulk edge: lambda_4",6.22400928692301,3.33776866669194
"Bulk edge: lambda_4",6.22543191071456,3.30660343995989
"Bulk edge: lambda_4",6.22685453450611,3.27485438210329
"Bulk edge: lambda_4",6.22827715829765,3.24237239864966
"Bulk edge: lambda_4",6.2296997820892,3.20911029778333
"Bulk edge: lambda_4",6.23112240588074,3.17515828055494
"Bulk edge: lambda_4",6.23254502967229,3.14050661400108
"Bulk edge: lambda_4",6.23396765346384,3.10515049742635
"Bulk edge: lambda_4",6.23539027725538,3.06897660452011
"Bulk edge: lambda_4",6.23681290104693,3.03200556355751
"Bulk edge: lambda_4",6.23823552483847,2.99437785715477
"Bulk edge: lambda_4",6.23965814863002,2.95612064674058
"Bulk edge: lambda_4",6.24108077242157,2.91726488293308
"Bulk edge: lambda_4",6.24250339621311,2.8777639105518
"Bulk edge: lambda_4",6.24392602000466,2.83769082906711
"Bulk edge: lambda_4",6.2453486437962,2.79718589039783
"Bulk edge: lambda_4",6.24677126758775,2.75629810810522
"Bulk edge: lambda_4",6.2481938913793,2.7150777537341
"Bulk edge: lambda_4",6.24961651517084,2.67354484019897
"Bulk edge: lambda_4",6.25103913896239,2.63179049433484
"Bulk edge: lambda_4",6.25246176275393,2.58991105498705
"Bulk edge: lambda_4",6.25388438654548,2.54795698141967
"Bulk edge: lambda_4",6.25530701033703,2.50597773169306
"Bulk edge: lambda_4",6.25672963412857,2.46403851673961
"Bulk edge: lambda_4",6.25815225792012,2.42221749657997
"Bulk edge: lambda_4",6.25957488171166,2.38054921175568
"Bulk edge: lambda_4",6.26099750550321,2.33907205809124
"Bulk edge: lambda_4",6.26242012929476,2.29782258857383
"Bulk edge: lambda_4",6.2638427530863,2.25688775829778
"Bulk edge: lambda_4",6.26526537687785,2.21632092207733
"Bulk edge: lambda_4",6.26668800066939,2.17610303550029
"Bulk edge: lambda_4",6.26811062446094,2.13625889763148
"Bulk edge: lambda_4",6.26953324825249,2.09681198401957
"Bulk edge: lambda_4",6.27095587204403,2.05785968866754
"Bulk edge: lambda_4",6.27237849583558,2.01943731520365
"Bulk edge: lambda_4",6.27380111962712,1.98149173645407
"Bulk edge: lambda_4",6.27522374341867,1.94404051823388
"Bulk edge: lambda_4",6.27664636721022,1.9071008289866
"Bulk edge: lambda_4",6.27806899100176,1.87078175823602
"Bulk edge: lambda_4",6.27949161479331,1.83511302803152
"Bulk edge: lambda_4",6.28091423858485,1.80002161320729
"Bulk edge: lambda_4",6.2823368623764,1.76552367622632
"Bulk edge: lambda_4",6.28375948616795,1.73163530300842
"Bulk edge: lambda_4",6.28518210995949,1.69848063991308
"Bulk edge: lambda_4",6.28660473375104,1.66608817007028
"Bulk edge: lambda_4",6.28802735754258,1.63436690237403
"Bulk edge: lambda_4",6.28944998133413,1.60333067594173
"Bulk edge: lambda_4",6.29087260512568,1.57299258534384
"Bulk edge: lambda_4",6.29229522891722,1.54348533181906
"Bulk edge: lambda_4",6.29371785270877,1.51482701810067
"Bulk edge: lambda_4",6.29514047650031,1.48690373002507
"Bulk edge: lambda_4",6.29656310029186,1.459719183663
"Bulk edge: lambda_4",6.29798572408341,1.43327513891107
"Bulk edge: lambda_4",6.29940834787495,1.40769209181262
"Bulk edge: lambda_4",6.3008309716665,1.38296113353792
"Bulk edge: lambda_4",6.30225359545804,1.35894573208479
"Bulk edge: lambda_4",6.30367621924959,1.33563060029232
"Bulk edge: lambda_4",6.30509884304114,1.31299772671258
"Bulk edge: lambda_4",6.30652146683268,1.29112774847787
"Bulk edge: lambda_4",6.30794409062423,1.26997410306602
"Bulk edge: lambda_4",6.30936671441577,1.24939285728098
"Bulk edge: lambda_4",6.31078933820732,1.22934780747152
"Bulk edge: lambda_4",6.31221196199887,1.20980058324891
"Bulk edge: lambda_4",6.31363458579041,1.19077331363997
"Bulk edge: lambda_4",6.31505720958196,1.17218924107591
"Bulk edge: lambda_4",6.3164798333735,1.15392618271808
"Bulk edge: lambda_4",6.31790245716505,1.1359367067565
"Bulk edge: lambda_4",6.3193250809566,1.11817317589399
"Bulk edge: lambda_4",6.32074770474814,1.10060385973985
"Bulk edge: lambda_4",6.32217032853969,1.08314855016459
"Bulk edge: lambda_4",6.32359295233123,1.06573652136773
"Bulk edge: lambda_4",6.32501557612278,1.04832729772315
"Bulk edge: lambda_4",6.32643819991433,1.03088260467445
"Bulk edge: lambda_4",6.32786082370587,1.01334631203885
"Bulk edge: lambda_4",6.32928344749742,0.995667836980097
"Bulk edge: lambda_4",6.33070607128896,0.977839929457885
"Bulk edge: lambda_4",6.33212869508051,0.95984579788847
"Bulk edge: lambda_4",6.33355131887206,0.941672272625195
"Bulk edge: lambda_4",6.3349739426636,0.923278627451526
"Bulk edge: lambda_4",6.33639656645515,0.904663797372269
"Bulk edge: lambda_4",6.33781919024669,0.885868305574373
"Bulk edge: lambda_4",6.33924181403824,0.866904110129396
"Bulk edge: lambda_4",6.34066443782979,0.847786346153433
"Bulk edge: lambda_4",6.34208706162133,0.828518209640599
"Bulk edge: lambda_4",6.34350968541288,0.80914265821298
"Bulk edge: lambda_4",6.34493230920442,0.789711343314461
"Bulk edge: lambda_4",6.34635493299597,0.770255385927284
"Bulk edge: lambda_4",6.34777755678752,0.750807096179086
"Bulk edge: lambda_4",6.34920018057906,0.731416621709861
"Bulk edge: lambda_4",6.35062280437061,0.712144139437626
"Bulk edge: lambda_4",6.35204542816215,0.693014792117304
"Bulk edge: lambda_4",6.3534680519537,0.674060973727096
"Bulk edge: lambda_4",6.35489067574525,0.655313997524092
"Bulk edge: lambda_4",6.35631329953679,0.636850560085154
"Bulk edge: lambda_4",6.35773592332834,0.61871694097627
"Bulk edge: lambda_4",6.35915854711988,0.600892836383864
"Bulk edge: lambda_4",6.36058117091143,0.58339657318024
"Bulk edge: lambda_4",6.36200379470298,0.566244128293463
"Bulk edge: lambda_4",6.36342641849452,0.549510083596557
"Bulk edge: lambda_4",6.36484904228607,0.5332089781152
"Bulk edge: lambda_4",6.36627166607761,0.517281743520181
"Bulk edge: lambda_4",6.36769428986916,0.501727737829199
"Bulk edge: lambda_4",6.36911691366071,0.486544202195913
"Bulk edge: lambda_4",6.37053953745225,0.471783754366965
"Bulk edge: lambda_4",6.3719621612438,0.457431799396805
"Bulk edge: lambda_4",6.37338478503534,0.443414406385298
"Bulk edge: lambda_4",6.37480740882689,0.429718123477208
"Bulk edge: lambda_4",6.37623003261844,0.416328690350253
"Bulk edge: lambda_4",6.37765265640998,0.403274542459552
"Bulk edge: lambda_4",6.37907528020153,0.390529517201223
"Bulk edge: lambda_4",6.38049790399307,0.378029761700472
"Bulk edge: lambda_4",6.38192052778462,0.365760711090565
"Bulk edge: lambda_4",6.38334315157617,0.353708465513705
"Bulk edge: lambda_4",6.38476577536771,0.34189027153516
"Bulk edge: lambda_4",6.38618839915926,0.330288625454139
"Bulk edge: lambda_4",6.3876110229508,0.318862344370749
"Bulk edge: lambda_4",6.38903364674235,0.307605728160272
"Bulk edge: lambda_4",6.3904562705339,0.296514578825539
"Bulk edge: lambda_4",6.39187889432544,0.285613345476682
"Bulk edge: lambda_4",6.39330151811699,0.27490499593699
"Bulk edge: lambda_4",6.39472414190853,0.2643670823001
"Bulk edge: lambda_4",6.39614676570008,0.254006114150576
"Bulk edge: lambda_4",6.39756938949163,0.243829967410211
"Bulk edge: lambda_4",6.39899201328317,0.233883223072307
"Bulk edge: lambda_4",6.40041463707472,0.224187855367847
"Bulk edge: lambda_4",6.40183726086626,0.214724672048754
"Bulk edge: lambda_4",6.40325988465781,0.205508231255062
"Bulk edge: lambda_4",6.40468250844936,0.196553516061891
"Bulk edge: lambda_4",6.4061051322409,0.187925827920693
"Bulk edge: lambda_4",6.40752775603245,0.179653457452281
"Bulk edge: lambda_4",6.40895037982399,0.171703343568481
"Bulk edge: lambda_4",6.41037300361554,0.164089131320866
"Bulk edge: lambda_4",6.41179562740709,0.156823662888297
"Bulk edge: lambda_4",6.41321825119863,0.149980736180109
"Bulk edge: lambda_4",6.41464087499018,0.143578045666728
"Bulk edge: lambda_4",6.41606349878172,0.137559587362552
"Bulk edge: lambda_4",6.41748612257327,0.131929088114335
"Bulk edge: lambda_4",6.41890874636482,0.126688599572087
"Bulk edge: lambda_4",6.42033137015636,0.121901290473812
"Bulk edge: lambda_4",6.42175399394791,0.117561955685662
"Bulk edge: lambda_4",6.42317661773945,0.113595959066676
"Bulk edge: lambda_4",6.424599241531,0.109992852136893
"Bulk edge: lambda_4",6.42602186532255,0.106740479569519
"Bulk edge: lambda_4",6.42744448911409,0.103875126945108
"Bulk edge: lambda_4",6.42886711290564,0.101367793900294
"Bulk edge: lambda_4",6.43028973669718,0.0991414074643365
"Bulk edge: lambda_4",6.43171236048873,0.0971743687963537
"Bulk edge: lambda_4",6.43313498428028,0.0954442367880023
"Bulk edge: lambda_4",6.43455760807182,0.0939557809393259
"Bulk edge: lambda_4",6.43598023186337,0.092667690503147
"Bulk edge: lambda_4",6.43740285565491,0.0915204410800051
"Bulk edge: lambda_4",6.43882547944646,0.090490164146055
"Bulk edge: lambda_4",6.44024810323801,0.0895534410768082
"Bulk edge: lambda_4",6.44167072702955,0.0886929503019021
"Bulk edge: lambda_4",6.4430933508211,0.0878727053258112
"Bulk edge: lambda_4",6.44451597461264,0.087063728052972
"Bulk edge: lambda_4",6.44593859840419,0.0862495944175532
"Bulk edge: lambda_4",6.44736122219574,0.0854152970901537
"Bulk edge: lambda_4",6.44878384598728,0.084539002998399
"Bulk edge: lambda_4",6.45020646977883,0.0836035784961073
"Bulk edge: lambda_4",6.45162909357037,0.0826095109683542
"Bulk edge: lambda_4",6.45305171736192,0.0815527021880143
"Bulk edge: lambda_4",6.45447434115347,0.0804305622533704
"Bulk edge: lambda_4",6.45589696494501,0.0792318084514933
"Bulk edge: lambda_4",6.45731958873656,0.0779599079181949
"Bulk edge: lambda_4",6.4587422125281,0.0766310516866641
"Bulk edge: lambda_4",6.46016483631965,0.0752510274127083
"Bulk edge: lambda_4",6.4615874601112,0.0738263856357638
"Bulk edge: lambda_4",6.46301008390274,0.0723607054498809
"Bulk edge: lambda_4",6.46443270769429,0.0708682636780444
"Bulk edge: lambda_4",6.46585533148583,0.0693636212100114
"Bulk edge: lambda_4",6.46727795527738,0.0678551002518087
"Bulk edge: lambda_4",6.46870057906893,0.0663507875038062
"Bulk edge: lambda_4",6.47012320286047,0.0648623420777147
"Bulk edge: lambda_4",6.47154582665202,0.0634012826212141
"Bulk edge: lambda_4",6.47296845044356,0.0619701034880001
"Bulk edge: lambda_4",6.47439107423511,0.0605727851406647
"Bulk edge: lambda_4",6.47581369802666,0.0592125006152413
"Bulk edge: lambda_4",6.4772363218182,0.0578980927069238
"Bulk edge: lambda_4",6.47865894560975,0.0566302626034135
"Bulk edge: lambda_4",6.48008156940129,0.055400537455466
"Bulk edge: lambda_4",6.48150419319284,0.0542064640762401
"Bulk edge: lambda_4",6.48292681698439,0.0530449213478328
"Bulk edge: lambda_4",6.48434944077593,0.0519153770850018
"Bulk edge: lambda_4",6.48577206456748,0.050809275970625
"Bulk edge: lambda_4",6.48719468835902,0.0497161577570982
"Bulk edge: lambda_4",6.48861731215057,0.0486301732594461
"Bulk edge: lambda_4",6.49003993594212,0.0475454050383979
"Bulk edge: lambda_4",6.49146255973366,0.0464535122473679
"Bulk edge: lambda_4",6.49288518352521,0.0453446941619918
"Bulk edge: lambda_4",6.49430780731675,0.0442152152853783
"Bulk edge: lambda_4",6.4957304311083,0.0430607896066595
"Bulk edge: lambda_4",6.49715305489985,0.0418776096705343
"Bulk edge: lambda_4",6.49857567869139,0.0406566065503615
"Bulk edge: lambda_4",6.49999830248294,0.0393942964886042
"Bulk edge: lambda_4",6.50142092627448,0.038095927818535
"Bulk edge: lambda_4",6.50284355006603,0.0367618380988228
"Bulk edge: lambda_4",6.50426617385758,0.0353929772086103
"Bulk edge: lambda_4",6.50568879764912,0.033986346883847
"Bulk edge: lambda_4",6.50711142144067,0.0325468714279494
"Bulk edge: lambda_4",6.50853404523221,0.0310842266137508
"Bulk edge: lambda_4",6.50995666902376,0.0296029005467334
"Bulk edge: lambda_4",6.51137929281531,0.0281077208986004
"Bulk edge: lambda_4",6.51280191660685,0.0266040438150488
"Bulk edge: lambda_4",6.5142245403984,0.0251017042318099
"Bulk edge: lambda_4",6.51564716418994,0.023607784256888
"Bulk edge: lambda_4",6.51706978798149,0.0221280479429284
"Bulk edge: lambda_4",6.51849241177304,0.0206681909478439
"Bulk edge: lambda_4",6.51991503556458,0.0192394432381587
"Bulk edge: lambda_4",6.52133765935613,0.0178510268593487
"Bulk edge: lambda_4",6.52276028314767,0.0165028504539288
"Bulk edge: lambda_4",6.52418290693922,0.0151990415556728
"Bulk edge: lambda_4",6.52560553073077,0.0139433922062772
"Bulk edge: lambda_4",6.52702815452231,0.0127484613661241
"Bulk edge: lambda_4",6.52845077831386,0.0116190846605139
"Bulk edge: lambda_4",6.5298734021054,0.0105479153705781
"Bulk edge: lambda_4",6.53129602589695,0.00953614891155651
"Bulk edge: lambda_4",6.5327186496885,0.00858461851102457
"Bulk edge: lambda_4",6.53414127348004,0.00770356458054235
"Bulk edge: lambda_4",6.53556389727159,0.00689288414278738
"Bulk edge: lambda_4",6.53698652106313,0.00614116845180095
"Bulk edge: lambda_4",6.53840914485468,0.00544713189472909
"Bulk edge: lambda_4",6.53983176864623,0.00480926510699164
"Bulk edge: lambda_4",6.54125439243777,0.00423407869682174
"Bulk edge: lambda_4",6.54267701622932,0.00371828574718254
"Bulk edge: lambda_4",6.54409964002086,0.0032502639564773
"Bulk edge: lambda_4",6.54552226381241,0.00282754735745635
"Bulk edge: lambda_4",6.54694488760396,0.00244761557400924
"Bulk edge: lambda_4",6.5483675113955,0.00211369646375202
"Bulk edge: lambda_4",6.54979013518705,0.00182159163746866
"Bulk edge: lambda_4",6.55121275897859,0.00156201748689681
"Bulk edge: lambda_4",6.55263538277014,0.00133251343318141
"Bulk edge: lambda_4",6.55405800656169,0.00113067533338439
"Bulk edge: lambda_4",6.55548063035323,0.000957659472216548
"Bulk edge: lambda_4",6.55690325414478,0.000809901506270126
"Bulk edge: lambda_4",6.55832587793632,0.000681228617447315
"Bulk edge: lambda_4",6.55974850172787,0.00056980120526478
"Bulk edge: lambda_4",6.56117112551942,0.000473871764450251
"Bulk edge: lambda_4",6.56259374931096,0.000393628839806722
"Spike 1",7.70734457781797,7.96927185028572e-05
"Spike 1",7.71469507237546,9.43069622479284e-05
"Spike 1",7.72204556693294,0.000111077215254636
"Spike 1",7.72939606149042,0.00013022402077039
"Spike 1",7.73674655604791,0.000152926023398164
"Spike 1",7.74409705060539,0.000179229306856007
"Spike 1",7.75144754516287,0.00020913608093361
"Spike 1",7.75879803972036,0.000242983758841322
"Spike 1",7.76614853427784,0.000281725659936948
"Spike 1",7.77349902883533,0.000326998260988631
"Spike 1",7.78084952339281,0.00037798865953636
"Spike 1",7.78820001795029,0.000435178223666274
"Spike 1",7.79555051250778,0.000499062222323835
"Spike 1",7.80290100706526,0.000573203347338414
"Spike 1",7.81025150162274,0.000656376467385194
"Spike 1",7.81760199618023,0.0007487996798915
"Spike 1",7.82495249073771,0.000851124590181072
"Spike 1",7.83230298529519,0.00096620137505615
"Spike 1",7.83965347985268,0.00109607506790523
"Spike 1",7.84700397441016,0.0012390354560522
"Spike 1",7.85435446896764,0.00139587115694865
"Spike 1",7.86170496352513,0.00156748555387355
"Spike 1",7.86905545808261,0.00176172897706802
"Spike 1",7.87640595264009,0.00197350815798255
"Spike 1",7.88375644719758,0.00220368865344062
"Spike 1",7.89110694175506,0.00245313727263439
"Spike 1",7.89845743631254,0.00272807889724291
"Spike 1",7.90580793087003,0.00302869227150452
"Spike 1",7.91315842542751,0.00335235523178252
"Spike 1",7.920508919985,0.00369989056507828
"Spike 1",7.92785941454248,0.00407389789213022
"Spike 1",7.93520990909996,0.00448294334993362
"Spike 1",7.94256040365745,0.00491916811447739
"Spike 1",7.94991089821493,0.0053832023740627
"Spike 1",7.95726139277241,0.00587565036540191
"Spike 1",7.9646118873299,0.00640624566950898
"Spike 1",7.97196238188738,0.00696996727724332
"Spike 1",7.97931287644486,0.00756397291313832
"Spike 1",7.98666337100235,0.00818849589202558
"Spike 1",7.99401386555983,0.00884774319039509
"Spike 1",8.00136436011731,0.00954640285954623
"Spike 1",8.0087148546748,0.0102756008073996
"Spike 1",8.01606534923228,0.0110350708326923
"Spike 1",8.02341584378977,0.0118244978464042
"Spike 1",8.03076633834725,0.0126538526792411
"Spike 1",8.03811683290473,0.013512573946129
"Spike 1",8.04546732746222,0.0143985409269008
"Spike 1",8.0528178220197,0.0153108917062142
"Spike 1",8.06016831657718,0.0162531829055652
"Spike 1",8.06751881113466,0.0172238000355139
"Spike 1",8.07486930569215,0.0182159280482344
"Spike 1",8.08221980024963,0.0192282461613133
"Spike 1",8.08957029480712,0.0202596806405242
"Spike 1",8.0969207893646,0.0213138854979488
"Spike 1",8.10427128392208,0.0223818722833469
"Spike 1",8.11162177847957,0.0234620856507841
"Spike 1",8.11897227303705,0.0245529674174393
"Spike 1",8.12632276759453,0.0256544228307971
"Spike 1",8.13367326215202,0.0267626115639764
"Spike 1",8.1410237567095,0.0278747450881512
"Spike 1",8.14837425126698,0.0289894040214069
"Spike 1",8.15572474582447,0.0301051011591066
"Spike 1",8.16307524038195,0.0312192515219714
"Spike 1",8.17042573493944,0.0323305429941638
"Spike 1",8.17777622949692,0.0334380581290924
"Spike 1",8.1851267240544,0.0345409411461187
"Spike 1",8.19247721861189,0.0356363630567648
"Spike 1",8.19982771316937,0.0367247666329101
"Spike 1",8.20717820772685,0.0378065604452901
"Spike 1",8.21452870228434,0.0388816905347055
"Spike 1",8.22187919684182,0.0399493419826364
"Spike 1",8.2292296913993,0.0410094416844894
"Spike 1",8.23658018595679,0.0420645160799508
"Spike 1",8.24393068051427,0.0431153876838614
"Spike 1",8.25128117507175,0.0441629550037907
"Spike 1",8.25863166962924,0.0452085213498244
"Spike 1",8.26598216418672,0.0462549588003643
"Spike 1",8.2733326587442,0.0473038709763817
"Spike 1",8.28068315330169,0.0483568598677568
"Spike 1",8.28803364785917,0.0494175213818319
"Spike 1",8.29538414241665,0.050489681937254
"Spike 1",8.30273463697414,0.0515739849515651
"Spike 1",8.31008513153162,0.0526724152955757
"Spike 1",8.31743562608911,0.053787533041013
"Spike 1",8.32478612064659,0.0549299341410841
"Spike 1",8.33213661520407,0.0560954376039363
"Spike 1",8.33948710976155,0.0572860806744832
"Spike 1",8.34683760431904,0.0585038918640538
"Spike 1",8.35418809887652,0.0597597604239208
"Spike 1",8.36153859343401,0.0610539615678985
"Spike 1",8.36888908799149,0.0623839765301615
"Spike 1",8.37623958254897,0.0637516998570855
"Spike 1",8.38359007710646,0.0651628880733564
"Spike 1",8.39094057166394,0.0666309554909773
"Spike 1",8.39829106622142,0.0681448815521951
"Spike 1",8.40564156077891,0.0697065130327911
"Spike 1",8.41299205533639,0.0713177044595097
"Spike 1",8.42034254989387,0.072998580831509
"Spike 1",8.42769304445136,0.0747400423396071
"Spike 1",8.43504353900884,0.07653969377003
"Spike 1",8.44239403356633,0.078399649061264
"Spike 1",8.44974452812381,0.0803322493579797
"Spike 1",8.45709502268129,0.082349321771972
"Spike 1",8.46444551723878,0.0844370270732878
"Spike 1",8.47179601179626,0.0865979932872775
"Spike 1",8.47914650635374,0.0888348999620001
"Spike 1",8.48649700091122,0.0911838789731461
"Spike 1",8.49384749546871,0.093620609558775
"Spike 1",8.50119799002619,0.0961463627243602
"Spike 1",8.50854848458368,0.0987642972128349
"Spike 1",8.51589897914116,0.101499482072753
"Spike 1",8.52324947369864,0.104357032301663
"Spike 1",8.53059996825613,0.107321027645561
"Spike 1",8.53795046281361,0.110394645779525
"Spike 1",8.54530095737109,0.113585635961533
"Spike 1",8.55265145192858,0.116938752723312
"Spike 1",8.56000194648606,0.120414373785946
"Spike 1",8.56735244104354,0.1240149236184
"Spike 1",8.57470293560103,0.127742711910276
"Spike 1",8.58205343015851,0.131636625638289
"Spike 1",8.589403924716,0.13568142141185
"Spike 1",8.59675441927348,0.139860240174208
"Spike 1",8.60410491383096,0.144173783538055
"Spike 1",8.61145540838844,0.148636207540053
"Spike 1",8.61880590294593,0.153275619770763
"Spike 1",8.62615639750341,0.158048807345872
"Spike 1",8.6335068920609,0.162954508233569
"Spike 1",8.64085738661838,0.167991287245224
"Spike 1",8.64820788117586,0.173199403993926
"Spike 1",8.65555837573335,0.178540617773726
"Spike 1",8.66290887029083,0.184002483862525
"Spike 1",8.67025936484831,0.189581972709773
"Spike 1",8.6776098594058,0.195293444566234
"Spike 1",8.68496035396328,0.201139298116579
"Spike 1",8.69231084852076,0.207087516519506
"Spike 1",8.69966134307825,0.213134432715333
"Spike 1",8.70701183763573,0.219276370975178
"Spike 1",8.71436233219321,0.225542875807722
"Spike 1",8.7217128267507,0.231893551621499
"Spike 1",8.72906332130818,0.238324177383195
"Spike 1",8.73641381586567,0.244831735224408
"Spike 1",8.74376431042315,0.251428842827022
"Spike 1",8.75111480498063,0.258108052171248
"Spike 1",8.75846529953812,0.264853968383688
"Spike 1",8.7658157940956,0.271665062336451
"Spike 1",8.77316628865308,0.278543057588863
"Spike 1",8.78051678321057,0.28550599716808
"Spike 1",8.78786727776805,0.292530744413641
"Spike 1",8.79521777232553,0.299617381349887
"Spike 1",8.80256826688302,0.306766109011959
"Spike 1",8.8099187614405,0.313995701365032
"Spike 1",8.81726925599798,0.321297531984988
"Spike 1",8.82461975055547,0.328664742345035
"Spike 1",8.83197024511295,0.336098354862258
"Spike 1",8.83932073967043,0.343607190535802
"Spike 1",8.84667123422792,0.351206265843785
"Spike 1",8.8540217287854,0.358875976403516
"Spike 1",8.86137222334288,0.366616903413476
"Spike 1",8.86872271790037,0.374429522822471
"Spike 1",8.87607321245785,0.38233904485802
"Spike 1",8.88342370701534,0.390324129856838
"Spike 1",8.89077420157282,0.398379034914605
"Spike 1",8.8981246961303,0.406502343820888
"Spike 1",8.90547519068778,0.414703115233895
"Spike 1",8.91282568524527,0.422979992017324
"Spike 1",8.92017617980275,0.431313323163941
"Spike 1",8.92752667436024,0.439698924916034
"Spike 1",8.93487716891772,0.448132343922759
"Spike 1",8.9422276634752,0.456620362375047
"Spike 1",8.94957815803269,0.465136443001817
"Spike 1",8.95692865259017,0.473673379519432
"Spike 1",8.96427914714765,0.482223776285308
"Spike 1",8.97162964170514,0.490777002948935
"Spike 1",8.97898013626262,0.499315451923219
"Spike 1",8.9863306308201,0.507829127686022
"Spike 1",8.99368112537759,0.516308302938781
"Spike 1",9.00103161993507,0.524739245396374
"Spike 1",9.00838211449256,0.533084787957011
"Spike 1",9.01573260905004,0.541350031656653
"Spike 1",9.02308310360752,0.54952410620315
"Spike 1",9.030433598165,0.557596117009772
"Spike 1",9.03778409272249,0.565514321627486
"Spike 1",9.04513458727997,0.573279932255171
"Spike 1",9.05248508183745,0.580896056592548
"Spike 1",9.05983557639494,0.58835236940923
"Spike 1",9.06718607095242,0.595615564394899
"Spike 1",9.07453656550991,0.60263590607272
"Spike 1",9.08188706006739,0.609454762041207
"Spike 1",9.08923755462487,0.6160639502879
"Spike 1",9.09658804918236,0.622455548174931
"Spike 1",9.10393854373984,0.628535806607113
"Spike 1",9.11128903829732,0.634364296633673
"Spike 1",9.11863953285481,0.639948312686563
"Spike 1",9.12599002741229,0.645283462541316
"Spike 1",9.13334052196977,0.650318127442929
"Spike 1",9.14069101652726,0.65503631330636
"Spike 1",9.14804151108474,0.659495182872723
"Spike 1",9.15539200564223,0.663694484195403
"Spike 1",9.16274250019971,0.667631938152352
"Spike 1",9.17009299475719,0.671208761341245
"Spike 1",9.17744348931468,0.674532936457916
"Spike 1",9.18479398387216,0.677608182832098
"Spike 1",9.19214447842964,0.680438532689228
"Spike 1",9.19949497298713,0.6829720644887
"Spike 1",9.20684546754461,0.685239348139109
"Spike 1",9.21419596210209,0.687286628806661
"Spike 1",9.22154645665958,0.689120828655516
"Spike 1",9.22889695121706,0.690735397108039
"Spike 1",9.23624744577454,0.69209270673943
"Spike 1",9.24359794033203,0.693271000505408
"Spike 1",9.25094843488951,0.694278588867839
"Spike 1",9.25829892944699,0.695123822883236
"Spike 1",9.26564942400448,0.695773393946311
"Spike 1",9.27299991856196,0.696273590921728
"Spike 1",9.28035041311944,0.696648042824797
"Spike 1",9.28770090767693,0.696904736058168
"Spike 1",9.29505140223441,0.697038833502168
"Spike 1",9.3024018967919,0.697050657287017
"Spike 1",9.30975239134938,0.696977010274922
"Spike 1",9.31710288590686,0.696824305848737
"Spike 1",9.32445338046434,0.696598778777787
"Spike 1",9.33180387502183,0.696286055714245
"Spike 1",9.33915436957931,0.695915878529939
"Spike 1",9.3465048641368,0.695495162792455
"Spike 1",9.35385535869428,0.695027965408504
"Spike 1",9.36120585325176,0.694510997389254
"Spike 1",9.36855634780925,0.693949562791591
"Spike 1",9.37590684236673,0.693354870470543
"Spike 1",9.38325733692421,0.692728949199201
"Spike 1",9.3906078314817,0.692073116925747
"Spike 1",9.39795832603918,0.691379685977579
"Spike 1",9.40530882059666,0.690660815406396
"Spike 1",9.41265931515415,0.68991710859152
"Spike 1",9.42000980971163,0.689149084093212
"Spike 1",9.42736030426911,0.688351052832169
"Spike 1",9.4347107988266,0.687525672178042
"Spike 1",9.44206129338408,0.686676572645121
"Spike 1",9.44941178794156,0.685803676743386
"Spike 1",9.45676228249905,0.684904889001916
"Spike 1",9.46411277705653,0.683973950158402
"Spike 1",9.47146327161401,0.683018634709648
"Spike 1",9.4788137661715,0.682038847496604
"Spike 1",9.48616426072898,0.681034509661529
"Spike 1",9.49351475528647,0.679997730399478
"Spike 1",9.50086524984395,0.678934172866977
"Spike 1",9.50821574440143,0.677846266701513
"Spike 1",9.51556623895892,0.676734174980881
"Spike 1",9.5229167335164,0.675594698186405
"Spike 1",9.53026722807388,0.674425428778363
"Spike 1",9.53761772263137,0.673233100363228
"Spike 1",9.54496821718885,0.672018019940185
"Spike 1",9.55231871174633,0.670780496904031
"Spike 1",9.55966920630382,0.66951264483869
"Spike 1",9.5670197008613,0.668222598694987
"Spike 1",9.57437019541879,0.666911214626388
"Spike 1",9.58172068997627,0.665578636840198
"Spike 1",9.58907118453375,0.664220624369804
"Spike 1",9.59642167909124,0.662837083500432
"Spike 1",9.60377217364872,0.661432118965387
"Spike 1",9.6111226682062,0.660005432645833
"Spike 1",9.61847316276369,0.658555965250798
"Spike 1",9.62582365732117,0.65707472489729
"Spike 1",9.63317415187865,0.655569304743775
"Spike 1",9.64052464643614,0.654038813327156
"Spike 1",9.64787514099362,0.652482304188904
"Spike 1",9.6552256355511,0.6508907944889
"Spike 1",9.66257613010859,0.649265247623723
"Spike 1",9.66992662466607,0.647608172331814
"Spike 1",9.67727711922355,0.645918055559884
"Spike 1",9.68462761378104,0.644189820191375
"Spike 1",9.69197810833852,0.642411710570544
"Spike 1",9.699328602896,0.640592964777813
"Spike 1",9.70667909745349,0.638731664091419
"Spike 1",9.71402959201097,0.636825863737659
"Spike 1",9.72138008656846,0.63485669256101
"Spike 1",9.72873058112594,0.632832162850728
"Spike 1",9.73608107568342,0.630754086497167
"Spike 1",9.7434315702409,0.62862035870989
"Spike 1",9.75078206479839,0.626419269336918
"Spike 1",9.75813255935587,0.624140339783164
"Spike 1",9.76548305391336,0.621796508230528
"Spike 1",9.77283354847084,0.619385720596573
"Spike 1",9.78018404302832,0.616905935094347
"Spike 1",9.78753453758581,0.614325470646821
"Spike 1",9.79488503214329,0.611667892319196
"Spike 1",9.80223552670077,0.608932817264847
"Spike 1",9.80958602125826,0.606118429368889
"Spike 1",9.81693651581574,0.603204586975247
"Spike 1",9.82428701037322,0.600189677460826
"Spike 1",9.83163750493071,0.597088143812651
"Spike 1",9.83898799948819,0.593898497984022
"Spike 1",9.84633849404567,0.590615440249951
"Spike 1",9.85368898860316,0.587206394887159
"Spike 1",9.86103948316064,0.58370346749201
"Spike 1",9.86838997771812,0.58010558316258
"Spike 1",9.87574047227561,0.576411710135993
"Spike 1",9.88309096683309,0.572593333820138
"Spike 1",9.89044146139057,0.568663170853172
"Spike 1",9.89779195594806,0.564633663022044
"Spike 1",9.90514245050554,0.560504330842041
"Spike 1",9.91249294506303,0.556264306911942
"Spike 1",9.91984343962051,0.551892675040508
"Spike 1",9.92719393417799,0.547420570037792
"Spike 1",9.93454442873548,0.542848274705626
"Spike 1",9.94189492329296,0.538176153717362
"Spike 1",9.94924541785044,0.533371477545063
"Spike 1",9.95659591240793,0.528462611642639
"Spike 1",9.96394640696541,0.523457937397242
"Spike 1",9.97129690152289,0.518358895671293
"Spike 1",9.97864739608038,0.513152314519073
"Spike 1",9.98599789063786,0.507835103151781
"Spike 1",9.99334838519534,0.502432651080071
"Spike 1",10.0006988797528,0.496947738527454
"Spike 1",10.0080493743103,0.491383274560865
"Spike 1",10.0153998688678,0.485715102757935
"Spike 1",10.0227503634253,0.479978820199606
"Spike 1",10.0301008579828,0.474179341908232
"Spike 1",10.0374513525402,0.468321013976338
"Spike 1",10.0448018470977,0.462398318634193
"Spike 1",10.0521523416552,0.456423639358808
"Spike 1",10.0595028362127,0.450412126695021
"Spike 1",10.0668533307702,0.444369329363478
"Spike 1",10.0742038253277,0.438300097569645
"Spike 1",10.0815543198851,0.432210381819883
"Spike 1",10.0889048144426,0.426115396805257
"Spike 1",10.0962553090001,0.420021303763326
"Spike 1",10.1036058035576,0.413934274636658
"Spike 1",10.1109562981151,0.407868260966189
"Spike 1",10.1183067926726,0.401832196362013
"Spike 1",10.12565728723,0.395829982762474
"Spike 1",10.1330077817875,0.389867421962066
"Spike 1",10.140358276345,0.383956617104618
"Spike 1",10.1477087709025,0.378117823819001
"Spike 1",10.15505926546,0.37234187795061
"Spike 1",10.1624097600175,0.366633245639797
"Spike 1",10.1697602545749,0.360996230981992
"Spike 1",10.1771107491324,0.355464189834788
"Spike 1",10.1844612436899,0.350020137115882
"Spike 1",10.1918117382474,0.344661717573157
"Spike 1",10.1991622328049,0.339391054001392
"Spike 1",10.2065127273624,0.334226219935788
"Spike 1",10.2138632219198,0.329174464312719
"Spike 1",10.2212137164773,0.324214426006061
"Spike 1",10.2285642110348,0.319345724363192
"Spike 1",10.2359147055923,0.314567880368957
"Spike 1",10.2432652001498,0.309914813716561
"Spike 1",10.2506156947073,0.305346705799541
"Spike 1",10.2579661892648,0.300860864248572
"Spike 1",10.2653166838222,0.296454422094709
"Spike 1",10.2726671783797,0.292140617131538
"Spike 1",10.2800176729372,0.287907024035946
"Spike 1",10.2873681674947,0.283736303426695
"Spike 1",10.2947186620522,0.279624035793721
"Spike 1",10.3020691566097,0.275568560825643
"Spike 1",10.3094196511671,0.27157410342324
"Spike 1",10.3167701457246,0.267616994626299
"Spike 1",10.3241206402821,0.263692244654271
"Spike 1",10.3314711348396,0.259794867984329
"Spike 1",10.3388216293971,0.255923371153107
"Spike 1",10.3461721239546,0.25206491101599
"Spike 1",10.353522618512,0.248212741473695
"Spike 1",10.3608731130695,0.244362450648565
"Spike 1",10.368223607627,0.240508470995138
"Spike 1",10.3755741021845,0.236641832257341
"Spike 1",10.382924596742,0.232760310971187
"Spike 1",10.3902750912995,0.228860928278981
"Spike 1",10.3976255858569,0.224940865541526
"Spike 1",10.4049760804144,0.220987567267941
"Spike 1",10.4123265749719,0.217005661719449
"Spike 1",10.4196770695294,0.212995376181893
"Spike 1",10.4270275640869,0.208955923080056
"Spike 1",10.4343780586444,0.204881238542766
"Spike 1",10.4417285532018,0.200770807995731
"Spike 1",10.4490790477593,0.196632508590893
"Spike 1",10.4564295423168,0.19246773175867
"Spike 1",10.4637800368743,0.188277804465893
"Spike 1",10.4711305314318,0.184058385341955
"Spike 1",10.4784810259893,0.179822627921718
"Spike 1",10.4858315205467,0.175573875863801
"Spike 1",10.4931820151042,0.171315620047418
"Spike 1",10.5005325096617,0.167052333465925
"Spike 1",10.5078830042192,0.162792820703241
"Spike 1",10.5152334987767,0.158542467570389
"Spike 1",10.5225839933342,0.154306066771502
"Spike 1",10.5299344878916,0.150090598849267
"Spike 1",10.5372849824491,0.1459128484366
"Spike 1",10.5446354770066,0.141771521761111
"Spike 1",10.5519859715641,0.137671871995244
"Spike 1",10.5593364661216,0.13361914574237
"Spike 1",10.5666869606791,0.129638388516592
"Spike 1",10.5740374552365,0.125727511583477
"Spike 1",10.581387949794,0.121885760845087
"Spike 1",10.5887384443515,0.118117815492375
"Spike 1",10.596088938909,0.114440055851618
"Spike 1",10.6034394334665,0.110872566665237
"Spike 1",10.610789928024,0.107396919032348
"Spike 1",10.6181404225814,0.104016425760114
"Spike 1",10.6254909171389,0.10073424848694
"Spike 1",10.6328414116964,0.097593073759911
"Spike 1",10.6401919062539,0.0945622365016426
"Spike 1",10.6475424008114,0.0916391890435589
"Spike 1",10.6548928953689,0.0888251982454024
"Spike 1",10.6622433899263,0.0861433030277538
"Spike 1",10.6695938844838,0.0835958280928935
"Spike 1",10.6769443790413,0.0811586467329216
"Spike 1",10.6842948735988,0.0788310756090745
"Spike 1",10.6916453681563,0.0766147157411142
"Spike 1",10.6989958627138,0.0745460482412532
"Spike 1",10.7063463572712,0.0725805257421167
"Spike 1",10.7136968518287,0.0707158170052633
"Spike 1",10.7210473463862,0.0689494704645985
"Spike 1",10.7283978409437,0.0673020955804071
"Spike 1",10.7357483355012,0.0657574237760332
"Spike 1",10.7430988300587,0.0642976445109411
"Spike 1",10.7504493246161,0.0629192516555562
"Spike 1",10.7577998191736,0.0616246873359572
"Spike 1",10.7651503137311,0.0604241102352883
"Spike 1",10.7725008082886,0.0592882528721695
"Spike 1",10.7798513028461,0.058213139393484
"Spike 1",10.7872017974036,0.0571947787532805
"Spike 1",10.794552291961,0.0562432412405646
"Spike 1",10.8019027865185,0.0553393723090233
"Spike 1",10.809253281076,0.0544746814415963
"Spike 1",10.8166037756335,0.0536452642153297
"Spike 1",10.823954270191,0.0528507806530156
"Spike 1",10.8313047647485,0.0520867955464662
"Spike 1",10.8386552593059,0.0513417197588649
"Spike 1",10.8460057538634,0.0506121093036648
"Spike 1",10.8533562484209,0.0498945748927432
"Spike 1",10.8607067429784,0.04918644139758
"Spike 1",10.8680572375359,0.0484800944283389
"Spike 1",10.8754077320934,0.047772631386379
"Spike 1",10.8827582266508,0.0470614200543631
"Spike 1",10.8901087212083,0.0463416444211459
"Spike 1",10.8974592157658,0.0456088821723344
"Spike 1",10.9048097103233,0.0448627894997328
"Spike 1",10.9121602048808,0.0441016778365622
"Spike 1",10.9195106994383,0.0433233104129605
"Spike 1",10.9268611939957,0.0425189688543915
"Spike 1",10.9342116885532,0.0416942334325482
"Spike 1",10.9415621831107,0.0408484658245967
"Spike 1",10.9489126776682,0.0399811241212389
"Spike 1",10.9562631722257,0.0390858087816039
"Spike 1",10.9636136667832,0.0381654193291327
"Spike 1",10.9709641613406,0.0372234708500355
"Spike 1",10.9783146558981,0.0362604539191781
"Spike 1",10.9856651504556,0.0352751472223081
"Spike 1",10.9930156450131,0.0342650919719562
"Spike 1",11.0003661395706,0.0332380238392523
"Spike 1",11.0077166341281,0.0321952957617923
"Spike 1",11.0150671286856,0.031138325134183
"Spike 1",11.022417623243,0.0300656895504768
"Spike 1",11.0297681178005,0.0289835997245119
"Spike 1",11.037118612358,0.0278948946513604
"Spike 1",11.0444691069155,0.0268015050965361
"Spike 1",11.051819601473,0.0257056071530325
"Spike 1",11.0591700960305,0.0246113522642616
"Spike 1",11.0665205905879,0.023521363237533
"Spike 1",11.0738710851454,0.0224376908436945
"Spike 1",11.0812215797029,0.0213623799407261
"Spike 1",11.0885720742604,0.0203033892364927
"Spike 1",11.0959225688179,0.0192596076006668
"Spike 1",11.1032730633754,0.0182326275408464
"Spike 1",11.1106235579328,0.0172242015320786
"Spike 1",11.1179740524903,0.0162411913271541
"Spike 1",11.1253245470478,0.015286065894316
"Spike 1",11.1326750416053,0.0143560770191581
"Spike 1",11.1400255361628,0.0134524254913389
"Spike 1",11.1473760307203,0.0125775588463176
"Spike 1",11.1547265252777,0.0117425403325429
"Spike 1",11.1620770198352,0.0109378394843181
"Spike 1",11.1694275143927,0.0101639961349715
"Spike 1",11.1767780089502,0.00942149063447537
"Spike 1",11.1841285035077,0.00871977635283732
"Spike 1",11.1914789980652,0.00805429452080167
"Spike 1",11.1988294926226,0.00742080908127655
"Spike 1",11.2061799871801,0.00681918909189989
"Spike 1",11.2135304817376,0.00625255986885096
"Spike 1",11.2208809762951,0.00572640759044156
"Spike 1",11.2282314708526,0.00523050254751859
"Spike 1",11.2355819654101,0.00476425399797944
"Spike 1",11.2429324599675,0.00432703872265252
"Spike 1",11.250282954525,0.00392733042640892
"Spike 1",11.2576334490825,0.00355600695193106
"Spike 1",11.26498394364,0.00321030011952819
"Spike 1",11.2723344381975,0.00288934152029625
"Spike 1",11.279684932755,0.00259596187915864
"Spike 1",11.2870354273124,0.0023299781616436
"Spike 1",11.2943859218699,0.0020847004620909
"Spike 1",11.3017364164274,0.00185919459548224
"Spike 1",11.3090869109849,0.00165252672727366
"Spike 1",11.3164374055424,0.00147015378902884
"Spike 1",11.3237879000999,0.00130363416480782
"Spike 1",11.3311383946573,0.00115198986229519
"Spike 1",11.3384888892148,0.00101436620844938
"Spike 1",11.3458393837723,0.0008925791974043
"Spike 1",11.3531898783298,0.000784421161511919
"Spike 1",11.3605403728873,0.000686833841677232
"Spike 1",11.3678908674448,0.00059911251061895
"Spike 1",11.3752413620022,0.000521014015155312
"Spike 1",11.3825918565597,0.000453824794949361
"Spike 1",11.3899423511172,0.000393743643406598
"Spike 1",11.3972928456747,0.000340237856563686
"Spike 1",11.4046433402322,0.0002927899867702
"Spike 1",11.4119938347897,0.000252249534107385
"Spike 1",11.4193443293471,0.000216875632332194
"Spike 1",11.4266948239046,0.00018565644332373
"Spike 1",11.4340453184621,0.000158231883431346
"Spike 1",11.4413958130196,0.000134594161436725
"Spike 1",11.4487463075771,0.000114687515378931
"Spike 1",11.4560968021346,9.72708039787775e-05
"Spike 1",11.463447296692,8.21105050576919e-05
"Spike 2",6.5184087358916,0.000387103628109266
"Spike 2",6.52399614994665,0.000464611456412658
"Spike 2",6.52958356400169,0.000554621259859845
"Spike 2",6.53517097805674,0.000662540281481173
"Spike 2",6.54075839211179,0.000789968370093938
"Spike 2",6.54634580616684,0.000937025856199131
"Spike 2",6.55193322022189,0.00110583619564958
"Spike 2",6.55752063427694,0.00129863125959976
"Spike 2",6.56310804833199,0.00152767069350039
"Spike 2",6.56869546238703,0.0017901996534437
"Spike 2",6.57428287644208,0.0020878565378984
"Spike 2",6.57987029049713,0.00242375464406014
"Spike 2",6.58545770455218,0.00280258542386308
"Spike 2",6.59104511860723,0.00324395465148978
"Spike 2",6.59663253266228,0.00373795471459958
"Spike 2",6.60221994671732,0.00428843812057943
"Spike 2",6.60780736077237,0.0048993205037327
"Spike 2",6.61339477482742,0.00558258118406981
"Spike 2",6.61898218888247,0.00635509765498664
"Spike 2",6.62456960293752,0.00720484146181866
"Spike 2",6.63015701699257,0.00813591789543256
"Spike 2",6.63574443104762,0.00915240225566791
"Spike 2",6.64133184510266,0.0102769400094326
"Spike 2",6.64691925915771,0.0115143017399021
"Spike 2",6.65250667321276,0.0128528167909398
"Spike 2",6.65809408726781,0.0142958633789044
"Spike 2",6.66368150132286,0.0158466742469757
"Spike 2",6.66926891537791,0.0175399493204883
"Spike 2",6.67485632943295,0.0193590801094676
"Spike 2",6.680443743488,0.0212962224466068
"Spike 2",6.68603115754305,0.0233530530610163
"Spike 2",6.6916185715981,0.0255310189736376
"Spike 2",6.69720598565315,0.0278748638638969
"Spike 2",6.7027933997082,0.0303426165567419
"Spike 2",6.70838081376324,0.0329332895270377
"Spike 2",6.71396822781829,0.0356464811297246
"Spike 2",6.71955564187334,0.0384904512189538
"Spike 2",6.72514305592839,0.0414887653635234
"Spike 2",6.73073046998344,0.0446049127766927
"Spike 2",6.73631788403849,0.0478371378198564
"Spike 2",6.74190529809353,0.0511835902566593
"Spike 2",6.74749271214858,0.0546590984055211
"Spike 2",6.75308012620363,0.0582654623316517
"Spike 2",6.75866754025868,0.0619776807992741
"Spike 2",6.76425495431373,0.0657938200864438
"Spike 2",6.76984236836878,0.0697120254157427
"Spike 2",6.77542978242383,0.0737534982209976
"Spike 2",6.78101719647887,0.0779048751407244
"Spike 2",6.78660461053392,0.0821528266727218
"Spike 2",6.79219202458897,0.0864966961207666
"Spike 2",6.79777943864402,0.0909360244538582
"Spike 2",6.80336685269907,0.0955009294067357
"Spike 2",6.80895426675412,0.100166235327301
"Spike 2",6.81454168080916,0.104928636767054
"Spike 2",6.82012909486421,0.109789220786366
"Spike 2",6.82571650891926,0.114752947032518
"Spike 2",6.83130392297431,0.119851695642389
"Spike 2",6.83689133702936,0.125055080995543
"Spike 2",6.84247875108441,0.130364917815793
"Spike 2",6.84806616513946,0.135782992595387
"Spike 2",6.8536535791945,0.141324250129204
"Spike 2",6.85924099324955,0.147005550939646
"Spike 2",6.8648284073046,0.152801033581379
"Spike 2",6.87041582135965,0.158711384596942
"Spike 2",6.8760032354147,0.164737025908713
"Spike 2",6.88159064946975,0.170900617364774
"Spike 2",6.88717806352479,0.177196612961991
"Spike 2",6.89276547757984,0.183604344016077
"Spike 2",6.89835289163489,0.190121466083502
"Spike 2",6.90394030568994,0.196745228649273
"Spike 2",6.90952771974499,0.20349873208377
"Spike 2",6.91511513380004,0.210354440395083
"Spike 2",6.92070254785508,0.217298497987679
"Spike 2",6.92628996191013,0.224325036546508
"Spike 2",6.93187737596518,0.231427832729056
"Spike 2",6.93746479002023,0.238619566594131
"Spike 2",6.94305220407528,0.245865151991922
"Spike 2",6.94863961813033,0.253156631659808
"Spike 2",6.95422703218538,0.260486060586486
"Spike 2",6.95981444624042,0.267846676083309
"Spike 2",6.96540186029547,0.275228211914075
"Spike 2",6.97098927435052,0.282614828216073
"Spike 2",6.97657668840557,0.289999094542627
"Spike 2",6.98216410246062,0.297373838352712
"Spike 2",6.98775151651567,0.304727789392768
"Spike 2",6.99333893057071,0.312049184176489
"Spike 2",6.99892634462576,0.319337081168515
"Spike 2",7.00451375868081,0.326587507801583
"Spike 2",7.01010117273586,0.333797029518504
"Spike 2",7.01568858679091,0.34095175966997
"Spike 2",7.02127600084596,0.34805530084188
"Spike 2",7.026863414901,0.355113682521934
"Spike 2",7.03245082895605,0.362128282896339
"Spike 2",7.0380382430111,0.369101118433319
"Spike 2",7.04362565706615,0.376025467099312
"Spike 2",7.0492130711212,0.382919383807026
"Spike 2",7.05480048517625,0.389790417762454
"Spike 2",7.0603878992313,0.39664517227772
"Spike 2",7.06597531328634,0.403490934370229
"Spike 2",7.07156272734139,0.410342143039346
"Spike 2",7.07715014139644,0.417210915570691
"Spike 2",7.08273755545149,0.424106770584194
"Spike 2",7.08832496950654,0.431039402092411
"Spike 2",7.09391238356159,0.438026555636147
"Spike 2",7.09949979761663,0.445093355378323
"Spike 2",7.10508721167168,0.452238160491759
"Spike 2",7.11067462572673,0.459470681650769
"Spike 2",7.11626203978178,0.466800436370935
"Spike 2",7.12184945383683,0.474261554229076
"Spike 2",7.12743686789188,0.481864278965513
"Spike 2",7.13302428194692,0.489598634008815
"Spike 2",7.13861169600197,0.497471354894651
"Spike 2",7.14419911005702,0.505488696190964
"Spike 2",7.14978652411207,0.513701255188489
"Spike 2",7.15537393816712,0.522084262970297
"Spike 2",7.16096135222217,0.530628418966516
"Spike 2",7.16654876627721,0.539335529743301
"Spike 2",7.17213618033226,0.548207391766472
"Spike 2",7.17772359438731,0.557301558096615
"Spike 2",7.18331100844236,0.566557200045408
"Spike 2",7.18889842249741,0.57597148575335
"Spike 2",7.19448583655246,0.585541046353955
"Spike 2",7.20007325060751,0.59527396985884
"Spike 2",7.20566066466255,0.605188770888442
"Spike 2",7.2112480787176,0.615237189140934
"Spike 2",7.21683549277265,0.625412196591171
"Spike 2",7.2224229068277,0.635706402555027
"Spike 2",7.22801032088275,0.646127821141027
"Spike 2",7.2335977349378,0.656663698210986
"Spike 2",7.23918514899284,0.667283373970553
"Spike 2",7.24477256304789,0.677977375455467
"Spike 2",7.25035997710294,0.688736064333039
"Spike 2",7.25594739115799,0.69955826971829
"Spike 2",7.26153480521304,0.710419738322835
"Spike 2",7.26712221926809,0.721304406495138
"Spike 2",7.27270963332314,0.732202078651184
"Spike 2",7.27829704737818,0.743102562433002
"Spike 2",7.28388446143323,0.753986532850196
"Spike 2",7.28947187548828,0.764841552864678
"Spike 2",7.29505928954333,0.775658362267361
"Spike 2",7.30064670359838,0.786427417573015
"Spike 2",7.30623411765343,0.797135968504118
"Spike 2",7.31182153170847,0.807750079614194
"Spike 2",7.31740894576352,0.818279545837061
"Spike 2",7.32299635981857,0.828716262120096
"Spike 2",7.32858377387362,0.839052353194622
"Spike 2",7.33417118792867,0.849264850519271
"Spike 2",7.33975860198372,0.859328681997535
"Spike 2",7.34534601603876,0.869263224947727
"Spike 2",7.35093343009381,0.879062542271746
"Spike 2",7.35652084414886,0.88872094254618
"Spike 2",7.36210825820391,0.898200727048575
"Spike 2",7.36769567225896,0.907501473605374
"Spike 2",7.37328308631401,0.916641519097637
"Spike 2",7.37887050036906,0.925616772868658
"Spike 2",7.3844579144241,0.934423282984147
"Spike 2",7.39004532847915,0.94300540114521
"Spike 2",7.3956327425342,0.951394705958894
"Spike 2",7.40122015658925,0.959600016230446
"Spike 2",7.4068075706443,0.967617515968884
"Spike 2",7.41239498469935,0.975441571582578
"Spike 2",7.41798239875439,0.98299739434794
"Spike 2",7.42356981280944,0.990347292741865
"Spike 2",7.42915722686449,0.997485799661034
"Spike 2",7.43474464091954,1.00440710965375
"Spike 2",7.44033205497459,1.0110840604427
"Spike 2",7.44591946902964,1.01746179946054
"Spike 2",7.45150688308468,1.02359271998729
"Spike 2",7.45709429713973,1.02946807460988
"Spike 2",7.46268171119478,1.03507875642885
"Spike 2",7.46826912524983,1.04036547500772
"Spike 2",7.47385653930488,1.04530336012806
"Spike 2",7.47944395335993,1.04993413568027
"Spike 2",7.48503136741498,1.05424680042176
"Spike 2",7.49061878147002,1.05823029571542
"Spike 2",7.49620619552507,1.06178297013201
"Spike 2",7.50179360958012,1.06493487183645
"Spike 2",7.50738102363517,1.06771396657957
"Spike 2",7.51296843769022,1.07011097280812
"Spike 2",7.51855585174527,1.07211709746196
"Spike 2",7.52414326580031,1.07358791847071
"Spike 2",7.52973067985536,1.07463586087668
"Spike 2",7.53531809391041,1.07526917506996
"Spike 2",7.54090550796546,1.07548547450504
"Spike 2",7.54649292202051,1.07526194296657
"Spike 2",7.55208033607556,1.07449395975275
"Spike 2",7.55766775013061,1.07331610185027
"Spike 2",7.56325516418565,1.07173511494245
"Spike 2",7.5688425782407,1.06975897545792
"Spike 2",7.57442999229575,1.06734883123637
"Spike 2",7.5800174063508,1.06449199050753
"Spike 2",7.58560482040585,1.0612919366851
"Spike 2",7.59119223446089,1.05776570650536
"Spike 2",7.59677964851594,1.0539313196155
"Spike 2",7.60236706257099,1.04975496765482
"Spike 2",7.60795447662604,1.0452935455111
"Spike 2",7.61354189068109,1.04061183824865
"Spike 2",7.61912930473614,1.03573342303083
"Spike 2",7.62471671879119,1.03068228725232
"Spike 2",7.63030413284623,1.02545405949316
"Spike 2",7.63589154690128,1.02012101174915
"Spike 2",7.64147896095633,1.01471677276794
"Spike 2",7.64706637501138,1.00926549144603
"Spike 2",7.65265378906643,1.00379121691179
"Spike 2",7.65824120312148,0.998334350885621
"Spike 2",7.66382861717652,0.992923293688747
"Spike 2",7.66941603123157,0.987577598821116
"Spike 2",7.67500344528662,0.982315887727879
"Spike 2",7.68059085934167,0.977167897214938
"Spike 2",7.68617827339672,0.972180947395078
"Spike 2",7.69176568745177,0.967338494875592
"Spike 2",7.69735310150682,0.962650240260172
"Spike 2",7.70294051556186,0.958124549154771
"Spike 2",7.70852792961691,0.953799078103968
"Spike 2",7.71411534367196,0.949680938617968
"Spike 2",7.71970275772701,0.945737180540234
"Spike 2",7.72529017178206,0.941964931399348
"Spike 2",7.73087758583711,0.938359853332214
"Spike 2",7.73646499989215,0.934952150354865
"Spike 2",7.7420524139472,0.931700153365443
"Spike 2",7.74763982800225,0.92857342202826
"Spike 2",7.7532272420573,0.925556718758249
"Spike 2",7.75881465611235,0.922633546076854
"Spike 2",7.7644020701674,0.919796538660623
"Spike 2",7.76998948422244,0.916991371663297
"Spike 2",7.77557689827749,0.914193116871973
"Spike 2",7.78116431233254,0.911377740044245
"Spike 2",7.78675172638759,0.908515704354113
"Spike 2",7.79233914044264,0.905543327767673
"Spike 2",7.79792655449769,0.902447259991048
"Spike 2",7.80351396855274,0.899200958853249
"Spike 2",7.80910138260778,0.89577803358866
"Spike 2",7.81468879666283,0.892118196961629
"Spike 2",7.82027621071788,0.88815556095484
"Spike 2",7.82586362477293,0.883913417656464
"Spike 2",7.83145103882798,0.879369625997197
"Spike 2",7.83703845288303,0.874502988754922
"Spike 2",7.84262586693807,0.869211576218399
"Spike 2",7.84821328099312,0.863492103979624
"Spike 2",7.85380069504817,0.857381403206911
"Spike 2",7.85938810910322,0.850868184760875
"Spike 2",7.86497552315827,0.843942645617853
"Spike 2",7.87056293721332,0.836469169487297
"Spike 2",7.87615035126836,0.828542835024705
"Spike 2",7.88173776532341,0.820190884535448
"Spike 2",7.88732517937846,0.811416136372933
"Spike 2",7.89291259343351,0.802215385872105
"Spike 2",7.89850000748856,0.79247099084222
"Spike 2",7.90408742154361,0.78233919640463
"Spike 2",7.90967483559866,0.771834853732516
"Spike 2",7.9152622496537,0.760974134453644
"Spike 2",7.92084966370875,0.749744388693909
"Spike 2",7.9264370777638,0.738132173657448
"Spike 2",7.93202449181885,0.726248913249306
"Spike 2",7.9376119058739,0.714119218175229
"Spike 2",7.94319931992895,0.70176843212036
"Spike 2",7.94878673398399,0.689196726586134
"Spike 2",7.95437414803904,0.676454911541353
"Spike 2",7.95996156209409,0.663605107628552
"Spike 2",7.96554897614914,0.650675702071681
"Spike 2",7.97113639020419,0.637695120353635
"Spike 2",7.97672380425924,0.624700183454753
"Spike 2",7.98231121831429,0.611740296730826
"Spike 2",7.98789863236933,0.598843153564251
"Spike 2",7.99348604642438,0.586034683053594
"Spike 2",7.99907346047943,0.573340228077485
"Spike 2",8.00466087453448,0.560847567238587
"Spike 2",8.01024828858953,0.548542975807664
"Spike 2",8.01583570264457,0.536443244884358
"Spike 2",8.02142311669962,0.524566977757723
"Spike 2",8.02701053075467,0.512948172918822
"Spike 2",8.03259794480972,0.501674410146667
"Spike 2",8.03818535886477,0.490684373111653
"Spike 2",8.04377277291982,0.47998793140606
"Spike 2",8.04936018697487,0.46959378421102
"Spike 2",8.05494760102991,0.459554636944883
"Spike 2",8.06053501508496,0.449902062186631
"Spike 2",8.06612242914001,0.440569090009991
"Spike 2",8.07170984319506,0.431555364759352
"Spike 2",8.07729725725011,0.422859437217477
"Spike 2",8.08288467130516,0.414546596891166
"Spike 2",8.08847208536021,0.406579871942513
"Spike 2",8.09405949941525,0.39890793109906
"Spike 2",8.0996469134703,0.391521598057139
"Spike 2",8.10523432752535,0.384410837746288
"Spike 2",8.1108217415804,0.377636837922408
"Spike 2",8.11640915563545,0.371113854689476
"Spike 2",8.12199656969049,0.364812460980255
"Spike 2",8.12758398374554,0.358717388520688
"Spike 2",8.13317139780059,0.352816791049479
"Spike 2",8.13875881185564,0.347135141287906
"Spike 2",8.14434622591069,0.341590996183791
"Spike 2",8.14993363996574,0.336166794094963
"Spike 2",8.15552105402079,0.330844964315429
"Spike 2",8.16110846807583,0.325613636469022
"Spike 2",8.16669588213088,0.320451339392534
"Spike 2",8.17228329618593,0.315320780523348
"Spike 2",8.17787071024098,0.310206159909641
"Spike 2",8.18345812429603,0.305092183900148
"Spike 2",8.18904553835108,0.29995701601059
"Spike 2",8.19463295240612,0.294777347641592
"Spike 2",8.20022036646117,0.28954587928339
"Spike 2",8.20580778051622,0.284253169195738
"Spike 2",8.21139519457127,0.278890725828526
"Spike 2",8.21698260862632,0.273428334053994
"Spike 2",8.22257002268137,0.267872617215382
"Spike 2",8.22815743673642,0.262229964100948
"Spike 2",8.23374485079146,0.256500474240885
"Spike 2",8.23933226484651,0.25068540375152
"Spike 2",8.24491967890156,0.244763074197837
"Spike 2",8.25050709295661,0.238770136140941
"Spike 2",8.25609450701166,0.232716580953307
"Spike 2",8.26168192106671,0.226612273365114
"Spike 2",8.26726933512175,0.220466870439805
"Spike 2",8.2728567491768,0.214298029228089
"Spike 2",8.27844416323185,0.208132535629266
"Spike 2",8.2840315772869,0.201986285744592
"Spike 2",8.28961899134195,0.195875620405716
"Spike 2",8.295206405397,0.189829727664543
"Spike 2",8.30079381945204,0.183885410111587
"Spike 2",8.30638123350709,0.178048238477085
"Spike 2",8.31196864756214,0.172335502598961
"Spike 2",8.31755606161719,0.166764256361068
"Spike 2",8.32314347567224,0.161394168371271
"Spike 2",8.32873088972729,0.15623660256976
"Spike 2",8.33431830378234,0.151283377423422
"Spike 2",8.33990571783738,0.146547091996812
"Spike 2",8.34549313189243,0.142039521252721
"Spike 2",8.35108054594748,0.137850344700821
"Spike 2",8.35666796000253,0.133929368144367
"Spike 2",8.36225537405758,0.130268894272373
"Spike 2",8.36784278811263,0.126872640536354
"Spike 2",8.37343020216767,0.123750952628607
"Spike 2",8.37901761622272,0.120984197950156
"Spike 2",8.38460503027777,0.118480027293454
"Spike 2",8.39019244433282,0.116233416165326
"Spike 2",8.39577985838787,0.1142383202733
"Spike 2",8.40136727244292,0.112512632473263
"Spike 2",8.40695468649796,0.111071833400589
"Spike 2",8.41254210055301,0.109842897052368
"Spike 2",8.41812951460806,0.108813024469272
"Spike 2",8.42371692866311,0.107968790715927
"Spike 2",8.42930434271816,0.107323294939853
"Spike 2",8.43489175677321,0.106844993485285
"Spike 2",8.44047917082825,0.10648926655594
"Spike 2",8.4460665848833,0.106239799122636
"Spike 2",8.45165399893835,0.106080167028126
"Spike 2",8.4572414129934,0.106004942952259
"Spike 2",8.46282882704845,0.105974515805534
"Spike 2",8.4684162411035,0.105967402816085
"Spike 2",8.47400365515855,0.105968443401566
"Spike 2",8.47959106921359,0.105962834422767
"Spike 2",8.48517848326864,0.105919382611604
"Spike 2",8.49076589732369,0.105827897397351
"Spike 2",8.49635331137874,0.105677472647041
"Spike 2",8.50194072543379,0.105457615225021
"Spike 2",8.50752813948884,0.105151802719566
"Spike 2",8.51311555354389,0.104726386692932
"Spike 2",8.51870296759893,0.104198735642096
"Spike 2",8.52429038165398,0.10356380810977
"Spike 2",8.52987779570903,0.102817259528874
"Spike 2",8.53546520976408,0.101937394342816
"Spike 2",8.54105262381913,0.100914530411271
"Spike 2",8.54664003787417,0.0997728445331089
"Spike 2",8.55222745192922,0.0985130319636356
"Spike 2",8.55781486598427,0.0971363408652609
"Spike 2",8.56340228003932,0.0956192343816533
"Spike 2",8.56898969409437,0.0939795283020477
"Spike 2",8.57457710814942,0.0922360324168487
"Spike 2",8.58016452220447,0.0903933832668578
"Spike 2",8.58575193625951,0.0884565335544019
"Spike 2",8.59133935031456,0.086406708809526
"Spike 2",8.59692676436961,0.0842766322906576
"Spike 2",8.60251417842466,0.0820765858967737
"Spike 2",8.60810159247971,0.0798129256090046
"Spike 2",8.61368900653476,0.0774904998381773
"Spike 2",8.61927642058981,0.0751062150261644
"Spike 2",8.62486383464485,0.0726850578915157
"Spike 2",8.6304512486999,0.0702333907761596
"Spike 2",8.63603866275495,0.0677574965141634
"Spike 2",8.64162607681,0.0652627005545384
"Spike 2",8.64721349086505,0.0627583092075142
"Spike 2",8.6528009049201,0.0602540041010814
"Spike 2",8.65838831897514,0.0577551542293627
"Spike 2",8.66397573303019,0.0552669842019704
"Spike 2",8.66956314708524,0.0527993407552741
"Spike 2",8.67515056114029,0.050360117286631
"Spike 2",8.68073797519534,0.0479506608785453
"Spike 2",8.68632538925038,0.0455749943160107
"Spike 2",8.69191280330543,0.0432369859512917
"Spike 2",8.69750021736048,0.0409535368652728
"Spike 2",8.70308763141553,0.0387219005177096
"Spike 2",8.70867504547058,0.0365413080650253
"Spike 2",8.71426245952563,0.034414446682076
"Spike 2",8.71984987358068,0.0323438574324819
"Spike 2",8.72543728763572,0.0303542832889497
"Spike 2",8.73102470169077,0.0284276084379784
"Spike 2",8.73661211574582,0.026565184181267
"Spike 2",8.74219952980087,0.0247684395980264
"Spike 2",8.74778694385592,0.0230439434411022
"Spike 2",8.75337435791097,0.0214074171342399
"Spike 2",8.75896177196602,0.019840362137444
"Spike 2",8.76454918602106,0.0183431512625905
"Spike 2",8.77013660007611,0.0169160299183562
"Spike 2",8.77572401413116,0.0155701138871713
"Spike 2",8.78131142818621,0.0143081299429581
"Spike 2",8.78689884224126,0.0131152940567053
"Spike 2",8.79248625629631,0.0119909344658655
"Spike 2",8.79807367035135,0.0109342778164508
"Spike 2",8.8036610844064,0.00995983529994358
"Spike 2",8.80924849846145,0.00905787889221073
"Spike 2",8.8148359125165,0.00821896273398028
"Spike 2",8.82042332657155,0.00744168564481633
"Spike 2",8.8260107406266,0.00672458790287616
"Spike 2",8.83159815468164,0.00608377199421156
"Spike 2",8.83718556873669,0.0055005230365184
"Spike 2",8.84277298279174,0.00497075825708377
"Spike 2",8.84836039684679,0.00449278124565083
"Spike 2",8.85394781090184,0.00406674184053892
"Spike 2",8.85953522495689,0.00370320870064573
"Spike 2",8.86512263901194,0.00338448136179625
"Spike 2",8.87071005306698,0.00310892921098399
"Spike 2",8.87629746712203,0.00287494646007323
"Spike 2",8.88188488117708,0.00268542860830702
"Spike 2",8.88747229523213,0.00254224843557628
"Spike 2",8.89305970928718,0.00243445623377235
"Spike 2",8.89864712334223,0.0023606750406756
"Spike 2",8.90423453739727,0.00231955593210865
"Spike 2",8.90982195145232,0.00231559198494042
"Spike 2",8.91540936550737,0.00234525237234106
"Spike 2",8.92099677956242,0.00240238428089782
"Spike 2",8.92658419361747,0.00248578272817677
"Spike 2",8.93217160767252,0.00259424819560619
"Spike 2",8.93775902172757,0.00273261228128177
"Spike 2",8.94334643578261,0.00289410096745512
"Spike 2",8.94893384983766,0.00307559914220402
"Spike 2",8.95452126389271,0.00327581062582216
"Spike 2",8.96010867794776,0.00349343585881265
"Spike 2",8.96569609200281,0.00373172093012257
"Spike 2",8.97128350605785,0.0039828970747324
"Spike 2",8.9768709201129,0.00424538841170799
"Spike 2",8.98245833416795,0.00451757749399344
"Spike 2",8.988045748223,0.00479821993462599
"Spike 2",8.99363316227805,0.00508532654349256
"Spike 2",8.9992205763331,0.00537484596471913
"Spike 2",9.00480799038815,0.00566487818858346
"Spike 2",9.01039540444319,0.0059535016014773
"Spike 2",9.01598281849824,0.00623764125007297
"Spike 2",9.02157023255329,0.00651348089834117
"Spike 2",9.02715764660834,0.00677983563059223
"Spike 2",9.03274506066339,0.00703479180933931
"Spike 2",9.03833247471844,0.00727646472853308
"Spike 2",9.04391988877348,0.00749851126564139
"Spike 2",9.04950730282853,0.00769998127939606
"Spike 2",9.05509471688358,0.0078812253512087
"Spike 2",9.06068213093863,0.00804084158024618
"Spike 2",9.06626954499368,0.00817751629233962
"Spike 2",9.07185695904873,0.00828162984425628
"Spike 2",9.07744437310378,0.00835889294799616
"Spike 2",9.08303178715882,0.00840964822534586
"Spike 2",9.08861920121387,0.00843347319620708
"Spike 2",9.09420661526892,0.00842886627736322
"Spike 2",9.09979402932397,0.00838847528143084
"Spike 2",9.10538144337902,0.00832135905668831
"Spike 2",9.11096885743407,0.0082280958902663
"Spike 2",9.11655627148911,0.00810938188115857
"Spike 2",9.12214368554416,0.00796320021289149
"Spike 2",9.12773109959921,0.0077889949362279
"Spike 2",9.13331851365426,0.00759390855772013
"Spike 2",9.13890592770931,0.00737940339629433
"Spike 2",9.14449334176436,0.00714700976477696
"Spike 2",9.1500807558194,0.00689565527081515
"Spike 2",9.15566816987445,0.00662926620464228
"Spike 2",9.1612555839295,0.00635207535229601
"Spike 2",9.16684299798455,0.00606587878167741
"Spike 2",9.1724304120396,0.00577247379041312
"Spike 2",9.17801782609465,0.00547309969208488
"Spike 2",9.1836052401497,0.00517161291242313
"Spike 2",9.18919265420474,0.00486996102504472
"Spike 2",9.19478006825979,0.00456969063156907
"Spike 2",9.20036748231484,0.00427232723204249
"Spike 2",9.20595489636989,0.00398171879622485
"Spike 2",9.21154231042494,0.00369793557767105
"Spike 2",9.21712972447999,0.00342198683826318
"Spike 2",9.22271713853504,0.00315480331110057
"Spike 2",9.22830455259008,0.00289817146804221
"Spike 2",9.23389196664513,0.00265518369839257
"Spike 2",9.23947938070018,0.00242358718460459
"Spike 2",9.24506679475523,0.00220370983923694
"Spike 2",9.25065420881028,0.00199581030333272
"Spike 2",9.25624162286532,0.00180212000142726
"Spike 2",9.26182903692037,0.00162295829552677
"Spike 2",9.26741645097542,0.0014558340544618
"Spike 2",9.27300386503047,0.00130055677473511
"Spike 2",9.27859127908552,0.00115689309011071
"Spike 2",9.28417869314057,0.00102719872300069
"Spike 2",9.28976610719561,0.000909294999944764
"Spike 2",9.29535352125066,0.000801495943332402
"Spike 2",9.30094093530571,0.000703354110754205
"Spike 2",9.30652834936076,0.000614407336506388
"Spike 2",9.31211576341581,0.000536711367544671
"Spike 2",9.31770317747086,0.000466956521502179
"Spike 2",9.32329059152591,0.00040439323494519
"Spike 2",9.32887800558095,0.000348542178719001
"Spike 2",9.334465419636,0.000299200675742681
"Spike 2",9.34005283369105,0.000257063418651222
"Spike 2",9.3456402477461,0.000219788865497833
"Spike 2",9.35122766180115,0.000186978381603319
"Spike 2",9.3568150758562,0.000158247343214455
"Spike 2",9.36240248991125,0.000133631501872075
"Spike 2",9.36798990396629,0.000112860960941381
"Spike 2",9.37357731802134,9.48134897639072e-05
"Spike 3",6.0017083518434,0.000530132945542442
"Spike 3",6.00341623149284,0.000625263854456465
"Spike 3",6.00512411114227,0.000739746826503113
"Spike 3",6.0068319907917,0.000871145413807553
"Spike 3",6.00853987044113,0.00102120764797807
"Spike 3",6.01024775009056,0.0011917485947048
"Spike 3",6.01195562973999,0.00139388451989012
"Spike 3",6.01366350938943,0.00162595300549328
"Spike 3",6.01537138903886,0.00188860675555185
"Spike 3",6.01707926868829,0.00218456721796932
"Spike 3",6.01878714833772,0.00252392448969993
"Spike 3",6.02049502798715,0.00291642392925152
"Spike 3",6.02220290763659,0.00335662613794526
"Spike 3",6.02391078728602,0.00384835904149729
"Spike 3",6.02561866693545,0.00439601679395957
"Spike 3",6.02732654658488,0.00503242820039137
"Spike 3",6.02903442623431,0.00573973448273225
"Spike 3",6.03074230588375,0.00652299130031375
"Spike 3",6.03245018553318,0.00738736111157229
"Spike 3",6.03415806518261,0.0083640510477097
"Spike 3",6.03586594483204,0.00945520343183808
"Spike 3",6.03757382448147,0.0106531935009963
"Spike 3",6.03928170413091,0.0119643951251554
"Spike 3",6.04098958378034,0.0134083330943583
"Spike 3",6.04269746342977,0.0150273455588807
"Spike 3",6.0444053430792,0.0167901327766636
"Spike 3",6.04611322272863,0.0187041121482492
"Spike 3",6.04782110237807,0.0207767787560869
"Spike 3",6.0495289820275,0.0230809352679195
"Spike 3",6.05123686167693,0.0255819182073375
"Spike 3",6.05294474132636,0.0282767398289622
"Spike 3",6.05465262097579,0.0311736174672276
"Spike 3",6.05636050062523,0.0343239210412976
"Spike 3",6.05806838027466,0.0377539141524111
"Spike 3",6.05977625992409,0.041423420514088
"Spike 3",6.06148413957352,0.0453410330901907
"Spike 3",6.06319201922295,0.0495223638608853
"Spike 3",6.06489989887239,0.0540823991384749
"Spike 3",6.06660777852182,0.0589288913514222
"Spike 3",6.06831565817125,0.0640704664916091
"Spike 3",6.07002353782068,0.0695157353460692
"Spike 3",6.07173141747011,0.0753660797412225
"Spike 3",6.07343929711954,0.0815930067722212
"Spike 3",6.07514717676898,0.0881612127869458
"Spike 3",6.07685505641841,0.0950789612040876
"Spike 3",6.07856293606784,0.102398019335555
"Spike 3",6.08027081571727,0.110202636879282
"Spike 3",6.0819786953667,0.11839205848256
"Spike 3",6.08368657501614,0.126973756652259
"Spike 3",6.08539445466557,0.135955110862623
"Spike 3",6.087102334315,0.145500308184082
"Spike 3",6.08881021396443,0.155487808089786
"Spike 3",6.09051809361386,0.165904325012999
"Spike 3",6.0922259732633,0.176755673136958
"Spike 3",6.09393385291273,0.188141025354443
"Spike 3",6.09564173256216,0.200071356549417
"Spike 3",6.09734961221159,0.212457097493464
"Spike 3",6.09905749186102,0.225301445928074
"Spike 3",6.10076537151046,0.238627815349802
"Spike 3",6.10247325115989,0.252592732280956
"Spike 3",6.10418113080932,0.267023228294645
"Spike 3",6.10588901045875,0.281918605065773
"Spike 3",6.10759689010818,0.297277765070431
"Spike 3",6.10930476975762,0.313234798972905
"Spike 3",6.11101264940705,0.329699941111091
"Spike 3",6.11272052905648,0.346612402696401
"Spike 3",6.11442840870591,0.36396594594475
"Spike 3",6.11613628835534,0.381810208265297
"Spike 3",6.11784416800478,0.40018981468968
"Spike 3",6.11955204765421,0.41897104245815
"Spike 3",6.12125992730364,0.438142151618768
"Spike 3",6.12296780695307,0.457690947817251
"Spike 3",6.1246756866025,0.477732907651831
"Spike 3",6.12638356625193,0.49811329663224
"Spike 3",6.12809144590137,0.518805674504321
"Spike 3",6.1297993255508,0.539793481055221
"Spike 3",6.13150720520023,0.561114204829108
"Spike 3",6.13321508484966,0.582722026874779
"Spike 3",6.1349229644991,0.60454642556137
"Spike 3",6.13663084414853,0.626569188380022
"Spike 3",6.13833872379796,0.648781277668927
"Spike 3",6.14004660344739,0.671193502233062
"Spike 3",6.14175448309682,0.69372598436968
"Spike 3",6.14346236274625,0.716362856612112
"Spike 3",6.14517024239569,0.739088673684562
"Spike 3",6.14687812204512,0.761902997976498
"Spike 3",6.14858600169455,0.784768598981718
"Spike 3",6.15029388134398,0.80766953104139
"Spike 3",6.15200176099341,0.830597487267703
"Spike 3",6.15370964064285,0.853546707232266
"Spike 3",6.15541752029228,0.876511099393022
"Spike 3",6.15712539994171,0.899486775767075
"Spike 3",6.15883327959114,0.922475741973781
"Spike 3",6.16054115924057,0.945480956955387
"Spike 3",6.16224903889001,0.968524202877698
"Spike 3",6.16395691853944,0.991611575398401
"Spike 3",6.16566479818887,1.01475576612902
"Spike 3",6.1673726778383,1.03797056872621
"Spike 3",6.16908055748773,1.06130126879001
"Spike 3",6.17078843713717,1.08477853041739
"Spike 3",6.1724963167866,1.10840738107683
"Spike 3",6.17420419643603,1.13220931932166
"Spike 3",6.17591207608546,1.15622559598859
"Spike 3",6.17761995573489,1.18056025477181
"Spike 3",6.17932783538433,1.20516989362391
"Spike 3",6.18103571503376,1.23007747273209
"Spike 3",6.18274359468319,1.25530570864822
"Spike 3",6.18445147433262,1.28100769790937
"Spike 3",6.18615935398205,1.30713041572251
"Spike 3",6.18786723363149,1.33366093229979
"Spike 3",6.18957511328092,1.36061463605139
"Spike 3",6.19128299293035,1.38808449984259
"Spike 3",6.19299087257978,1.41612325715075
"Spike 3",6.19469875222921,1.44462486994142
"Spike 3",6.19640663187865,1.47359022474416
"Spike 3",6.19811451152808,1.50302242576306
"Spike 3",6.19982239117751,1.53309269339513
"Spike 3",6.20153027082694,1.56359518156452
"Spike 3",6.20323815047637,1.59451227377316
"Spike 3",6.2049460301258,1.62582474424263
"Spike 3",6.20665390977524,1.65759353820929
"Spike 3",6.20836178942467,1.68972252538391
"Spike 3",6.2100696690741,1.72212015084075
"Spike 3",6.21177754872353,1.75474991472802
"Spike 3",6.21348542837296,1.7875852171231
"Spike 3",6.2151933080224,1.82057092262951
"Spike 3",6.21690118767183,1.8536000457442
"Spike 3",6.21860906732126,1.88662512695235
"Spike 3",6.22031694697069,1.9195981798895
"Spike 3",6.22202482662012,1.95239385239655
"Spike 3",6.22373270626956,1.98495958976755
"Spike 3",6.22544058591899,2.01725524096561
"Spike 3",6.22714846556842,2.0492328115556
"Spike 3",6.22885634521785,2.08075777618883
"Spike 3",6.23056422486728,2.11172246823222
"Spike 3",6.23227210451672,2.14217469863303
"Spike 3",6.23397998416615,2.1720771442784
"Spike 3",6.23568786381558,2.20137682725825
"Spike 3",6.23739574346501,2.22978636623307
"Spike 3",6.23910362311444,2.25751541189266
"Spike 3",6.24081150276388,2.28454573847366
"Spike 3",6.24251938241331,2.31086103643028
"Spike 3",6.24422726206274,2.33623935542172
"Spike 3",6.24593514171217,2.36077810757169
"Spike 3",6.2476430213616,2.38458238199716
"Spike 3",6.24935090101104,2.40765885624365
"Spike 3",6.25105878066047,2.42993554402187
"Spike 3",6.2527666603099,2.45131844640799
"Spike 3",6.25447453995933,2.47204884389742
"Spike 3",6.25618241960876,2.49215397491368
"Spike 3",6.25789029925819,2.51166257666259
"Spike 3",6.25959817890763,2.53042730074201
"Spike 3",6.26130605855706,2.54869146978472
"Spike 3",6.26301393820649,2.56652042171106
"Spike 3",6.26472181785592,2.58395491611198
"Spike 3",6.26642969750535,2.60098169595032
"Spike 3",6.26813757715479,2.6176894736842
"Spike 3",6.26984545680422,2.63419165515088
"Spike 3",6.27155333645365,2.65053010708399
"Spike 3",6.27326121610308,2.66674408908203
"Spike 3",6.27496909575251,2.6828866949303
"Spike 3",6.27667697540195,2.69903603525303
"Spike 3",6.27838485505138,2.71522395706849
"Spike 3",6.28009273470081,2.73148095035948
"Spike 3",6.28180061435024,2.7478797891089
"Spike 3",6.28350849399967,2.76444062280768
"Spike 3",6.28521637364911,2.78116360142842
"Spike 3",6.28692425329854,2.79805986442606
"Spike 3",6.28863213294797,2.81516368058446
"Spike 3",6.2903400125974,2.83250329207725
"Spike 3",6.29204789224683,2.85001711879718
"Spike 3",6.29375577189627,2.86769320484542
"Spike 3",6.2954636515457,2.8855175998162
"Spike 3",6.29717153119513,2.90350041550534
"Spike 3",6.29887941084456,2.92155229570974
"Spike 3",6.30058729049399,2.93963638373671
"Spike 3",6.30229517014343,2.9577174449179
"Spike 3",6.30400304979286,2.97572830166039
"Spike 3",6.30571092944229,2.99358098097813
"Spike 3",6.30741880909172,3.01123695353524
"Spike 3",6.30912668874115,3.02864607557402
"Spike 3",6.31083456839059,3.0457321484624
"Spike 3",6.31254244804002,3.06228100869281
"Spike 3",6.31425032768945,3.07834432443176
"Spike 3",6.31595820733888,3.09386631951349
"Spike 3",6.31766608698831,3.1087912471828
"Spike 3",6.31937396663774,3.12281666497918
"Spike 3",6.32108184628718,3.1359889116057
"Spike 3",6.32278972593661,3.14832552407691
"Spike 3",6.32449760558604,3.15977652842289
"Spike 3",6.32620548523547,3.17013515968647
"Spike 3",6.3279133648849,3.17920171924457
"Spike 3",6.32962124453434,3.18718943026029
"Spike 3",6.33132912418377,3.19406345174828
"Spike 3",6.3330370038332,3.1997905495263
"Spike 3",6.33474488348263,3.20383715481043
"Spike 3",6.33645276313206,3.20664432536596
"Spike 3",6.3381606427815,3.2082105047838
"Spike 3",6.33986852243093,3.20852488335222
"Spike 3",6.34157640208036,3.20727085449926
"Spike 3",6.34328428172979,3.20454316779476
"Spike 3",6.34499216137922,3.20057185091714
"Spike 3",6.34670004102866,3.19537089409109
"Spike 3",6.34840792067809,3.18886126872141
"Spike 3",6.35011580032752,3.18078992295652
"Spike 3",6.35182367997695,3.17159933535217
"Spike 3",6.35353155962638,3.1613259017021
"Spike 3",6.35523943927582,3.15000765942533
"Spike 3",6.35694731892525,3.13738362630219
"Spike 3",6.35865519857468,3.12379015311086
"Spike 3",6.36036307822411,3.10935926571579
"Spike 3",6.36207095787354,3.0941433285606
"Spike 3",6.36377883752298,3.07808899804341
"Spike 3",6.36548671717241,3.06126304558775
"Spike 3",6.36719459682184,3.04389779413133
"Spike 3",6.36890247647127,3.02604922865972
"Spike 3",6.3706103561207,3.00777028373366
"Spike 3",6.37231823577013,2.98902166920113
"Spike 3",6.37402611541957,2.97002804727198
"Spike 3",6.375733995069,2.950837809457
"Spike 3",6.37744187471843,2.93149815999607
"Spike 3",6.37914975436786,2.91205063536452
"Spike 3",6.38085763401729,2.89258218249169
"Spike 3",6.38256551366673,2.87313824221891
"Spike 3",6.38427339331616,2.85374931404488
"Spike 3",6.38598127296559,2.8344567983112
"Spike 3",6.38768915261502,2.81532949520533
"Spike 3",6.38939703226445,2.79635218973159
"Spike 3",6.39110491191389,2.77753607128929
"Spike 3",6.39281279156332,2.75889075229858
"Spike 3",6.39452067121275,2.74048726179166
"Spike 3",6.39622855086218,2.72227363729529
"Spike 3",6.39793643051161,2.70423375634457
"Spike 3",6.39964431016105,2.68636199828649
"Spike 3",6.40135218981048,2.66867820449378
"Spike 3",6.40306006945991,2.65116624463812
"Spike 3",6.40476794910934,2.63377731726952
"Spike 3",6.40647582875877,2.61649858482279
"Spike 3",6.40818370840821,2.59931890063301
"Spike 3",6.40989158805764,2.58224157105006
"Spike 3",6.41159946770707,2.56521660282587
"Spike 3",6.4133073473565,2.54823250018874
"Spike 3",6.41501522700593,2.53127824396748
"Spike 3",6.41672310665537,2.51434387599434
"Spike 3",6.4184309863048,2.49741253123473
"Spike 3",6.42013886595423,2.48047759710505
"Spike 3",6.42184674560366,2.46353530488146
"Spike 3",6.42355462525309,2.44658134958556
"Spike 3",6.42526250490253,2.42961359741167
"Spike 3",6.42697038455196,2.41263848296724
"Spike 3",6.42867826420139,2.39565968687506
"Spike 3",6.43038614385082,2.37868139876596
"Spike 3",6.43209402350025,2.36171636623506
"Spike 3",6.43380190314968,2.3447732562006
"Spike 3",6.43550978279912,2.32785870590521
"Spike 3",6.43721766244855,2.31097971859695
"Spike 3",6.43892554209798,2.29415513181031
"Spike 3",6.44063342174741,2.2773980020304
"Spike 3",6.44234130139685,2.26070362296859
"Spike 3",6.44404918104628,2.24407608548014
"Spike 3",6.44575706069571,2.22752239073005
"Spike 3",6.44746494034514,2.21106931329414
"Spike 3",6.44917281999457,2.19468845019048
"Spike 3",6.450880699644,2.17837697286424
"Spike 3",6.45258857929344,2.16213138731471
"Spike 3",6.45429645894287,2.14596085522438
"Spike 3",6.4560043385923,2.12984015048669
"Spike 3",6.45771221824173,2.11375230110591
"Spike 3",6.45942009789116,2.0976867175844
"Spike 3",6.4611279775406,2.08163029988534
"Spike 3",6.46283585719003,2.06555581586729
"Spike 3",6.46454373683946,2.04944668884615
"Spike 3",6.46625161648889,2.03328871165701
"Spike 3",6.46795949613832,2.0170675665761
"Spike 3",6.46966737578776,2.00072528393919
"Spike 3",6.47137525543719,1.98426917901788
"Spike 3",6.47308313508662,1.9676888014116
"Spike 3",6.47479101473605,1.9509717341277
"Spike 3",6.47649889438548,1.93406723720274
"Spike 3",6.47820677403492,1.91696079703768
"Spike 3",6.47991465368435,1.89967429420046
"Spike 3",6.48162253333378,1.88220113198885
"Spike 3",6.48333041298321,1.86452258611384
"Spike 3",6.48503829263264,1.84657425814803
"Spike 3",6.48674617228207,1.82842453967962
"Spike 3",6.48845405193151,1.81007395375575
"Spike 3",6.49016193158094,1.79152359362394
"Spike 3",6.49186981123037,1.77271540579527
"Spike 3",6.4935776908798,1.7537006081502
"Spike 3",6.49528557052924,1.73450494336002
"Spike 3",6.49699345017867,1.71513492759999
"Spike 3",6.4987013298281,1.69557406072198
"Spike 3",6.50040920947753,1.67582191389527
"Spike 3",6.50211708912696,1.65593093535554
"Spike 3",6.50382496877639,1.63590998848829
"Spike 3",6.50553284842583,1.61576801343071
"Spike 3",6.50724072807526,1.59547696640212
"Spike 3",6.50894860772469,1.57509435990671
"Spike 3",6.51065648737412,1.55462943749844
"Spike 3",6.51236436702355,1.53409034965491
"Spike 3",6.51407224667299,1.51347260848683
"Spike 3",6.51578012632242,1.49279513617375
"Spike 3",6.51748800597185,1.47207499031756
"Spike 3",6.51919588562128,1.45131814176879
"Spike 3",6.52090376527071,1.43052857772101
"Spike 3",6.52261164492015,1.40971010565883
"Spike 3",6.52431952456958,1.38887695241772
"Spike 3",6.52602740421901,1.36803311383823
"Spike 3",6.52773528386844,1.3471824690155
"Spike 3",6.52944316351787,1.32633028044484
"Spike 3",6.53115104316731,1.30548312683533
"Spike 3",6.53285892281674,1.28464443671081
"Spike 3",6.53456680246617,1.26381760086161
"Spike 3",6.5362746821156,1.24300993918733
"Spike 3",6.53798256176503,1.2222306261677
"Spike 3",6.53969044141447,1.20147999896618
"Spike 3",6.5413983210639,1.18076261447495
"Spike 3",6.54310620071333,1.16008363588992
"Spike 3",6.54481408036276,1.13947132695209
"Spike 3",6.54652196001219,1.11891686278823
"Spike 3",6.54822983966163,1.09842725845948
"Spike 3",6.54993771931106,1.07800978214309
"Spike 3",6.55164559896049,1.05769806198941
"Spike 3",6.55335347860992,1.03750047186041
"Spike 3",6.55506135825935,1.017414157785
"Spike 3",6.55676923790879,0.997449403594236
"Spike 3",6.55847711755822,0.977632226400691
"Spike 3",6.56018499720765,0.958017892819567
"Spike 3",6.56189287685708,0.938576524225688
"Spike 3",6.56360075650651,0.919320969777016
"Spike 3",6.56530863615594,0.900264248040955
"Spike 3",6.56701651580538,0.881506376011435
"Spike 3",6.56872439545481,0.863008243691474
"Spike 3",6.57043227510424,0.844769950757869
"Spike 3",6.57214015475367,0.826805481030131
"Spike 3",6.5738480344031,0.809189364882095
"Spike 3",6.57555591405254,0.791960761281571
"Spike 3",6.57726379370197,0.775066345536559
"Spike 3",6.5789716733514,0.758518765544372
"Spike 3",6.58067955300083,0.742341032859727
"Spike 3",6.58238743265026,0.726690733745276
"Spike 3",6.5840953122997,0.711436635641126
"Spike 3",6.58580319194913,0.696587364092752
"Spike 3",6.58751107159856,0.682151061881503
"Spike 3",6.58921895124799,0.668257317508096
"Spike 3",6.59092683089742,0.654853519862471
"Spike 3",6.59263471054686,0.641884455510708
"Spike 3",6.59434259019629,0.62935167896044
"Spike 3",6.59605046984572,0.617307654831616
"Spike 3",6.59775834949515,0.605827051249672
"Spike 3",6.59946622914458,0.59477362291129
"Spike 3",6.60117410879402,0.584141247106709
"Spike 3",6.60288198844345,0.573923145245127
"Spike 3",6.60458986809288,0.564253986343078
"Spike 3",6.60629774774231,0.55498260603396
"Spike 3",6.60800562739174,0.546077952745487
"Spike 3",6.60971350704118,0.53752640004019
"Spike 3",6.61142138669061,0.529377759080649
"Spike 3",6.61312926634004,0.521597873067212
"Spike 3",6.61483714598947,0.514099532157536
"Spike 3",6.6165450256389,0.506864808893533
"Spike 3",6.61825290528833,0.499885293258681
"Spike 3",6.61996078493777,0.49319629368937
"Spike 3",6.6216686645872,0.48668808948651
"Spike 3",6.62337654423663,0.480341979304496
"Spike 3",6.62508442388606,0.474139382482349
"Spike 3",6.62679230353549,0.468087622396859
"Spike 3",6.62850018318493,0.462132135450682
"Spike 3",6.63020806283436,0.456243284318067
"Spike 3",6.63191594248379,0.450405466653509
"Spike 3",6.63362382213322,0.444604720787881
"Spike 3",6.63533170178265,0.438816222366247
"Spike 3",6.63703958143209,0.433019851304726
"Spike 3",6.63874746108152,0.427205179379471
"Spike 3",6.64045534073095,0.421362268355596
"Spike 3",6.64216322038038,0.415460853798439
"Spike 3",6.64387110002981,0.409504857039563
"Spike 3",6.64557897967925,0.403490695459349
"Spike 3",6.64728685932868,0.397414125349963
"Spike 3",6.64899473897811,0.391255514423017
"Spike 3",6.65070261862754,0.385014004126116
"Spike 3",6.65241049827697,0.378702404843409
"Spike 3",6.65411837792641,0.372321105431473
"Spike 3",6.65582625757584,0.365866611128502
"Spike 3",6.65753413722527,0.359323322503736
"Spike 3",6.6592420168747,0.352718696949989
"Spike 3",6.66094989652413,0.346055942758391
"Spike 3",6.66265777617357,0.339338416388388
"Spike 3",6.664365655823,0.332556274946614
"Spike 3",6.66607353547243,0.325727935738098
"Spike 3",6.66778141512186,0.318862495405741
"Spike 3",6.66948929477129,0.311964194254695
"Spike 3",6.67119717442073,0.30503417776368
"Spike 3",6.67290505407016,0.29807870707015
"Spike 3",6.67461293371959,0.291109093973409
"Spike 3",6.67632081336902,0.284129383988688
"Spike 3",6.67802869301845,0.277143584263086
"Spike 3",6.67973657266788,0.270158468489406
"Spike 3",6.68144445231732,0.263180264941999
"Spike 3",6.68315233196675,0.25621254622371
"Spike 3",6.68486021161618,0.249258862914472
"Spike 3",6.68656809126561,0.242328857486617
"Spike 3",6.68827597091505,0.235428027682621
"Spike 3",6.68998385056448,0.228556548411526
"Spike 3",6.69169173021391,0.221717887174682
"Spike 3",6.69339960986334,0.214919081446016
"Spike 3",6.69510748951277,0.208177673909106
"Spike 3",6.6968153691622,0.201485153107768
"Spike 3",6.69852324881164,0.194845422469224
"Spike 3",6.70023112846107,0.188262441010129
"Spike 3",6.7019390081105,0.181764107379153
"Spike 3",6.70364688775993,0.175342275533096
"Spike 3",6.70535476740936,0.168996443613764
"Spike 3",6.7070626470588,0.162731272787568
"Spike 3",6.70877052670823,0.156568066070457
"Spike 3",6.71047840635766,0.15052350834763
"Spike 3",6.71218628600709,0.144581468755736
"Spike 3",6.71389416565652,0.138747027478447
"Spike 3",6.71560204530596,0.133026521720047
"Spike 3",6.71730992495539,0.127477059525614
"Spike 3",6.71901780460482,0.122057490304347
"Spike 3",6.72072568425425,0.116772548183334
"Spike 3",6.72243356390368,0.111626881298496
"Spike 3",6.72414144355312,0.106665503843217
"Spike 3",6.72584932320255,0.101880122484773
"Spike 3",6.72755720285198,0.0972517526611186
"Spike 3",6.72926508250141,0.0927835650863438
"Spike 3",6.73097296215084,0.0884955164370876
"Spike 3",6.73268084180028,0.0844279186452746
"Spike 3",6.73438872144971,0.0805299674212566
"Spike 3",6.73609660109914,0.0768024548793837
"Spike 3",6.73780448074857,0.0732459412774181
"Spike 3",6.739512360398,0.0699208345991028
"Spike 3",6.74122024004743,0.0667751123901764
"Spike 3",6.74292811969687,0.0637960924493694
"Spike 3",6.7446359993463,0.0609815069059496
"Spike 3",6.74634387899573,0.0583585338912515
"Spike 3",6.74805175864516,0.0559250248726362
"Spike 3",6.7497596382946,0.0536400057018005
"Spike 3",6.75146751794403,0.0514986677943118
"Spike 3",6.75317539759346,0.0494996852020043
"Spike 3",6.75488327724289,0.0476796097174638
"Spike 3",6.75659115689232,0.0459780947163996
"Spike 3",6.75829903654175,0.044388693472593
"Spike 3",6.76000691619119,0.0429048850491893
"Spike 3",6.76171479584062,0.0415437734262074
"Spike 3",6.76342267549005,0.0402778854631798
"Spike 3",6.76513055513948,0.0390874985276419
"Spike 3",6.76683843478891,0.037965869634816
"Spike 3",6.76854631443835,0.0369122063872051
"Spike 3",6.77025419408778,0.0359230391697402
"Spike 3",6.77196207373721,0.0349743543752247
"Spike 3",6.77366995338664,0.0340604457691928
"Spike 3",6.77537783303607,0.0331757408910838
"Spike 3",6.77708571268551,0.0323196997538684
"Spike 3",6.77879359233494,0.0314773984649227
"Spike 3",6.78050147198437,0.0306441322241972
"Spike 3",6.7822093516338,0.0298163072451832
"Spike 3",6.78391723128323,0.0289898590975685
"Spike 3",6.78562511093267,0.0281596455986317
"Spike 3",6.7873329905821,0.0273238745843661
"Spike 3",6.78904087023153,0.0264811659268886
"Spike 3",6.79074874988096,0.0256299008608561
"Spike 3",6.79245662953039,0.024766187031619
"Spike 3",6.79416450917983,0.0238934595513697
"Spike 3",6.79587238882926,0.0230122216962655
"Spike 3",6.79758026847869,0.0221231047111556
"Spike 3",6.79928814812812,0.0212256677701749
"Spike 3",6.80099602777755,0.0203236626775604
"Spike 3",6.80270390742699,0.0194195135685888
"Spike 3",6.80441178707642,0.018514940047659
"Spike 3",6.80611966672585,0.0176124525710519
"Spike 3",6.80782754637528,0.0167166082855471
"Spike 3",6.80953542602471,0.0158289258992468
"Spike 3",6.81124330567414,0.0149514020804969
"Spike 3",6.81295118532358,0.0140860272337745
"Spike 3",6.81465906497301,0.0132420481923804
"Spike 3",6.81636694462244,0.0124169968150363
"Spike 3",6.81807482427187,0.0116120990877672
"Spike 3",6.8197827039213,0.0108289184307265
"Spike 3",6.82149058357074,0.0100748696213751
"Spike 3",6.82319846322017,0.00935147485478867
"Spike 3",6.8249063428696,0.0086551297010278
"Spike 3",6.82661422251903,0.00798664685845947
"Spike 3",6.82832210216846,0.00734869177175258
"Spike 3",6.8300299818179,0.00675060223208942
"Spike 3",6.83173786146733,0.00618235064718056
"Spike 3",6.83344574111676,0.00564396966353975
"Spike 3",6.83515362076619,0.0051354319378631
"Spike 3",6.83686150041562,0.00466587593831373
"Spike 3",6.83856938006506,0.00422803827040523
"Spike 3",6.84027725971449,0.00381844351726578
"Spike 3",6.84198513936392,0.00343648821106965
"Spike 3",6.84369301901335,0.00308549644195402
"Spike 3",6.84540089866278,0.00276659589907709
"Spike 3",6.84710877831222,0.00247186433553316
"Spike 3",6.84881665796165,0.00220038997897845
"Spike 3",6.85052453761108,0.00195124488797292
"Spike 3",6.85223241726051,0.00173128342758906
"Spike 3",6.85394029690994,0.00153046700841251
"Spike 3",6.85564817655938,0.00134766756340485
"Spike 3",6.85735605620881,0.00118191558695846
"Spike 3",6.85906393585824,0.00103572585923906
"Spike 3",6.86077181550767,0.000906043548766956
"Spike 3",6.8624796951571,0.000789317245523025
"Spike 3",6.86418757480654,0.000684694382175052
"Spike 3",6.86589545445597,0.000592156570585428
"Spike 3",6.8676033341054,0.000512726066120605
"Spike 3",6.86931121375483,0.000441990109813257
"Spike 3",6.87101909340426,0.00037928623598034
"Spike 3",6.87272697305369,0.00032396930165239
"Spike 3",6.87443485270313,0.000277284755193198
