"curve","x","density"
"Bulk spectrum",-0.254596209094718,0.00213545793374965
"Bulk spectrum",-0.204049263960894,0.00928932466098933
"Bulk spectrum",-0.153502318827069,0.0322665432999717
"Bulk spectrum",-0.102955373693244,0.0902163586383694
"Bulk spectrum",-0.0524084285594193,0.205093730655518
"Bulk spectrum",-0.0018614834255945,0.383804701349046
"Bulk spectrum",0.0486854617082303,0.600140579965243
"Bulk spectrum",0.0992324068420551,0.798553375005148
"Bulk spectrum",0.14977935197588,0.924817307440494
"Bulk spectrum",0.200326297109705,0.958277224032629
"Bulk spectrum",0.250873242243529,0.91701664862178
"Bulk spectrum",0.301420187377354,0.836771824356205
"Bulk spectrum",0.351967132511179,0.747687761255668
"Bulk spectrum",0.402514077645004,0.66557302570604
"Bulk spectrum",0.453061022778829,0.59517542157539
"Bulk spectrum",0.503607967912653,0.536111358447664
"Bulk spectrum",0.554154913046478,0.486576427321976
"Bulk spectrum",0.604701858180303,0.444751484164459
"Bulk spectrum",0.655248803314128,0.409095494059913
"Bulk spectrum",0.705795748447953,0.378337478221548
"Bulk spectrum",0.756342693581777,0.351483205416394
"Bulk spectrum",0.806889638715602,0.327848825845413
"Bulk spectrum",0.857436583849427,0.307026815919978
"Bulk spectrum",0.907983528983252,0.288772231525603
"Bulk spectrum",0.958530474117077,0.272685430740193
"Bulk spectrum",1.0090774192509,0.258271219557576
"Bulk spectrum",1.05962436438473,0.245174028622216
"Bulk spectrum",1.11017130951855,0.233273825572594
"Bulk spectrum",1.16071825465238,0.222553495030762
"Bulk spectrum",1.2112651997862,0.212890891409498
"Bulk spectrum",1.26181214492003,0.204035520134596
"Bulk spectrum",1.31235909005385,0.195754062962849
"Bulk spectrum",1.36290603518767,0.187946958158768
"Bulk spectrum",1.4134529803215,0.180624851106211
"Bulk spectrum",1.46399992545532,0.173802670211812
"Bulk spectrum",1.51454687058915,0.167433999061635
"Bulk spectrum",1.56509381572297,0.161438682586265
"Bulk spectrum",1.6156407608568,0.1557659776061
"Bulk spectrum",1.66618770599062,0.150408948832638
"Bulk spectrum",1.71673465112445,0.145369931900401
"Bulk spectrum",1.76728159625827,0.140646078969755
"Bulk spectrum",1.8178285413921,0.136248970125319
"Bulk spectrum",1.86837548652592,0.132190138220145
"Bulk spectrum",1.91892243165975,0.128413249439127
"Bulk spectrum",1.96946937679357,0.124769009610558
"Bulk spectrum",2.0200163219274,0.121106651282486
"Bulk spectrum",2.07056326706122,0.11739842887751
"Bulk spectrum",2.12111021219505,0.113749887466124
"Bulk spectrum",2.17165715732887,0.110281391291484
"Bulk spectrum",2.2222041024627,0.10701916157855
"Bulk spectrum",2.27275104759652,0.103910582262653
"Bulk spectrum",2.32329799273035,0.100914773140254
"Bulk spectrum",2.37384493786417,0.0980315863168691
"Bulk spectrum",2.424391882998,0.0952440873306268
"Bulk spectrum",2.47493882813182,0.0924873869240609
"Bulk spectrum",2.52548577326565,0.0897009569233301
"Bulk spectrum",2.57603271839947,0.0868914090523348
"Bulk spectrum",2.62657966353329,0.0841387273660491
"Bulk spectrum",2.67712660866712,0.0815365508353222
"Bulk spectrum",2.72767355380094,0.0791348316021875
"Bulk spectrum",2.77822049893477,0.0769121084327839
"Bulk spectrum",2.82876744406859,0.074794931348851
"Bulk spectrum",2.87931438920242,0.0727231302351998
"Bulk spectrum",2.92986133433624,0.0706984291484172
"Bulk spectrum",2.98040827947007,0.0687324557533102
"Bulk spectrum",3.03095522460389,0.0667482027087861
"Bulk spectrum",3.08150216973772,0.0646073935688533
"Bulk spectrum",3.13204911487154,0.0622670066728098
"Bulk spectrum",3.18259606000537,0.0598466872435273
"Bulk spectrum",3.23314300513919,0.0575078289932718
"Bulk spectrum",3.28368995027302,0.0553151938940507
"Bulk spectrum",3.33423689540684,0.0532454792152448
"Bulk spectrum",3.38478384054067,0.0512824314244417
"Bulk spectrum",3.43533078567449,0.0494509832890479
"Bulk spectrum",3.48587773080832,0.0477662166721893
"Bulk spectrum",3.53642467594214,0.0461873531738216
"Bulk spectrum",3.58697162107597,0.0446376017928224
"Bulk spectrum",3.63751856620979,0.043058682834887
"Bulk spectrum",3.68806551134362,0.0414355435771712
"Bulk spectrum",3.73861245647744,0.0397710020769093
"Bulk spectrum",3.78915940161126,0.0380544860533619
"Bulk spectrum",3.83970634674509,0.0362820144426024
"Bulk spectrum",3.89025329187891,0.0345112666487655
"Bulk spectrum",3.94080023701274,0.0328611997490937
"Bulk spectrum",3.99134718214656,0.0314233701962835
"Bulk spectrum",4.04189412728039,0.0301804250735332
"Bulk spectrum",4.09244107241421,0.0290314004526366
"Bulk spectrum",4.14298801754804,0.0278932120060038
"Bulk spectrum",4.19353496268186,0.026759299145803
"Bulk spectrum",4.24408190781569,0.0256654217482567
"Bulk spectrum",4.29462885294951,0.0246376223876327
"Bulk spectrum",4.34517579808334,0.0236745706340885
"Bulk spectrum",4.39572274321716,0.0227672947367376
"Bulk spectrum",4.44626968835099,0.0219131536004464
"Bulk spectrum",4.49681663348481,0.0211293967565579
"Bulk spectrum",4.54736357861864,0.0204479607145083
"Bulk spectrum",4.59791052375246,0.0198930036835545
"Bulk spectrum",4.64845746888629,0.0194530632686723
"Bulk spectrum",4.69900441402011,0.0190639917800343
"Bulk spectrum",4.74955135915394,0.0186353039896407
"Bulk spectrum",4.80009830428776,0.0181139583493063
"Bulk spectrum",4.85064524942159,0.0175156967017382
"Bulk spectrum",4.90119219455541,0.0168875027839744
"Bulk spectrum",4.95173913968924,0.0162595248502619
"Bulk spectrum",5.00228608482306,0.0156468515554611
"Bulk spectrum",5.05283302995688,0.015073419299368
"Bulk spectrum",5.10337997509071,0.0145673956255661
"Bulk spectrum",5.15392692022453,0.0141432842001201
"Bulk spectrum",5.20447386535836,0.0138032286487825
"Bulk spectrum",5.25502081049218,0.0135383360939532
"Bulk spectrum",5.30556775562601,0.0133121297883656
"Bulk spectrum",5.35611470075983,0.0130626270426588
"Bulk spectrum",5.40666164589366,0.0127462109852146
"Bulk spectrum",5.45720859102748,0.0123775923057343
"Bulk spectrum",5.50775553616131,0.0120186719143601
"Bulk spectrum",5.55830248129513,0.0117324938753486
"Bulk spectrum",5.60884942642896,0.0115442374116103
"Bulk spectrum",5.65939637156278,0.0114276488014931
"Bulk spectrum",5.70994331669661,0.0113218615368807
"Bulk spectrum",5.76049026183043,0.0111769067243165
"Bulk spectrum",5.81103720696426,0.0109939064377788
"Bulk spectrum",5.86158415209808,0.0108141503899303
"Bulk spectrum",5.91213109723191,0.010668829258206
"Bulk spectrum",5.96267804236573,0.0105536766003336
"Bulk spectrum",6.01322498749956,0.010448429842233
"Bulk spectrum",6.06377193263338,0.0103356975313121
"Bulk spectrum",6.11431887776721,0.010191508808039
"Bulk spectrum",6.16486582290103,0.00999821652644643
"Bulk spectrum",6.21541276803485,0.00977498966515218
"Bulk spectrum",6.26595971316868,0.00956364354063363
"Bulk spectrum",6.3165066583025,0.00937736603601044
"Bulk spectrum",6.36705360343633,0.00919147737245034
"Bulk spectrum",6.41760054857015,0.00899020763441824
"Bulk spectrum",6.46814749370398,0.00879383929417943
"Bulk spectrum",6.5186944388378,0.00862575588151566
"Bulk spectrum",6.56924138397163,0.00847499491557476
"Bulk spectrum",6.61978832910545,0.00831470672235498
"Bulk spectrum",6.67033527423928,0.00814760710510298
"Bulk spectrum",6.7208822193731,0.0080065611909282
"Bulk spectrum",6.77142916450693,0.00790833700848184
"Bulk spectrum",6.82197610964075,0.0078279396513731
"Bulk spectrum",6.87252305477458,0.00772337315022865
"Bulk spectrum",6.9230699999084,0.0075714350166808
"Bulk spectrum",6.97361694504223,0.00738141533722793
"Bulk spectrum",7.02416389017605,0.00719154189097263
"Bulk spectrum",7.07471083530988,0.00704955844317933
"Bulk spectrum",7.1252577804437,0.00697715340911076
"Bulk spectrum",7.17580472557753,0.00695181792831197
"Bulk spectrum",7.22635167071135,0.00693605702932268
"Bulk spectrum",7.27689861584518,0.00691925858218034
"Bulk spectrum",7.327445560979,0.00691354401653561
"Bulk spectrum",7.37799250611283,0.0069100931677903
"Bulk spectrum",7.42853945124665,0.00686117772349808
"Bulk spectrum",7.47908639638047,0.00672513283154963
"Bulk spectrum",7.5296333415143,0.00653046891029435
"Bulk spectrum",7.58018028664812,0.0063701341793148
"Bulk spectrum",7.63072723178195,0.0063136594832279
"Bulk spectrum",7.68127417691577,0.00633925761855
"Bulk spectrum",7.7318211220496,0.00637474305653937
"Bulk spectrum",7.78236806718342,0.00637048806434929
"Bulk spectrum",7.83291501231725,0.00631742304541407
"Bulk spectrum",7.88346195745107,0.00623599104003868
"Bulk spectrum",7.9340089025849,0.00615814606428065
"Bulk spectrum",7.98455584771872,0.00611662642518711
"Bulk spectrum",8.03510279285255,0.00614146836920282
"Bulk spectrum",8.08564973798637,0.0062406098704198
"Bulk spectrum",8.1361966831202,0.00636817076425897
"Bulk spectrum",8.18674362825402,0.00643319741327296
"Bulk spectrum",8.23729057338785,0.00636478711942041
"Bulk spectrum",8.28783751852167,0.00616464516167155
"Bulk spectrum",8.3383844636555,0.00588766452897132
"Bulk spectrum",8.38893140878932,0.00558570012047181
"Bulk spectrum",8.43947835392315,0.00528744087210048
"Bulk spectrum",8.49002529905697,0.00502441989178371
"Bulk spectrum",8.5405722441908,0.00484846119479738
"Bulk spectrum",8.59111918932462,0.00480341632399829
"Bulk spectrum",8.64166613445845,0.00488068446204954
"Bulk spectrum",8.69221307959227,0.00501338478280431
"Bulk spectrum",8.7427600247261,0.00512029720085945
"Bulk spectrum",8.79330696985992,0.0051589735559301
"Bulk spectrum",8.84385391499375,0.00514566416676674
"Bulk spectrum",8.89440086012757,0.00513237903823714
"Bulk spectrum",8.94494780526139,0.00515973251090378
"Bulk spectrum",8.99549475039522,0.00522131518930291
"Bulk spectrum",9.04604169552904,0.00527048026693076
"Bulk spectrum",9.09658864066287,0.00526034166666981
"Bulk spectrum",9.14713558579669,0.00517635257517325
"Bulk spectrum",9.19768253093052,0.0050388246218605
"Bulk spectrum",9.24822947606434,0.00488149935891624
"Bulk spectrum",9.29877642119817,0.00472677447740842
"Bulk spectrum",9.34932336633199,0.00458701715470068
"Bulk spectrum",9.39987031146582,0.00448528121756252
"Bulk spectrum",9.45041725659964,0.00445197148784659
"Bulk spectrum",9.50096420173347,0.00449178090899283
"Bulk spectrum",9.55151114686729,0.00456860259179843
"Bulk spectrum",9.60205809200112,0.00462868622508159
"Bulk spectrum",9.65260503713494,0.00463477862438001
"Bulk spectrum",9.70315198226877,0.00457786926370623
"Bulk spectrum",9.75369892740259,0.00446850961769884
"Bulk spectrum",9.80424587253642,0.00433187223886818
"Bulk spectrum",9.85479281767024,0.00420609962190734
"Bulk spectrum",9.90533976280407,0.00412626723560449
"Bulk spectrum",9.95588670793789,0.004105206230047
"Bulk spectrum",10.0064336530717,0.00413704379319545
"Bulk spectrum",10.0569805982055,0.0042142259165443
"Bulk spectrum",10.1075275433394,0.00432625726230298
"Bulk spectrum",10.1580744884732,0.00443930996270082
"Bulk spectrum",10.208621433607,0.00449121005589518
"Bulk spectrum",10.2591683787408,0.00442452251652119
"Bulk spectrum",10.3097153238747,0.00423640889013243
"Bulk spectrum",10.3602622690085,0.00399685402804468
"Bulk spectrum",10.4108092141423,0.00380893396564105
"Bulk spectrum",10.4613561592761,0.00374007355976213
"Bulk spectrum",10.51190310441,0.00378150850775739
"Bulk spectrum",10.5624500495438,0.00386247985127659
"Bulk spectrum",10.6129969946776,0.00390138185259547
"Bulk spectrum",10.6635439398114,0.00386078211561285
"Bulk spectrum",10.7140908849453,0.00377124480195834
"Bulk spectrum",10.7646378300791,0.00370094013112948
"Bulk spectrum",10.8151847752129,0.00369432096500806
"Bulk spectrum",10.8657317203467,0.00373928598114192
"Bulk spectrum",10.9162786654806,0.00379117326058391
"Bulk spectrum",10.9668256106144,0.0038202725825161
"Bulk spectrum",11.0173725557482,0.00383428970034536
"Bulk spectrum",11.067919500882,0.00386055557070331
"Bulk spectrum",11.1184664460159,0.00390442117262314
"Bulk spectrum",11.1690133911497,0.00392865176752212
"Bulk spectrum",11.2195603362835,0.00387615348239472
"Bulk spectrum",11.2701072814173,0.0037266908267554
"Bulk spectrum",11.3206542265512,0.00352653220589374
"Bulk spectrum",11.371201171685,0.00335419727997908
"Bulk spectrum",11.4217481168188,0.00327077155190749
"Bulk spectrum",11.4722950619526,0.00330766232181486
"Bulk spectrum",11.5228420070865,0.00346817641031577
"Bulk spectrum",11.5733889522203,0.00370940333989784
"Bulk spectrum",11.6239358973541,0.0039363462360871
"Bulk spectrum",11.6744828424879,0.00404794811954182
"Bulk spectrum",11.7250297876218,0.00400375856289481
"Bulk spectrum",11.7755767327556,0.00384420545384601
"Bulk spectrum",11.8261236778894,0.00364744524292342
"Bulk spectrum",11.8766706230232,0.00347211767251235
"Bulk spectrum",11.9272175681571,0.00334176137008656
"Bulk spectrum",11.9777645132909,0.00327213710215874
"Bulk spectrum",12.0283114584247,0.00329067452589414
"Bulk spectrum",12.0788584035585,0.00341108955971042
"Bulk spectrum",12.1294053486924,0.0035930125197656
"Bulk spectrum",12.1799522938262,0.00374793778315623
"Bulk spectrum",12.23049923896,0.00379943994253154
"Bulk spectrum",12.2810461840938,0.00373573487922844
"Bulk spectrum",12.3315931292277,0.00360163809057991
"Bulk spectrum",12.3821400743615,0.00345077815489863
"Bulk spectrum",12.4326870194953,0.0033155361458606
"Bulk spectrum",12.4832339646291,0.00321080849539921
"Bulk spectrum",12.533780909763,0.0031424563704439
"Bulk spectrum",12.5843278548968,0.00310530720292178
"Bulk spectrum",12.6348748000306,0.0030855181414189
"Bulk spectrum",12.6854217451644,0.0030738261011865
"Bulk spectrum",12.7359686902983,0.00307506915070143
"Bulk spectrum",12.7865156354321,0.00310087817020273
"Bulk spectrum",12.8370625805659,0.00315390530955793
"Bulk spectrum",12.8876095256997,0.00321829477256767
"Bulk spectrum",12.9381564708336,0.00326536926827612
"Bulk spectrum",12.9887034159674,0.00327203972538638
"Bulk spectrum",13.0392503611012,0.00323741113421196
"Bulk spectrum",13.089797306235,0.00317902942475339
"Bulk spectrum",13.1403442513689,0.00311070675847408
"Bulk spectrum",13.1908911965027,0.00303177116377469
"Bulk spectrum",13.2414381416365,0.00294228731210703
"Bulk spectrum",13.2919850867703,0.00285753309373283
"Bulk spectrum",13.3425320319042,0.00279840494244661
"Bulk spectrum",13.393078977038,0.00277222396335526
"Bulk spectrum",13.4436259221718,0.00276682719642803
"Bulk spectrum",13.4941728673056,0.00275861298826425
"Bulk spectrum",13.5447198124395,0.00272425773942063
"Bulk spectrum",13.5952667575733,0.00265307390275647
"Bulk spectrum",13.6458137027071,0.00255769908524418
"Bulk spectrum",13.6963606478409,0.00247165504300846
"Bulk spectrum",13.7469075929748,0.00242747543918288
"Bulk spectrum",13.7974545381086,0.00243256266804541
"Bulk spectrum",13.8480014832424,0.00246806685883621
"Bulk spectrum",13.8985484283762,0.00250962315937092
"Bulk spectrum",13.94909537351,0.00254258421506658
"Bulk spectrum",13.9996423186439,0.00255900323475075
"Bulk spectrum",14.0501892637777,0.00255618262415703
"Bulk spectrum",14.1007362089115,0.00254993935942839
"Bulk spectrum",14.1512831540453,0.00257734034810334
"Bulk spectrum",14.2018300991792,0.00266479996617045
"Bulk spectrum",14.252377044313,0.00278864196198962
"Bulk spectrum",14.3029239894468,0.00287694442119106
"Bulk spectrum",14.3534709345806,0.00285827252502962
"Bulk spectrum",14.4040178797145,0.00271982358562251
"Bulk spectrum",14.4545648248483,0.00252751534044452
"Bulk spectrum",14.5051117699821,0.0023639831493533
"Bulk spectrum",14.5556587151159,0.00227113401502746
"Bulk spectrum",14.6062056602498,0.00223797643498178
"Bulk spectrum",14.6567526053836,0.00223625475739041
"Bulk spectrum",14.7072995505174,0.00225333815221729
"Bulk spectrum",14.7578464956512,0.002292543090681
"Bulk spectrum",14.8083934407851,0.00235622192380397
"Bulk spectrum",14.8589403859189,0.00243415950584816
"Bulk spectrum",14.9094873310527,0.00250383567344578
"Bulk spectrum",14.9600342761865,0.00254211241491682
"Bulk spectrum",15.0105812213204,0.00254363034020791
"Bulk spectrum",15.0611281664542,0.00253084049435039
"Bulk spectrum",15.111675111588,0.0025395472169448
"Bulk spectrum",15.1622220567218,0.00258700011828959
"Bulk spectrum",15.2127690018557,0.00265503678317327
"Bulk spectrum",15.2633159469895,0.0027082793677322
"Bulk spectrum",15.3138628921233,0.00272581406150291
"Bulk spectrum",15.3644098372571,0.00271078330721713
"Bulk spectrum",15.414956782391,0.0026744301397241
"Bulk spectrum",15.4655037275248,0.00262108447351769
"Bulk spectrum",15.5160506726586,0.00255050424602679
"Bulk spectrum",15.5665976177924,0.00246843694606612
"Bulk spectrum",15.6171445629263,0.0023911447254385
"Bulk spectrum",15.6676915080601,0.00233959685424418
"Bulk spectrum",15.7182384531939,0.00232751161342167
"Bulk spectrum",15.7687853983277,0.00235397706833511
"Bulk spectrum",15.8193323434616,0.00240760499361618
"Bulk spectrum",15.8698792885954,0.00247366284146715
"Bulk spectrum",15.9204262337292,0.00253358767975192
"Bulk spectrum",15.970973178863,0.0025627572336371
"Bulk spectrum",16.0215201239969,0.00253944386834068
"Bulk spectrum",16.0720670691307,0.00246244593931421
"Bulk spectrum",16.1226140142645,0.0023660153446292
"Bulk spectrum",16.1731609593983,0.00229820953546963
"Bulk spectrum",16.2237079045322,0.00228667554329966
"Bulk spectrum",16.274254849666,0.00231469349491662
"Bulk spectrum",16.3248017947998,0.00234003963266751
"Bulk spectrum",16.3753487399336,0.00233828464397085
"Bulk spectrum",16.4258956850675,0.00232036595801166
"Bulk spectrum",16.4764426302013,0.00231470643256279
"Bulk spectrum",16.5269895753351,0.00234492098831721
"Bulk spectrum",16.5775365204689,0.0024209743473704
"Bulk spectrum",16.6280834656028,0.00253589249785646
"Bulk spectrum",16.6786304107366,0.00266159275679956
"Bulk spectrum",16.7291773558704,0.00275451546610868
"Bulk spectrum",16.7797243010042,0.0027814608445236
"Bulk spectrum",16.8302712461381,0.00274798457492865
"Bulk spectrum",16.8808181912719,0.00269555069237776
"Bulk spectrum",16.9313651364057,0.00266541892969594
"Bulk spectrum",16.9819120815395,0.00266753243036042
"Bulk spectrum",17.0324590266734,0.00268185433872272
"Bulk spectrum",17.0830059718072,0.00267828457858549
"Bulk spectrum",17.133552916941,0.00263232953287653
"Bulk spectrum",17.1840998620748,0.00253656344537539
"Bulk spectrum",17.2346468072087,0.0024125787619369
"Bulk spectrum",17.2851937523425,0.00230839766506445
"Bulk spectrum",17.3357406974763,0.00226744675747079
"Bulk spectrum",17.3862876426101,0.00229215645149407
"Bulk spectrum",17.436834587744,0.00234358926458415
"Bulk spectrum",17.4873815328778,0.00237715020288791
"Bulk spectrum",17.5379284780116,0.0023715864979184
"Bulk spectrum",17.5884754231454,0.00233026948559258
"Bulk spectrum",17.6390223682793,0.00227306399640804
"Bulk spectrum",17.6895693134131,0.00222842293436961
"Bulk spectrum",17.7401162585469,0.00221694251615035
"Bulk spectrum",17.7906632036807,0.00223209842515777
"Bulk spectrum",17.8412101488146,0.002251750650103
"Bulk spectrum",17.8917570939484,0.0022674324292952
"Bulk spectrum",17.9423040390822,0.00229097953604638
"Bulk spectrum",17.992850984216,0.00233049366277822
"Bulk spectrum",18.0433979293499,0.002369155922679
"Bulk spectrum",18.0939448744837,0.00237835008052368
"Bulk spectrum",18.1444918196175,0.00234930491733595
"Bulk spectrum",18.1950387647513,0.00230166274056328
"Bulk spectrum",18.2455857098852,0.00225812498581894
"Bulk spectrum",18.296132655019,0.00221985060254416
"Bulk spectrum",18.3466796001528,0.00217548781937875
"Bulk spectrum",18.3972265452866,0.00212982590089142
"Bulk spectrum",18.4477734904205,0.00211225549895897
"Bulk spectrum",18.4983204355543,0.00215256523122161
"Bulk spectrum",18.5488673806881,0.00224878611233278
"Bulk spectrum",18.5994143258219,0.00235812424635079
"Bulk spectrum",18.6499612709558,0.00242256927619364
"Bulk spectrum",18.7005082160896,0.00241071536226581
"Bulk spectrum",18.7510551612234,0.00233747009828211
"Bulk spectrum",18.8016021063572,0.00224253801856919
"Bulk spectrum",18.8521490514911,0.00215355270666119
"Bulk spectrum",18.9026959966249,0.00207310436381311
"Bulk spectrum",18.9532429417587,0.0019948615017624
"Bulk spectrum",19.0037898868925,0.00192151635678158
"Bulk spectrum",19.0543368320264,0.00186302317979924
"Bulk spectrum",19.1048837771602,0.00182217977678477
"Bulk spectrum",19.155430722294,0.00179106490987647
"Bulk spectrum",19.2059776674278,0.00176794151732498
"Bulk spectrum",19.2565246125617,0.00177459904318976
"Bulk spectrum",19.3070715576955,0.00184657814673025
"Bulk spectrum",19.3576185028293,0.00199823584855534
"Bulk spectrum",19.4081654479631,0.00219399334796879
"Bulk spectrum",19.458712393097,0.00234945107961746
"Bulk spectrum",19.5092593382308,0.00238081627934719
"Bulk spectrum",19.5598062833646,0.00225751384820181
"Bulk spectrum",19.6103532284984,0.00202654081337331
"Bulk spectrum",19.6609001736322,0.00178513795313119
"Bulk spectrum",19.7114471187661,0.00161927613322813
"Bulk spectrum",19.7619940638999,0.00156121636925416
"Bulk spectrum",19.8125410090337,0.00159478371640263
"Bulk spectrum",19.8630879541676,0.00168402013853508
"Bulk spectrum",19.9136348993014,0.00179089196607176
"Bulk spectrum",19.9641818444352,0.00187987549456187
"Bulk spectrum",20.014728789569,0.00192509433084
"Bulk spectrum",20.0652757347029,0.0019235044700021
"Bulk spectrum",20.1158226798367,0.00190001860994127
"Bulk spectrum",20.1663696249705,0.00188859630191821
"Bulk spectrum",20.2169165701043,0.00189791215247556
"Bulk spectrum",20.2674635152381,0.00189872614173909
"Bulk spectrum",20.318010460372,0.00185392866886927
"Bulk spectrum",20.3685574055058,0.00175988374546311
"Bulk spectrum",20.4191043506396,0.0016537867884887
"Bulk spectrum",20.4696512957734,0.00158707834752308
"Bulk spectrum",20.5201982409073,0.00159846874107751
"Bulk spectrum",20.5707451860411,0.00170123888158989
"Bulk spectrum",20.6212921311749,0.00187601722249431
"Bulk spectrum",20.6718390763087,0.00207006110509395
"Bulk spectrum",20.7223860214426,0.00221768065739563
"Bulk spectrum",20.7729329665764,0.00227890308000744
"Bulk spectrum",20.8234799117102,0.00226191138316744
"Bulk spectrum",20.874026856844,0.00220333557920528
"Bulk spectrum",20.9245738019779,0.0021335384712346
"Bulk spectrum",20.9751207471117,0.00207044508564031
"Bulk spectrum",21.0256676922455,0.00203177442243827
"Bulk spectrum",21.0762146373793,0.00202627518485798
"Bulk spectrum",21.1267615825132,0.0020339218525166
"Bulk spectrum",21.177308527647,0.00201931596790357
"Bulk spectrum",21.2278554727808,0.00196753636506869
"Bulk spectrum",21.2784024179146,0.00188898143535138
"Bulk spectrum",21.3289493630485,0.0018047061723076
"Bulk spectrum",21.3794963081823,0.0017347335181381
"Bulk spectrum",21.4300432533161,0.00169123022372745
"Bulk spectrum",21.4805901984499,0.00167372164470386
"Bulk spectrum",21.5311371435838,0.0016709569862835
"Bulk spectrum",21.5816840887176,0.00167142349713333
"Bulk spectrum",21.6322310338514,0.00167612702397847
"Bulk spectrum",21.6827779789852,0.0017000768481636
"Bulk spectrum",21.7333249241191,0.00175648677176683
"Bulk spectrum",21.7838718692529,0.00183852652461753
"Bulk spectrum",21.8344188143867,0.00191828920869792
"Bulk spectrum",21.8849657595205,0.00196355017179961
"Bulk spectrum",21.9355127046544,0.00195546948237116
"Bulk spectrum",21.9860596497882,0.00189312068620612
"Bulk spectrum",22.036606594922,0.00178746842314388
"Bulk spectrum",22.0871535400558,0.00165778526625751
"Bulk spectrum",22.1377004851897,0.00153372463429178
"Bulk spectrum",22.1882474303235,0.00145019226191734
"Bulk spectrum",22.2387943754573,0.00142713456371448
"Bulk spectrum",22.2893413205911,0.00145046614372286
"Bulk spectrum",22.339888265725,0.00147921550005119
"Bulk spectrum",22.3904352108588,0.00147913873657759
"Bulk spectrum",22.4409821559926,0.00145150928068929
"Bulk spectrum",22.4915291011264,0.00142840011590256
"Bulk spectrum",22.5420760462603,0.00144115665719501
"Bulk spectrum",22.5926229913941,0.00149263772967588
"Bulk spectrum",22.6431699365279,0.00155385186261216
"Bulk spectrum",22.6937168816617,0.00158367586851718
"Bulk spectrum",22.7442638267956,0.00155629675467259
"Bulk spectrum",22.7948107719294,0.00147668335348529
"Bulk spectrum",22.8453577170632,0.00137565786402495
"Bulk spectrum",22.895904662197,0.00127870185310886
"Bulk spectrum",22.9464516073309,0.00118859946638166
"Bulk spectrum",22.9969985524647,0.00109450649018035
"Bulk spectrum",23.0475454975985,0.000995082109575223
"Bulk spectrum",23.0980924427323,0.000908298367394047
"Bulk spectrum",23.1486393878662,0.000857165783320641
"Bulk spectrum",23.199186333,0.000849504329431153
"Bulk spectrum",23.2497332781338,0.000871599652899811
"Bulk spectrum",23.3002802232676,0.000895121265241385
"Bulk spectrum",23.3508271684015,0.000889788236024482
"Bulk spectrum",23.4013741135353,0.000839763222403895
"Bulk spectrum",23.4519210586691,0.000756448487378029
"Bulk spectrum",23.5024680038029,0.000673849364752185
"Bulk spectrum",23.5530149489368,0.000625285677488036
"Bulk spectrum",23.6035618940706,0.000619760659344084
"Bulk spectrum",23.6541088392044,0.000637093067795666
"Bulk spectrum",23.7046557843382,0.000643526028293585
"Bulk spectrum",23.7552027294721,0.000614464595623809
"Bulk spectrum",23.8057496746059,0.000548557693127
"Bulk spectrum",23.8562966197397,0.000464594946359604
"Bulk spectrum",23.9068435648735,0.000385660732584348
"Bulk spectrum",23.9573905100074,0.000325475956635256
"Bulk spectrum",24.0079374551412,0.000287421273809065
"Bulk spectrum",24.058484400275,0.000270346989103733
"Bulk spectrum",24.1090313454088,0.000269057134556812
"Bulk spectrum",24.1595782905427,0.000271064916740836
"Bulk spectrum",24.2101252356765,0.00026200685548238
"Bulk spectrum",24.2606721808103,0.000239083450022732
"Bulk spectrum",24.3112191259441,0.000215198556257875
"Bulk spectrum",24.361766071078,0.000205180963942855
"Bulk spectrum",24.4123130162118,0.000208856350976803
"Bulk spectrum",24.4628599613456,0.000211149081869839
"Bulk spectrum",24.5134069064794,0.000199160236439028
"Bulk spectrum",24.5639538516133,0.000174667960465977
"Bulk spectrum",24.6145007967471,0.000146470305559472
"Bulk spectrum",24.6650477418809,0.000121307335490269
"Bulk spectrum",24.7155946870147,0.00010295578052044
"Bulk spectrum",24.7661416321486,9.41470246772689e-05
"Bulk spectrum",24.8166885772824,9.52946444291871e-05
"Bulk spectrum",24.8672355224162,0.000102547552751339
"Bulk spectrum",24.91778246755,0.000108672095356998
"Bulk spectrum",24.9683294126839,0.000106727409962568
"Bulk spectrum",25.0188763578177,9.50616098115079e-05
"Bulk spectrum",25.0694233029515,7.98653499150324e-05
"Bulk spectrum",25.1199702480853,7.07967144531466e-05
"Bulk spectrum",25.1705171932192,7.19089149163184e-05
"Bulk spectrum",25.221064138353,7.71624718418462e-05
"Bulk spectrum",25.2716110834868,7.60097401211988e-05
"Bulk spectrum",25.3221580286206,6.32886537838321e-05
"Bulk spectrum",25.3727049737545,4.3056018362702e-05
"Bulk spectrum",25.4232519188883,2.35854735127663e-05
"Bulk spectrum",25.4737988640221,1.03111818949966e-05
"Bulk spectrum",25.5243458091559,3.57126319113444e-06
"Bulk spectrum",25.5748927542898,9.73252878638041e-07
"Bulk edge: lambda_4",18.7591448229985,7.91950053700505e-05
"Bulk edge: lambda_4",18.7733727696791,9.38992389666834e-05
"Bulk edge: lambda_4",18.7876007163597,0.000110979302497823
"Bulk edge: lambda_4",18.8018286630403,0.000131412554989802
"Bulk edge: lambda_4",18.816056609721,0.000154825700621432
"Bulk edge: lambda_4",18.8302845564016,0.00018151387698969
"Bulk edge: lambda_4",18.8445125030822,0.000211783798929088
"Bulk edge: lambda_4",18.8587404497628,0.000247022655998175
"Bulk edge: lambda_4",18.8729683964434,0.000287577530957592
"Bulk edge: lambda_4",18.887196343124,0.000333232511081164
"Bulk edge: lambda_4",18.9014242898046,0.000384390943662678
"Bulk edge: lambda_4",18.9156522364852,0.000441465730037609
"Bulk edge: lambda_4",18.9298801831658,0.000507668551404831
"Bulk edge: lambda_4",18.9441081298464,0.000581239410467029
"Bulk edge: lambda_4",18.9583360765271,0.000662614861189851
"Bulk edge: lambda_4",18.9725640232077,0.000752252375674015
"Bulk edge: lambda_4",18.9867919698883,0.000851995535205754
"Bulk edge: lambda_4",19.0010199165689,0.000963560189497711
"Bulk edge: lambda_4",19.0152478632495,0.00108526343474894
"Bulk edge: lambda_4",19.0294758099301,0.00121750294117209
"Bulk edge: lambda_4",19.0437037566107,0.0013606609532161
"Bulk edge: lambda_4",19.0579317032913,0.00151858483256471
"Bulk edge: lambda_4",19.0721596499719,0.00168944019078442
"Bulk edge: lambda_4",19.0863875966525,0.00187238711179815
"Bulk edge: lambda_4",19.1006155433332,0.00206757185998807
"Bulk edge: lambda_4",19.1148434900138,0.00227582595025002
"Bulk edge: lambda_4",19.1290714366944,0.00250041487641528
"Bulk edge: lambda_4",19.143299383375,0.00273713648544685
"Bulk edge: lambda_4",19.1575273300556,0.00298573574182805
"Bulk edge: lambda_4",19.1717552767362,0.00324590333954029
"Bulk edge: lambda_4",19.1859832234168,0.00351936262607653
"Bulk edge: lambda_4",19.2002111700974,0.00380470445261828
"Bulk edge: lambda_4",19.214439116778,0.00409922323992615
"Bulk edge: lambda_4",19.2286670634587,0.00440209695384008
"Bulk edge: lambda_4",19.2428950101393,0.00471244537770797
"Bulk edge: lambda_4",19.2571229568199,0.00503074002157728
"Bulk edge: lambda_4",19.2713509035005,0.00535313539765858
"Bulk edge: lambda_4",19.2855788501811,0.00567817930294812
"Bulk edge: lambda_4",19.2998067968617,0.00600454700422623
"Bulk edge: lambda_4",19.3140347435423,0.00633054731706756
"Bulk edge: lambda_4",19.3282626902229,0.00665314775627075
"Bulk edge: lambda_4",19.3424906369035,0.00697090847699163
"Bulk edge: lambda_4",19.3567185835841,0.00728231276337827
"Bulk edge: lambda_4",19.3709465302648,0.00758584574869157
"Bulk edge: lambda_4",19.3851744769454,0.00787667799919456
"Bulk edge: lambda_4",19.399402423626,0.00815375741042755
"Bulk edge: lambda_4",19.4136303703066,0.00841692114802159
"Bulk edge: lambda_4",19.4278583169872,0.0086649192669694
"Bulk edge: lambda_4",19.4420862636678,0.00889595110011949
"Bulk edge: lambda_4",19.4563142103484,0.00910262977237327
"Bulk edge: lambda_4",19.470542157029,0.00929002414716884
"Bulk edge: lambda_4",19.4847701037096,0.00945758201840703
"Bulk edge: lambda_4",19.4989980503902,0.00960485544253188
"Bulk edge: lambda_4",19.5132259970709,0.00972776513501386
"Bulk edge: lambda_4",19.5274539437515,0.00982598228936867
"Bulk edge: lambda_4",19.5416818904321,0.00990411534417693
"Bulk edge: lambda_4",19.5559098371127,0.00996274943323745
"Bulk edge: lambda_4",19.5701377837933,0.0100025930096712
"Bulk edge: lambda_4",19.5843657304739,0.0100195038775083
"Bulk edge: lambda_4",19.5985936771545,0.0100205074438859
"Bulk edge: lambda_4",19.6128216238351,0.0100081720400694
"Bulk edge: lambda_4",19.6270495705157,0.00998425414852267
"Bulk edge: lambda_4",19.6412775171964,0.00995006204140159
"Bulk edge: lambda_4",19.655505463877,0.00990828581880604
"Bulk edge: lambda_4",19.6697334105576,0.00986409722569264
"Bulk edge: lambda_4",19.6839613572382,0.00982001499899449
"Bulk edge: lambda_4",19.6981893039188,0.00977861369341861
"Bulk edge: lambda_4",19.7124172505994,0.00974517739521771
"Bulk edge: lambda_4",19.72664519728,0.00972412828772371
"Bulk edge: lambda_4",19.7408731439606,0.00971736228610161
"Bulk edge: lambda_4",19.7551010906412,0.00972765077034916
"Bulk edge: lambda_4",19.7693290373218,0.00975796193639206
"Bulk edge: lambda_4",19.7835569840025,0.00982155334631917
"Bulk edge: lambda_4",19.7977849306831,0.00991349501208623
"Bulk edge: lambda_4",19.8120128773637,0.0100361987056678
"Bulk edge: lambda_4",19.8262408240443,0.010191999049235
"Bulk edge: lambda_4",19.8404687707249,0.0103892727660782
"Bulk edge: lambda_4",19.8546967174055,0.0106344219711169
"Bulk edge: lambda_4",19.8689246640861,0.0109209326653453
"Bulk edge: lambda_4",19.8831526107667,0.0112502826657448
"Bulk edge: lambda_4",19.8973805574473,0.0116238368130553
"Bulk edge: lambda_4",19.9116085041279,0.0120571949814733
"Bulk edge: lambda_4",19.9258364508086,0.0125413374854208
"Bulk edge: lambda_4",19.9400643974892,0.0130731084141789
"Bulk edge: lambda_4",19.9542923441698,0.0136528156142859
"Bulk edge: lambda_4",19.9685202908504,0.0142839989452787
"Bulk edge: lambda_4",19.982748237531,0.0149780406732971
"Bulk edge: lambda_4",19.9969761842116,0.0157193466605202
"Bulk edge: lambda_4",20.0112041308922,0.0165072882352068
"Bulk edge: lambda_4",20.0254320775728,0.0173411526157619
"Bulk edge: lambda_4",20.0396600242534,0.0182295236547953
"Bulk edge: lambda_4",20.053887970934,0.0191680463207624
"Bulk edge: lambda_4",20.0681159176147,0.0201481463191527
"Bulk edge: lambda_4",20.0823438642953,0.0211685947825069
"Bulk edge: lambda_4",20.0965718109759,0.0222281308387603
"Bulk edge: lambda_4",20.1107997576565,0.0233382325466919
"Bulk edge: lambda_4",20.1250277043371,0.0244838198648873
"Bulk edge: lambda_4",20.1392556510177,0.0256630275740688
"Bulk edge: lambda_4",20.1534835976983,0.0268746364081651
"Bulk edge: lambda_4",20.1677115443789,0.0281213043282342
"Bulk edge: lambda_4",20.1819394910595,0.0294046145226582
"Bulk edge: lambda_4",20.1961674377402,0.0307159505117694
"Bulk edge: lambda_4",20.2103953844208,0.0320545535574722
"Bulk edge: lambda_4",20.2246233311014,0.0334197340769906
"Bulk edge: lambda_4",20.238851277782,0.0348179376105984
"Bulk edge: lambda_4",20.2530792244626,0.036244017122248
"Bulk edge: lambda_4",20.2673071711432,0.0376952157684501
"Bulk edge: lambda_4",20.2815351178238,0.0391715088927048
"Bulk edge: lambda_4",20.2957630645044,0.0406740964617759
"Bulk edge: lambda_4",20.309991011185,0.042210865685844
"Bulk edge: lambda_4",20.3242189578656,0.0437738043538509
"Bulk edge: lambda_4",20.3384469045463,0.0453634317464392
"Bulk edge: lambda_4",20.3526748512269,0.0469803069889048
"Bulk edge: lambda_4",20.3669027979075,0.0486306744706479
"Bulk edge: lambda_4",20.3811307445881,0.0503157697036489
"Bulk edge: lambda_4",20.3953586912687,0.0520309997465093
"Bulk edge: lambda_4",20.4095866379493,0.0537770805201382
"Bulk edge: lambda_4",20.4238145846299,0.0555547230474475
"Bulk edge: lambda_4",20.4380425313105,0.057376097161776
"Bulk edge: lambda_4",20.4522704779911,0.0592324475576273
"Bulk edge: lambda_4",20.4664984246717,0.0611229190840553
"Bulk edge: lambda_4",20.4807263713524,0.0630479645221788
"Bulk edge: lambda_4",20.494954318033,0.065011771935045
"Bulk edge: lambda_4",20.5091822647136,0.0670208134349605
"Bulk edge: lambda_4",20.5234102113942,0.0690654756721936
"Bulk edge: lambda_4",20.5376381580748,0.0711457660832349
"Bulk edge: lambda_4",20.5518661047554,0.0732616416890811
"Bulk edge: lambda_4",20.566094051436,0.0754219064227925
"Bulk edge: lambda_4",20.5803219981166,0.0776216035213308
"Bulk edge: lambda_4",20.5945499447972,0.0798558243949531
"Bulk edge: lambda_4",20.6087778914778,0.0821241672548812
"Bulk edge: lambda_4",20.6230058381585,0.084426860562369
"Bulk edge: lambda_4",20.6372337848391,0.0867743811608995
"Bulk edge: lambda_4",20.6514617315197,0.0891540018738116
"Bulk edge: lambda_4",20.6656896782003,0.0915652258734282
"Bulk edge: lambda_4",20.6799176248809,0.0940075669992175
"Bulk edge: lambda_4",20.6941455715615,0.0964855634503605
"Bulk edge: lambda_4",20.7083735182421,0.0989998172246223
"Bulk edge: lambda_4",20.7226014649227,0.10154345717876
"Bulk edge: lambda_4",20.7368294116033,0.10411619649416
"Bulk edge: lambda_4",20.751057358284,0.106717779678596
"Bulk edge: lambda_4",20.7652853049646,0.109356972460866
"Bulk edge: lambda_4",20.7795132516452,0.112026479649481
"Bulk edge: lambda_4",20.7937411983258,0.114724396257216
"Bulk edge: lambda_4",20.8079691450064,0.117450740801654
"Bulk edge: lambda_4",20.822197091687,0.120207896852261
"Bulk edge: lambda_4",20.8364250383676,0.123002328264127
"Bulk edge: lambda_4",20.8506529850482,0.125825595573163
"Bulk edge: lambda_4",20.8648809317288,0.128677824805135
"Bulk edge: lambda_4",20.8791088784094,0.131559135708786
"Bulk edge: lambda_4",20.8933368250901,0.134476377240012
"Bulk edge: lambda_4",20.9075647717707,0.137427401164132
"Bulk edge: lambda_4",20.9217927184513,0.14040769212877
"Bulk edge: lambda_4",20.9360206651319,0.143417165011168
"Bulk edge: lambda_4",20.9502486118125,0.146455698626067
"Bulk edge: lambda_4",20.9644765584931,0.149533761830242
"Bulk edge: lambda_4",20.9787045051737,0.152640094527942
"Bulk edge: lambda_4",20.9929324518543,0.155774091461899
"Bulk edge: lambda_4",21.0071603985349,0.158935247618877
"Bulk edge: lambda_4",21.0213883452155,0.162126645923507
"Bulk edge: lambda_4",21.0356162918962,0.165349503181743
"Bulk edge: lambda_4",21.0498442385768,0.168596723923343
"Bulk edge: lambda_4",21.0640721852574,0.171867548359814
"Bulk edge: lambda_4",21.078300131938,0.175161208519688
"Bulk edge: lambda_4",21.0925280786186,0.178482897910491
"Bulk edge: lambda_4",21.1067560252992,0.181827001529466
"Bulk edge: lambda_4",21.1209839719798,0.185190912128321
"Bulk edge: lambda_4",21.1352119186604,0.188574064840628
"Bulk edge: lambda_4",21.149439865341,0.191976969818014
"Bulk edge: lambda_4",21.1636678120216,0.195403960606319
"Bulk edge: lambda_4",21.1778957587023,0.198848938186893
"Bulk edge: lambda_4",21.1921237053829,0.202312006606753
"Bulk edge: lambda_4",21.2063516520635,0.205793367529683
"Bulk edge: lambda_4",21.2205795987441,0.209297387793338
"Bulk edge: lambda_4",21.2348075454247,0.212824819958453
"Bulk edge: lambda_4",21.2490354921053,0.216373314869711
"Bulk edge: lambda_4",21.2632634387859,0.219943958509952
"Bulk edge: lambda_4",21.2774913854665,0.22353792823125
"Bulk edge: lambda_4",21.2917193321471,0.227166381017906
"Bulk edge: lambda_4",21.3059472788278,0.230823651265386
"Bulk edge: lambda_4",21.3201752255084,0.234510614588036
"Bulk edge: lambda_4",21.334403172189,0.238228912223541
"Bulk edge: lambda_4",21.3486311188696,0.24198444796644
"Bulk edge: lambda_4",21.3628590655502,0.245785336120264
"Bulk edge: lambda_4",21.3770870122308,0.249624111400415
"Bulk edge: lambda_4",21.3913149589114,0.253501970818616
"Bulk edge: lambda_4",21.405542905592,0.257419988874953
"Bulk edge: lambda_4",21.4197708522726,0.261390253447004
"Bulk edge: lambda_4",21.4339987989532,0.265407105673251
"Bulk edge: lambda_4",21.4482267456339,0.26946534021154
"Bulk edge: lambda_4",21.4624546923145,0.273564282257802
"Bulk edge: lambda_4",21.4766826389951,0.277704173270901
"Bulk edge: lambda_4",21.4909105856757,0.281893925645225
"Bulk edge: lambda_4",21.5051385323563,0.286116596276141
"Bulk edge: lambda_4",21.5193664790369,0.290368816818715
"Bulk edge: lambda_4",21.5335944257175,0.29464687823053
"Bulk edge: lambda_4",21.5478223723981,0.298948854713869
"Bulk edge: lambda_4",21.5620503190787,0.303265042086897
"Bulk edge: lambda_4",21.5762782657593,0.307584919177269
"Bulk edge: lambda_4",21.59050621244,0.311901768319922
"Bulk edge: lambda_4",21.6047341591206,0.316208553640673
"Bulk edge: lambda_4",21.6189621058012,0.320486212750721
"Bulk edge: lambda_4",21.6331900524818,0.324726286458289
"Bulk edge: lambda_4",21.6474179991624,0.328920883211559
"Bulk edge: lambda_4",21.661645945843,0.333060745738765
"Bulk edge: lambda_4",21.6758738925236,0.33712881882797
"Bulk edge: lambda_4",21.6901018392042,0.341091728477883
"Bulk edge: lambda_4",21.7043297858848,0.344958473023962
"Bulk edge: lambda_4",21.7185577325654,0.348719139241852
"Bulk edge: lambda_4",21.7327856792461,0.352363871611027
"Bulk edge: lambda_4",21.7470136259267,0.355847982102138
"Bulk edge: lambda_4",21.7612415726073,0.359167267743432
"Bulk edge: lambda_4",21.7754695192879,0.362331510590826
"Bulk edge: lambda_4",21.7896974659685,0.365332539612515
"Bulk edge: lambda_4",21.8039254126491,0.368161265920511
"Bulk edge: lambda_4",21.8181533593297,0.370739114898153
"Bulk edge: lambda_4",21.8323813060103,0.373125374394381
"Bulk edge: lambda_4",21.8466092526909,0.375315543766771
"Bulk edge: lambda_4",21.8608371993716,0.3773056497444
"Bulk edge: lambda_4",21.8750651460522,0.37906025859358
"Bulk edge: lambda_4",21.8892930927328,0.380561239009036
"Bulk edge: lambda_4",21.9035210394134,0.381855574391602
"Bulk edge: lambda_4",21.917748986094,0.382944373470712
"Bulk edge: lambda_4",21.9319769327746,0.383829342246875
"Bulk edge: lambda_4",21.9462048794552,0.38445471698853
"Bulk edge: lambda_4",21.9604328261358,0.384872981697693
"Bulk edge: lambda_4",21.9746607728164,0.385106296860175
"Bulk edge: lambda_4",21.988888719497,0.385161415242359
"Bulk edge: lambda_4",22.0031166661777,0.385034977723778
"Bulk edge: lambda_4",22.0173446128583,0.384703537965396
"Bulk edge: lambda_4",22.0315725595389,0.384230790537222
"Bulk edge: lambda_4",22.0458005062195,0.383627229059016
"Bulk edge: lambda_4",22.0600284529001,0.382903629850463
"Bulk edge: lambda_4",22.0742563995807,0.382052550393438
"Bulk edge: lambda_4",22.0884843462613,0.381101431848758
"Bulk edge: lambda_4",22.1027122929419,0.380079791099216
"Bulk edge: lambda_4",22.1169402396225,0.378999662104714
"Bulk edge: lambda_4",22.1311681863031,0.377873086372183
"Bulk edge: lambda_4",22.1453961329838,0.376708886377284
"Bulk edge: lambda_4",22.1596240796644,0.375535537086744
"Bulk edge: lambda_4",22.173852026345,0.374364414002758
"Bulk edge: lambda_4",22.1880799730256,0.373206090484449
"Bulk edge: lambda_4",22.2023079197062,0.372076064254224
"Bulk edge: lambda_4",22.2165358663868,0.370996066079829
"Bulk edge: lambda_4",22.2307638130674,0.369967436716206
"Bulk edge: lambda_4",22.244991759748,0.368997350378899
"Bulk edge: lambda_4",22.2592197064286,0.368092512814959
"Bulk edge: lambda_4",22.2734476531092,0.367281505391859
"Bulk edge: lambda_4",22.2876755997899,0.366559292052737
"Bulk edge: lambda_4",22.3019035464705,0.365920827043759
"Bulk edge: lambda_4",22.3161314931511,0.365368218729473
"Bulk edge: lambda_4",22.3303594398317,0.364906822658554
"Bulk edge: lambda_4",22.3445873865123,0.364562651110611
"Bulk edge: lambda_4",22.3588153331929,0.364303927250085
"Bulk edge: lambda_4",22.3730432798735,0.364128064509723
"Bulk edge: lambda_4",22.3872712265541,0.364031985347363
"Bulk edge: lambda_4",22.4014991732347,0.3640247749782
"Bulk edge: lambda_4",22.4157271199153,0.364096480079215
"Bulk edge: lambda_4",22.429955066596,0.364226232823885
"Bulk edge: lambda_4",22.4441830132766,0.364407101620132
"Bulk edge: lambda_4",22.4584109599572,0.364631790862483
"Bulk edge: lambda_4",22.4726389066378,0.364898383953176
"Bulk edge: lambda_4",22.4868668533184,0.36518274521245
"Bulk edge: lambda_4",22.501094799999,0.365474125715629
"Bulk edge: lambda_4",22.5153227466796,0.365762991193234
"Bulk edge: lambda_4",22.5295506933602,0.366036474847911
"Bulk edge: lambda_4",22.5437786400408,0.366271513968626
"Bulk edge: lambda_4",22.5580065867215,0.366461927208348
"Bulk edge: lambda_4",22.5722345334021,0.366597793104535
"Bulk edge: lambda_4",22.5864624800827,0.366669276105858
"Bulk edge: lambda_4",22.6006904267633,0.366643148201883
"Bulk edge: lambda_4",22.6149183734439,0.366512320733027
"Bulk edge: lambda_4",22.6291463201245,0.366278577093765
"Bulk edge: lambda_4",22.6433742668051,0.365933929191388
"Bulk edge: lambda_4",22.6576022134857,0.365468320000644
"Bulk edge: lambda_4",22.6718301601663,0.364825816877236
"Bulk edge: lambda_4",22.6860581068469,0.364044720848291
"Bulk edge: lambda_4",22.7002860535276,0.363120561432262
"Bulk edge: lambda_4",22.7145140002082,0.362049349367839
"Bulk edge: lambda_4",22.7287419468888,0.360801935846063
"Bulk edge: lambda_4",22.7429698935694,0.359367167218928
"Bulk edge: lambda_4",22.75719784025,0.357777728823437
"Bulk edge: lambda_4",22.7714257869306,0.356034145119252
"Bulk edge: lambda_4",22.7856537336112,0.354137454960994
"Bulk edge: lambda_4",22.7998816802918,0.35204392588875
"Bulk edge: lambda_4",22.8141096269724,0.349796483688463
"Bulk edge: lambda_4",22.828337573653,0.347410163288824
"Bulk edge: lambda_4",22.8425655203337,0.344890176890436
"Bulk edge: lambda_4",22.8567934670143,0.34223287488139
"Bulk edge: lambda_4",22.8710214136949,0.339424031790243
"Bulk edge: lambda_4",22.8852493603755,0.336510016144325
"Bulk edge: lambda_4",22.8994773070561,0.333498832066515
"Bulk edge: lambda_4",22.9137052537367,0.330398668491314
"Bulk edge: lambda_4",22.9279332004173,0.327203546460677
"Bulk edge: lambda_4",22.9421611470979,0.323935475939732
"Bulk edge: lambda_4",22.9563890937785,0.320615222448856
"Bulk edge: lambda_4",22.9706170404591,0.317251483731749
"Bulk edge: lambda_4",22.9848449871398,0.313852902392427
"Bulk edge: lambda_4",22.9990729338204,0.310424822739473
"Bulk edge: lambda_4",23.013300880501,0.306987971539705
"Bulk edge: lambda_4",23.0275288271816,0.303549721979546
"Bulk edge: lambda_4",23.0417567738622,0.30011702235829
"Bulk edge: lambda_4",23.0559847205428,0.296699774515556
"Bulk edge: lambda_4",23.0702126672234,0.293310724644528
"Bulk edge: lambda_4",23.084440613904,0.289951020036023
"Bulk edge: lambda_4",23.0986685605846,0.286624701168176
"Bulk edge: lambda_4",23.1128965072653,0.283335449063585
"Bulk edge: lambda_4",23.1271244539459,0.280099433459092
"Bulk edge: lambda_4",23.1413524006265,0.276911973009722
"Bulk edge: lambda_4",23.1555803473071,0.273770115742841
"Bulk edge: lambda_4",23.1698082939877,0.270674447975374
"Bulk edge: lambda_4",23.1840362406683,0.267627725780148
"Bulk edge: lambda_4",23.1982641873489,0.264641394196243
"Bulk edge: lambda_4",23.2124921340295,0.261698657629874
"Bulk edge: lambda_4",23.2267200807101,0.258797774038704
"Bulk edge: lambda_4",23.2409480273907,0.255936820944372
"Bulk edge: lambda_4",23.2551759740714,0.253120321132456
"Bulk edge: lambda_4",23.269403920752,0.250342492496681
"Bulk edge: lambda_4",23.2836318674326,0.247593825613714
"Bulk edge: lambda_4",23.2978598141132,0.244871436981095
"Bulk edge: lambda_4",23.3120877607938,0.242172401778606
"Bulk edge: lambda_4",23.3263157074744,0.239498665166252
"Bulk edge: lambda_4",23.340543654155,0.236839408340554
"Bulk edge: lambda_4",23.3547716008356,0.234191273933491
"Bulk edge: lambda_4",23.3689995475162,0.23155156749043
"Bulk edge: lambda_4",23.3832274941968,0.228917828733402
"Bulk edge: lambda_4",23.3974554408775,0.226285982127156
"Bulk edge: lambda_4",23.4116833875581,0.223652571420698
"Bulk edge: lambda_4",23.4259113342387,0.221015664239972
"Bulk edge: lambda_4",23.4401392809193,0.218373423998564
"Bulk edge: lambda_4",23.4543672275999,0.21572149082429
"Bulk edge: lambda_4",23.4685951742805,0.213058470794672
"Bulk edge: lambda_4",23.4828231209611,0.210384154520012
"Bulk edge: lambda_4",23.4970510676417,0.207697503941009
"Bulk edge: lambda_4",23.5112790143223,0.204997127407196
"Bulk edge: lambda_4",23.525506961003,0.202277070661127
"Bulk edge: lambda_4",23.5397349076836,0.19954156081448
"Bulk edge: lambda_4",23.5539628543642,0.196790178488513
"Bulk edge: lambda_4",23.5681908010448,0.194022564349413
"Bulk edge: lambda_4",23.5824187477254,0.19123544326768
"Bulk edge: lambda_4",23.596646694406,0.188428179586724
"Bulk edge: lambda_4",23.6108746410866,0.185604277083234
"Bulk edge: lambda_4",23.6251025877672,0.182763917758418
"Bulk edge: lambda_4",23.6393305344478,0.17990734965785
"Bulk edge: lambda_4",23.6535584811284,0.177030131004359
"Bulk edge: lambda_4",23.6677864278091,0.174137518287821
"Bulk edge: lambda_4",23.6820143744897,0.171231256161086
"Bulk edge: lambda_4",23.6962423211703,0.168312301091019
"Bulk edge: lambda_4",23.7104702678509,0.165380850793883
"Bulk edge: lambda_4",23.7246982145315,0.162437424824701
"Bulk edge: lambda_4",23.7389261612121,0.159487094258445
"Bulk edge: lambda_4",23.7531541078927,0.156531701572817
"Bulk edge: lambda_4",23.7673820545733,0.15357319183558
"Bulk edge: lambda_4",23.7816100012539,0.150614519458934
"Bulk edge: lambda_4",23.7958379479345,0.147660151904116
"Bulk edge: lambda_4",23.8100658946152,0.144712797927086
"Bulk edge: lambda_4",23.8242938412958,0.141775214691689
"Bulk edge: lambda_4",23.8385217879764,0.138850320841665
"Bulk edge: lambda_4",23.852749734657,0.13594949336862
"Bulk edge: lambda_4",23.8669776813376,0.133071117201901
"Bulk edge: lambda_4",23.8812056280182,0.130218329623765
"Bulk edge: lambda_4",23.8954335746988,0.127394262332002
"Bulk edge: lambda_4",23.9096615213794,0.124607801502172
"Bulk edge: lambda_4",23.92388946806,0.121867505886762
"Bulk edge: lambda_4",23.9381174147406,0.119168727313723
"Bulk edge: lambda_4",23.9523453614213,0.116514207265121
"Bulk edge: lambda_4",23.9665733081019,0.113906601207713
"Bulk edge: lambda_4",23.9808012547825,0.111364732354867
"Bulk edge: lambda_4",23.9950292014631,0.108881211878565
"Bulk edge: lambda_4",24.0092571481437,0.106453626550318
"Bulk edge: lambda_4",24.0234850948243,0.104083533691988
"Bulk edge: lambda_4",24.0377130415049,0.101776371731178
"Bulk edge: lambda_4",24.0519409881855,0.0995489171395936
"Bulk edge: lambda_4",24.0661689348661,0.0973828317901202
"Bulk edge: lambda_4",24.0803968815468,0.0952782762141525
"Bulk edge: lambda_4",24.0946248282274,0.0932352538963849
"Bulk edge: lambda_4",24.108852774908,0.0912664853752976
"Bulk edge: lambda_4",24.1230807215886,0.0893678356775049
"Bulk edge: lambda_4",24.1373086682692,0.0875278838050043
"Bulk edge: lambda_4",24.1515366149498,0.08574537418916
"Bulk edge: lambda_4",24.1657645616304,0.0840189297640493
"Bulk edge: lambda_4",24.179992508311,0.0823653168382924
"Bulk edge: lambda_4",24.1942204549916,0.0807631136154385
"Bulk edge: lambda_4",24.2084484016722,0.0792091780817244
"Bulk edge: lambda_4",24.2226763483529,0.0777013909130493
"Bulk edge: lambda_4",24.2369042950335,0.0762426692420558
"Bulk edge: lambda_4",24.2511322417141,0.0748338925627977
"Bulk edge: lambda_4",24.2653601883947,0.0734616659027622
"Bulk edge: lambda_4",24.2795881350753,0.0721236973108457
"Bulk edge: lambda_4",24.2938160817559,0.0708177095044711
"Bulk edge: lambda_4",24.3080440284365,0.069548423512506
"Bulk edge: lambda_4",24.3222719751171,0.0683071597880769
"Bulk edge: lambda_4",24.3364999217977,0.0670888957578168
"Bulk edge: lambda_4",24.3507278684783,0.0658917438743535
"Bulk edge: lambda_4",24.364955815159,0.064714567312956
"Bulk edge: lambda_4",24.3791837618396,0.0635596037257842
"Bulk edge: lambda_4",24.3934117085202,0.0624190290272762
"Bulk edge: lambda_4",24.4076396552008,0.0612916574338436
"Bulk edge: lambda_4",24.4218676018814,0.0601763928437572
"Bulk edge: lambda_4",24.436095548562,0.0590740799952498
"Bulk edge: lambda_4",24.4503234952426,0.0579834166839827
"Bulk edge: lambda_4",24.4645514419232,0.0569019170143466
"Bulk edge: lambda_4",24.4787793886038,0.055829280898219
"Bulk edge: lambda_4",24.4930073352844,0.0547652935221366
"Bulk edge: lambda_4",24.5072352819651,0.0537128395432896
"Bulk edge: lambda_4",24.5214632286457,0.052669695025859
"Bulk edge: lambda_4",24.5356911753263,0.051635832573456
"Bulk edge: lambda_4",24.5499191220069,0.0506116659573378
"Bulk edge: lambda_4",24.5641470686875,0.0495988291295361
"Bulk edge: lambda_4",24.5783750153681,0.048600396539646
"Bulk edge: lambda_4",24.5926029620487,0.0476142265179371
"Bulk edge: lambda_4",24.6068309087293,0.0466410541315382
"Bulk edge: lambda_4",24.6210588554099,0.0456816269251183
"Bulk edge: lambda_4",24.6352868020906,0.0447407383349948
"Bulk edge: lambda_4",24.6495147487712,0.0438179870618917
"Bulk edge: lambda_4",24.6637426954518,0.0429121177247898
"Bulk edge: lambda_4",24.6779706421324,0.0420237900724345
"Bulk edge: lambda_4",24.692198588813,0.0411539518700815
"Bulk edge: lambda_4",24.7064265354936,0.0403101379746782
"Bulk edge: lambda_4",24.7206544821742,0.0394860289256445
"Bulk edge: lambda_4",24.7348824288548,0.0386819027042131
"Bulk edge: lambda_4",24.7491103755354,0.0378979807903396
"Bulk edge: lambda_4",24.763338322216,0.0371377734475862
"Bulk edge: lambda_4",24.7775662688967,0.0364023050343254
"Bulk edge: lambda_4",24.7917942155773,0.0356868868001771
"Bulk edge: lambda_4",24.8060221622579,0.0349912111856897
"Bulk edge: lambda_4",24.8202501089385,0.0343149114843644
"Bulk edge: lambda_4",24.8344780556191,0.0336630567066738
"Bulk edge: lambda_4",24.8487060022997,0.0330300155371838
"Bulk edge: lambda_4",24.8629339489803,0.0324137027348129
"Bulk edge: lambda_4",24.8771618956609,0.0318132963973544
"Bulk edge: lambda_4",24.8913898423415,0.0312289730535998
"Bulk edge: lambda_4",24.9056177890221,0.0306620645828621
"Bulk edge: lambda_4",24.9198457357028,0.0301069529183684
"Bulk edge: lambda_4",24.9340736823834,0.0295625554109326
"Bulk edge: lambda_4",24.948301629064,0.0290277759328652
"Bulk edge: lambda_4",24.9625295757446,0.028502917909588
"Bulk edge: lambda_4",24.9767575224252,0.0279853103792446
"Bulk edge: lambda_4",24.9909854691058,0.0274725782057817
"Bulk edge: lambda_4",25.0052134157864,0.0269636295758023
"Bulk edge: lambda_4",25.019441362467,0.0264573850255791
"Bulk edge: lambda_4",25.0336693091476,0.025952581751773
"Bulk edge: lambda_4",25.0478972558282,0.0254472602408167
"Bulk edge: lambda_4",25.0621252025089,0.024940528656345
"Bulk edge: lambda_4",25.0763531491895,0.0244315397383436
"Bulk edge: lambda_4",25.0905810958701,0.0239188734773031
"Bulk edge: lambda_4",25.1048090425507,0.0234008157555707
"Bulk edge: lambda_4",25.1190369892313,0.0228776250006646
"Bulk edge: lambda_4",25.1332649359119,0.022348825249335
"Bulk edge: lambda_4",25.1474928825925,0.0218139881665413
"Bulk edge: lambda_4",25.1617208292731,0.021270774165383
"Bulk edge: lambda_4",25.1759487759537,0.0207201087219898
"Bulk edge: lambda_4",25.1901767226344,0.0201625819712304
"Bulk edge: lambda_4",25.204404669315,0.019598218843541
"Bulk edge: lambda_4",25.2186326159956,0.0190267580493973
"Bulk edge: lambda_4",25.2328605626762,0.0184468228699308
"Bulk edge: lambda_4",25.2470885093568,0.0178610651577522
"Bulk edge: lambda_4",25.2613164560374,0.017269961544489
"Bulk edge: lambda_4",25.275544402718,0.0166740351824787
"Bulk edge: lambda_4",25.2897723493986,0.0160732846361738
"Bulk edge: lambda_4",25.3040002960792,0.0154691655736355
"Bulk edge: lambda_4",25.3182282427598,0.0148632536860884
"Bulk edge: lambda_4",25.3324561894405,0.0142564237117067
"Bulk edge: lambda_4",25.3466841361211,0.013649581598569
"Bulk edge: lambda_4",25.3609120828017,0.0130447735761434
"Bulk edge: lambda_4",25.3751400294823,0.0124432325612521
"Bulk edge: lambda_4",25.3893679761629,0.0118459622736334
"Bulk edge: lambda_4",25.4035959228435,0.0112540200940119
"Bulk edge: lambda_4",25.4178238695241,0.0106694233308581
"Bulk edge: lambda_4",25.4320518162047,0.0100953499840628
"Bulk edge: lambda_4",25.4462797628853,0.00953104820741337
"Bulk edge: lambda_4",25.4605077095659,0.00897750573104057
"Bulk edge: lambda_4",25.4747356562466,0.00843568862531161
"Bulk edge: lambda_4",25.4889636029272,0.00791032177367494
"Bulk edge: lambda_4",25.5031915496078,0.00740105225957313
"Bulk edge: lambda_4",25.5174194962884,0.00690703445564938
"Bulk edge: lambda_4",25.531647442969,0.00642894203897888
"Bulk edge: lambda_4",25.5458753896496,0.00596789857973467
"Bulk edge: lambda_4",25.5601033363302,0.00553043993291124
"Bulk edge: lambda_4",25.5743312830108,0.00511100810785012
"Bulk edge: lambda_4",25.5885592296914,0.00470987544959422
"Bulk edge: lambda_4",25.602787176372,0.00432726730305476
"Bulk edge: lambda_4",25.6170151230527,0.00396666477872923
"Bulk edge: lambda_4",25.6312430697333,0.00362867741295471
"Bulk edge: lambda_4",25.6454710164139,0.0033093125250627
"Bulk edge: lambda_4",25.6596989630945,0.00300840204429249
"Bulk edge: lambda_4",25.6739269097751,0.00272573833865074
"Bulk edge: lambda_4",25.6881548564557,0.00246664308082101
"Bulk edge: lambda_4",25.7023828031363,0.00222573100488661
"Bulk edge: lambda_4",25.7166107498169,0.00200150319645018
"Bulk edge: lambda_4",25.7308386964975,0.00179347801412007
"Bulk edge: lambda_4",25.7450666431781,0.00160246868533615
"Bulk edge: lambda_4",25.7592945898588,0.0014304768384685
"Bulk edge: lambda_4",25.7735225365394,0.00127231820814717
"Bulk edge: lambda_4",25.78775048322,0.00112738126445936
"Bulk edge: lambda_4",25.8019784299006,0.000995049141192771
"Bulk edge: lambda_4",25.8162063765812,0.000877248943059966
"Bulk edge: lambda_4",25.8304343232618,0.000771734110518872
"Bulk edge: lambda_4",25.8446622699424,0.000676193020281618
"Bulk edge: lambda_4",25.858890216623,0.000590024018795656
"Bulk edge: lambda_4",25.8731181633036,0.000512657401228344
"Bulk edge: lambda_4",25.8873461099843,0.000446122251137132
"Bulk edge: lambda_4",25.9015740566649,0.000386567813102895
"Bulk edge: lambda_4",25.9158020033455,0.000333488707399899
"Bulk edge: lambda_4",25.9300299500261,0.000286393546805286
"Bulk edge: lambda_4",25.9442578967067,0.000245516192728377
"Bulk edge: lambda_4",25.9584858433873,0.000210431859878352
"Bulk edge: lambda_4",25.9727137900679,0.000179514221934726
"Bulk edge: lambda_4",25.9869417367485,0.000152401376735609
"Bulk edge: lambda_4",26.0011696834291,0.000128745943085137
"Bulk edge: lambda_4",26.0153976301097,0.000108975274470407
"Bulk edge: lambda_4",26.0296255767904,9.1953842858459e-05
"Spike 1",84.959998829672,4.0271754287194e-06
"Spike 1",85.0933878614878,4.78610526122073e-06
"Spike 1",85.2267768933036,5.66024215380986e-06
"Spike 1",85.3601659251193,6.66191628250425e-06
"Spike 1",85.4935549569351,7.80403687025053e-06
"Spike 1",85.6269439887509,9.16993353294015e-06
"Spike 1",85.7603330205666,1.07305320077282e-05
"Spike 1",85.8937220523824,1.25005554286879e-05
"Spike 1",86.0271110841982,1.44990671949943e-05
"Spike 1",86.160500116014,1.67877383628554e-05
"Spike 1",86.2938891478297,1.94373010605227e-05
"Spike 1",86.4272781796455,2.24109923355085e-05
"Spike 1",86.5606672114613,2.57347583710243e-05
"Spike 1",86.6940562432771,2.94352924700467e-05
"Spike 1",86.8274452750928,3.36860825562194e-05
"Spike 1",86.9608343069086,3.84429081332426e-05
"Spike 1",87.0942233387244,4.37055969511133e-05
"Spike 1",87.2276123705401,4.95072409740051e-05
"Spike 1",87.3610014023559,5.59379806972304e-05
"Spike 1",87.4943904341717,6.31954050426085e-05
"Spike 1",87.6277794659875,7.11434343352807e-05
"Spike 1",87.7611684978032,7.98196614706878e-05
"Spike 1",87.894557529619,8.92619861121155e-05
"Spike 1",88.0279465614348,9.97344176452748e-05
"Spike 1",88.1613355932506,0.000111209255139803
"Spike 1",88.2947246250663,0.000123615890147632
"Spike 1",88.4281136568821,0.000136993195732979
"Spike 1",88.5615026886979,0.000151415380148802
"Spike 1",88.6948917205137,0.000167293978838297
"Spike 1",88.8282807523294,0.00018430592973484
"Spike 1",88.9616697841452,0.000202487617690043
"Spike 1",89.095058815961,0.000221874956315152
"Spike 1",89.2284478477767,0.000242764152572454
"Spike 1",89.3618368795925,0.000265207657187279
"Spike 1",89.4952259114083,0.000288999727815911
"Spike 1",89.6286149432241,0.000314171063779064
"Spike 1",89.7620039750398,0.000340751746835013
"Spike 1",89.8953930068556,0.000369319820327088
"Spike 1",90.0287820386714,0.000399420871191716
"Spike 1",90.1621710704871,0.000431047103884692
"Spike 1",90.2955601023029,0.000464223480069165
"Spike 1",90.4289491341187,0.000499207091589431
"Spike 1",90.5623381659345,0.000536205809809311
"Spike 1",90.6957271977502,0.000574855156937488
"Spike 1",90.829116229566,0.000615178165930766
"Spike 1",90.9625052613818,0.000657197962746989
"Spike 1",91.0958942931975,0.000701487786523777
"Spike 1",91.2292833250133,0.00074769010959955
"Spike 1",91.3626723568291,0.000795695866133707
"Spike 1",91.4960613886449,0.000845533130660577
"Spike 1",91.6294504204606,0.000897399637009225
"Spike 1",91.7628394522764,0.000951762096612375
"Spike 1",91.8962284840922,0.00100809816293599
"Spike 1",92.029617515908,0.00106644874381661
"Spike 1",92.1630065477237,0.00112685664606914
"Spike 1",92.2963955795395,0.00118992921272995
"Spike 1",92.4297846113553,0.00125550992043833
"Spike 1",92.5631736431711,0.00132337490937192
"Spike 1",92.6965626749868,0.00139358833364006
"Spike 1",92.8299517068026,0.00146629884879728
"Spike 1",92.9633407386184,0.00154245699538341
"Spike 1",93.0967297704341,0.00162128701731965
"Spike 1",93.2301188022499,0.00170287871036518
"Spike 1",93.3635078340657,0.00178732464540574
"Spike 1",93.4968968658815,0.00187534756221685
"Spike 1",93.6302858976972,0.00196712603390288
"Spike 1",93.763674929513,0.00206220661909113
"Spike 1",93.8970639613288,0.00216070487162183
"Spike 1",94.0304529931446,0.00226273840533317
"Spike 1",94.1638420249603,0.00236986515710351
"Spike 1",94.2972310567761,0.0024810203261822
"Spike 1",94.4306200885919,0.00259624361916042
"Spike 1",94.5640091204076,0.0027156625112376
"Spike 1",94.6973981522234,0.0028400569983119
"Spike 1",94.8307871840392,0.00297013128711607
"Spike 1",94.964176215855,0.00310493608023667
"Spike 1",95.0975652476707,0.00324458933472083
"Spike 1",95.2309542794865,0.00338920669875051
"Spike 1",95.3643433113023,0.00354053993749496
"Spike 1",95.497732343118,0.00369758374418445
"Spike 1",95.6311213749338,0.00386001817206888
"Spike 1",95.7645104067496,0.00402792497911702
"Spike 1",95.8978994385654,0.00420187515370179
"Spike 1",96.0312884703811,0.00438318996911741
"Spike 1",96.1646775021969,0.00457023147152672
"Spike 1",96.2980665340127,0.00476303201378188
"Spike 1",96.4314555658285,0.00496161817800818
"Spike 1",96.5648445976442,0.00516748353418793
"Spike 1",96.69823362946,0.00537993577064821
"Spike 1",96.8316226612758,0.00559817107151273
"Spike 1",96.9650116930915,0.00582216483767157
"Spike 1",97.0984007249073,0.00605206555568228
"Spike 1",97.2317897567231,0.00628964434048119
"Spike 1",97.3651787885389,0.00653279554897401
"Spike 1",97.4985678203546,0.00678145812955477
"Spike 1",97.6319568521704,0.00703556874812482
"Spike 1",97.7653458839862,0.00729609944007369
"Spike 1",97.898734915802,0.00756287328689058
"Spike 1",98.0321239476177,0.00783479578549825
"Spike 1",98.1655129794335,0.0081117962145204
"Spike 1",98.2989020112493,0.00839380450785805
"Spike 1",98.432291043065,0.00868250190513906
"Spike 1",98.5656800748808,0.0089761187023084
"Spike 1",98.6990691066966,0.00927448338271329
"Spike 1",98.8324581385124,0.00957754657621326
"Spike 1",98.9658471703281,0.00988591473315524
"Spike 1",99.0992362021439,0.0102000016802151
"Spike 1",99.2326252339597,0.0105186416826644
"Spike 1",99.3660142657754,0.0108418173924774
"Spike 1",99.4994032975912,0.0111695148187703
"Spike 1",99.632792329407,0.0115031177384307
"Spike 1",99.7661813612228,0.0118415951639305
"Spike 1",99.8995703930385,0.0121845930444705
"Spike 1",100.032959424854,0.0125321191603384
"Spike 1",100.16634845667,0.0128845769564778
"Spike 1",100.299737488486,0.0132429666770118
"Spike 1",100.433126520302,0.0136059222527151
"Spike 1",100.566515552117,0.0139734462763801
"Spike 1",100.699904583933,0.01434553865842
"Spike 1",100.833293615749,0.0147233436015724
"Spike 1",100.966682647565,0.0151062923500411
"Spike 1",101.10007167938,0.0154937303171571
"Spike 1",101.233460711196,0.0158856152988313
"Spike 1",101.366849743012,0.0162820310400996
"Spike 1",101.500238774828,0.0166842660600313
"Spike 1",101.633627806644,0.0170906475440938
"Spike 1",101.767016838459,0.0175010687156658
"Spike 1",101.900405870275,0.0179154153521765
"Spike 1",102.033794902091,0.0183342588645736
"Spike 1",102.167183933907,0.0187572888751138
"Spike 1",102.300572965722,0.0191836139824815
"Spike 1",102.433961997538,0.0196130568647882
"Spike 1",102.567351029354,0.0200454344111791
"Spike 1",102.70074006117,0.0204813878059868
"Spike 1",102.834129092986,0.0209196823401776
"Spike 1",102.967518124801,0.0213600390372169
"Spike 1",103.100907156617,0.0218022434544065
"Spike 1",103.234296188433,0.0222462531113917
"Spike 1",103.367685220249,0.0226917952969038
"Spike 1",103.501074252064,0.023138269497384
"Spike 1",103.63446328388,0.0235854703002704
"Spike 1",103.767852315696,0.0240331953962463
"Spike 1",103.901241347512,0.0244812257524346
"Spike 1",104.034630379327,0.024929187847217
"Spike 1",104.168019411143,0.0253768966591904
"Spike 1",104.301408442959,0.0258241908821324
"Spike 1",104.434797474775,0.0262708435465295
"Spike 1",104.568186506591,0.0267164231583012
"Spike 1",104.701575538406,0.027160981993438
"Spike 1",104.834964570222,0.027604394301215
"Spike 1",104.968353602038,0.0280465359955341
"Spike 1",105.101742633854,0.028486870941387
"Spike 1",105.235131665669,0.0289253359986854
"Spike 1",105.368520697485,0.0293619947337309
"Spike 1",105.501909729301,0.0297967073576647
"Spike 1",105.635298761117,0.0302292580973029
"Spike 1",105.768687792933,0.0306585883684172
"Spike 1",105.902076824748,0.0310852434286127
"Spike 1",106.035465856564,0.0315090004000549
"Spike 1",106.16885488838,0.031929623121033
"Spike 1",106.302243920196,0.0323460815839956
"Spike 1",106.435632952011,0.0327578003106987
"Spike 1",106.569021983827,0.0331650882285159
"Spike 1",106.702411015643,0.0335675687213136
"Spike 1",106.835800047459,0.0339648490001131
"Spike 1",106.969189079274,0.03435409610619
"Spike 1",107.10257811109,0.0347365005512477
"Spike 1",107.235967142906,0.0351117006843978
"Spike 1",107.369356174722,0.0354791729997264
"Spike 1",107.502745206538,0.0358370697591769
"Spike 1",107.636134238353,0.0361833446165689
"Spike 1",107.769523270169,0.0365195029537865
"Spike 1",107.902912301985,0.0368449737864284
"Spike 1",108.036301333801,0.0371591883298236
"Spike 1",108.169690365616,0.037457593042418
"Spike 1",108.303079397432,0.0377419843396032
"Spike 1",108.436468429248,0.0380128656785049
"Spike 1",108.569857461064,0.0382697773864079
"Spike 1",108.70324649288,0.0385109970097653
"Spike 1",108.836635524695,0.0387325867719125
"Spike 1",108.970024556511,0.0389386965589298
"Spike 1",109.103413588327,0.0391291217043155
"Spike 1",109.236802620143,0.0393036925965987
"Spike 1",109.370191651958,0.0394582567242602
"Spike 1",109.503580683774,0.0395946688216377
"Spike 1",109.63696971559,0.0397152711684395
"Spike 1",109.770358747406,0.0398202536399032
"Spike 1",109.903747779221,0.0399094125611746
"Spike 1",110.037136811037,0.0399784423314386
"Spike 1",110.170525842853,0.0400333850939037
"Spike 1",110.303914874669,0.0400747886316215
"Spike 1",110.437303906485,0.0401032341836809
"Spike 1",110.5706929383,0.0401171995703175
"Spike 1",110.704081970116,0.0401181309598408
"Spike 1",110.837471001932,0.0401091751341127
"Spike 1",110.970860033748,0.0400911563943806
"Spike 1",111.104249065563,0.0400649171367732
"Spike 1",111.237638097379,0.0400293806441761
"Spike 1",111.371027129195,0.0399883441975674
"Spike 1",111.504416161011,0.0399428862434069
"Spike 1",111.637805192827,0.0398938988295196
"Spike 1",111.771194224642,0.0398421254734694
"Spike 1",111.904583256458,0.0397890423299208
"Spike 1",112.037972288274,0.0397360439508654
"Spike 1",112.17136132009,0.0396838889784056
"Spike 1",112.304750351905,0.0396333120640053
"Spike 1",112.438139383721,0.0395861126880678
"Spike 1",112.571528415537,0.0395427457912031
"Spike 1",112.704917447353,0.039503475029165
"Spike 1",112.838306479168,0.0394687376970475
"Spike 1",112.971695510984,0.0394393916697685
"Spike 1",113.1050845428,0.0394171192564294
"Spike 1",113.238473574616,0.0394005110314723
"Spike 1",113.371862606432,0.0393896279098483
"Spike 1",113.505251638247,0.0393844883359382
"Spike 1",113.638640670063,0.0393864061823308
"Spike 1",113.772029701879,0.0393943946818727
"Spike 1",113.905418733695,0.0394073501326029
"Spike 1",114.03880776551,0.0394249090903232
"Spike 1",114.172196797326,0.0394467643764721
"Spike 1",114.305585829142,0.0394731695246805
"Spike 1",114.438974860958,0.0395019641445148
"Spike 1",114.572363892774,0.0395324682134831
"Spike 1",114.705752924589,0.0395639751849507
"Spike 1",114.839141956405,0.0395954897428037
"Spike 1",114.972530988221,0.0396254218769651
"Spike 1",115.105920020037,0.0396528975649873
"Spike 1",115.239309051852,0.039677038182529
"Spike 1",115.372698083668,0.0396969551577231
"Spike 1",115.506087115484,0.0397091677253926
"Spike 1",115.6394761473,0.0397140610923955
"Spike 1",115.772865179115,0.0397109144785648
"Spike 1",115.906254210931,0.0396988686390671
"Spike 1",116.039643242747,0.0396755135022617
"Spike 1",116.173032274563,0.0396381648764843
"Spike 1",116.306421306379,0.0395886252536204
"Spike 1",116.439810338194,0.0395262608849663
"Spike 1",116.57319937001,0.0394504731660562
"Spike 1",116.706588401826,0.0393561619891083
"Spike 1",116.839977433642,0.03924580418223
"Spike 1",116.973366465457,0.0391203365676445
"Spike 1",117.106755497273,0.0389795717643698
"Spike 1",117.240144529089,0.0388220853881414
"Spike 1",117.373533560905,0.0386445163329408
"Spike 1",117.506922592721,0.0384518224882235
"Spike 1",117.640311624536,0.0382443047960735
"Spike 1",117.773700656352,0.0380223164470899
"Spike 1",117.907089688168,0.0377830528332717
"Spike 1",118.040478719984,0.0375291669462939
"Spike 1",118.173867751799,0.0372633220360053
"Spike 1",118.307256783615,0.0369863010592848
"Spike 1",118.440645815431,0.0366986813351462
"Spike 1",118.574034847247,0.0363990705778895
"Spike 1",118.707423879062,0.0360922191317704
"Spike 1",118.840812910878,0.0357791595450686
"Spike 1",118.974201942694,0.0354609342330489
"Spike 1",119.10759097451,0.0351382059861782
"Spike 1",119.240980006326,0.0348130440842442
"Spike 1",119.374369038141,0.0344872080992839
"Spike 1",119.507758069957,0.0341616996374474
"Spike 1",119.641147101773,0.0338375018133169
"Spike 1",119.774536133589,0.0335170707682636
"Spike 1",119.907925165404,0.0332008730826989
"Spike 1",120.04131419722,0.032889544222572
"Spike 1",120.174703229036,0.0325837516494701
"Spike 1",120.308092260852,0.0322850945594858
"Spike 1",120.441481292668,0.0319952169359159
"Spike 1",120.574870324483,0.0317128156973695
"Spike 1",120.708259356299,0.0314381023667589
"Spike 1",120.841648388115,0.0311712366416179
"Spike 1",120.975037419931,0.0309146867993328
"Spike 1",121.108426451746,0.030666525452988
"Spike 1",121.241815483562,0.030425846789413
"Spike 1",121.375204515378,0.0301923654758521
"Spike 1",121.508593547194,0.029966256116731
"Spike 1",121.641982579009,0.0297480872506909
"Spike 1",121.775371610825,0.0295352052849273
"Spike 1",121.908760642641,0.0293270246357551
"Spike 1",122.042149674457,0.0291229402024922
"Spike 1",122.175538706273,0.0289228460922078
"Spike 1",122.308927738088,0.028725145667337
"Spike 1",122.442316769904,0.0285287162045957
"Spike 1",122.57570580172,0.0283328878931639
"Spike 1",122.709094833536,0.0281369628877782
"Spike 1",122.842483865351,0.0279394850848618
"Spike 1",122.975872897167,0.0277399136159384
"Spike 1",123.109261928983,0.0275376995079452
"Spike 1",123.242650960799,0.0273323156820085
"Spike 1",123.376039992614,0.0271223851738569
"Spike 1",123.50942902443,0.0269070854875991
"Spike 1",123.642818056246,0.0266868359894045
"Spike 1",123.776207088062,0.0264613392297832
"Spike 1",123.909596119878,0.0262303238889197
"Spike 1",124.042985151693,0.0259913606943146
"Spike 1",124.176374183509,0.0257461566683008
"Spike 1",124.309763215325,0.0254948064602951
"Spike 1",124.443152247141,0.0252372573688469
"Spike 1",124.576541278956,0.0249726261920014
"Spike 1",124.709930310772,0.0247002666231903
"Spike 1",124.843319342588,0.0244218245664325
"Spike 1",124.976708374404,0.0241373930545041
"Spike 1",125.11009740622,0.023847075935349
"Spike 1",125.243486438035,0.0235493265767525
"Spike 1",125.376875469851,0.0232456551810412
"Spike 1",125.510264501667,0.0229367016805494
"Spike 1",125.643653533483,0.0226226279602432
"Spike 1",125.777042565298,0.0223032173361835
"Spike 1",125.910431597114,0.0219777303275093
"Spike 1",126.04382062893,0.0216478568502296
"Spike 1",126.177209660746,0.021313775267734
"Spike 1",126.310598692561,0.0209756651627696
"Spike 1",126.443987724377,0.0206328447767106
"Spike 1",126.577376756193,0.020286072845086
"Spike 1",126.710765788009,0.0199360733939011
"Spike 1",126.844154819825,0.0195830458710708
"Spike 1",126.97754385164,0.0192271278767012
"Spike 1",127.110932883456,0.018867853054198
"Spike 1",127.244321915272,0.0185064805916397
"Spike 1",127.377710947088,0.0181432567297373
"Spike 1",127.511099978903,0.0177784345506938
"Spike 1",127.644489010719,0.0174121231835419
"Spike 1",127.777878042535,0.0170448794229534
"Spike 1",127.911267074351,0.0166772618579385
"Spike 1",128.044656106167,0.016309592012208
"Spike 1",128.178045137982,0.0159421988826867
"Spike 1",128.311434169798,0.0155759325187172
"Spike 1",128.444823201614,0.015211134138315
"Spike 1",128.57821223343,0.0148481597490556
"Spike 1",128.711601265245,0.0144873934091067
"Spike 1",128.844990297061,0.014129681756278
"Spike 1",128.978379328877,0.0137761445728338
"Spike 1",129.111768360693,0.013426504363849
"Spike 1",129.245157392509,0.0130811556527339
"Spike 1",129.378546424324,0.0127404905461956
"Spike 1",129.51193545614,0.0124066797465293
"Spike 1",129.645324487956,0.0120792248658148
"Spike 1",129.778713519772,0.0117580196721031
"Spike 1",129.912102551587,0.0114433940063158
"Spike 1",130.045491583403,0.0111362706624666
"Spike 1",130.178880615219,0.0108388185982882
"Spike 1",130.312269647035,0.0105491269853194
"Spike 1",130.44565867885,0.0102673988717704
"Spike 1",130.579047710666,0.00999382022219975
"Spike 1",130.712436742482,0.00973067302621787
"Spike 1",130.845825774298,0.00947724283176848
"Spike 1",130.979214806114,0.00923238337728736
"Spike 1",131.112603837929,0.00899610543156974
"Spike 1",131.245992869745,0.00876861729062132
"Spike 1",131.379381901561,0.00855266287686264
"Spike 1",131.512770933377,0.00834497865225382
"Spike 1",131.646159965192,0.00814539601461304
"Spike 1",131.779548997008,0.00795372901931407
"Spike 1",131.912938028824,0.00777115778522415
"Spike 1",132.04632706064,0.00759720580594985
"Spike 1",132.179716092455,0.00743006487705247
"Spike 1",132.313105124271,0.00726941822660089
"Spike 1",132.446494156087,0.00711493878415836
"Spike 1",132.579883187903,0.00696808968037883
"Spike 1",132.713272219719,0.00682641663263885
"Spike 1",132.846661251534,0.0066893852071455
"Spike 1",132.98005028335,0.00655663170110715
"Spike 1",133.113439315166,0.00642823779625462
"Spike 1",133.246828346982,0.00630393397162411
"Spike 1",133.380217378797,0.00618243333497851
"Spike 1",133.513606410613,0.0060634303789071
"Spike 1",133.646995442429,0.00594663078701679
"Spike 1",133.780384474245,0.00583218670032006
"Spike 1",133.913773506061,0.00571930624640758
"Spike 1",134.047162537876,0.00560765928512288
"Spike 1",134.180551569692,0.00549708773691642
"Spike 1",134.313940601508,0.00538751275835912
"Spike 1",134.447329633324,0.00527895328332651
"Spike 1",134.580718665139,0.00517110410326256
"Spike 1",134.714107696955,0.00506395828430169
"Spike 1",134.847496728771,0.00495752343313338
"Spike 1",134.980885760587,0.0048520404955012
"Spike 1",135.114274792402,0.00474756011872825
"Spike 1",135.247663824218,0.00464407749406483
"Spike 1",135.381052856034,0.00454170132354121
"Spike 1",135.51444188785,0.0044405836696905
"Spike 1",135.647830919666,0.00434142765837925
"Spike 1",135.781219951481,0.004243921926736
"Spike 1",135.914608983297,0.00414819622028385
"Spike 1",136.047998015113,0.00405437683025555
"Spike 1",136.181387046929,0.00396301559988403
"Spike 1",136.314776078744,0.00387432590354492
"Spike 1",136.44816511056,0.0037879747060712
"Spike 1",136.581554142376,0.00370402540546934
"Spike 1",136.714943174192,0.00362253190334991
"Spike 1",136.848332206008,0.00354443154170563
"Spike 1",136.981721237823,0.00346890195068642
"Spike 1",137.115110269639,0.00339583245054046
"Spike 1",137.248499301455,0.00332517911878255
"Spike 1",137.381888333271,0.00325718618157425
"Spike 1",137.515277365086,0.00319195250697894
"Spike 1",137.648666396902,0.00312876875355318
"Spike 1",137.782055428718,0.00306751399729665
"Spike 1",137.915444460534,0.00300806177158487
"Spike 1",138.048833492349,0.00295069056475282
"Spike 1",138.182222524165,0.00289480026113894
"Spike 1",138.315611555981,0.00284010752349795
"Spike 1",138.449000587797,0.00278646949349146
"Spike 1",138.582389619613,0.00273379848672189
"Spike 1",138.715778651428,0.00268201662953099
"Spike 1",138.849167683244,0.00263073505193806
"Spike 1",138.98255671506,0.00257984918325907
"Spike 1",139.115945746876,0.00252926107426274
"Spike 1",139.249334778691,0.00247889846321876
"Spike 1",139.382723810507,0.00242862569281392
"Spike 1",139.516112842323,0.00237838100580013
"Spike 1",139.649501874139,0.00232813605717506
"Spike 1",139.782890905955,0.00227786978104238
"Spike 1",139.91627993777,0.00222757594224527
"Spike 1",140.049668969586,0.00217729178121173
"Spike 1",140.183058001402,0.00212705127575888
"Spike 1",140.316447033218,0.00207689324853395
"Spike 1",140.449836065033,0.002026907833706
"Spike 1",140.583225096849,0.00197720866146233
"Spike 1",140.716614128665,0.00192783305489251
"Spike 1",140.850003160481,0.00187884714025945
"Spike 1",140.983392192296,0.00183031804577815
"Spike 1",141.116781224112,0.00178255353473017
"Spike 1",141.250170255928,0.00173547875121483
"Spike 1",141.383559287744,0.00168913480442548
"Spike 1",141.51694831956,0.00164357778806445
"Spike 1",141.650337351375,0.00159898579028409
"Spike 1",141.783726383191,0.00155554794426361
"Spike 1",141.917115415007,0.00151307742166144
"Spike 1",142.050504446823,0.00147159914257762
"Spike 1",142.183893478638,0.00143113420618965
"Spike 1",142.317282510454,0.00139201162767431
"Spike 1",142.45067154227,0.00135401351679878
"Spike 1",142.584060574086,0.00131704065358356
"Spike 1",142.717449605902,0.00128108077817784
"Spike 1",142.850838637717,0.00124619402117789
"Spike 1",142.984227669533,0.00121255763727981
"Spike 1",143.117616701349,0.00117983018058825
"Spike 1",143.251005733165,0.00114797685423097
"Spike 1",143.38439476498,0.00111696135678634
"Spike 1",143.517783796796,0.00108692133720043
"Spike 1",143.651172828612,0.00105769872962075
"Spike 1",143.784561860428,0.00102913866099826
"Spike 1",143.917950892243,0.00100119848598079
"Spike 1",144.051339924059,0.000973847443794883
"Spike 1",144.184728955875,0.000947189083352834
"Spike 1",144.318117987691,0.000920974307882093
"Spike 1",144.451507019507,0.000895165652217162
"Spike 1",144.584896051322,0.000869726768685379
"Spike 1",144.718285083138,0.000844674532948106
"Spike 1",144.851674114954,0.000819951722527435
"Spike 1",144.98506314677,0.000795468433448589
"Spike 1",145.118452178585,0.000771200985130724
"Spike 1",145.251841210401,0.000747127259720651
"Spike 1",145.385230242217,0.000723277899562654
"Spike 1",145.518619274033,0.000699576743373062
"Spike 1",145.652008305849,0.000676009976649277
"Spike 1",145.785397337664,0.000652570773883182
"Spike 1",145.91878636948,0.000629270511389362
"Spike 1",146.052175401296,0.00060612452889419
"Spike 1",146.185564433112,0.000583108022383994
"Spike 1",146.318953464927,0.000560228735979368
"Spike 1",146.452342496743,0.000537495840911401
"Spike 1",146.585731528559,0.000514977393328136
"Spike 1",146.719120560375,0.000492666301124786
"Spike 1",146.85250959219,0.000470567127653166
"Spike 1",146.985898624006,0.000448699749195527
"Spike 1",147.119287655822,0.000427108019224803
"Spike 1",147.252676687638,0.000405900340882388
"Spike 1",147.386065719454,0.000385022286752344
"Spike 1",147.519454751269,0.000364498661301567
"Spike 1",147.652843783085,0.000344354365057962
"Spike 1",147.786232814901,0.000324725869371248
"Spike 1",147.919621846717,0.000305616765094565
"Spike 1",148.053010878532,0.00028699041056713
"Spike 1",148.186399910348,0.000268868949660423
"Spike 1",148.319788942164,0.000251286652130135
"Spike 1",148.45317797398,0.000234467400310635
"Spike 1",148.586567005796,0.00021823317961542
"Spike 1",148.719956037611,0.000202597621898108
"Spike 1",148.853345069427,0.000187573172607112
"Spike 1",148.986734101243,0.000173291481530943
"Spike 1",149.120123133059,0.00015977217503089
"Spike 1",149.253512164874,0.000146892742810505
"Spike 1",149.38690119669,0.000134653988612725
"Spike 1",149.520290228506,0.000123055441347668
"Spike 1",149.653679260322,0.000112317002645447
"Spike 1",149.787068292137,0.000102222092974181
"Spike 1",149.920457323953,9.27397313021368e-05
"Spike 1",150.053846355769,8.38588855338077e-05
"Spike 1",150.187235387585,7.56425246624054e-05
"Spike 1",150.320624419401,6.81313461141258e-05
"Spike 1",150.454013451216,6.1158068425157e-05
"Spike 1",150.587402483032,5.47046403068147e-05
"Spike 1",150.720791514848,4.87525075722725e-05
"Spike 1",150.854180546664,4.34142645746746e-05
"Spike 1",150.987569578479,3.8553948003119e-05
"Spike 1",151.120958610295,3.41089501691064e-05
"Spike 1",151.254347642111,3.00585854377236e-05
"Spike 1",151.387736673927,2.64084112452346e-05
"Spike 1",151.521125705743,2.3201164048704e-05
"Spike 1",151.654514737558,2.03017396663049e-05
"Spike 1",151.787903769374,1.76909029267872e-05
"Spike 1",151.92129280119,1.53497393228305e-05
"Spike 1",152.054681833006,1.33124612273815e-05
"Spike 1",152.188070864821,1.15226354093424e-05
"Spike 1",152.321459896637,9.92934221482944e-06
"Spike 1",152.454848928453,8.51741061346145e-06
"Spike 1",152.588237960269,7.27530718248104e-06
"Spike 1",152.721626992084,6.23034854368066e-06
"Spike 1",152.8550160239,5.310237124556e-06
"Spike 1",152.988405055716,4.50405608317716e-06
"Spike 1",153.121794087532,3.80132738030785e-06
"Spike 2",62.5115371859292,5.17178583191825e-06
"Spike 2",62.6200106880481,6.18478995980379e-06
"Spike 2",62.7284841901671,7.35724929474511e-06
"Spike 2",62.836957692286,8.70689544132997e-06
"Spike 2",62.9454311944049,1.02932802694345e-05
"Spike 2",63.0539046965238,1.21603415620088e-05
"Spike 2",63.1623781986428,1.42947056319349e-05
"Spike 2",63.2708517007617,1.6722376153204e-05
"Spike 2",63.3793252028806,1.94704185294188e-05
"Spike 2",63.4877987049995,2.26748318781989e-05
"Spike 2",63.5962722071185,2.63314556010512e-05
"Spike 2",63.7047457092374,3.04378331132779e-05
"Spike 2",63.8132192113563,3.50286231563885e-05
"Spike 2",63.9216927134752,4.01392675750453e-05
"Spike 2",64.0301662155942,4.60299192053609e-05
"Spike 2",64.1386397177131,5.25642668721611e-05
"Spike 2",64.247113219832,5.97739019046722e-05
"Spike 2",64.3555867219509,6.76968312729622e-05
"Spike 2",64.4640602240699,7.64342890831555e-05
"Spike 2",64.5725337261888,8.62170305939569e-05
"Spike 2",64.6810072283077,9.68631945003681e-05
"Spike 2",64.7894807304266,0.000108404793621016
"Spike 2",64.8979542325456,0.00012087225527871
"Spike 2",65.0064277346645,0.000134460992206494
"Spike 2",65.1149012367834,0.000149241539425732
"Spike 2",65.2233747389023,0.00016504045301188
"Spike 2",65.3318482410213,0.000181869408842605
"Spike 2",65.4403217431402,0.000199736983761457
"Spike 2",65.5487952452591,0.000218913103256924
"Spike 2",65.657268747378,0.000239231284379909
"Spike 2",65.765742249497,0.000260563562826374
"Spike 2",65.8742157516159,0.000282889246061697
"Spike 2",65.9826892537348,0.000306183674733867
"Spike 2",66.0911627558537,0.000330711628789609
"Spike 2",66.1996362579727,0.00035610435420082
"Spike 2",66.3081097600916,0.00038229429760777
"Spike 2",66.4165832622105,0.000409226826646308
"Spike 2",66.5250567643294,0.000436885068519486
"Spike 2",66.6335302664484,0.000465285875474639
"Spike 2",66.7420037685673,0.000494159625521899
"Spike 2",66.8504772706862,0.000523433632540434
"Spike 2",66.9589507728052,0.000553034571440665
"Spike 2",67.0674242749241,0.000582907476948129
"Spike 2",67.175897777043,0.000612925049283105
"Spike 2",67.2843712791619,0.000642972393706456
"Spike 2",67.3928447812808,0.000672985594658107
"Spike 2",67.5013182833998,0.00070290396687216
"Spike 2",67.6097917855187,0.000732611113048365
"Spike 2",67.7182652876376,0.000762057359477418
"Spike 2",67.8267387897565,0.000791236607435508
"Spike 2",67.9352122918755,0.000820130981795805
"Spike 2",68.0436857939944,0.000848729620968528
"Spike 2",68.1521592961133,0.000876945490527277
"Spike 2",68.2606327982323,0.000904910448248857
"Spike 2",68.3691063003512,0.000932678538597018
"Spike 2",68.4775798024701,0.000960306049474382
"Spike 2",68.586053304589,0.00098786306818177
"Spike 2",68.694526806708,0.00101551453262966
"Spike 2",68.8030003088269,0.0010433986377697
"Spike 2",68.9114738109458,0.00107164166111705
"Spike 2",69.0199473130647,0.00110037764473653
"Spike 2",69.1284208151837,0.00112989215176466
"Spike 2",69.2368943173026,0.00116052786041502
"Spike 2",69.3453678194215,0.00119232279801733
"Spike 2",69.4538413215404,0.00122545892720073
"Spike 2",69.5623148236594,0.0012601219168006
"Spike 2",69.6707883257783,0.00129701283810743
"Spike 2",69.7792618278972,0.00133625079085254
"Spike 2",69.8877353300161,0.0013778168384091
"Spike 2",69.9962088321351,0.00142190367374594
"Spike 2",70.104682334254,0.00146870242178576
"Spike 2",70.2131558363729,0.00151949155446351
"Spike 2",70.3216293384918,0.00157364815445926
"Spike 2",70.4301028406108,0.00163124516520917
"Spike 2",70.5385763427297,0.00169243938171558
"Spike 2",70.6470498448486,0.00175761645103631
"Spike 2",70.7555233469675,0.00182797039339231
"Spike 2",70.8639968490865,0.00190246672203958
"Spike 2",70.9724703512054,0.0019812059782074
"Spike 2",71.0809438533243,0.00206428105026705
"Spike 2",71.1894173554432,0.00215244991557994
"Spike 2",71.2978908575622,0.00224612816710315
"Spike 2",71.4063643596811,0.00234440435839113
"Spike 2",71.5148378618,0.002447313065726
"Spike 2",71.6233113639189,0.00255488232745394
"Spike 2",71.7317848660379,0.00266824714372589
"Spike 2",71.8402583681568,0.00278688868482128
"Spike 2",71.9487318702757,0.00291020867776703
"Spike 2",72.0572053723946,0.00303819260005883
"Spike 2",72.1656788745136,0.0031708216827811
"Spike 2",72.2741523766325,0.00330955971103869
"Spike 2",72.3826258787514,0.00345301322735006
"Spike 2",72.4910993808703,0.00360097375753443
"Spike 2",72.5995728829893,0.00375339750548194
"Spike 2",72.7080463851082,0.00391046726844656
"Spike 2",72.8165198872271,0.00407321079286179
"Spike 2",72.924993389346,0.00424019942578787
"Spike 2",73.033466891465,0.00441137073675652
"Spike 2",73.1419403935839,0.00458665986932212
"Spike 2",73.2504138957028,0.00476655625098956
"Spike 2",73.3588873978217,0.00495123463050806
"Spike 2",73.4673608999407,0.0051397200629621
"Spike 2",73.5758344020596,0.00533192569348633
"Spike 2",73.6843079041785,0.00552776155373226
"Spike 2",73.7927814062975,0.00572790655359375
"Spike 2",73.9012549084164,0.00593182848455606
"Spike 2",74.0097284105353,0.00613895411542177
"Spike 2",74.1182019126542,0.00634916844774771
"Spike 2",74.2266754147732,0.00656235364123747
"Spike 2",74.3351489168921,0.00677921736570922
"Spike 2",74.443622419011,0.00699877639224075
"Spike 2",74.5520959211299,0.00722078214916921
"Spike 2",74.6605694232489,0.00744510467665958
"Spike 2",74.7690429253678,0.00767170612657971
"Spike 2",74.8775164274867,0.00790091084408803
"Spike 2",74.9859899296056,0.00813191167470213
"Spike 2",75.0944634317245,0.00836459604583027
"Spike 2",75.2029369338435,0.00859885668637112
"Spike 2",75.3114104359624,0.0088347714333449
"Spike 2",75.4198839380813,0.00907231444838908
"Spike 2",75.5283574402003,0.00931109971678327
"Spike 2",75.6368309423192,0.00955108320346067
"Spike 2",75.7453044444381,0.0097922314984479
"Spike 2",75.853777946557,0.0100347853368152
"Spike 2",75.962251448676,0.0102786723338594
"Spike 2",76.0707249507949,0.0105237861454959
"Spike 2",76.1791984529138,0.0107701921238379
"Spike 2",76.2876719550327,0.0110179688561637
"Spike 2",76.3961454571517,0.0112677571369017
"Spike 2",76.5046189592706,0.011519375520804
"Spike 2",76.6130924613895,0.011772915893996
"Spike 2",76.7215659635084,0.012028555204548
"Spike 2",76.8300394656274,0.0122865877342934
"Spike 2",76.9385129677463,0.0125480990569626
"Spike 2",77.0469864698652,0.0128125822674991
"Spike 2",77.1554599719841,0.0130802748209132
"Spike 2",77.2639334741031,0.0133514170496604
"Spike 2",77.372406976222,0.0136267881130884
"Spike 2",77.4808804783409,0.0139072492318067
"Spike 2",77.5893539804598,0.0141921634514901
"Spike 2",77.6978274825788,0.0144817609557335
"Spike 2",77.8063009846977,0.0147762662378662
"Spike 2",77.9147744868166,0.0150771016134767
"Spike 2",78.0232479889355,0.0153842263012577
"Spike 2",78.1317214910545,0.0156970576953615
"Spike 2",78.2401949931734,0.0160157515427101
"Spike 2",78.3486684952923,0.0163404534588104
"Spike 2",78.4571419974112,0.016673255174188
"Spike 2",78.5656154995302,0.0170127577633295
"Spike 2",78.6740890016491,0.0173587011918928
"Spike 2",78.782562503768,0.0177111594783379
"Spike 2",78.8910360058869,0.0180704281138131
"Spike 2",78.9995095080059,0.0184385637987937
"Spike 2",79.1079830101248,0.0188134502026013
"Spike 2",79.2164565122437,0.0191951403558553
"Spike 2",79.3249300143626,0.0195836904257917
"Spike 2",79.4334035164816,0.0199800293505396
"Spike 2",79.5418770186005,0.0203851089521723
"Spike 2",79.6503505207194,0.0207973692680234
"Spike 2",79.7588240228384,0.0212169227111956
"Spike 2",79.8672975249573,0.0216438918337448
"Spike 2",79.9757710270762,0.0220800820157697
"Spike 2",80.0842445291951,0.0225253183135436
"Spike 2",80.192718031314,0.0229786484263958
"Spike 2",80.301191533433,0.0234402693180644
"Spike 2",80.4096650355519,0.0239103839922362
"Spike 2",80.5181385376708,0.0243919596271483
"Spike 2",80.6266120397897,0.0248832232117532
"Spike 2",80.7350855419087,0.0253838267692618
"Spike 2",80.8435590440276,0.0258939469580618
"Spike 2",80.9520325461465,0.0264140248602248
"Spike 2",81.0605060482655,0.0269472805182481
"Spike 2",81.1689795503844,0.0274904917994216
"Spike 2",81.2774530525033,0.0280436402366355
"Spike 2",81.3859265546222,0.0286066681217948
"Spike 2",81.4944000567412,0.0291805818223233
"Spike 2",81.6028735588601,0.0297662022947075
"Spike 2",81.711347060979,0.0303607503522967
"Spike 2",81.8198205630979,0.0309637852574099
"Spike 2",81.9282940652169,0.0315748112861204
"Spike 2",82.0367675673358,0.0321945298925575
"Spike 2",82.1452410694547,0.0328212682481595
"Spike 2",82.2537145715736,0.0334530171632669
"Spike 2",82.3621880736926,0.034088847551737
"Spike 2",82.4706615758115,0.0347277811120215
"Spike 2",82.5791350779304,0.0353687014778436
"Spike 2",82.6876085800493,0.0360093141481633
"Spike 2",82.7960820821683,0.0366482802069081
"Spike 2",82.9045555842872,0.0372843472419395
"Spike 2",83.0130290864061,0.0379161065704037
"Spike 2",83.121502588525,0.0385394882492726
"Spike 2",83.229976090644,0.0391546482784735
"Spike 2",83.3384495927629,0.0397603325986842
"Spike 2",83.4469230948818,0.0403553119086913
"Spike 2",83.5553965970007,0.0409368412461385
"Spike 2",83.6638700991197,0.0415010328826587
"Spike 2",83.7723436012386,0.0420499784723584
"Spike 2",83.8808171033575,0.0425827797512268
"Spike 2",83.9892906054764,0.0430985965277078
"Spike 2",84.0977641075954,0.0435928688862947
"Spike 2",84.2062376097143,0.0440652037855911
"Spike 2",84.3147111118332,0.0445181420535392
"Spike 2",84.4231846139521,0.0449513708772133
"Spike 2",84.5316581160711,0.0453646464368341
"Spike 2",84.64013161819,0.0457519995588771
"Spike 2",84.7486051203089,0.0461178490144225
"Spike 2",84.8570786224278,0.0464638804448801
"Spike 2",84.9655521245468,0.0467903515784714
"Spike 2",85.0740256266657,0.0470972859452227
"Spike 2",85.1824991287846,0.0473791963699175
"Spike 2",85.2909726309035,0.047643332979884
"Spike 2",85.3994461330225,0.0478902803084919
"Spike 2",85.5079196351414,0.0481206451385507
"Spike 2",85.6163931372603,0.0483335093940188
"Spike 2",85.7248666393792,0.0485277603931748
"Spike 2",85.8333401414982,0.0487081751716232
"Spike 2",85.9418136436171,0.0488754306724585
"Spike 2",86.050287145736,0.0490301983458642
"Spike 2",86.1587606478549,0.0491710807947677
"Spike 2",86.2672341499739,0.0492995210799832
"Spike 2",86.3757076520928,0.049418065671638
"Spike 2",86.4841811542117,0.0495272743752036
"Spike 2",86.5926546563307,0.0496276878202322
"Spike 2",86.7011281584496,0.0497177419019174
"Spike 2",86.8096016605685,0.0497998462361896
"Spike 2",86.9180751626874,0.0498750482412537
"Spike 2",87.0265486648063,0.049943733235416
"Spike 2",87.1350221669253,0.0500062162145507
"Spike 2",87.2434956690442,0.0500610836811752
"Spike 2",87.3519691711631,0.0501107918341975
"Spike 2",87.460442673282,0.0501556156460931
"Spike 2",87.568916175401,0.0501958215079043
"Spike 2",87.6773896775199,0.0502312775832316
"Spike 2",87.7858631796388,0.0502617422655253
"Spike 2",87.8943366817577,0.0502885830024644
"Spike 2",88.0028101838767,0.0503120208565738
"Spike 2",88.1112836859956,0.0503322735198864
"Spike 2",88.2197571881145,0.0503490695483454
"Spike 2",88.3282306902335,0.0503628239181015
"Spike 2",88.4367041923524,0.050374241955479
"Spike 2",88.5451776944713,0.0503835142370139
"Spike 2",88.6536511965902,0.0503908269341595
"Spike 2",88.7621246987092,0.0503959598143219
"Spike 2",88.8705982008281,0.0503995146882334
"Spike 2",88.979071702947,0.0504017815727159
"Spike 2",89.0875452050659,0.0504028952065449
"Spike 2",89.1960187071849,0.0504029796403917
"Spike 2",89.3044922093038,0.0504018959234045
"Spike 2",89.4129657114227,0.0504000867035919
"Spike 2",89.5214392135416,0.0503976160724563
"Spike 2",89.6299127156606,0.0503945392187851
"Spike 2",89.7383862177795,0.050390854312999
"Spike 2",89.8468597198984,0.050386509556376
"Spike 2",89.9553332220173,0.0503816541840458
"Spike 2",90.0638067241363,0.0503762807873055
"Spike 2",90.1722802262552,0.0503703757549072
"Spike 2",90.2807537283741,0.0503638069876803
"Spike 2",90.389227230493,0.0503565087914691
"Spike 2",90.497700732612,0.0503485339856445
"Spike 2",90.6061742347309,0.0503398292117097
"Spike 2",90.7146477368498,0.0503303367049102
"Spike 2",90.8231212389687,0.050319722377483
"Spike 2",90.9315947410877,0.0503080091262388
"Spike 2",91.0400682432066,0.0502951838116941
"Spike 2",91.1485417453255,0.0502811438469417
"Spike 2",91.2570152474444,0.0502657791553645
"Spike 2",91.3654887495634,0.0502483331838215
"Spike 2",91.4739622516823,0.050229104034168
"Spike 2",91.5824357538012,0.0502079078581681
"Spike 2",91.6909092559201,0.0501845406118012
"Spike 2",91.7993827580391,0.0501585388281553
"Spike 2",91.907856260158,0.0501289090796742
"Spike 2",92.0163297622769,0.0500959956273556
"Spike 2",92.1248032643958,0.0500594498307354
"Spike 2",92.2332767665148,0.0500189027706085
"Spike 2",92.3417502686337,0.0499730498386999
"Spike 2",92.4502237707526,0.0499209969648996
"Spike 2",92.5586972728715,0.0498630849672591
"Spike 2",92.6671707749905,0.0497987911207104
"Spike 2",92.7756442771094,0.0497275764687398
"Spike 2",92.8841177792283,0.0496465947446022
"Spike 2",92.9925912813472,0.0495561050365673
"Spike 2",93.1010647834662,0.0494562571029433
"Spike 2",93.2095382855851,0.0493464391118015
"Spike 2",93.318011787704,0.0492260372958904
"Spike 2",93.4264852898229,0.0490900300619026
"Spike 2",93.5349587919419,0.0489414567300789
"Spike 2",93.6434322940608,0.0487798700760363
"Spike 2",93.7519057961797,0.0486047344083797
"Spike 2",93.8603792982987,0.0484143462953619
"Spike 2",93.9688528004176,0.0482049158838416
"Spike 2",94.0773263025365,0.0479800820124964
"Spike 2",94.1857998046554,0.047739519043169
"Spike 2",94.2942733067744,0.0474829350285581
"Spike 2",94.4027468088933,0.0472072716507351
"Spike 2",94.5112203110122,0.0469118380186875
"Spike 2",94.6196938131311,0.0465997605511959
"Spike 2",94.7281673152501,0.0462710364265295
"Spike 2",94.836640817369,0.045925699092569
"Spike 2",94.9451143194879,0.0455596384459487
"Spike 2",95.0535878216068,0.0451756944325318
"Spike 2",95.1620613237258,0.0447758536827335
"Spike 2",95.2705348258447,0.0443604020748931
"Spike 2",95.3790083279636,0.0439296514983288
"Spike 2",95.4874818300825,0.0434790384516127
"Spike 2",95.5959553322015,0.0430140960977996
"Spike 2",95.7044288343204,0.0425354847898078
"Spike 2",95.8129023364393,0.0420436428602968
"Spike 2",95.9213758385582,0.0415381325142614
"Spike 2",96.0298493406772,0.0410171290053732
"Spike 2",96.1383228427961,0.0404847702642123
"Spike 2",96.246796344915,0.0399415025300599
"Spike 2",96.3552698470339,0.0393877665682844
"Spike 2",96.4637433491528,0.0388224869350887
"Spike 2",96.5722168512718,0.0382460726121923
"Spike 2",96.6806903533907,0.0376609012355978
"Spike 2",96.7891638555096,0.0370673564719326
"Spike 2",96.8976373576286,0.0364658156480433
"Spike 2",97.0061108597475,0.0358549046564913
"Spike 2",97.1145843618664,0.0352363080938783
"Spike 2",97.2230578639853,0.0346112182213817
"Spike 2",97.3315313661043,0.0339800022043731
"Spike 2",97.4400048682232,0.0333430316075363
"Spike 2",97.5484783703421,0.0326991450094954
"Spike 2",97.656951872461,0.0320506593180695
"Spike 2",97.76542537458,0.0313981416250254
"Spike 2",97.8738988766989,0.0307420655692443
"Spike 2",97.9823723788178,0.0300827777415638
"Spike 2",98.0908458809367,0.0294207012519491
"Spike 2",98.1993193830557,0.0287573470656227
"Spike 2",98.3077928851746,0.0280933592744895
"Spike 2",98.4162663872935,0.0274294036874307
"Spike 2",98.5247398894124,0.026766493470084
"Spike 2",98.6332133915314,0.026106083447187
"Spike 2",98.7416868936503,0.0254487800816608
"Spike 2",98.8501603957692,0.0247953843710589
"Spike 2",98.9586338978881,0.0241467063476612
"Spike 2",99.0671074000071,0.0235053240636121
"Spike 2",99.175580902126,0.0228719245131081
"Spike 2",99.2840544042449,0.0222466241405885
"Spike 2",99.3925279063639,0.0216302097896011
"Spike 2",99.5010014084828,0.0210234544150122
"Spike 2",99.6094749106017,0.0204310798637875
"Spike 2",99.7179484127206,0.0198508588247531
"Spike 2",99.8264219148396,0.0192830831413447
"Spike 2",99.9348954169585,0.0187283102824046
"Spike 2",100.043368919077,0.0181879337256609
"Spike 2",100.151842421196,0.0176660829398936
"Spike 2",100.260315923315,0.0171589439050834
"Spike 2",100.368789425434,0.0166667541837747
"Spike 2",100.477262927553,0.0161897090053134
"Spike 2",100.585736429672,0.0157302707115151
"Spike 2",100.694209931791,0.0152894571039497
"Spike 2",100.80268343391,0.0148639272710082
"Spike 2",100.911156936029,0.0144535616900805
"Spike 2",101.019630438148,0.0140582067980608
"Spike 2",101.128103940267,0.0136810951941847
"Spike 2",101.236577442386,0.0133200263546811
"Spike 2",101.345050944505,0.0129728402348199
"Spike 2",101.453524446623,0.0126391765325155
"Spike 2",101.561997948742,0.0123186564754039
"Spike 2",101.670471450861,0.0120147736133711
"Spike 2",101.77894495298,0.0117231311242095
"Spike 2",101.887418455099,0.0114428463591696
"Spike 2",101.995891957218,0.0111734614997072
"Spike 2",102.104365459337,0.0109150453286223
"Spike 2",102.212838961456,0.0106692709884613
"Spike 2",102.321312463575,0.0104324695646485
"Spike 2",102.429785965694,0.010204178992068
"Spike 2",102.538259467813,0.00998393993478823
"Spike 2",102.646732969932,0.00977227509422303
"Spike 2",102.755206472051,0.00956889045944981
"Spike 2",102.863679974169,0.0093717130831103
"Spike 2",102.972153476288,0.00918031537792941
"Spike 2",103.080626978407,0.00899427470784531
"Spike 2",103.189100480526,0.00881414525531293
"Spike 2",103.297573982645,0.00863872067912471
"Spike 2",103.406047484764,0.00846699722784033
"Spike 2",103.514520986883,0.00829860006700232
"Spike 2",103.622994489002,0.00813316157894777
"Spike 2",103.731467991121,0.00797093869860597
"Spike 2",103.83994149324,0.0078107085097732
"Spike 2",103.948414995359,0.00765206991183456
"Spike 2",104.056888497478,0.00749473226529197
"Spike 2",104.165361999597,0.00733844666119163
"Spike 2",104.273835501715,0.00718297246725812
"Spike 2",104.382309003834,0.00702779956382476
"Spike 2",104.490782505953,0.00687275041101104
"Spike 2",104.599256008072,0.00671766416635836
"Spike 2",104.707729510191,0.00656234816801943
"Spike 2",104.81620301231,0.00640660294270027
"Spike 2",104.924676514429,0.00625043589049164
"Spike 2",105.033150016548,0.00609382686090733
"Spike 2",105.141623518667,0.00593677340454374
"Spike 2",105.250097020786,0.00577922371203258
"Spike 2",105.358570522905,0.00562133622795819
"Spike 2",105.467044025024,0.00546327732152491
"Spike 2",105.575517527143,0.0053051712778317
"Spike 2",105.683991029262,0.00514715573272044
"Spike 2",105.79246453138,0.00498958026522123
"Spike 2",105.900938033499,0.00483265869789861
"Spike 2",106.009411535618,0.00467657811123235
"Spike 2",106.117885037737,0.00452154535603357
"Spike 2",106.226358539856,0.00436784093471872
"Spike 2",106.334832041975,0.00421626891651336
"Spike 2",106.443305544094,0.00406663648237795
"Spike 2",106.551779046213,0.00391915381129861
"Spike 2",106.660252548332,0.0037740265876811
"Spike 2",106.768726050451,0.00363183628313452
"Spike 2",106.87719955257,0.00349319516933193
"Spike 2",106.985673054689,0.00335765987497047
"Spike 2",107.094146556808,0.00322537689542704
"Spike 2",107.202620058926,0.00309648284776511
"Spike 2",107.311093561045,0.00297192059891535
"Spike 2",107.419567063164,0.0028515770882244
"Spike 2",107.528040565283,0.00273500982672969
"Spike 2",107.636514067402,0.00262226984621887
"Spike 2",107.744987569521,0.00251339746943503
"Spike 2",107.85346107164,0.00240962784449377
"Spike 2",107.961934573759,0.00230995213621417
"Spike 2",108.070408075878,0.00221413805217411
"Spike 2",108.178881577997,0.00212215187417906
"Spike 2",108.287355080116,0.00203408607208612
"Spike 2",108.395828582235,0.00195091933147657
"Spike 2",108.504302084354,0.00187133888877516
"Spike 2",108.612775586473,0.00179526538620786
"Spike 2",108.721249088591,0.00172261625687786
"Spike 2",108.82972259071,0.00165370404821935
"Spike 2",108.938196092829,0.00158872252242393
"Spike 2",109.046669594948,0.00152678763290867
"Spike 2",109.155143097067,0.00146780436854833
"Spike 2",109.263616599186,0.00141167767858518
"Spike 2",109.372090101305,0.00135886722408987
"Spike 2",109.480563603424,0.00130902389989774
"Spike 2",109.589037105543,0.00126165218747884
"Spike 2",109.697510607662,0.00121666261358896
"Spike 2",109.805984109781,0.00117396669861316
"Spike 2",109.9144576119,0.00113409505788276
"Spike 2",110.022931114019,0.00109637687412672
"Spike 2",110.131404616137,0.00106060102369924
"Spike 2",110.239878118256,0.00102668473420217
"Spike 2",110.348351620375,0.000994595035226933
"Spike 2",110.456825122494,0.000964696837273408
"Spike 2",110.565298624613,0.000936316636379779
"Spike 2",110.673772126732,0.000909370775901275
"Spike 2",110.782245628851,0.000883775098530169
"Spike 2",110.89071913097,0.000859577847682987
"Spike 2",110.999192633089,0.000836766395865469
"Spike 2",111.107666135208,0.000814948673820732
"Spike 2",111.216139637327,0.000794037176375702
"Spike 2",111.324613139446,0.000773944376139427
"Spike 2",111.433086641565,0.000754700912484143
"Spike 2",111.541560143683,0.000736112950816719
"Spike 2",111.650033645802,0.000717988930963947
"Spike 2",111.758507147921,0.000700247896529372
"Spike 2",111.86698065004,0.000682810681679119
"Spike 2",111.975454152159,0.000665625931220226
"Spike 2",112.083927654278,0.000648534996586462
"Spike 2",112.192401156397,0.000631466130073331
"Spike 2",112.300874658516,0.000614364358448917
"Spike 2",112.409348160635,0.00059717505132645
"Spike 2",112.517821662754,0.000579785960146956
"Spike 2",112.626295164873,0.000562202138899449
"Spike 2",112.734768666992,0.000544404690391618
"Spike 2",112.843242169111,0.000526379582253204
"Spike 2",112.95171567123,0.000508091696798116
"Spike 2",113.060189173348,0.00048951636507121
"Spike 2",113.168662675467,0.000470731089697498
"Spike 2",113.277136177586,0.000451758112340312
"Spike 2",113.385609679705,0.000432623494580169
"Spike 2",113.494083181824,0.000413345774636618
"Spike 2",113.602556683943,0.000394001620068604
"Spike 2",113.711030186062,0.000374656374708795
"Spike 2",113.819503688181,0.000355357468002515
"Spike 2",113.9279771903,0.000336153780974096
"Spike 2",114.036450692419,0.000317168649368686
"Spike 2",114.144924194538,0.000298451075336753
"Spike 2",114.253397696657,0.000280038965035869
"Spike 2",114.361871198776,0.000261981086290788
"Spike 2",114.470344700894,0.000244333469580712
"Spike 2",114.578818203013,0.0002273208241372
"Spike 2",114.687291705132,0.000210840228647197
"Spike 2",114.795765207251,0.000194925157053167
"Spike 2",114.90423870937,0.000179606422370583
"Spike 2",115.012712211489,0.000164982752624521
"Spike 2",115.121185713608,0.000151188467856333
"Spike 2",115.229659215727,0.000138073865671715
"Spike 2",115.338132717846,0.000125647383254917
"Spike 2",115.446606219965,0.000113914723558712
"Spike 2",115.555079722084,0.000103013627179037
"Spike 2",115.663553224203,9.2915321236843e-05
"Spike 2",115.772026726322,8.34924239574183e-05
"Spike 2",115.880500228441,7.47319014715474e-05
"Spike 2",115.988973730559,6.66188583287926e-05
"Spike 2",116.097447232678,5.93040530436913e-05
"Spike 2",116.205920734797,5.26226022142517e-05
"Spike 2",116.314394236916,4.65022886763269e-05
"Spike 2",116.422867739035,4.09186237674611e-05
"Spike 2",116.531341241154,3.58517811522827e-05
"Spike 2",116.639814743273,3.14201999202332e-05
"Spike 2",116.748288245392,2.74175714424911e-05
"Spike 2",116.856761747511,2.38176778963102e-05
"Spike 2",116.96523524963,2.05945832872971e-05
"Spike 2",117.073708751749,1.77536492372847e-05
"Spike 2",117.182182253868,1.53025210755127e-05
"Spike 2",117.290655755987,1.31274561146793e-05
"Spike 2",117.399129258105,1.12065947923033e-05
"Spike 2",117.507602760224,9.51878002004714e-06
"Spike 2",117.616076262343,8.07746894498439e-06
"Spike 2",117.724549764462,6.8457590200311e-06
"Spike 2",117.833023266581,5.77185640613436e-06
"Spike 2",117.9414967687,4.84060869210803e-06
"Spike 3",20.1681722949499,5.51674849159142e-05
"Spike 3",20.1872336322303,6.56443056699489e-05
"Spike 3",20.2062949695108,7.79500435804309e-05
"Spike 3",20.2253563067912,9.21008238526781e-05
"Spike 3",20.2444176440716,0.000108288179596979
"Spike 3",20.263478981352,0.000126848296866265
"Spike 3",20.2825403186324,0.000148927280643372
"Spike 3",20.3016016559128,0.000174025972167616
"Spike 3",20.3206629931932,0.000202419657794169
"Spike 3",20.3397243304736,0.000234392720711027
"Spike 3",20.358785667754,0.000271259357093886
"Spike 3",20.3778470050344,0.00031340940795693
"Spike 3",20.3969083423148,0.000360536065242124
"Spike 3",20.4159696795952,0.000413001591922281
"Spike 3",20.4350310168756,0.00047122204297679
"Spike 3",20.454092354156,0.000538224297883538
"Spike 3",20.4731536914364,0.000612220390893677
"Spike 3",20.4922150287168,0.000693612948951587
"Spike 3",20.5112763659972,0.000782804203397273
"Spike 3",20.5303377032776,0.000881817153628054
"Spike 3",20.549399040558,0.000991679590025661
"Spike 3",20.5684603778384,0.00111100831743688
"Spike 3",20.5875217151188,0.00124015781984835
"Spike 3",20.6065830523992,0.0013794720388486
"Spike 3",20.6256443896796,0.00153320821104989
"Spike 3",20.64470572696,0.00169843560328925
"Spike 3",20.6637670642404,0.00187495526539451
"Spike 3",20.6828284015208,0.00206293916873637
"Spike 3",20.7018897388012,0.00226413039998487
"Spike 3",20.7209510760816,0.00248002150055965
"Spike 3",20.740012413362,0.00270757763477661
"Spike 3",20.7590737506424,0.00294669241887394
"Spike 3",20.7781350879228,0.00319722534956713
"Spike 3",20.7971964252032,0.00346226297152865
"Spike 3",20.8162577624836,0.00373870449202078
"Spike 3",20.835319099764,0.00402520431759877
"Spike 3",20.8543804370444,0.00432128837540082
"Spike 3",20.8734417743248,0.00462717685373871
"Spike 3",20.8925031116052,0.00494342993560318
"Spike 3",20.9115644488856,0.00526662445719293
"Spike 3",20.930625786166,0.00559601107169473
"Spike 3",20.9496871234464,0.00593082019181209
"Spike 3",20.9687484607268,0.00627101974172348
"Spike 3",20.9878097980072,0.00661446838324226
"Spike 3",21.0068711352876,0.00695978037310727
"Spike 3",21.025932472568,0.00730611951325427
"Spike 3",21.0449938098484,0.00765259948625092
"Spike 3",21.0640551471288,0.0079975263715882
"Spike 3",21.0831164844092,0.0083401780333797
"Spike 3",21.1021778216896,0.00867992841568049
"Spike 3",21.12123915897,0.00901619338668406
"Spike 3",21.1403004962504,0.00934738154348162
"Spike 3",21.1593618335308,0.00967302767482501
"Spike 3",21.1784231708112,0.00999370989044571
"Spike 3",21.1974845080916,0.0103093674878615
"Spike 3",21.216545845372,0.0106199953269581
"Spike 3",21.2356071826524,0.0109241301049514
"Spike 3",21.2546685199328,0.0112242757220013
"Spike 3",21.2737298572132,0.0115210656926706
"Spike 3",21.2927911944936,0.0118152102015444
"Spike 3",21.311852531774,0.0121075301517328
"Spike 3",21.3309138690544,0.0124000725957592
"Spike 3",21.3499752063348,0.012694493183781
"Spike 3",21.3690365436152,0.012992170921153
"Spike 3",21.3880978808956,0.0132945470658479
"Spike 3",21.407159218176,0.0136066277887695
"Spike 3",21.4262205554564,0.013929142936344
"Spike 3",21.4452818927368,0.0142636118032133
"Spike 3",21.4643432300172,0.0146118783843235
"Spike 3",21.4834045672976,0.0149783394098301
"Spike 3",21.502465904578,0.0153690276711996
"Spike 3",21.5215272418584,0.0157816704604494
"Spike 3",21.5405885791388,0.016218147450845
"Spike 3",21.5596499164192,0.0166803194355264
"Spike 3",21.5787112536996,0.0171795253029152
"Spike 3",21.59777259098,0.0177126036920607
"Spike 3",21.6168339282604,0.0182786309476639
"Spike 3",21.6358952655408,0.0188790834429731
"Spike 3",21.6549566028212,0.0195186740778123
"Spike 3",21.6740179401016,0.0202078522871837
"Spike 3",21.693079277382,0.0209365641576577
"Spike 3",21.7121406146624,0.0217056428456531
"Spike 3",21.7312019519428,0.0225158446576264
"Spike 3",21.7502632892232,0.0233789082520983
"Spike 3",21.7693246265036,0.0242901199018056
"Spike 3",21.788385963784,0.0252440795768802
"Spike 3",21.8074473010644,0.0262408225582277
"Spike 3",21.8265086383449,0.0272820886054896
"Spike 3",21.8455699756253,0.0283804561936844
"Spike 3",21.8646313129057,0.0295204934525023
"Spike 3",21.8836926501861,0.0307016407773169
"Spike 3",21.9027539874665,0.0319232910451886
"Spike 3",21.9218153247469,0.0331930157009297
"Spike 3",21.9408766620273,0.0345077075136794
"Spike 3",21.9599379993077,0.035859517639049
"Spike 3",21.9789993365881,0.0372475435053627
"Spike 3",21.9980606738685,0.0386708666075155
"Spike 3",22.0171220111489,0.0401410764633522
"Spike 3",22.0361833484293,0.0416436189915614
"Spike 3",22.0552446857097,0.0431775251397963
"Spike 3",22.0743060229901,0.0447419338222956
"Spike 3",22.0933673602705,0.0463408228098925
"Spike 3",22.1124286975509,0.0479741785152443
"Spike 3",22.1314900348313,0.0496349169614554
"Spike 3",22.1505513721117,0.0513224915659417
"Spike 3",22.1696127093921,0.0530363990326415
"Spike 3",22.1886740466725,0.0547848909284643
"Spike 3",22.2077353839529,0.0565599001468426
"Spike 3",22.2267967212333,0.0583601157342686
"Spike 3",22.2458580585137,0.0601854860785133
"Spike 3",22.2649193957941,0.062039218807367
"Spike 3",22.2839807330745,0.0639251216484747
"Spike 3",22.3030420703549,0.0658368390201844
"Spike 3",22.3221034076353,0.0677747141150562
"Spike 3",22.3411647449157,0.0697391218344738
"Spike 3",22.3602260821961,0.0717388602645253
"Spike 3",22.3792874194765,0.0737691596147241
"Spike 3",22.3983487567569,0.0758280470864316
"Spike 3",22.4174100940373,0.0779160340397081
"Spike 3",22.4364714313177,0.0800361192150771
"Spike 3",22.4555327685981,0.0821960706870814
"Spike 3",22.4745941058785,0.084387064681351
"Spike 3",22.4936554431589,0.0866094058436416
"Spike 3",22.5127167804393,0.0888633538504371
"Spike 3",22.5317781177197,0.091157237504842
"Spike 3",22.5508394550001,0.0934872503743432
"Spike 3",22.5699007922805,0.0958488054969354
"Spike 3",22.5889621295609,0.0982415667757935
"Spike 3",22.6080234668413,0.10066622167558
"Spike 3",22.6270848041217,0.103131043756038
"Spike 3",22.6461461414021,0.105624094135637
"Spike 3",22.6652074786825,0.108144227687536
"Spike 3",22.6842688159629,0.110690210016858
"Spike 3",22.7033301532433,0.113265183126221
"Spike 3",22.7223914905237,0.115865240798947
"Spike 3",22.7414528278041,0.118484119251203
"Spike 3",22.7605141650845,0.12111982164243
"Spike 3",22.7795755023649,0.123770281846586
"Spike 3",22.7986368396453,0.126436142143467
"Spike 3",22.8176981769257,0.129109333593009
"Spike 3",22.8367595142061,0.131787351481165
"Spike 3",22.8558208514865,0.13446776659902
"Spike 3",22.8748821887669,0.137147351895821
"Spike 3",22.8939435260473,0.139821212663851
"Spike 3",22.9130048633277,0.142487220352341
"Spike 3",22.9320662006081,0.145143159949518
"Spike 3",22.9511275378885,0.147786873831214
"Spike 3",22.9701888751689,0.15041010587582
"Spike 3",22.9892502124493,0.153014282642596
"Spike 3",23.0083115497297,0.155598813919263
"Spike 3",23.0273728870101,0.158162440762988
"Spike 3",23.0464342242905,0.16070119391669
"Spike 3",23.0654955615709,0.163210339080134
"Spike 3",23.0845568988513,0.165695749393452
"Spike 3",23.1036182361317,0.168157464047824
"Spike 3",23.1226795734121,0.170595669131696
"Spike 3",23.1417409106925,0.173004460884242
"Spike 3",23.1608022479729,0.175390008569523
"Spike 3",23.1798635852533,0.177755863922537
"Spike 3",23.1989249225337,0.180103497204806
"Spike 3",23.2179862598141,0.182433487876946
"Spike 3",23.2370475970945,0.184746069113491
"Spike 3",23.2561089343749,0.187048638061228
"Spike 3",23.2751702716553,0.189343456956074
"Spike 3",23.2942316089357,0.191632823009893
"Spike 3",23.3132929462161,0.19391951825768
"Spike 3",23.3323542834965,0.196208153966983
"Spike 3",23.3514156207769,0.198501241985505
"Spike 3",23.3704769580573,0.200800903616678
"Spike 3",23.3895382953377,0.203109569992384
"Spike 3",23.4085996326181,0.205434029652856
"Spike 3",23.4276609698986,0.207772341289998
"Spike 3",23.446722307179,0.210125494017941
"Spike 3",23.4657836444594,0.212494300369086
"Spike 3",23.4848449817398,0.214882721682882
"Spike 3",23.5039063190202,0.217290250805942
"Spike 3",23.5229676563006,0.219712989671346
"Spike 3",23.542028993581,0.222149830498317
"Spike 3",23.5610903308614,0.224599442068273
"Spike 3",23.5801516681418,0.227062297821899
"Spike 3",23.5992130054222,0.229530598277769
"Spike 3",23.6182743427026,0.232001040747412
"Spike 3",23.637335679983,0.234470245089828
"Spike 3",23.6563970172634,0.236932547706437
"Spike 3",23.6754583545438,0.239379022755609
"Spike 3",23.6945196918242,0.241806256119707
"Spike 3",23.7135810291046,0.24420938461116
"Spike 3",23.732642366385,0.246583439768384
"Spike 3",23.7517037036654,0.248908032952438
"Spike 3",23.7707650409458,0.251184290918822
"Spike 3",23.7898263782262,0.25340906929126
"Spike 3",23.8088877155066,0.255577172437098
"Spike 3",23.827949052787,0.25767519959617
"Spike 3",23.8470103900674,0.259683024162015
"Spike 3",23.8660717273478,0.261613579356894
"Spike 3",23.8851330646282,0.26346277472082
"Spike 3",23.9041944019086,0.265226711337553
"Spike 3",23.923255739189,0.266874214931496
"Spike 3",23.9423170764694,0.268417327210327
"Spike 3",23.9613784137498,0.269863355346469
"Spike 3",23.9804397510302,0.271210737573492
"Spike 3",23.9995010883106,0.272450980114939
"Spike 3",24.018562425591,0.273558584909247
"Spike 3",24.0376237628714,0.274566415353227
"Spike 3",24.0566851001518,0.27547570582053
"Spike 3",24.0757464374322,0.276287980999344
"Spike 3",24.0948077747126,0.276983193552986
"Spike 3",24.113869111993,0.277576068392933
"Spike 3",24.1329304492734,0.278084048830265
"Spike 3",24.1519917865538,0.278511029954648
"Spike 3",24.1710531238342,0.278859236954492
"Spike 3",24.1901144611146,0.279113149444012
"Spike 3",24.209175798395,0.27930582734763
"Spike 3",24.2282371356754,0.279442427747688
"Spike 3",24.2472984729558,0.279528144774862
"Spike 3",24.2663598102362,0.279561160932162
"Spike 3",24.2854211475166,0.279552090666736
"Spike 3",24.304482484797,0.279514275770798
"Spike 3",24.3235438220774,0.279452545001532
"Spike 3",24.3426051593578,0.27937161682657
"Spike 3",24.3616664966382,0.279273893355881
"Spike 3",24.3807278339186,0.279170104409573
"Spike 3",24.399789171199,0.279063675729755
"Spike 3",24.4188505084794,0.278957589988819
"Spike 3",24.4379118457598,0.278855659690731
"Spike 3",24.4569731830402,0.278762046592377
"Spike 3",24.4760345203206,0.278676857429507
"Spike 3",24.495095857601,0.278600802398475
"Spike 3",24.5141571948814,0.278534349738111
"Spike 3",24.5332185321618,0.278480412199544
"Spike 3",24.5522798694422,0.278435198798728
"Spike 3",24.5713412067226,0.278396794249317
"Spike 3",24.590402544003,0.278363705294651
"Spike 3",24.6094638812834,0.278334226272514
"Spike 3",24.6285252185638,0.278304419640659
"Spike 3",24.6475865558442,0.278270810978516
"Spike 3",24.6666478931246,0.278230802724363
"Spike 3",24.685709230405,0.278181739266687
"Spike 3",24.7047705676854,0.278115854266054
"Spike 3",24.7238319049658,0.278030414692766
"Spike 3",24.7428932422462,0.277924068263434
"Spike 3",24.7619545795266,0.277794113553458
"Spike 3",24.781015916807,0.277635827547404
"Spike 3",24.8000772540874,0.277436903476248
"Spike 3",24.8191385913678,0.277203702051465
"Spike 3",24.8381999286482,0.276934049248852
"Spike 3",24.8572612659286,0.276625839477827
"Spike 3",24.876322603209,0.276266424530934
"Spike 3",24.8953839404894,0.275856122712985
"Spike 3",24.9144452777698,0.275399595688245
"Spike 3",24.9335066150502,0.274895313683646
"Spike 3",24.9525679523306,0.274340649798171
"Spike 3",24.971629289611,0.273715455528164
"Spike 3",24.9906906268914,0.273036670778259
"Spike 3",25.0097519641718,0.272303062219506
"Spike 3",25.0288133014522,0.271513409332489
"Spike 3",25.0478746387327,0.270654861329062
"Spike 3",25.0669359760131,0.269725110027546
"Spike 3",25.0859973132935,0.268734275666363
"Spike 3",25.1050586505739,0.267681224080047
"Spike 3",25.1241199878543,0.266564832850858
"Spike 3",25.1431813251347,0.265359385063746
"Spike 3",25.1622426624151,0.264085769216902
"Spike 3",25.1813039996955,0.262744578555356
"Spike 3",25.2003653369759,0.261335021722611
"Spike 3",25.2194266742563,0.25984579214506
"Spike 3",25.2384880115367,0.258269794116118
"Spike 3",25.2575493488171,0.25662358727161
"Spike 3",25.2766106860975,0.254907252068409
"Spike 3",25.2956720233779,0.253120994033424
"Spike 3",25.3147333606583,0.251243245946649
"Spike 3",25.3337946979387,0.249293479862855
"Spike 3",25.3528560352191,0.247277765103604
"Spike 3",25.3719173724995,0.245197716047964
"Spike 3",25.3909787097799,0.243048894929712
"Spike 3",25.4100400470603,0.240825070367209
"Spike 3",25.4291013843407,0.238546844235542
"Spike 3",25.4481627216211,0.236217240345882
"Spike 3",25.4672240589015,0.233839406112803
"Spike 3",25.4862853961819,0.23140621280093
"Spike 3",25.5053467334623,0.228931606221624
"Spike 3",25.5244080707427,0.226424245821203
"Spike 3",25.5434694080231,0.223887980739585
"Spike 3",25.5625307453035,0.221325561911791
"Spike 3",25.5815920825839,0.218738817990974
"Spike 3",25.6006534198643,0.216139521095598
"Spike 3",25.6197147571447,0.213531208874528
"Spike 3",25.6387760944251,0.21091732075038
"Spike 3",25.6578374317055,0.208302054430243
"Spike 3",25.6768987689859,0.205690904369591
"Spike 3",25.6959601062663,0.203086357177762
"Spike 3",25.7150214435467,0.200490549379233
"Spike 3",25.7340827808271,0.197905680207425
"Spike 3",25.7531441181075,0.195338905494904
"Spike 3",25.7722054553879,0.192786900183054
"Spike 3",25.7912667926683,0.190250205284085
"Spike 3",25.8103281299487,0.18772920954259
"Spike 3",25.8293894672291,0.185227070033067
"Spike 3",25.8484508045095,0.182743429958067
"Spike 3",25.8675121417899,0.180274462584871
"Spike 3",25.8865734790703,0.177819467720116
"Spike 3",25.9056348163507,0.175377673421275
"Spike 3",25.9246961536311,0.172951947700234
"Spike 3",25.9437574909115,0.170536778524281
"Spike 3",25.9628188281919,0.168130997298052
"Spike 3",25.9818801654723,0.165733815188283
"Spike 3",26.0009415027527,0.163345498209694
"Spike 3",26.0200028400331,0.160965868072243
"Spike 3",26.0390641773135,0.158592994566203
"Spike 3",26.0581255145939,0.156226993678399
"Spike 3",26.0771868518743,0.153868114551713
"Spike 3",26.0962481891547,0.151519838848761
"Spike 3",26.1153095264351,0.14918197114121
"Spike 3",26.1343708637155,0.146855424731465
"Spike 3",26.1534322009959,0.144541832459419
"Spike 3",26.1724935382763,0.142244880250889
"Spike 3",26.1915548755567,0.139972100373341
"Spike 3",26.2106162128371,0.137721803439326
"Spike 3",26.2296775501175,0.135496733781731
"Spike 3",26.2487388873979,0.133299711189521
"Spike 3",26.2678002246783,0.1311439199543
"Spike 3",26.2868615619587,0.12902982184708
"Spike 3",26.3059228992391,0.126956692781886
"Spike 3",26.3249842365195,0.124927514408568
"Spike 3",26.3440455737999,0.122948180973884
"Spike 3",26.3631069110803,0.121037747315295
"Spike 3",26.3821682483607,0.119182725052762
"Spike 3",26.4012295856411,0.117385196664922
"Spike 3",26.4202909229215,0.115647085385929
"Spike 3",26.4393522602019,0.113984749580832
"Spike 3",26.4584135974823,0.112395912090162
"Spike 3",26.4774749347627,0.110870965982694
"Spike 3",26.4965362720431,0.109409977696801
"Spike 3",26.5155976093235,0.108013563473722
"Spike 3",26.5346589466039,0.106703222522936
"Spike 3",26.5537202838843,0.105452909813304
"Spike 3",26.5727816211647,0.104260509328983
"Spike 3",26.5918429584451,0.10312368275073
"Spike 3",26.6109042957255,0.102048495086911
"Spike 3",26.6299656330059,0.10102939110773
"Spike 3",26.6490269702864,0.100051676086623
"Spike 3",26.6680883075668,0.0991112003574099
"Spike 3",26.6871496448472,0.0982036600746412
"Spike 3",26.7062109821276,0.0973308469271661
"Spike 3",26.725272319408,0.0964760912233417
"Spike 3",26.7443336566884,0.0956334931657613
"Spike 3",26.7633949939688,0.0947979604668134
"Spike 3",26.7824563312492,0.0939632868421857
"Spike 3",26.8015176685296,0.0931191444508208
"Spike 3",26.82057900581,0.092260502929168
"Spike 3",26.8396403430904,0.0913826589312189
"Spike 3",26.8587016803708,0.090481017273427
"Spike 3",26.8777630176512,0.0895395767500659
"Spike 3",26.8968243549316,0.0885587847516746
"Spike 3",26.915885692212,0.0875377524083169
"Spike 3",26.9349470294924,0.0864734935323998
"Spike 3",26.9540083667728,0.0853584373513347
"Spike 3",26.9730697040532,0.084179131492986
"Spike 3",26.9921310413336,0.082948239834579
"Spike 3",27.011192378614,0.0816650505249314
"Spike 3",27.0302537158944,0.0803291099627322
"Spike 3",27.0493150531748,0.07892641558764
"Spike 3",27.0683763904552,0.077466322985586
"Spike 3",27.0874377277356,0.0759568665465189
"Spike 3",27.106499065016,0.0743999274774019
"Spike 3",27.1255604022964,0.0727955088877552
"Spike 3",27.1446217395768,0.0711367039521383
"Spike 3",27.1636830768572,0.0694423692958788
"Spike 3",27.1827444141376,0.0677161702621063
"Spike 3",27.201805751418,0.0659619044720422
"Spike 3",27.2208670886984,0.0641800498724655
"Spike 3",27.2399284259788,0.0623801924747391
"Spike 3",27.2589897632592,0.0605705761937307
"Spike 3",27.2780511005396,0.0587557077965267
"Spike 3",27.29711243782,0.0569401678977955
"Spike 3",27.3161737751004,0.0551339270555538
"Spike 3",27.3352351123808,0.0533415395586063
"Spike 3",27.3542964496612,0.0515671770041301
"Spike 3",27.3733577869416,0.0498149108232
"Spike 3",27.392419124222,0.048094685415467
"Spike 3",27.4114804615024,0.0464143369613431
"Spike 3",27.4305417987828,0.0447711519467608
"Spike 3",27.4496031360632,0.0431679507253534
"Spike 3",27.4686644733436,0.0416073921247542
"Spike 3",27.487725810624,0.0401093062514456
"Spike 3",27.5067871479044,0.0386619954339584
"Spike 3",27.5258484851848,0.0372649358696592
"Spike 3",27.5449098224652,0.0359191393725196
"Spike 3",27.5639711597456,0.0346325958354732
"Spike 3",27.583032497026,0.0334120156396859
"Spike 3",27.6020938343064,0.0322437239664511
"Spike 3",27.6211551715868,0.0311272088737571
"Spike 3",27.6402165088672,0.0300618179822758
"Spike 3",27.6592778461476,0.0290614589522436
"Spike 3",27.678339183428,0.028112537367799
"Spike 3",27.6974005207084,0.0272094178680058
"Spike 3",27.7164618579888,0.0263504534787515
"Spike 3",27.7355231952692,0.0255374902000606
"Spike 3",27.7545845325496,0.024775229183168
"Spike 3",27.77364586983,0.0240490103631995
"Spike 3",27.7927072071104,0.0233568048011721
"Spike 3",27.8117685443908,0.0226965794892508
"Spike 3",27.8308298816712,0.0220731294947842
"Spike 3",27.8498912189516,0.0214787777927564
"Spike 3",27.868952556232,0.0209079995923225
"Spike 3",27.8880138935124,0.0203589920302664
"Spike 3",27.9070752307928,0.0198308094649747
"Spike 3",27.9261365680732,0.0193258461085743
"Spike 3",27.9451979053536,0.0188359454272497
"Spike 3",27.964259242634,0.0183598687524141
"Spike 3",27.9833205799144,0.0178964475297717
"Spike 3",28.0023819171948,0.0174467645165532
"Spike 3",28.0214432544752,0.0170086694621663
"Spike 3",28.0405045917556,0.0165796600990168
"Spike 3",28.059565929036,0.0161592191155038
"Spike 3",28.0786272663164,0.0157469142035496
"Spike 3",28.0976886035968,0.0153452349072686
"Spike 3",28.1167499408772,0.0149509920010302
"Spike 3",28.1358112781576,0.0145641821956856
"Spike 3",28.154872615438,0.0141848400401095
"Spike 3",28.1739339527184,0.0138144339918995
"Spike 3",28.1929952899988,0.0134536303941074
"Spike 3",28.2120566272792,0.0131010514103881
"Spike 3",28.2311179645597,0.0127569574726251
"Spike 3",28.25017930184,0.012421618212197
"Spike 3",28.2692406391205,0.0120986742867775
"Spike 3",28.2883019764009,0.0117857484530401
"Spike 3",28.3073633136813,0.011482675008312
"Spike 3",28.3264246509617,0.0111896538532654
"Spike 3",28.3454859882421,0.0109082365654869
"Spike 3",28.3645473255225,0.0106399498599521
"Spike 3",28.3836086628029,0.0103821145780051
"Spike 3",28.4026700000833,0.0101346822325781
"Spike 3",28.4217313373637,0.00989757232528296
"Spike 3",28.4407926746441,0.0096736160621054
"Spike 3",28.4598540119245,0.00946016567054139
"Spike 3",28.4789153492049,0.00925599272329177
"Spike 3",28.4979766864853,0.00906071238965649
"Spike 3",28.5170380237657,0.00887456541184478
"Spike 3",28.5360993610461,0.00869830440878583
"Spike 3",28.5551606983265,0.00852877136408472
"Spike 3",28.5742220356069,0.00836535502532743
"Spike 3",28.5932833728873,0.00820742906402524
"Spike 3",28.6123447101677,0.00805524366931301
"Spike 3",28.6314060474481,0.0079069584476966
"Spike 3",28.6504673847285,0.00776129722417164
"Spike 3",28.6695287220089,0.00761758974650956
"Spike 3",28.6885900592893,0.00747517795811574
"Spike 3",28.7076513965697,0.00733303763052239
"Spike 3",28.7267127338501,0.00719017178209028
"Spike 3",28.7457740711305,0.00704604657147382
"Spike 3",28.7648354084109,0.00690015293151793
"Spike 3",28.7838967456913,0.00675135616295844
"Spike 3",28.8029580829717,0.00659902430810394
"Spike 3",28.8220194202521,0.00644331558829447
"Spike 3",28.8410807575325,0.0062840037615761
"Spike 3",28.8601420948129,0.00612089632205291
"Spike 3",28.8792034320933,0.00595229889040415
"Spike 3",28.8982647693737,0.00577973828836103
"Spike 3",28.9173261066541,0.00560331740921651
"Spike 3",28.9363874439345,0.00542316093598773
"Spike 3",28.9554487812149,0.00523890144320418
"Spike 3",28.9745101184953,0.00505088805153462
"Spike 3",28.9935714557757,0.00486024886317296
"Spike 3",29.0126327930561,0.00466735737501513
"Spike 3",29.0316941303365,0.00447260731950063
"Spike 3",29.0507554676169,0.00427627858890084
"Spike 3",29.0698168048973,0.00407953011401017
"Spike 3",29.0888781421777,0.00388291042664451
"Spike 3",29.1079394794581,0.00368691461017296
"Spike 3",29.1270008167385,0.00349230059185563
"Spike 3",29.1460621540189,0.00330026520118865
"Spike 3",29.1651234912993,0.00311095401993151
"Spike 3",29.1841848285797,0.002924823141029
"Spike 3",29.2032461658601,0.00274231753375108
"Spike 3",29.2223075031405,0.00256532604258293
"Spike 3",29.2413688404209,0.00239362930823377
"Spike 3",29.2604301777013,0.00222715185168574
"Spike 3",29.2794915149817,0.00206618660043936
"Spike 3",29.2985528522621,0.00191151107698825
"Spike 3",29.3176141895425,0.00176490038718056
"Spike 3",29.3366755268229,0.00162468009406556
"Spike 3",29.3557368641033,0.00149095466108416
"Spike 3",29.3747982013837,0.00136380892726325
"Spike 3",29.3938595386641,0.00124499719383279
"Spike 3",29.4129208759445,0.00113371489288653
"Spike 3",29.4319822132249,0.00102899379821268
"Spike 3",29.4510435505053,0.000930755545094885
"Spike 3",29.4701048877857,0.000839135963633294
"Spike 3",29.4891662250661,0.000755863264747577
"Spike 3",29.5082275623465,0.000678499968436268
"Spike 3",29.5272888996269,0.000606861620270655
"Spike 3",29.5463502369073,0.000540756826583252
"Spike 3",29.5654115741877,0.000481017391238944
"Spike 3",29.5844729114681,0.000427065220417453
"Spike 3",29.6035342487485,0.000377723367981396
"Spike 3",29.6225955860289,0.000332765025335294
"Spike 3",29.6416569233093,0.000291962373422083
"Spike 3",29.6607182605897,0.0002563988825136
"Spike 3",29.6797795978701,0.000224282445219403
"Spike 3",29.6988409351505,0.000195371249378971
"Spike 3",29.7179022724309,0.000169454975984294
"Spike 3",29.7369636097113,0.000146728005178009
"Spike 3",29.7560249469917,0.000126966222201573
"Spike 3",29.7750862842721,0.00010937991056564
"Spike 3",29.7941476215525,9.38006219700755e-05
"Spike 3",29.8132089588329,8.00649699767751e-05
"Spike 3",29.8322702961134,6.84851369770406e-05
"Spike 3",29.8513316333937,5.83641535365384e-05
"Spike 3",29.8703929706742,4.94980706524882e-05
"Spike 3",29.8894543079546,4.17713085103409e-05
"Spike 3",29.908515645235,3.51768885405864e-05
