"wake_aligned_time_hours","value"
0.000694444444444444,-0.0216757516782343
0.00208333333333333,-0.0105693404559913
0.00347222222222222,-0.0161439475524105
0.00486111111111111,0.0116668992708939
0.00625,-0.00110684958400486
0.00763888888888889,-0.0367360575605193
0.00902777777777778,-0.0859557855599143
0.0104166666666667,-0.0633063222232476
0.0118055555555556,-0.05152428838522
0.0131944444444444,-0.00306578986463688
0.0145833333333333,-0.00437611200924137
0.0159722222222222,-0.0240378105640703
0.0173611111111111,-0.0166430063723391
0.01875,-0.0373470850778568
0.0201388888888889,-0.0366051094832436
0.0215277777777778,-0.0215338249000678
0.0229166666666667,-0.0223495838429616
0.0243055555555556,-0.0588322140198938
0.0256944444444444,-0.0521618874215031
0.0270833333333333,-0.0824796205701516
0.0284722222222222,-0.0493820162352292
0.0298611111111111,-0.075122205127097
0.03125,-0.0908376307593926
0.0326388888888889,-0.114632372883596
0.0340277777777778,-0.100913095884647
0.0354166666666667,-0.0981766527916332
0.0368055555555556,-0.107044853504157
0.0381944444444444,-0.126945149884659
0.0395833333333333,-0.14043452800674
0.0409722222222222,-0.125692703816262
0.0423611111111111,-0.109828597160295
0.04375,-0.0964898261172228
0.0451388888888889,-0.125093860015063
0.0465277777777778,-0.129323735234911
0.0479166666666667,-0.126257384845845
0.0493055555555556,-0.137039889621155
0.0506944444444444,-0.101053195769983
0.0520833333333333,-0.132474595452275
0.0534722222222222,-0.107358831219673
0.0548611111111111,-0.129226847338314
0.05625,-0.122842131444315
0.0576388888888889,-0.105286003529554
0.0590277777777778,-0.163846653282774
0.0604166666666667,-0.159501724790568
0.0618055555555556,-0.129638577522339
0.0631944444444444,-0.107383632708306
0.0645833333333333,-0.130901751639448
0.0659722222222222,-0.148543852879743
0.0673611111111111,-0.141418298144765
0.06875,-0.148950231667521
0.0701388888888889,-0.128438430294682
0.0715277777777778,-0.103425161797813
0.0729166666666667,-0.148488732909289
0.0743055555555556,-0.13281154338627
0.0756944444444444,-0.134315784792686
0.0770833333333333,-0.130330181805701
0.0784722222222222,-0.128863153687023
0.0798611111111111,-0.145524765859331
0.08125,-0.15139753866135
0.0826388888888889,-0.168336333788029
0.0840277777777778,-0.146048293710615
0.0854166666666667,-0.164515415786319
0.0868055555555556,-0.131429081277791
0.0881944444444445,-0.136140797363228
0.0895833333333333,-0.147625877848236
0.0909722222222222,-0.14534987192839
0.0923611111111111,-0.119837460281183
0.09375,-0.133558148168348
0.0951388888888889,-0.134718451036841
0.0965277777777778,-0.13818966129614
0.0979166666666667,-0.107764622298506
0.0993055555555555,-0.0995611077892404
0.100694444444444,-0.122480838404575
0.102083333333333,-0.122399817302439
0.103472222222222,-0.0969603854778658
0.104861111111111,-0.0772586300412302
0.10625,-0.0980311886145039
0.107638888888889,-0.100229973928994
0.109027777777778,-0.100825673531713
0.110416666666667,-0.120208377571518
0.111805555555556,-0.104555210176584
0.113194444444444,-0.126543003164006
0.114583333333333,-0.132523440742889
0.115972222222222,-0.11031837529796
0.117361111111111,-0.12567573206948
0.11875,-0.135121290296686
0.120138888888889,-0.124766677768151
0.121527777777778,-0.129785126242334
0.122916666666667,-0.147976703790786
0.124305555555556,-0.170475962611173
0.125694444444444,-0.154892251131568
0.127083333333333,-0.163726675386377
0.128472222222222,-0.159128453989333
0.129861111111111,-0.13961705353143
0.13125,-0.147054130642195
0.132638888888889,-0.150375574602274
0.134027777777778,-0.145686396778696
0.135416666666667,-0.116713353671316
0.136805555555556,-0.137557991914288
0.138194444444444,-0.123957450615506
0.139583333333333,-0.102210441931351
0.140972222222222,-0.113465041062105
0.142361111111111,-0.145540518997813
0.14375,-0.14338552420661
0.145138888888889,-0.139357074212126
0.146527777777778,-0.135142059173614
0.147916666666667,-0.148894493085792
0.149305555555556,-0.127260345068465
0.150694444444444,-0.106301222508531
0.152083333333333,-0.113325837929042
0.153472222222222,-0.139683611654865
0.154861111111111,-0.143130483409661
0.15625,-0.162603124311439
0.157638888888889,-0.149614430264687
0.159027777777778,-0.143582464844297
0.160416666666667,-0.151856887235157
0.161805555555556,-0.145083367534931
0.163194444444444,-0.136314576768961
0.164583333333333,-0.161984031889653
0.165972222222222,-0.155152231313099
0.167361111111111,-0.121393921321748
0.16875,-0.0951027461132018
0.170138888888889,-0.0682979371897463
0.171527777777778,-0.0990281564764766
0.172916666666667,-0.111193206195372
0.174305555555556,-0.0705568962312259
0.175694444444444,-0.0695654021182243
0.177083333333333,-0.090682804986232
0.178472222222222,-0.129534680696884
0.179861111111111,-0.099699620380268
0.18125,-0.137792323989534
0.182638888888889,-0.150975652054732
0.184027777777778,-0.100020308481009
0.185416666666667,-0.121463811082734
0.186805555555556,-0.0919896586611423
0.188194444444444,-0.101745064710085
0.189583333333333,-0.110061971752271
0.190972222222222,-0.133354843126921
0.192361111111111,-0.133690303129898
0.19375,-0.12717768567901
0.195138888888889,-0.120660704357668
0.196527777777778,-0.12292211362222
0.197916666666667,-0.114975815791858
0.199305555555556,-0.10583133557381
0.200694444444444,-0.0993365166533516
0.202083333333333,-0.107424389827024
0.203472222222222,-0.109372356902914
0.204861111111111,-0.113465986170601
0.20625,-0.146355035109605
0.207638888888889,-0.151782440181437
0.209027777777778,-0.11362530616742
0.210416666666667,-0.124415589475101
0.211805555555556,-0.140735108920767
0.213194444444444,-0.125964147569242
0.214583333333333,-0.130104631850251
0.215972222222222,-0.132748432506335
0.217361111111111,-0.0852703027537958
0.21875,-0.119313655542485
0.220138888888889,-0.148105249605448
0.221527777777778,-0.153261400730109
0.222916666666667,-0.127634992400123
0.224305555555556,-0.0999559500615713
0.225694444444444,-0.102561293190745
0.227083333333333,-0.146341423712379
0.228472222222222,-0.110265224771645
0.229861111111111,-0.11804391995029
0.23125,-0.109644373216607
0.232638888888889,-0.116311703145532
0.234027777777778,-0.121679206466453
0.235416666666667,-0.150469360309578
0.236805555555556,-0.163999879023793
0.238194444444444,-0.155362057417779
0.239583333333333,-0.148228619314595
0.240972222222222,-0.174637504726738
0.242361111111111,-0.161430453781398
0.24375,-0.117800233991178
0.245138888888889,-0.129508531482827
0.246527777777778,-0.126974150740751
0.247916666666667,-0.108513774528354
0.249305555555556,-0.0938853735240458
0.250694444444444,-0.0944602801621527
0.252083333333333,-0.134324810718107
0.253472222222222,-0.0919624344059574
0.254861111111111,-0.0976658133532363
0.25625,-0.103748467526956
0.257638888888889,-0.102808812815201
0.259027777777778,-0.0894706995672183
0.260416666666667,-0.0774322120760954
0.261805555555556,-0.0952860787979434
0.263194444444444,-0.105628601879838
0.264583333333333,-0.0983067152206857
0.265972222222222,-0.094773886702627
0.267361111111111,-0.090491484460116
0.26875,-0.0945975355038416
0.270138888888889,-0.0749449994541294
0.271527777777778,-0.0971721798203589
0.272916666666667,-0.0809019881860004
0.274305555555556,-0.105343984786249
0.275694444444444,-0.1213564197854
0.277083333333333,-0.145039263182391
0.278472222222222,-0.112047156550508
0.279861111111111,-0.0950418644434218
0.28125,-0.0899031886382004
0.282638888888889,-0.10327430287784
0.284027777777778,-0.122256084379785
0.285416666666667,-0.0971894900365345
0.286805555555556,-0.0972032976912576
0.288194444444444,-0.0937651883590027
0.289583333333333,-0.0879045246379865
0.290972222222222,-0.0750662495052374
0.292361111111111,-0.0890632665666917
0.29375,-0.108625065858567
0.295138888888889,-0.0814385240502207
0.296527777777778,-0.0818550985307019
0.297916666666667,-0.102266058699692
0.299305555555556,-0.0718848595203976
0.300694444444444,-0.0685718298439875
0.302083333333333,-0.0681637087666255
0.303472222222222,-0.081832867538719
0.304861111111111,-0.0850142358954375
0.30625,-0.0836834176815236
0.307638888888889,-0.0793285550630128
0.309027777777778,-0.0899135240841507
0.310416666666667,-0.0983632358322769
0.311805555555556,-0.0794786746215988
0.313194444444444,-0.0648408735436389
0.314583333333333,0.00140328534014704
0.315972222222222,0.00152394556904813
0.317361111111111,-0.0224396042298167
0.31875,-0.0633148808979961
0.320138888888889,-0.0627774750657237
0.321527777777778,-0.0607198418944053
0.322916666666667,-0.068563902073637
0.324305555555556,-0.0683523961427588
0.325694444444444,-0.0383432102637994
0.327083333333333,-0.0422551997045307
0.328472222222222,-0.0406286248494933
0.329861111111111,-0.0240649660964475
0.33125,-0.0805591013009576
0.332638888888889,-0.0552244842674354
0.334027777777778,-0.037717080691407
0.335416666666667,-0.0537103104641185
0.336805555555556,-0.0542351222957982
0.338194444444444,-0.0708616655395473
0.339583333333333,-0.0669461336370079
0.340972222222222,-0.0515587949256186
0.342361111111111,-0.0241719379056192
0.34375,-0.0325644345929934
0.345138888888889,-0.0634292533975327
0.346527777777778,-0.041355296182765
0.347916666666667,-0.0457638084449784
0.349305555555556,-0.0518429330096734
0.350694444444444,-0.00531772764010203
0.352083333333333,0.0248390277512775
0.353472222222222,0.0134625080381289
0.354861111111111,0.0463031251854699
0.35625,0.0440875508557079
0.357638888888889,0.0172793466493752
0.359027777777778,-0.0228672459075772
0.360416666666667,-0.0261400754217319
0.361805555555556,-0.02563201588859
0.363194444444444,-0.0291293145136504
0.364583333333333,-0.0115780357689988
0.365972222222222,-0.0132091860660724
0.367361111111111,-0.0169907554926434
0.36875,-0.026234036689332
0.370138888888889,-0.0157766249608915
0.371527777777778,-0.0112792791903014
0.372916666666667,-0.0143385384554791
0.374305555555556,-0.0222618839797907
0.375694444444444,-0.0213155454822863
0.377083333333333,-0.00987567551135974
0.378472222222222,0.0130084992228082
0.379861111111111,0.0219677006432503
0.38125,0.00733713128893977
0.382638888888889,-0.0158314758246099
0.384027777777778,-0.00225080405763112
0.385416666666667,-0.00243271138675338
0.386805555555556,-0.00382248252720247
0.388194444444444,0.011961536190475
0.389583333333333,0.0109516296985928
0.390972222222222,0.0120246596083953
0.392361111111111,0.0162855845756043
0.39375,0.00357276223849231
0.395138888888889,-0.00345971729692979
0.396527777777778,0.036074643210919
0.397916666666667,0.044019188216553
0.399305555555556,0.0442280164352415
0.400694444444444,0.0478673554101925
0.402083333333333,0.0655937485263589
0.403472222222222,0.0619194939321313
0.404861111111111,0.0418822671355213
0.40625,0.0492439444075277
0.407638888888889,0.028099085501304
0.409027777777778,0.0313601943549852
0.410416666666667,0.0238835061638536
0.411805555555556,0.0602952547642658
0.413194444444444,0.0843984941620295
0.414583333333333,0.0457302387476351
0.415972222222222,0.0291150491477203
0.417361111111111,0.0304526866366542
0.41875,0.02413099377784
0.420138888888889,0.00636054915858882
0.421527777777778,0.0042961618318911
0.422916666666667,0.0242183240068502
0.424305555555556,0.0177850730473793
0.425694444444444,-0.00226134176837012
0.427083333333333,0.00353840689723045
0.428472222222222,0.0108039458166453
0.429861111111111,0.0114780148916517
0.43125,0.0045636817397859
0.432638888888889,0.0343547635860611
0.434027777777778,0.0195360782450409
0.435416666666667,0.00908290446147904
0.436805555555556,0.00742202578165554
0.438194444444444,0.00563767483145834
0.439583333333333,0.00402781322272858
0.440972222222222,-0.0256872356543512
0.442361111111111,-0.03516014990562
0.44375,-0.00743856885460142
0.445138888888889,0.017597604275784
0.446527777777778,0.0456778673345982
0.447916666666667,0.006418574332797
0.449305555555556,0.011228102579355
0.450694444444444,-0.0173696739119188
0.452083333333333,-0.0586355434172079
0.453472222222222,0.0238034552853242
0.454861111111111,0.0301632595170311
0.45625,0.0334158219156895
0.457638888888889,0.0389127468313045
0.459027777777778,0.0299705725338065
0.460416666666667,0.00290956674198358
0.461805555555556,-0.0266104909849952
0.463194444444444,-0.0377659659529867
0.464583333333333,-0.0335796964700795
0.465972222222222,-0.0363589721582457
0.467361111111111,-0.0413452257771664
0.46875,-0.0249254484454544
0.470138888888889,-0.0183894720790287
0.471527777777778,-0.020478756260824
0.472916666666667,-0.0827178278005014
0.474305555555556,-0.0600384705368262
0.475694444444444,-0.0814239290284684
0.477083333333333,-0.0748097788652773
0.478472222222222,-0.0727619894900818
0.479861111111111,-0.0951500779851383
0.48125,-0.0852365180897935
0.482638888888889,-0.0721287383091664
0.484027777777778,-0.0641164277743433
0.485416666666667,-0.0333839634774936
0.486805555555556,-0.0326003093449192
0.488194444444444,-0.0255251297552013
0.489583333333333,-0.0164111276605997
0.490972222222222,-0.00698937124203497
0.492361111111111,-0.0355757241744294
0.49375,-0.000614017679247708
0.495138888888889,-0.0253408008870253
0.496527777777778,-0.0558484880782101
0.497916666666667,-0.0380457237700859
0.499305555555556,-0.0349891138375038
0.500694444444444,-0.0301834895333505
0.502083333333333,0.0043582734127334
0.503472222222222,0.00206669724834907
0.504861111111111,0.00361859080205132
0.50625,-0.0089427058940799
0.507638888888889,-0.0159075008118406
0.509027777777778,-0.00670825285569254
0.510416666666667,-0.00879423379436693
0.511805555555556,-0.0138225206991802
0.513194444444444,-0.0123467629659502
0.514583333333333,-0.0109051190231288
0.515972222222222,0.00317495066745884
0.517361111111111,-0.0151606571571706
0.51875,0.000679422658620813
0.520138888888889,-0.0146017179379005
0.521527777777778,0.0149048878503199
0.522916666666667,-0.00101186833732224
0.524305555555556,0.0204347139227313
0.525694444444444,-0.0385776288976539
0.527083333333333,-0.0213759986947093
0.528472222222222,0.00663570185753317
0.529861111111111,0.0228373170000594
0.53125,0.00559028055908311
0.532638888888889,0.00213221210255788
0.534027777777778,-0.0124788617935867
0.535416666666667,0.000727313441461334
0.536805555555556,-0.0271508705759961
0.538194444444444,-0.00999487600881223
0.539583333333333,-0.0349490766608327
0.540972222222222,-0.0593963826249052
0.542361111111111,-0.0470616877079306
0.54375,-0.0397241160249154
0.545138888888889,-0.0292848833793266
0.546527777777778,-0.0226506511696257
0.547916666666667,-0.00565327733370356
0.549305555555556,-0.0204454375029358
0.550694444444444,-0.0119663850038916
0.552083333333333,-0.040902230756653
0.553472222222222,-0.0463540059261056
0.554861111111111,-0.0789082430887005
0.55625,-0.0252451702088375
0.557638888888889,-0.0300997335299448
0.559027777777778,-0.0521846109322789
0.560416666666667,-0.0325799158841007
0.561805555555556,-0.0220405806981003
0.563194444444444,-0.0211030190644909
0.564583333333333,-0.0229978164755888
0.565972222222222,0.0146909601321289
0.567361111111111,0.0128270741780231
0.56875,-0.0257421464888595
0.570138888888889,-0.0218062183466325
0.571527777777778,0.0127311021466635
0.572916666666667,0.0260252266120929
0.574305555555556,0.0180909894258168
0.575694444444444,0.000203122671159771
0.577083333333333,0.0309391601608047
0.578472222222222,0.0746427377795884
0.579861111111111,0.0907271576477016
0.58125,0.0508133525898781
0.582638888888889,0.0199735717409668
0.584027777777778,0.0260341005441449
0.585416666666667,0.00663961977406651
0.586805555555556,0.0280025960913517
0.588194444444444,0.0110114599323993
0.589583333333333,0.00376308794449265
0.590972222222222,0.0460431258175577
0.592361111111111,0.0381578663280496
0.59375,0.0428938930622125
0.595138888888889,0.00845131819868434
0.596527777777778,0.05725756715164
0.597916666666667,0.0424377847225999
0.599305555555556,0.0509728665568306
0.600694444444444,0.0393817704931319
0.602083333333333,0.0405911648732651
0.603472222222222,0.088036047432723
0.604861111111111,0.103565597340414
0.60625,0.0554962003895215
0.607638888888889,0.0611222963498219
0.609027777777778,0.0672569012601633
0.610416666666667,0.0609141142790685
0.611805555555556,0.0506583145191914
0.613194444444444,0.037137391908929
0.614583333333333,0.0390553814641782
0.615972222222222,0.0381742392778367
0.617361111111111,0.0202854430794131
0.61875,0.0198542541841786
0.620138888888889,0.0357943969205069
0.621527777777778,0.022311755238181
0.622916666666667,0.0429196255232726
0.624305555555556,0.0160327362321338
0.625694444444444,0.00451360352064963
0.627083333333333,0.0127670942931348
0.628472222222222,0.0232394163076633
0.629861111111111,-0.00433339205623278
0.63125,0.0324409320990793
0.632638888888889,0.0173977917240944
0.634027777777778,-0.000373380092517591
0.635416666666667,0.0105042138180158
0.636805555555556,0.00962205057303687
0.638194444444444,0.0333262075110346
0.639583333333333,0.0456841344634313
0.640972222222222,0.0445860096594507
0.642361111111111,0.0534981788934656
0.64375,0.056472945060983
0.645138888888889,0.026952149314125
0.646527777777778,0.0263041498674546
0.647916666666667,0.0573853008793192
0.649305555555556,0.0696863493136403
0.650694444444444,0.0658531077946599
0.652083333333333,0.0436800812393239
0.653472222222222,0.0111459801904801
0.654861111111111,0.0524245442446705
0.65625,0.0345574720454332
0.657638888888889,0.0461182188739344
0.659027777777778,0.0656027952895856
0.660416666666667,0.0533215163745416
0.661805555555556,0.0146068111664397
0.663194444444444,0.0166122438101603
0.664583333333333,0.00512773394872563
0.665972222222222,-0.00507047891662251
0.667361111111111,0.0222647736047628
0.66875,0.0226844825624108
0.670138888888889,0.0266737707301085
0.671527777777778,0.031519174180352
0.672916666666667,0.0461354011199316
0.674305555555556,0.0409482192423266
0.675694444444444,0.0176269908144276
0.677083333333333,0.0209341260439217
0.678472222222222,-0.00730114409169054
0.679861111111111,0.00974345688734507
0.68125,-0.0176466129235846
0.682638888888889,-0.0160761950731855
0.684027777777778,0.0105497610162377
0.685416666666667,-0.00228311318705167
0.686805555555556,0.0043018313146106
0.688194444444444,0.0115985635087125
0.689583333333333,0.00683872957581519
0.690972222222222,0.008736575647021
0.692361111111111,0.0159778236410152
0.69375,0.00404392193624867
0.695138888888889,0.00148665427927769
0.696527777777778,-0.0037791895104392
0.697916666666667,-0.00237865175817625
0.699305555555556,0.0155370670703347
0.700694444444444,0.0206931577800658
0.702083333333333,0.0472742070257604
0.703472222222222,0.0290025923088379
0.704861111111111,0.0252169324048153
0.70625,0.021401351123646
0.707638888888889,0.0118532735255634
0.709027777777778,0.000421043658583159
0.710416666666667,0.027704413270129
0.711805555555556,0.0366667449672482
0.713194444444444,0.0235531630258325
0.714583333333333,0.0362307687265339
0.715972222222222,0.0385139654774038
0.717361111111111,0.0284712433183863
0.71875,0.0254234753459825
0.720138888888889,0.0169835946320141
0.721527777777778,0.0267576130051527
0.722916666666667,0.0482097101522511
0.724305555555556,0.0376583828724173
0.725694444444444,0.0301460618847286
0.727083333333333,0.0162956526701883
0.728472222222222,0.0335493871005211
0.729861111111111,0.0370017184542831
0.73125,0.0214591898560909
0.732638888888889,-0.00283957228305165
0.734027777777778,0.00531942445050695
0.735416666666667,0.012474724049506
0.736805555555556,-0.00417363117724902
0.738194444444444,0.0162489185205321
0.739583333333333,-0.00602566942234197
0.740972222222222,-0.0138760117934546
0.742361111111111,-0.0215892950369504
0.74375,-0.0135391290645132
0.745138888888889,0.0109070655504016
0.746527777777778,0.00163450885788356
0.747916666666667,-0.0282168045744722
0.749305555555556,-0.0349067271225604
0.750694444444444,-0.0616724271944508
0.752083333333333,-0.0404775168667289
0.753472222222222,-0.0491487765258243
0.754861111111111,-0.0364589503126938
0.75625,-0.025137041472497
0.757638888888889,-0.0267835732447318
0.759027777777778,-0.0170797557267604
0.760416666666667,-0.0199217469745885
0.761805555555556,-0.0509248463151947
0.763194444444444,-0.0301799964919718
0.764583333333333,-0.0200025747071294
0.765972222222222,-0.0159074029287401
0.767361111111111,-0.0192787127002967
0.76875,-0.0141465364410085
0.770138888888889,-0.0189719021937727
0.771527777777778,-0.0083838806888312
0.772916666666667,-0.0118426730852105
0.774305555555556,-0.0255851446134878
0.775694444444444,-0.0474567582652408
0.777083333333333,-0.0577776301157503
0.778472222222222,-0.0390570545905888
0.779861111111111,-0.0161544789447566
0.78125,-0.0318122238415802
0.782638888888889,-0.0532343566237944
0.784027777777778,-0.0349992719285312
0.785416666666667,-0.0425499680945875
0.786805555555556,-0.0251041318071089
0.788194444444444,-0.0278515332181768
0.789583333333333,-0.0352033266939595
0.790972222222222,-0.0398048947212217
0.792361111111111,-0.0370304505731822
0.79375,0.00126012348770816
0.795138888888889,0.00520904139839918
0.796527777777778,-0.0353630226483972
0.797916666666667,-0.0407212065818368
0.799305555555556,-0.0567420951883361
0.800694444444444,-0.0341731667651987
0.802083333333333,-0.0416471467382977
0.803472222222222,-0.0350597567581688
0.804861111111111,-0.0421812322408512
0.80625,-0.0498706373523966
0.807638888888889,-0.0351891190177615
0.809027777777778,-0.0338519400994307
0.810416666666667,0.0127249404482968
0.811805555555556,-0.00216672950217864
0.813194444444444,-0.0170769110475485
0.814583333333333,-0.0388277768571709
0.815972222222222,-0.0484221484827809
0.817361111111111,-0.0363325233844965
0.81875,-0.00848663340189005
0.820138888888889,-0.00544237327890278
0.821527777777778,-0.0492654500408113
0.822916666666667,-0.0401968360536349
0.824305555555556,-0.0280320493539053
0.825694444444444,-0.0355211008349661
0.827083333333333,-0.0407787950374424
0.828472222222222,-0.0298555136563661
0.829861111111111,-0.0140364220035703
0.83125,0.0092116656331126
0.832638888888889,-0.0103697606477014
0.834027777777778,-0.000900007404931125
0.835416666666667,-0.00283628132396992
0.836805555555556,0.0039241396765267
0.838194444444444,-0.000682468911096287
0.839583333333333,-0.0373177482365815
0.840972222222222,-0.0200643738964033
0.842361111111111,-0.0181063732385166
0.84375,-0.00569114458852979
0.845138888888889,0.0440701016472527
0.846527777777778,0.0406942560927767
0.847916666666667,0.0577797782751828
0.849305555555556,0.0624707445040791
0.850694444444444,0.0665402232248624
0.852083333333333,0.0554722740674362
0.853472222222222,0.0758060832167919
0.854861111111111,0.0692592436036012
0.85625,0.0432156324891751
0.857638888888889,0.0226599185473359
0.859027777777778,0.0194723171335429
0.860416666666667,0.0106437110096105
0.861805555555556,-0.00230878709007716
0.863194444444444,0.0156324444003427
0.864583333333333,0.0154354322242646
0.865972222222222,0.00135663200211028
0.867361111111111,-0.000382464512642932
0.86875,-0.0156773957769362
0.870138888888889,0.0237177038653467
0.871527777777778,0.0384626403071738
0.872916666666667,0.0785521284037523
0.874305555555556,0.0942036916020525
0.875694444444444,0.0583693275304034
0.877083333333333,0.0744308377853383
0.878472222222222,0.0790113538118248
0.879861111111111,0.126160595337808
0.88125,0.0975081775379583
0.882638888888889,0.103774365105724
0.884027777777778,0.0794442167848661
0.885416666666667,0.0716700388655626
0.886805555555556,0.0506593889381765
0.888194444444444,0.040029613857556
0.889583333333333,0.0368940757319437
0.890972222222222,0.0460187934521608
0.892361111111111,0.0468316901331097
0.89375,0.0518006601447789
0.895138888888889,0.0282952172803693
0.896527777777778,0.0232489099339208
0.897916666666667,0.0223266005341156
0.899305555555556,0.00711342196812757
0.900694444444444,-0.00199754467963559
0.902083333333333,0.0422332946784015
0.903472222222222,0.0360443557366458
0.904861111111111,0.0592616416870002
0.90625,0.0513618992000998
0.907638888888889,0.0497163989928872
0.909027777777778,0.0593175316993867
0.910416666666667,0.0597527564514119
0.911805555555556,0.0296435480516146
0.913194444444444,0.014144154985024
0.914583333333333,0.0117538125149883
0.915972222222222,0.0184435923958835
0.917361111111111,0.0161987285494468
0.91875,0.0141013947698131
0.920138888888889,0.0173068036997818
0.921527777777778,0.0108710223800041
0.922916666666667,0.0212760935834079
0.924305555555556,0.0167028627261814
0.925694444444444,0.00929603381447126
0.927083333333333,0.00492759234259807
0.928472222222222,0.0123111668467076
0.929861111111111,0.0107842909422641
0.93125,0.0471160347415625
0.932638888888889,0.0294619963198519
0.934027777777778,0.0128005205045201
0.935416666666667,0.0671761212800799
0.936805555555556,0.0848796456164145
0.938194444444444,0.0318206892471149
0.939583333333333,0.0368088695377156
0.940972222222222,0.0339478207632374
0.942361111111111,0.00910909178790151
0.94375,0.0218598281735865
0.945138888888889,0.0154342553180929
0.946527777777778,0.0182473191597832
0.947916666666667,0.0187312705666365
0.949305555555556,0.0038136821470774
0.950694444444444,-0.011549039955816
0.952083333333333,-0.0231445525667707
0.953472222222222,-0.0238120090983556
0.954861111111111,0.00231995821708924
0.95625,0.0442869752952911
0.957638888888889,0.0426256145578471
0.959027777777778,0.0296473734736357
0.960416666666667,0.0394676464159771
0.961805555555556,0.0404013413492798
0.963194444444444,0.0103670620420087
0.964583333333333,0.0416762536154263
0.965972222222222,0.0457838917268259
0.967361111111111,0.0351862287433248
0.96875,0.041831192890805
0.970138888888889,0.031684408469398
0.971527777777778,0.0428331094520958
0.972916666666667,0.039904291484818
0.974305555555556,0.0277305450436876
0.975694444444444,0.0171109339498192
0.977083333333333,0.0312118494990612
0.978472222222222,0.0295461734028868
0.979861111111111,0.0341855837584555
0.98125,0.0217730512239908
0.982638888888889,0.0410769181065135
0.984027777777778,0.0566735413858212
0.985416666666667,0.0687824441880222
0.986805555555556,0.0301922024483349
0.988194444444444,0.0052322770336742
0.989583333333333,0.00980640697199971
0.990972222222222,0.00741008419713991
0.992361111111111,-0.0054652544502529
0.99375,0.00327281587835534
0.995138888888889,-0.0126578963206737
0.996527777777778,0.0182728035268924
0.997916666666667,0.0147532520828709
0.999305555555556,0.026868946473861
1.00069444444444,0.0181083357584727
1.00208333333333,0.0172327025364349
1.00347222222222,0.0087237368900342
1.00486111111111,0.00792178418445989
1.00625,-0.0112488693414097
1.00763888888889,0.0201874084565388
1.00902777777778,0.0102963513594023
1.01041666666667,0.000107471179995517
1.01180555555556,-0.0133177615884226
1.01319444444444,-0.0154129819227814
1.01458333333333,0.00663478858064094
1.01597222222222,0.00819870082354056
1.01736111111111,0.0185530678417014
1.01875,0.0386577495628631
1.02013888888889,0.030601538588818
1.02152777777778,0.0339706503781361
1.02291666666667,0.0209105258828964
1.02430555555556,-0.00446755750890604
1.02569444444444,-0.000452106107653971
1.02708333333333,0.00771957845316034
1.02847222222222,0.0499762247741224
1.02986111111111,0.0602807917977886
1.03125,0.0215452518200344
1.03263888888889,0.0474120498858601
1.03402777777778,0.0422412564904743
1.03541666666667,0.0348875826197765
1.03680555555556,0.0641333542976917
1.03819444444444,0.0528497657810561
1.03958333333333,0.0373073936386502
1.04097222222222,0.036802908989836
1.04236111111111,0.0592700116999369
1.04375,0.0382277562223591
1.04513888888889,0.0483349465035074
1.04652777777778,0.0198461492827635
1.04791666666667,0.0192739898150853
1.04930555555556,0.0455640681415347
1.05069444444444,0.0180604538891632
1.05208333333333,0.0282917243422325
1.05347222222222,0.0453063491720421
1.05486111111111,0.0144689042679486
1.05625,0.0128481051856802
1.05763888888889,0.0236056468165411
1.05902777777778,0.0399762763557278
1.06041666666667,0.0426878143304454
1.06180555555556,0.0282447343541718
1.06319444444444,0.0272770479682948
1.06458333333333,0.0398593900205248
1.06597222222222,0.0165756700934618
1.06736111111111,-0.00448660909298465
1.06875,0.00218763711711816
1.07013888888889,0.0547875719881522
1.07152777777778,0.0557760476177719
1.07291666666667,0.0409278795227907
1.07430555555556,0.0453631969627295
1.07569444444444,0.0556549379087195
1.07708333333333,0.0346507722728476
1.07847222222222,0.0164139645973062
1.07986111111111,0.0310557852881691
1.08125,0.0414346449290323
1.08263888888889,0.0512790349956694
1.08402777777778,0.0453830799099569
1.08541666666667,0.000139905595527365
1.08680555555556,-0.0361443224093655
1.08819444444444,-0.0312551374879679
1.08958333333333,-0.0128877434565348
1.09097222222222,-0.0191702675597466
1.09236111111111,-0.015920364010204
1.09375,-0.041974825647171
1.09513888888889,-0.0194211183274834
1.09652777777778,-0.0210393469250748
1.09791666666667,0.0223019715728772
1.09930555555556,-0.009598399727808
1.10069444444444,-0.0500833323558874
1.10208333333333,-0.0407256458590124
1.10347222222222,-0.0360196856613
1.10486111111111,-0.0539454286397494
1.10625,-0.0542578570678832
1.10763888888889,-0.0784165515496564
1.10902777777778,-0.0692721740237295
1.11041666666667,-0.0752822262952296
1.11180555555556,-0.0834748267602917
1.11319444444444,-0.0654284229912839
1.11458333333333,-0.0929493425565306
1.11597222222222,-0.0822128495498847
1.11736111111111,-0.100356623037833
1.11875,-0.085017914467095
1.12013888888889,-0.100663073340606
1.12152777777778,-0.0529864462783006
1.12291666666667,-0.0593225210032529
1.12430555555556,-0.0624274587679736
1.12569444444444,-0.0872419043446306
1.12708333333333,-0.0396939674395693
1.12847222222222,-0.0187790613416322
1.12986111111111,-0.0394971018650927
1.13125,-0.0268688187714214
1.13263888888889,0.00869873406659974
1.13402777777778,0.0225925693746371
1.13541666666667,-0.014458773169319
1.13680555555556,-0.0453933719604386
1.13819444444444,-0.0455331649645522
1.13958333333333,-0.0240251703556165
1.14097222222222,-0.0407850160698849
1.14236111111111,-0.00976913431884061
1.14375,-0.0495954130018582
1.14513888888889,-0.0518414763004719
1.14652777777778,-0.0752292001608055
1.14791666666667,-0.0752492937988296
1.14930555555556,-0.0424328072553771
1.15069444444444,-0.0311326478302749
1.15208333333333,-0.071012854076696
1.15347222222222,-0.0475928600409324
1.15486111111111,-0.0375624476324742
1.15625,-0.0487783376156774
1.15763888888889,-0.038787014893199
1.15902777777778,-0.0285608176449037
1.16041666666667,-0.0137658704540578
1.16180555555556,-0.000774275987524865
1.16319444444444,-0.0113671872044634
1.16458333333333,-0.0366900358092845
1.16597222222222,-0.0390111639832918
1.16736111111111,-0.0297896062818101
1.16875,-0.0438081891297349
1.17013888888889,-0.0548019418399752
1.17152777777778,-0.0394983897438587
1.17291666666667,-0.0262507274980706
1.17430555555556,-0.0478808761749013
1.17569444444444,-0.0684197385928401
1.17708333333333,-0.0491980221839631
1.17847222222222,-0.0496610190666209
1.17986111111111,-0.0272447564128173
1.18125,-0.0322525208539791
1.18263888888889,-0.0397929550416045
1.18402777777778,-0.0731573204629313
1.18541666666667,-0.0878123983985881
1.18680555555556,-0.0806121255011282
1.18819444444444,-0.0729581611438638
1.18958333333333,-0.0990651423578848
1.19097222222222,-0.12100787241942
1.19236111111111,-0.121479992802319
1.19375,-0.114735393191396
1.19513888888889,-0.110886702121484
1.19652777777778,-0.0553532718215251
1.19791666666667,-0.063156205871573
1.19930555555556,-0.0548067838724083
1.20069444444444,-0.0904553274902435
1.20208333333333,-0.0461025492182222
1.20347222222222,-0.0674874940808805
1.20486111111111,-0.0778831726023309
1.20625,-0.0666528911589939
1.20763888888889,-0.0349012313554333
1.20902777777778,-0.0445980806938724
1.21041666666667,-0.0373508389727329
1.21180555555556,-0.0415133570767388
1.21319444444444,-0.0524865806935632
1.21458333333333,-0.0800495489658174
1.21597222222222,-0.0858086687157552
1.21736111111111,-0.0594336008843673
1.21875,-0.0534711734894728
1.22013888888889,-0.0561204753160527
1.22152777777778,-0.0517014533009032
1.22291666666667,-0.0720707654512376
1.22430555555556,-0.0805381916146835
1.22569444444444,-0.0699317522591491
1.22708333333333,-0.0587901783819498
1.22847222222222,-0.0418358412413018
1.22986111111111,-0.0522571024939029
1.23125,-0.0556389995003594
1.23263888888889,-0.0345092441436325
1.23402777777778,-0.0440362742028386
1.23541666666667,-0.0389624664000985
1.23680555555556,-0.0602549215575771
1.23819444444444,-0.05829106935923
1.23958333333333,-0.0707888996613671
1.24097222222222,-0.0888075018391803
1.24236111111111,-0.0862918147457514
1.24375,-0.0664320528804586
1.24513888888889,-0.0165914855001839
1.24652777777778,-0.00270795200849318
1.24791666666667,-0.0149682184101031
1.24930555555556,-0.000695486368396444
1.25069444444444,-0.0499770189592712
1.25208333333333,-0.024227669271263
1.25347222222222,-0.032118195723717
1.25486111111111,-0.0411243569825726
1.25625,-0.0739208788308673
1.25763888888889,-0.0610968381433076
1.25902777777778,-0.0254510100506069
1.26041666666667,-0.0571670846268247
1.26180555555556,0.00971535784365924
1.26319444444444,0.00346146788093499
1.26458333333333,-0.00886137879932512
1.26597222222222,-0.0101807900384736
1.26736111111111,-0.0171758402780081
1.26875,-0.0325128194226028
1.27013888888889,-0.0627470636261726
1.27152777777778,-0.0787158399665667
1.27291666666667,-0.0968867066857734
1.27430555555556,-0.0520983983390241
1.27569444444444,-0.0706491363883026
1.27708333333333,-0.0771371193594298
1.27847222222222,-0.0830731795314169
1.27986111111111,-0.0750587079575774
1.28125,-0.0672837306181414
1.28263888888889,-0.0304615149535095
1.28402777777778,-0.0250422676338054
1.28541666666667,-0.0151213644637167
1.28680555555556,-0.0295004080980579
1.28819444444444,-0.0411096118190815
1.28958333333333,-0.0350850856797165
1.29097222222222,-0.0347959877823899
1.29236111111111,-0.0575732582799142
1.29375,-0.0423377896116607
1.29513888888889,-0.0371784985721143
1.29652777777778,-0.0439419086536052
1.29791666666667,-0.0341712222182231
1.29930555555556,-0.0538118612530888
1.30069444444444,-0.0251896390661808
1.30208333333333,-0.0351703357225699
1.30347222222222,-0.0379826586384587
1.30486111111111,-0.0207528826964033
1.30625,-0.0231498845794468
1.30763888888889,-0.0164410712239896
1.30902777777778,-0.0225281347731083
1.31041666666667,-0.0430860914585793
1.31180555555556,-0.0182813552466171
1.31319444444444,-0.0399168742738406
1.31458333333333,-0.0175937609085765
1.31597222222222,-0.0340459999575742
1.31736111111111,-0.0516162990029375
1.31875,-0.0460309613667904
1.32013888888889,-0.0626987149464038
1.32152777777778,-0.0637764835955157
1.32291666666667,-0.086071348849375
1.32430555555556,-0.0843010962120617
1.32569444444444,-0.047473624388778
1.32708333333333,-0.0661575233799127
1.32847222222222,-0.0824058465277754
1.32986111111111,-0.0735566077502953
1.33125,-0.0634276969075657
1.33263888888889,-0.0827633799432592
1.33402777777778,-0.105760661131452
1.33541666666667,-0.0933705511652411
1.33680555555556,-0.123290537583585
1.33819444444444,-0.104906748768849
1.33958333333333,-0.0994192766697928
1.34097222222222,-0.0898269864952145
1.34236111111111,-0.085290322235564
1.34375,-0.054382495528381
1.34513888888889,-0.0464084625984
1.34652777777778,-0.0415584274304655
1.34791666666667,-0.074476798879658
1.34930555555556,-0.0724456103960739
1.35069444444444,-0.0527494089750927
1.35208333333333,-0.0890220812332876
1.35347222222222,-0.0666228393063698
1.35486111111111,-0.0611691910923613
1.35625,-0.0650061332137045
1.35763888888889,-0.0494224547236015
1.35902777777778,-0.0108426805005807
1.36041666666667,-0.000349369483927306
1.36180555555556,-0.0059775655401321
1.36319444444444,-0.0112401507812394
1.36458333333333,-0.0469092937043704
1.36597222222222,-0.0507442328818291
1.36736111111111,0.00172469569318052
1.36875,-0.0603220125340991
1.37013888888889,0.0145294712561169
1.37152777777778,0.0457433587429865
1.37291666666667,0.0901101671897247
1.37430555555556,0.0754039206032661
1.37569444444444,0.0731124762049356
1.37708333333333,0.0811247693184701
1.37847222222222,0.0726171844122959
1.37986111111111,0.0184488008042149
1.38125,0.0368618090648164
1.38263888888889,0.070874810681693
1.38402777777778,0.0922915514605573
1.38541666666667,0.078338079164067
1.38680555555556,0.0577400523570525
1.38819444444444,0.05386211849175
1.38958333333333,0.0805853262617837
1.39097222222222,0.104846617520337
1.39236111111111,0.09841299491207
1.39375,0.0586177106598364
1.39513888888889,0.104488888107409
1.39652777777778,0.0872205161553955
1.39791666666667,0.0967423073954279
1.39930555555556,0.0868158321988649
1.40069444444444,0.0869096696869485
1.40208333333333,0.112225697757786
1.40347222222222,0.0998626108234349
1.40486111111111,0.0782057751660831
1.40625,0.0876255682418743
1.40763888888889,0.0525673809617256
1.40902777777778,0.106033101606204
1.41041666666667,0.107124401551466
1.41180555555556,0.110786095114918
1.41319444444444,0.124430999534156
1.41458333333333,0.105952890314232
1.41597222222222,0.0650830217391733
1.41736111111111,0.0733427059832959
1.41875,0.0390668837645791
1.42013888888889,0.0306219807915998
1.42152777777778,0.0314780405489481
1.42291666666667,0.0422317846552055
1.42430555555556,0.066122594722663
1.42569444444444,0.0500018683474839
1.42708333333333,0.039159979668282
1.42847222222222,0.0557248852940856
1.42986111111111,0.0511601840483237
1.43125,0.00331910817008096
1.43263888888889,0.00846164797891428
1.43402777777778,0.0372983786911167
1.43541666666667,0.108233271972478
1.43680555555556,0.101202616066926
1.43819444444444,0.0381207561513797
1.43958333333333,0.0487991038772353
1.44097222222222,0.0559449105179749
1.44236111111111,0.031831284102639
1.44375,0.0296139817394345
1.44513888888889,0.0407135714689372
1.44652777777778,0.0777185115839162
1.44791666666667,0.160206519017201
1.44930555555556,0.138404403151543
1.45069444444444,0.138016626246335
1.45208333333333,0.0910623821696326
1.45347222222222,0.115008719165039
1.45486111111111,0.143769596217535
1.45625,0.123890966919939
1.45763888888889,0.0971638087737742
1.45902777777778,0.140272542885357
1.46041666666667,0.102645138190834
1.46180555555556,0.147063514797316
1.46319444444444,0.130931803730925
1.46458333333333,0.119012568123123
1.46597222222222,0.145843789917245
1.46736111111111,0.165977146169775
1.46875,0.0985240293627277
1.47013888888889,0.101471280358056
1.47152777777778,0.0816862597210464
1.47291666666667,0.0876759526557771
1.47430555555556,0.0746745639905074
1.47569444444444,0.0787339636224134
1.47708333333333,0.0143391985943321
1.47847222222222,0.0147850803895648
1.47986111111111,0.0321300931221788
1.48125,0.0548301752683089
1.48263888888889,0.0363281818231485
1.48402777777778,0.0198215679844878
1.48541666666667,0.0497499688584148
1.48680555555556,0.070894787492468
1.48819444444444,0.0371992615647565
1.48958333333333,0.0174518450683342
1.49097222222222,0.0151692577493114
1.49236111111111,0.0243438783881591
1.49375,0.0449104120637476
1.49513888888889,-0.0155432690279351
1.49652777777778,-0.0462324106917737
1.49791666666667,-0.0597658988774562
1.49930555555556,0.0517326096512372
1.50069444444444,-0.0262292369049656
1.50208333333333,-0.0579918249110296
1.50347222222222,-0.0274057142473107
1.50486111111111,0.0377016517315875
1.50625,0.0149900107567538
1.50763888888889,0.0212402887168393
1.50902777777778,0.00759194409451418
1.51041666666667,0.0269977680237764
1.51180555555556,0.0566178532639493
1.51319444444444,0.0619670006640229
1.51458333333333,0.0539122519013269
1.51597222222222,0.0544786091874135
1.51736111111111,-0.014341213956126
1.51875,-0.0491936402321102
1.52013888888889,-0.020112016340481
1.52152777777778,0.0590601435381362
1.52291666666667,0.0272663657531168
1.52430555555556,-0.0138171737364434
1.52569444444444,-0.0301384623769183
1.52708333333333,-0.0234610210531941
1.52847222222222,0.0555447614447668
1.52986111111111,0.0532432375654003
1.53125,0.0632568319217386
1.53263888888889,2.92075481262683e-05
1.53402777777778,0.0271226844195009
1.53541666666667,0.0290457478948376
1.53680555555556,0.0487367616417895
1.53819444444444,0.00499911732278442
1.53958333333333,0.00525610910610353
1.54097222222222,-0.00497397377804299
1.54236111111111,-0.0489635178846997
1.54375,0.0925317092289877
1.54513888888889,0.0850119238335443
1.54652777777778,0.0956942407901552
1.54791666666667,0.0665512713038133
1.54930555555556,0.0487617819235555
1.55069444444444,0.0566592881957389
1.55208333333333,0.106415093241459
1.55347222222222,0.103055284420286
1.55486111111111,0.0913823062602014
1.55625,0.0871498708949468
1.55763888888889,0.108844173034337
1.55902777777778,0.133234809673101
1.56041666666667,0.120764550798909
1.56180555555556,0.0988662118289335
1.56319444444444,0.102417761041936
1.56458333333333,0.09700804285343
1.56597222222222,0.0956511750511898
1.56736111111111,0.076590642518023
1.56875,0.126928261326656
1.57013888888889,0.0884010578421405
1.57152777777778,0.0486618759034337
1.57291666666667,0.0656586864684147
1.57430555555556,0.0377565149342759
1.57569444444444,0.0813074063833543
1.57708333333333,0.117509629118558
1.57847222222222,0.0956380153564748
1.57986111111111,0.104364024804379
1.58125,0.0907109523870135
1.58263888888889,0.12645470969259
1.58402777777778,0.193741679599267
1.58541666666667,0.196253640966231
1.58680555555556,0.177426320774222
1.58819444444444,0.134728242605812
1.58958333333333,0.15031721589593
1.59097222222222,0.0884437053028585
1.59236111111111,0.122019115163845
1.59375,0.119087773122516
1.59513888888889,0.114013236804946
1.59652777777778,0.0841053884808081
1.59791666666667,0.11030772872513
1.59930555555556,0.127497028324694
1.60069444444444,0.0971974309983717
1.60208333333333,0.174561745935333
1.60347222222222,0.139880354582639
1.60486111111111,0.0690456539094654
1.60625,0.0947205823974184
1.60763888888889,0.124435349511759
1.60902777777778,0.13759228334469
1.61041666666667,0.0939033760106929
1.61180555555556,0.0796983491587701
1.61319444444444,0.091758557844627
1.61458333333333,0.0867131694598901
1.61597222222222,0.0966982581514953
1.61736111111111,0.164041136366678
1.61875,0.180646710186379
1.62013888888889,0.155590167436726
1.62152777777778,0.218778015515625
1.62291666666667,0.187541142918267
1.62430555555556,0.246106621512247
1.62569444444444,0.237464231642032
1.62708333333333,0.22326736207873
1.62847222222222,0.198946363963886
1.62986111111111,0.20905492702318
1.63125,0.215529490628395
1.63263888888889,0.187420267367613
1.63402777777778,0.217543272942879
1.63541666666667,0.194670375193506
1.63680555555556,0.230974381633203
1.63819444444444,0.235646670620565
1.63958333333333,0.283027038108972
1.64097222222222,0.247805552449102
1.64236111111111,0.247709945541284
1.64375,0.24635386841657
1.64513888888889,0.250273539402085
1.64652777777778,0.250559680878089
1.64791666666667,0.241515931892576
1.64930555555556,0.221025339505146
1.65069444444444,0.199609312338651
1.65208333333333,0.104027368344231
1.65347222222222,0.151392179794845
1.65486111111111,0.169589228803804
1.65625,0.196608822127129
1.65763888888889,0.194573834941266
1.65902777777778,0.216828672873579
1.66041666666667,0.209353191265841
1.66180555555556,0.260997768593239
1.66319444444444,0.210996629581584
1.66458333333333,0.242378095023835
1.66597222222222,0.167496733382546
1.66736111111111,0.134062342412584
1.66875,0.130627001723582
1.67013888888889,0.0943744249066732
1.67152777777778,0.0648662062752307
1.67291666666667,0.0775307705261308
1.67430555555556,0.0826852215802504
1.67569444444444,0.159755777681416
1.67708333333333,0.158228458358932
1.67847222222222,0.243388433521299
1.67986111111111,0.21175319168515
1.68125,0.234878362303174
1.68263888888889,0.237174846278695
1.68402777777778,0.164089120699123
1.68541666666667,0.121962578194747
1.68680555555556,0.117111364205119
1.68819444444444,0.122970230688729
1.68958333333333,0.141331119021976
1.69097222222222,0.164896197201453
1.69236111111111,0.0877044237101096
1.69375,0.185136617140571
1.69513888888889,0.232372938909627
1.69652777777778,0.255985277617298
1.69791666666667,0.260711733753019
1.69930555555556,0.192080478768654
1.70069444444444,0.201257675639293
1.70208333333333,0.225298196449909
1.70347222222222,0.257935455525323
1.70486111111111,0.204525359743565
1.70625,0.171823377696667
1.70763888888889,0.164757995281401
1.70902777777778,0.0993447827763719
1.71041666666667,0.0715904453803466
1.71180555555556,0.0891843156133593
1.71319444444444,0.0886823738983577
1.71458333333333,0.134641957272413
1.71597222222222,0.167193751174202
1.71736111111111,0.16264099161383
1.71875,0.127440712190955
1.72013888888889,0.0896304239952671
1.72152777777778,0.0875779001799867
1.72291666666667,0.110953184198637
1.72430555555556,0.138782227577618
1.72569444444444,0.156632988087233
1.72708333333333,0.166254210660428
1.72847222222222,0.196087823342178
1.72986111111111,0.177956364182132
1.73125,0.239840859330674
1.73263888888889,0.194268688999292
1.73402777777778,0.205118771940227
1.73541666666667,0.161231263336983
1.73680555555556,0.149273555041061
1.73819444444444,0.135495043617435
1.73958333333333,0.196869312817513
1.74097222222222,0.205649703000777
1.74236111111111,0.191961773683435
1.74375,0.19343636786881
1.74513888888889,0.228614153065589
1.74652777777778,0.194665754926275
1.74791666666667,0.257188238287528
1.74930555555556,0.229081473407409
1.75069444444444,0.171929363686135
1.75208333333333,0.137568336862264
1.75347222222222,0.179913070610352
1.75486111111111,0.178345456555047
1.75625,0.166755359991354
1.75763888888889,0.155270275040186
1.75902777777778,0.208063086473766
1.76041666666667,0.213511086757425
1.76180555555556,0.190949270938607
1.76319444444444,0.196255849992588
1.76458333333333,0.236757617568919
1.76597222222222,0.206409010030152
1.76736111111111,0.15753931418463
1.76875,0.160355522476952
1.77013888888889,0.178495069530351
1.77152777777778,0.122036328997813
1.77291666666667,0.126356698715964
1.77430555555556,0.104087375429454
1.77569444444444,0.0874970179106779
1.77708333333333,0.147605944520566
1.77847222222222,0.149060078858826
1.77986111111111,0.146178850252299
1.78125,0.205121874825884
1.78263888888889,0.186188348060999
1.78402777777778,0.171120122709973
1.78541666666667,0.165800445782026
1.78680555555556,0.197689267953963
1.78819444444444,0.14099525285874
1.78958333333333,0.14387781978206
1.79097222222222,0.178377356170108
1.79236111111111,0.221840855179268
1.79375,0.243581412946993
1.79513888888889,0.280949069995961
1.79652777777778,0.259903876323632
1.79791666666667,0.194687159392903
1.79930555555556,0.183412952725833
1.80069444444444,0.110710903806407
1.80208333333333,0.116630227740946
1.80347222222222,0.145279702264794
1.80486111111111,0.124866166218024
1.80625,0.132574540958295
1.80763888888889,0.121339020545799
1.80902777777778,0.160487793549686
1.81041666666667,0.0926112551032467
1.81180555555556,0.135572769818187
1.81319444444444,0.171032009976409
1.81458333333333,0.156718385857537
1.81597222222222,0.190020167932806
1.81736111111111,0.202508526773198
1.81875,0.249959923165726
1.82013888888889,0.180292195599437
1.82152777777778,0.226253029942553
1.82291666666667,0.257180312632946
1.82430555555556,0.242874362913647
1.82569444444444,0.18106563049127
1.82708333333333,0.266019880874316
1.82847222222222,0.182270952262922
1.82986111111111,0.160628129232352
1.83125,0.172876340787594
1.83263888888889,0.167604561097069
1.83402777777778,0.261587791176445
1.83541666666667,0.238178322333592
1.83680555555556,0.190058913201597
1.83819444444444,0.228359179256229
1.83958333333333,0.21910701212141
1.84097222222222,0.263013688029412
1.84236111111111,0.222926980159288
1.84375,0.204869108305664
1.84513888888889,0.213215744256868
1.84652777777778,0.172056277669391
1.84791666666667,0.155267971811597
1.84930555555556,0.173143702735708
1.85069444444444,0.111549243571554
1.85208333333333,0.105451503020755
1.85347222222222,0.114430209398729
1.85486111111111,0.189310338120855
1.85625,0.202169795015599
1.85763888888889,0.197930018086644
1.85902777777778,0.121736295071377
1.86041666666667,0.164542480582723
1.86180555555556,0.223130224761354
1.86319444444444,0.191857593233422
1.86458333333333,0.165144575067177
1.86597222222222,0.197614309005873
1.86736111111111,0.225541112202235
1.86875,0.273283809118927
1.87013888888889,0.259489354381692
1.87152777777778,0.245939579131258
1.87291666666667,0.262412251168268
1.87430555555556,0.239042793292077
1.87569444444444,0.199017856190771
1.87708333333333,0.309828863062114
1.87847222222222,0.280165751867373
1.87986111111111,0.261560820662913
1.88125,0.314006828588253
1.88263888888889,0.293088879188816
1.88402777777778,0.265366340757972
1.88541666666667,0.274955023139962
1.88680555555556,0.295655901433145
1.88819444444444,0.289247112105471
1.88958333333333,0.243357510223095
1.89097222222222,0.20839219933472
1.89236111111111,0.217234108944251
1.89375,0.252914749162462
1.89513888888889,0.324728302150014
1.89652777777778,0.333636271447987
1.89791666666667,0.379565239375646
1.89930555555556,0.372707084949251
1.90069444444444,0.270165621588283
1.90208333333333,0.318700580720696
1.90347222222222,0.255782735299675
1.90486111111111,0.248130216624884
1.90625,0.271973208377187
1.90763888888889,0.28237778870741
1.90902777777778,0.301084858388379
1.91041666666667,0.261595480154623
1.91180555555556,0.207312102868676
1.91319444444444,0.219088116754777
1.91458333333333,0.287649837723089
1.91597222222222,0.243605421120206
1.91736111111111,0.240007825845042
1.91875,0.245431590778346
1.92013888888889,0.237549804542463
1.92152777777778,0.284095155487546
1.92291666666667,0.321666661204388
1.92430555555556,0.311339133246477
1.92569444444444,0.300571915559159
1.92708333333333,0.314164791202714
1.92847222222222,0.25083112990388
1.92986111111111,0.236653992388443
1.93125,0.245135135891425
1.93263888888889,0.261169160747439
1.93402777777778,0.246954424818744
1.93541666666667,0.212469614193613
1.93680555555556,0.28874474220932
1.93819444444444,0.26012067878975
1.93958333333333,0.216126815471641
1.94097222222222,0.22628629059237
1.94236111111111,0.239406080658976
1.94375,0.193603463766377
1.94513888888889,0.278624905955083
1.94652777777778,0.265846783106885
1.94791666666667,0.262128809942758
1.94930555555556,0.268597883210553
1.95069444444444,0.290400151288925
1.95208333333333,0.289601095885803
1.95347222222222,0.292291598181171
1.95486111111111,0.23208712494844
1.95625,0.217663645272802
1.95763888888889,0.310328528352289
1.95902777777778,0.277811037853358
1.96041666666667,0.225676197938967
1.96180555555556,0.22624455195005
1.96319444444444,0.206846298029904
1.96458333333333,0.173709531203427
1.96597222222222,0.24954802594217
1.96736111111111,0.249157753852667
1.96875,0.226345513803263
1.97013888888889,0.183880891526984
1.97152777777778,0.222666017732809
1.97291666666667,0.20507716801438
1.97430555555556,0.196460158176496
1.97569444444444,0.21156506965031
1.97708333333333,0.248721040148797
1.97847222222222,0.292942717027725
1.97986111111111,0.152538016060354
1.98125,0.159640899640763
1.98263888888889,0.165821669005612
1.98402777777778,0.17719982773732
1.98541666666667,0.260041166906307
1.98680555555556,0.259006500654559
1.98819444444444,0.276522453087763
1.98958333333333,0.269032587102343
1.99097222222222,0.309368155277033
1.99236111111111,0.258518280224779
1.99375,0.280526013966965
1.99513888888889,0.339995115329863
1.99652777777778,0.395733024165143
1.99791666666667,0.361167176229143
1.99930555555556,0.33249508039181
2.00069444444444,0.308602874355899
2.00208333333333,0.231699157686576
2.00347222222222,0.251715814776174
2.00486111111111,0.257012096780424
2.00625,0.222709871824549
2.00763888888889,0.22479508614387
2.00902777777778,0.23308922448875
2.01041666666667,0.249462230471025
2.01180555555556,0.288739110182531
2.01319444444444,0.302445383799683
2.01458333333333,0.212356779279656
2.01597222222222,0.332941543601177
2.01736111111111,0.316159548789827
2.01875,0.356029758306826
2.02013888888889,0.316997541998649
2.02152777777778,0.352289993379658
2.02291666666667,0.27724852927437
2.02430555555556,0.274686993691972
2.02569444444444,0.30635756744842
2.02708333333333,0.283923678080849
2.02847222222222,0.257130961266454
2.02986111111111,0.221567560905284
2.03125,0.264583372360021
2.03263888888889,0.222685250330065
2.03402777777778,0.240842345305115
2.03541666666667,0.197541481508597
2.03680555555556,0.182154642281603
2.03819444444444,0.179975327583498
2.03958333333333,0.212652164526486
2.04097222222222,0.227461813989367
2.04236111111111,0.205940683677481
2.04375,0.195811356525969
2.04513888888889,0.193946248003815
2.04652777777778,0.21330351132932
2.04791666666667,0.206789020631275
2.04930555555556,0.210191888237718
2.05069444444444,0.226999398529193
2.05208333333333,0.243097290678089
2.05347222222222,0.203308593271003
2.05486111111111,0.196504369932612
2.05625,0.244394747298945
2.05763888888889,0.154092281955861
2.05902777777778,0.186362567023464
2.06041666666667,0.140545589799071
2.06180555555556,0.105638739025297
2.06319444444444,0.146043620619534
2.06458333333333,0.176096932373486
2.06597222222222,0.175575948757405
2.06736111111111,0.149261570627418
2.06875,0.140328786474569
2.07013888888889,0.146886164598851
2.07152777777778,0.15529002617697
2.07291666666667,0.240874635740717
2.07430555555556,0.269767518069549
2.07569444444444,0.193832995167353
2.07708333333333,0.209077524489574
2.07847222222222,0.203611409704305
2.07986111111111,0.27515003157375
2.08125,0.198284829286361
2.08263888888889,0.192768167917988
2.08402777777778,0.244024755305912
2.08541666666667,0.24539481531981
2.08680555555556,0.256571495003101
2.08819444444444,0.218985857512096
2.08958333333333,0.289923704896549
2.09097222222222,0.240193401213645
2.09236111111111,0.241049112437191
2.09375,0.284097268757902
2.09513888888889,0.280571328601557
2.09652777777778,0.246311334473654
2.09791666666667,0.286397573044779
2.09930555555556,0.220440607228581
2.10069444444444,0.225052937519856
2.10208333333333,0.194848210378645
2.10347222222222,0.22636186295633
2.10486111111111,0.296063116744974
2.10625,0.352958952485453
2.10763888888889,0.303781085723491
2.10902777777778,0.284819802151601
2.11041666666667,0.294392312753213
2.11180555555556,0.323406602230707
2.11319444444444,0.324956524678315
2.11458333333333,0.410175313201648
2.11597222222222,0.348115019528019
2.11736111111111,0.284966168960598
2.11875,0.316852179216895
2.12013888888889,0.28865650481488
2.12152777777778,0.337276909068646
2.12291666666667,0.323640357800387
2.12430555555556,0.327427684839067
2.12569444444444,0.295420683000968
2.12708333333333,0.22474815994818
2.12847222222222,0.255015954886642
2.12986111111111,0.288014521584263
2.13125,0.29990061663355
2.13263888888889,0.308010736452932
2.13402777777778,0.27563358797962
2.13541666666667,0.230948042861624
2.13680555555556,0.279599908308546
2.13819444444444,0.275352139071521
2.13958333333333,0.257573355697763
2.14097222222222,0.238760582259785
2.14236111111111,0.251234436495259
2.14375,0.249590097364253
2.14513888888889,0.242950699184735
2.14652777777778,0.233958676430008
2.14791666666667,0.305156888157715
2.14930555555556,0.259522565560474
2.15069444444444,0.247528004492026
2.15208333333333,0.265213804820601
2.15347222222222,0.26947617460816
2.15486111111111,0.302456561074389
2.15625,0.280984769911882
2.15763888888889,0.237059791579249
2.15902777777778,0.243350987476649
2.16041666666667,0.279136072823255
2.16180555555556,0.221774026820761
2.16319444444444,0.329568031955215
2.16458333333333,0.262292669724881
2.16597222222222,0.242086063727175
2.16736111111111,0.224342466465965
2.16875,0.269827714471592
2.17013888888889,0.274460420124806
2.17152777777778,0.248416930004536
2.17291666666667,0.220865935618801
2.17430555555556,0.238508432773871
2.17569444444444,0.249040035595027
2.17708333333333,0.232284497223564
2.17847222222222,0.256273485744315
2.17986111111111,0.235431587209036
2.18125,0.230837868581063
2.18263888888889,0.225155905471437
2.18402777777778,0.237905762292266
2.18541666666667,0.234025253376465
2.18680555555556,0.268495897876764
2.18819444444444,0.201296649602108
2.18958333333333,0.22310480614189
2.19097222222222,0.228354167025752
2.19236111111111,0.251256230729917
2.19375,0.249879021580152
2.19513888888889,0.174795276738141
2.19652777777778,0.193602949903684
2.19791666666667,0.257969179545823
2.19930555555556,0.280383099935191
2.20069444444444,0.277814594013539
2.20208333333333,0.181744534436498
2.20347222222222,0.165537480993441
2.20486111111111,0.175909438985586
2.20625,0.153169414140547
2.20763888888889,0.145724643790816
2.20902777777778,0.138191925017225
2.21041666666667,0.198958995348959
2.21180555555556,0.245090381458788
2.21319444444444,0.246547512415744
2.21458333333333,0.204056842243374
2.21597222222222,0.246770941722195
2.21736111111111,0.22613062668558
2.21875,0.197444568478887
2.22013888888889,0.200397688245795
2.22152777777778,0.218456600980189
2.22291666666667,0.291202397229875
2.22430555555556,0.319975215481252
2.22569444444444,0.292833264602682
2.22708333333333,0.284275417629241
2.22847222222222,0.308209531551479
2.22986111111111,0.263716691218264
2.23125,0.268659926654341
2.23263888888889,0.237619554901799
2.23402777777778,0.216804781347473
2.23541666666667,0.210968167916501
2.23680555555556,0.304565725923857
2.23819444444444,0.265862291856838
2.23958333333333,0.299655264575351
2.24097222222222,0.280075362449489
2.24236111111111,0.302185288186329
2.24375,0.245636875931699
2.24513888888889,0.185610269053869
2.24652777777778,0.195306028225386
2.24791666666667,0.17316502910047
2.24930555555556,0.214326731060972
2.25069444444444,0.189127917368052
2.25208333333333,0.221655604073974
2.25347222222222,0.261690372502765
2.25486111111111,0.285214463391388
2.25625,0.275292942214613
2.25763888888889,0.226586326848663
2.25902777777778,0.26288569219796
2.26041666666667,0.286678671318351
2.26180555555556,0.25258559693543
2.26319444444444,0.233655699618855
2.26458333333333,0.218601610548493
2.26597222222222,0.237775978550549
2.26736111111111,0.266921572352263
2.26875,0.261812842671958
2.27013888888889,0.242959592857048
2.27152777777778,0.271647772448375
2.27291666666667,0.319688889521439
2.27430555555556,0.241385023850501
2.27569444444444,0.306512977497198
2.27708333333333,0.281307638577764
2.27847222222222,0.352041342521802
2.27986111111111,0.337165715742442
2.28125,0.230366620744892
2.28263888888889,0.249428289447031
2.28402777777778,0.261653835374442
2.28541666666667,0.200490210792399
2.28680555555556,0.229217108947297
2.28819444444444,0.285449767423678
2.28958333333333,0.286618100395724
2.29097222222222,0.226186304116935
2.29236111111111,0.304193711650785
2.29375,0.389016029207766
2.29513888888889,0.312525541031877
2.29652777777778,0.342571945916568
2.29791666666667,0.312612279705609
2.29930555555556,0.278544573739539
2.30069444444444,0.325584079443626
2.30208333333333,0.253398639156408
2.30347222222222,0.287746533613893
2.30486111111111,0.32751462076969
2.30625,0.304577289886052
2.30763888888889,0.304268486654315
2.30902777777778,0.232521083017298
2.31041666666667,0.23775264965581
2.31180555555556,0.262707423613806
2.31319444444444,0.207212738258565
2.31458333333333,0.259182252428968
2.31597222222222,0.265987375774925
2.31736111111111,0.264370521752493
2.31875,0.207920381440624
2.32013888888889,0.213528154198154
2.32152777777778,0.218724960514363
2.32291666666667,0.225084580515031
2.32430555555556,0.189755038792349
2.32569444444444,0.257537179411234
2.32708333333333,0.293719160766915
2.32847222222222,0.215108678628821
2.32986111111111,0.251933078480091
2.33125,0.263141588605954
2.33263888888889,0.25655840264565
2.33402777777778,0.304902701615005
2.33541666666667,0.281263806209524
2.33680555555556,0.377201908566081
2.33819444444444,0.337180035229002
2.33958333333333,0.320636518791411
2.34097222222222,0.199181392554862
2.34236111111111,0.222617969204682
2.34375,0.241795658835736
2.34513888888889,0.232489946214485
2.34652777777778,0.209161171717857
2.34791666666667,0.231608259413332
2.34930555555556,0.231306095980014
2.35069444444444,0.232128887466191
2.35208333333333,0.206254680202458
2.35347222222222,0.27786866359864
2.35486111111111,0.288782318744111
2.35625,0.271672814313801
2.35763888888889,0.245976235856732
2.35902777777778,0.276507680200861
2.36041666666667,0.223492946746864
2.36180555555556,0.290622969405817
2.36319444444444,0.269084054771687
2.36458333333333,0.255928992799201
2.36597222222222,0.230697116924888
2.36736111111111,0.247353320020911
2.36875,0.201747667816754
2.37013888888889,0.237699707476783
2.37152777777778,0.213051335058716
2.37291666666667,0.187919956015838
2.37430555555556,0.24675689887824
2.37569444444444,0.20857869031049
2.37708333333333,0.225021621677596
2.37847222222222,0.243616193210312
2.37986111111111,0.281616000779739
2.38125,0.232898629051428
2.38263888888889,0.313501507279556
2.38402777777778,0.306179443696204
2.38541666666667,0.260739305206933
2.38680555555556,0.2927384022733
2.38819444444444,0.286333259732187
2.38958333333333,0.318028441301029
2.39097222222222,0.249645515236228
2.39236111111111,0.190392832201346
2.39375,0.223872509140478
2.39513888888889,0.221915413499464
2.39652777777778,0.250038610427768
2.39791666666667,0.210485222871747
2.39930555555556,0.142858886056325
2.40069444444444,0.202695814257548
2.40208333333333,0.266683513010003
2.40347222222222,0.217279497317627
2.40486111111111,0.210442767795689
2.40625,0.18409840551603
2.40763888888889,0.163282506332549
2.40902777777778,0.188531230375825
2.41041666666667,0.218294322678367
2.41180555555556,0.247121312212889
2.41319444444444,0.232610777131309
2.41458333333333,0.213436318524371
2.41597222222222,0.149121971850313
2.41736111111111,0.163980045501202
2.41875,0.235103797444058
2.42013888888889,0.185733844803011
2.42152777777778,0.139671952316488
2.42291666666667,0.184412878151896
2.42430555555556,0.184539404353805
2.42569444444444,0.221508232538233
2.42708333333333,0.235958982430172
2.42847222222222,0.243210399562709
2.42986111111111,0.202974823025876
2.43125,0.178099781300045
2.43263888888889,0.236460066209844
2.43402777777778,0.225218223456198
2.43541666666667,0.215412669315295
2.43680555555556,0.235615123832636
2.43819444444444,0.228289501991436
2.43958333333333,0.19644413203607
2.44097222222222,0.221940322903949
2.44236111111111,0.229323646566518
2.44375,0.302266801977993
2.44513888888889,0.34237102765496
2.44652777777778,0.305295151033548
2.44791666666667,0.311072008235977
2.44930555555556,0.30884679963716
2.45069444444444,0.330792691024779
2.45208333333333,0.282513723202177
2.45347222222222,0.300433903023377
2.45486111111111,0.316959587984544
2.45625,0.317320896159594
2.45763888888889,0.3455016725479
2.45902777777778,0.325223201501222
2.46041666666667,0.323265404746882
2.46180555555556,0.370991090820407
2.46319444444444,0.373324669491487
2.46458333333333,0.386488233634826
2.46597222222222,0.378930488596643
2.46736111111111,0.403257660432188
2.46875,0.391949461253029
2.47013888888889,0.34889328713714
2.47152777777778,0.323542902565495
2.47291666666667,0.334651661412663
2.47430555555556,0.380241912082314
2.47569444444444,0.362213636327716
2.47708333333333,0.353053785279452
2.47847222222222,0.349273855048422
2.47986111111111,0.374920319122966
2.48125,0.362506207660164
2.48263888888889,0.318131535720719
2.48402777777778,0.342572424582374
2.48541666666667,0.373674330571733
2.48680555555556,0.315559053473097
2.48819444444444,0.320290619078102
2.48958333333333,0.325312450513275
2.49097222222222,0.324704887886718
2.49236111111111,0.400803090730415
2.49375,0.297835445975289
2.49513888888889,0.327100128505012
2.49652777777778,0.319812239975136
2.49791666666667,0.344597690667362
2.49930555555556,0.359777594306162
2.50069444444444,0.455712925520024
2.50208333333333,0.363752220434466
2.50347222222222,0.412253956871655
2.50486111111111,0.435441386486768
2.50625,0.351935421424304
2.50763888888889,0.367946994005817
2.50902777777778,0.404244971621339
2.51041666666667,0.335330149285201
2.51180555555556,0.396915611077012
2.51319444444444,0.399796785799701
2.51458333333333,0.42727223775421
2.51597222222222,0.387234253851645
2.51736111111111,0.359683972305095
2.51875,0.443703485149961
2.52013888888889,0.425609714160502
2.52152777777778,0.243296736543827
2.52291666666667,0.248486842351072
2.52430555555556,0.263484342112145
2.52569444444444,0.282514938794813
2.52708333333333,0.268394837384088
2.52847222222222,0.290188124749796
2.52986111111111,0.271004353827697
2.53125,0.282891224353846
2.53263888888889,0.328360557013681
2.53402777777778,0.29114120006026
2.53541666666667,0.319930907416383
2.53680555555556,0.349971853795346
2.53819444444444,0.405135278068145
2.53958333333333,0.347107300200797
2.54097222222222,0.381262104185342
2.54236111111111,0.395812342864961
2.54375,0.331021399082711
2.54513888888889,0.338578966393692
2.54652777777778,0.375475597983864
2.54791666666667,0.319917410786961
2.54930555555556,0.273258177743562
2.55069444444444,0.312633412381737
2.55208333333333,0.340004570301506
2.55347222222222,0.415796826281424
2.55486111111111,0.337881767569067
2.55625,0.338747286400448
2.55763888888889,0.401880528147363
2.55902777777778,0.411205885428608
2.56041666666667,0.343836081202435
2.56180555555556,0.272725985215653
2.56319444444444,0.324585534389437
2.56458333333333,0.324899644448526
2.56597222222222,0.300595176482486
2.56736111111111,0.298147329264536
2.56875,0.241936775832111
2.57013888888889,0.211675781006898
2.57152777777778,0.261995832932766
2.57291666666667,0.231992016341256
2.57430555555556,0.213852919155425
2.57569444444444,0.305642508974306
2.57708333333333,0.304749604581098
2.57847222222222,0.31810929329086
2.57986111111111,0.342816336336203
2.58125,0.323088304089757
2.58263888888889,0.336203325535636
2.58402777777778,0.309069719897137
2.58541666666667,0.315011665488732
2.58680555555556,0.356250218994297
2.58819444444444,0.328551495298558
2.58958333333333,0.322541054081334
2.59097222222222,0.342886670103493
2.59236111111111,0.4412705800818
2.59375,0.35563263022195
2.59513888888889,0.360802869691045
2.59652777777778,0.305963389451924
2.59791666666667,0.311497567134874
2.59930555555556,0.278566910939036
2.60069444444444,0.327237873760193
2.60208333333333,0.313797858615087
2.60347222222222,0.343551493773221
2.60486111111111,0.274940073667124
2.60625,0.305389648412198
2.60763888888889,0.269746368255846
2.60902777777778,0.2930848189038
2.61041666666667,0.281003866424788
2.61180555555556,0.33048960505196
2.61319444444444,0.317564042448107
2.61458333333333,0.337869919168739
2.61597222222222,0.392890017018021
2.61736111111111,0.372266177031186
2.61875,0.304412185243859
2.62013888888889,0.358628432561843
2.62152777777778,0.387095269686033
2.62291666666667,0.412862730593301
2.62430555555556,0.370094078333079
2.62569444444444,0.388390533164414
2.62708333333333,0.352934710428934
2.62847222222222,0.404040808404456
2.62986111111111,0.406673750225006
2.63125,0.374044291110385
2.63263888888889,0.410352874631498
2.63402777777778,0.322095310893357
2.63541666666667,0.250638282779414
2.63680555555556,0.250205770160404
2.63819444444444,0.322113954996433
2.63958333333333,0.291846003731178
2.64097222222222,0.330466304498972
2.64236111111111,0.289441992925772
2.64375,0.403379712360168
2.64513888888889,0.350049395134407
2.64652777777778,0.320461783188675
2.64791666666667,0.319266418105581
2.64930555555556,0.346406410699219
2.65069444444444,0.308264373649463
2.65208333333333,0.287006396689504
2.65347222222222,0.310195945812914
2.65486111111111,0.324601256311979
2.65625,0.301245485274572
2.65763888888889,0.337915991163077
2.65902777777778,0.383854600602236
2.66041666666667,0.391735895497086
2.66180555555556,0.342383209125292
2.66319444444444,0.309726933468941
2.66458333333333,0.300301281297341
2.66597222222222,0.336638248372846
2.66736111111111,0.381417196932977
2.66875,0.32773617222665
2.67013888888889,0.350808960514834
2.67152777777778,0.399703470954825
2.67291666666667,0.302957933017303
2.67430555555556,0.299830718162864
2.67569444444444,0.362693323837517
2.67708333333333,0.346632236037371
2.67847222222222,0.343360883737609
2.67986111111111,0.288480425770556
2.68125,0.274460827082457
2.68263888888889,0.328104979119648
2.68402777777778,0.334789513823012
2.68541666666667,0.348647140399152
2.68680555555556,0.33146142408862
2.68819444444444,0.327212070476158
2.68958333333333,0.366858831077852
2.69097222222222,0.355211307922695
2.69236111111111,0.348652238036466
2.69375,0.324946788667731
2.69513888888889,0.37213000538762
2.69652777777778,0.390290776367066
2.69791666666667,0.354975357845105
2.69930555555556,0.420475785027521
2.70069444444444,0.396729284997878
2.70208333333333,0.390627430410188
2.70347222222222,0.336899900654091
2.70486111111111,0.414649936640578
2.70625,0.450769552577111
2.70763888888889,0.412669590853411
2.70902777777778,0.422379710093435
2.71041666666667,0.402348458234714
2.71180555555556,0.365004546646418
2.71319444444444,0.342683746806874
2.71458333333333,0.360375163128312
2.71597222222222,0.365690262901541
2.71736111111111,0.376934971220524
2.71875,0.40186551492197
2.72013888888889,0.395467314120936
2.72152777777778,0.339965310925361
2.72291666666667,0.324801345770948
2.72430555555556,0.375365516997735
2.72569444444444,0.308164487422231
2.72708333333333,0.348761045879205
2.72847222222222,0.346490874291261
2.72986111111111,0.383459280866918
2.73125,0.346009619184661
2.73263888888889,0.33631888696145
2.73402777777778,0.390692940747712
2.73541666666667,0.360628950276436
2.73680555555556,0.333061838445501
2.73819444444444,0.289295920352357
2.73958333333333,0.322657189235092
2.74097222222222,0.357050417139644
2.74236111111111,0.305553167644245
2.74375,0.250622138287443
2.74513888888889,0.313797250112397
2.74652777777778,0.31533119440446
2.74791666666667,0.259897767079434
2.74930555555556,0.301290628596416
2.75069444444444,0.258041169534117
2.75208333333333,0.256573505568989
2.75347222222222,0.254906405584989
2.75486111111111,0.251828309756774
2.75625,0.261819945702511
2.75763888888889,0.211073654270381
2.75902777777778,0.270603130530886
2.76041666666667,0.245853796523327
2.76180555555556,0.273290096138653
2.76319444444444,0.251005733289212
2.76458333333333,0.299812914590044
2.76597222222222,0.297040351719935
2.76736111111111,0.256395676304469
2.76875,0.23691191473129
2.77013888888889,0.267076251011007
2.77152777777778,0.315181482875807
2.77291666666667,0.334542398872013
2.77430555555556,0.362610456189769
2.77569444444444,0.336690643633862
2.77708333333333,0.36182438147018
2.77847222222222,0.352392585515824
2.77986111111111,0.364211249624827
2.78125,0.361786748719351
2.78263888888889,0.361872474553379
2.78402777777778,0.306718832426502
2.78541666666667,0.340715835841606
2.78680555555556,0.368632284254357
2.78819444444444,0.331297793025486
2.78958333333333,0.323513141231895
2.79097222222222,0.285486974483659
2.79236111111111,0.320098873960029
2.79375,0.314109609692785
2.79513888888889,0.310240982975787
2.79652777777778,0.292982666463547
2.79791666666667,0.27102055167186
2.79930555555556,0.226526252497294
2.80069444444444,0.283045029481644
2.80208333333333,0.271514520956051
2.80347222222222,0.278372438643539
2.80486111111111,0.215472456131728
2.80625,0.218813493782496
2.80763888888889,0.233784898532951
2.80902777777778,0.243588851397271
2.81041666666667,0.219806016442886
2.81180555555556,0.231208131485415
2.81319444444444,0.300494470134124
2.81458333333333,0.267015839307116
2.81597222222222,0.247742926333678
2.81736111111111,0.245753208999941
2.81875,0.203240885638168
2.82013888888889,0.266506005264683
2.82152777777778,0.267864199454025
2.82291666666667,0.224595459531681
2.82430555555556,0.247278397057769
2.82569444444444,0.288364752903894
2.82708333333333,0.332835075138964
2.82847222222222,0.342563339686586
2.82986111111111,0.218874715027081
2.83125,0.243671989919369
2.83263888888889,0.234583295298223
2.83402777777778,0.3021818205402
2.83541666666667,0.273413079948297
2.83680555555556,0.288181732320307
2.83819444444444,0.250680447283644
2.83958333333333,0.262134462381043
2.84097222222222,0.297435620360957
2.84236111111111,0.353108418348811
2.84375,0.347302048821244
2.84513888888889,0.39760044075855
2.84652777777778,0.424566350858513
2.84791666666667,0.342575327322943
2.84930555555556,0.316665922802612
2.85069444444444,0.341454082808122
2.85208333333333,0.361534805290881
2.85347222222222,0.383399108403619
2.85486111111111,0.334593852086307
2.85625,0.325307299143754
2.85763888888889,0.325254182132233
2.85902777777778,0.334393072035222
2.86041666666667,0.313359702547503
2.86180555555556,0.336787156458257
2.86319444444444,0.329337537381516
2.86458333333333,0.279160421532868
2.86597222222222,0.278098742433929
2.86736111111111,0.246438317416911
2.86875,0.269817921609029
2.87013888888889,0.274939295788843
2.87152777777778,0.273688821451371
2.87291666666667,0.263781353136941
2.87430555555556,0.316405845465991
2.87569444444444,0.275829531409429
2.87708333333333,0.307210655009521
2.87847222222222,0.343974072229449
2.87986111111111,0.335689675434914
2.88125,0.311575633016848
2.88263888888889,0.303993151726641
2.88402777777778,0.348324393075785
2.88541666666667,0.336936106837148
2.88680555555556,0.334171498669757
2.88819444444444,0.265058848532195
2.88958333333333,0.293934831188859
2.89097222222222,0.202477862249376
2.89236111111111,0.208147122305691
2.89375,0.17546483370078
2.89513888888889,0.178001549784787
2.89652777777778,0.225121413030337
2.89791666666667,0.21422471439734
2.89930555555556,0.214343950419279
2.90069444444444,0.218178279625471
2.90208333333333,0.26566765469746
2.90347222222222,0.242120869896075
2.90486111111111,0.315704411188034
2.90625,0.331010936146366
2.90763888888889,0.297304282037912
2.90902777777778,0.281913850124074
2.91041666666667,0.302150595834236
2.91180555555556,0.254430018280402
2.91319444444444,0.286223022374777
2.91458333333333,0.194917343349561
2.91597222222222,0.269085251010956
2.91736111111111,0.254201940044542
2.91875,0.36856262774453
2.92013888888889,0.383480716712117
2.92152777777778,0.348701852760108
2.92291666666667,0.378420102277166
2.92430555555556,0.400630192501435
2.92569444444444,0.373282372522025
2.92708333333333,0.296882468097424
2.92847222222222,0.290784241248307
2.92986111111111,0.25219805334363
2.93125,0.279853881970515
2.93263888888889,0.310855619173721
2.93402777777778,0.34300518658972
2.93541666666667,0.342970366573188
2.93680555555556,0.303545661832602
2.93819444444444,0.326323633103089
2.93958333333333,0.315735090242774
2.94097222222222,0.431651592307458
2.94236111111111,0.356870237050469
2.94375,0.31871952555991
2.94513888888889,0.340277139980242
2.94652777777778,0.326018945445042
2.94791666666667,0.282112345500586
2.94930555555556,0.317341873439434
2.95069444444444,0.373035488523506
2.95208333333333,0.333278476886399
2.95347222222222,0.370858269363203
2.95486111111111,0.353846612646473
2.95625,0.409072891317452
2.95763888888889,0.392254436268743
2.95902777777778,0.343554986846838
2.96041666666667,0.303208847834789
2.96180555555556,0.352726290838403
2.96319444444444,0.311630713422664
2.96458333333333,0.368666754724975
2.96597222222222,0.389803064304356
2.96736111111111,0.408264549040722
2.96875,0.404343738831456
2.97013888888889,0.392670581677934
2.97152777777778,0.373619622950338
2.97291666666667,0.370281518753633
2.97430555555556,0.358809068894019
2.97569444444444,0.332400246727027
2.97708333333333,0.347933056401166
2.97847222222222,0.427029393177355
2.97986111111111,0.402331274236975
2.98125,0.277849359935956
2.98263888888889,0.272004750951489
2.98402777777778,0.277853649348023
2.98541666666667,0.383107818411106
2.98680555555556,0.364782270100637
2.98819444444444,0.267273145218158
2.98958333333333,0.356338713768489
2.99097222222222,0.281446703408849
2.99236111111111,0.303305324797484
2.99375,0.316003990099304
2.99513888888889,0.302728069846223
2.99652777777778,0.294055016647528
2.99791666666667,0.270292607056583
2.99930555555556,0.289424793390136
3.00069444444444,0.295530281620303
3.00208333333333,0.33378081406159
3.00347222222222,0.279413234890181
3.00486111111111,0.257300019558299
3.00625,0.330452095863242
3.00763888888889,0.294981624486304
3.00902777777778,0.27662866423453
3.01041666666667,0.236109008723254
3.01180555555556,0.237592030352896
3.01319444444444,0.250505749042969
3.01458333333333,0.242086410706142
3.01597222222222,0.248091061712858
3.01736111111111,0.161200827416232
3.01875,0.153123993192564
3.02013888888889,0.0698210164206255
3.02152777777778,0.15283661609803
3.02291666666667,0.16890454795629
3.02430555555556,0.17036035443088
3.02569444444444,0.190022978262748
3.02708333333333,0.227208027274512
3.02847222222222,0.21700468108604
3.02986111111111,0.21923419103302
3.03125,0.197366237786915
3.03263888888889,0.217287477499462
3.03402777777778,0.152463241447732
3.03541666666667,0.163469412374921
3.03680555555556,0.118464261827708
3.03819444444444,0.12069625927945
3.03958333333333,0.158399452416844
3.04097222222222,0.224663419118864
3.04236111111111,0.182291122171135
3.04375,0.207496516080094
3.04513888888889,0.215697399758901
3.04652777777778,0.258683390929342
3.04791666666667,0.256282545676516
3.04930555555556,0.275989776585918
3.05069444444444,0.247044518156315
3.05208333333333,0.24422620081899
3.05347222222222,0.297058534918373
3.05486111111111,0.281789819169818
3.05625,0.267532162328783
3.05763888888889,0.246015770792551
3.05902777777778,0.276755309200398
3.06041666666667,0.261371470852618
3.06180555555556,0.326828585719655
3.06319444444444,0.272791231474342
3.06458333333333,0.224230657466916
3.06597222222222,0.255079545161529
3.06736111111111,0.251605863235562
3.06875,0.195797449334692
3.07013888888889,0.276508164926888
3.07152777777778,0.26819380676221
3.07291666666667,0.257876086728018
3.07430555555556,0.327232906386693
3.07569444444444,0.35356303910932
3.07708333333333,0.397692879499763
3.07847222222222,0.368295505925538
3.07986111111111,0.367048733115798
3.08125,0.35798562615554
3.08263888888889,0.313038818127434
3.08402777777778,0.285506741941608
3.08541666666667,0.336592876032127
3.08680555555556,0.348678809105346
3.08819444444444,0.375275934875311
3.08958333333333,0.36170926622148
3.09097222222222,0.36841370634984
3.09236111111111,0.384046090759999
3.09375,0.362633490543336
3.09513888888889,0.386107745179495
3.09652777777778,0.316101956586481
3.09791666666667,0.354104479731404
3.09930555555556,0.319318188440936
3.10069444444444,0.269132224064772
3.10208333333333,0.320813186108631
3.10347222222222,0.282279579958319
3.10486111111111,0.259629861054521
3.10625,0.343571712773987
3.10763888888889,0.327554668346824
3.10902777777778,0.340973037665231
3.11041666666667,0.392255108350416
3.11180555555556,0.365350687195449
3.11319444444444,0.294174435990641
3.11458333333333,0.35001895410379
3.11597222222222,0.351295268449677
3.11736111111111,0.377672816825024
3.11875,0.41095465104324
3.12013888888889,0.375221573891452
3.12152777777778,0.380793360717484
3.12291666666667,0.40918657369338
3.12430555555556,0.374991241418256
3.12569444444444,0.340317144142887
3.12708333333333,0.333119784124202
3.12847222222222,0.26290086502029
3.12986111111111,0.302991903641898
3.13125,0.330581462003003
3.13263888888889,0.327226783815597
3.13402777777778,0.350898313521533
3.13541666666667,0.373351133530085
3.13680555555556,0.363192530291985
3.13819444444444,0.32479077470015
3.13958333333333,0.330579467666407
3.14097222222222,0.330714669315074
3.14236111111111,0.326333518528702
3.14375,0.323155253570812
3.14513888888889,0.279734042776804
3.14652777777778,0.393653601828875
3.14791666666667,0.349851959428608
3.14930555555556,0.364166194956204
3.15069444444444,0.368619305776056
3.15208333333333,0.367524707664526
3.15347222222222,0.355512930185017
3.15486111111111,0.317455153173148
3.15625,0.37107905636756
3.15763888888889,0.323686438073866
3.15902777777778,0.312509733775435
3.16041666666667,0.322976011199408
3.16180555555556,0.342089985256972
3.16319444444444,0.298551124979697
3.16458333333333,0.321726049746204
3.16597222222222,0.395987355352613
3.16736111111111,0.44212225852092
3.16875,0.509592326834101
3.17013888888889,0.449879449554792
3.17152777777778,0.386577378901168
3.17291666666667,0.439231789692775
3.17430555555556,0.37495532064132
3.17569444444444,0.3673190734098
3.17708333333333,0.293329465589158
3.17847222222222,0.333084507613822
3.17986111111111,0.346632846618443
3.18125,0.438933085285542
3.18263888888889,0.476177329889344
3.18402777777778,0.379791633435802
3.18541666666667,0.336226328807944
3.18680555555556,0.324383539004109
3.18819444444444,0.378144430847004
3.18958333333333,0.399196821842122
3.19097222222222,0.424519988788672
3.19236111111111,0.472641417306438
3.19375,0.490978248861052
3.19513888888889,0.460038267806509
3.19652777777778,0.430332194636927
3.19791666666667,0.430725764216001
3.19930555555556,0.420207075953898
3.20069444444444,0.421255747819021
3.20208333333333,0.40799399422423
3.20347222222222,0.341538221319492
3.20486111111111,0.312768893060742
3.20625,0.350040115321497
3.20763888888889,0.318289288862224
3.20902777777778,0.288635906131438
3.21041666666667,0.332204211305739
3.21180555555556,0.366177485925027
3.21319444444444,0.288707497387454
3.21458333333333,0.246416675960662
3.21597222222222,0.266607132687668
3.21736111111111,0.293832309201995
3.21875,0.271994963677964
3.22013888888889,0.309765915064622
3.22152777777778,0.23709606387556
3.22291666666667,0.217758258889774
3.22430555555556,0.31687279874005
3.22569444444444,0.300626275716098
3.22708333333333,0.339931217486655
3.22847222222222,0.277591777269165
3.22986111111111,0.306580493913083
3.23125,0.31613548093845
3.23263888888889,0.286659576178569
3.23402777777778,0.296322721187967
3.23541666666667,0.240547107358172
3.23680555555556,0.188922922391619
3.23819444444444,0.196405572245014
3.23958333333333,0.223914600406157
3.24097222222222,0.154011494987565
3.24236111111111,0.160072797172512
3.24375,0.195869585362203
3.24513888888889,0.141585176453572
3.24652777777778,0.157861046456185
3.24791666666667,0.13725534446066
3.24930555555556,0.200039621900276
3.25069444444444,0.218110538778284
3.25208333333333,0.207050318909899
3.25347222222222,0.191995451876717
3.25486111111111,0.29113965187402
3.25625,0.21841776274849
3.25763888888889,0.310038442068948
3.25902777777778,0.340953002586675
3.26041666666667,0.310702067702763
3.26180555555556,0.313608992577755
3.26319444444444,0.334367301086872
3.26458333333333,0.333726894930568
3.26597222222222,0.245776636098434
3.26736111111111,0.26495650968718
3.26875,0.256895243619879
3.27013888888889,0.296972595970112
3.27152777777778,0.318181915566384
3.27291666666667,0.262323579477835
3.27430555555556,0.266738407077736
3.27569444444444,0.26518796443542
3.27708333333333,0.267334344847446
3.27847222222222,0.253471381429053
3.27986111111111,0.236373653564133
3.28125,0.226030000726942
3.28263888888889,0.282440011499681
3.28402777777778,0.257176698512496
3.28541666666667,0.251879973338672
3.28680555555556,0.27717945806426
3.28819444444444,0.304400598542952
3.28958333333333,0.353039792136442
3.29097222222222,0.313163673960794
3.29236111111111,0.289665901219078
3.29375,0.262730798288772
3.29513888888889,0.246597093992991
3.29652777777778,0.257393781543336
3.29791666666667,0.246078258646452
3.29930555555556,0.295251135831489
3.30069444444444,0.239160159812632
3.30208333333333,0.207671293598127
3.30347222222222,0.328267139995603
3.30486111111111,0.316623531416424
3.30625,0.308818283310479
3.30763888888889,0.320324298377555
3.30902777777778,0.257827627336872
3.31041666666667,0.268413691783221
3.31180555555556,0.21206162894932
3.31319444444444,0.263963883730226
3.31458333333333,0.32691145426436
3.31597222222222,0.309858541685224
3.31736111111111,0.369959527049713
3.31875,0.370063910621842
3.32013888888889,0.374681008509543
3.32152777777778,0.33137270987056
3.32291666666667,0.352606162693404
3.32430555555556,0.275612350044474
3.32569444444444,0.234290415856357
3.32708333333333,0.269153695682683
3.32847222222222,0.307384000285025
3.32986111111111,0.309402673509417
3.33125,0.246643170222073
3.33263888888889,0.228995711543759
3.33402777777778,0.23074159938617
3.33541666666667,0.2085297511477
3.33680555555556,0.206654501059779
3.33819444444444,0.199016832279683
3.33958333333333,0.22595333385403
3.34097222222222,0.203410518216699
3.34236111111111,0.184389531463149
3.34375,0.268578847737563
3.34513888888889,0.214660626510761
3.34652777777778,0.256256816907386
3.34791666666667,0.23116208890497
3.34930555555556,0.272355056812074
3.35069444444444,0.281226503540761
3.35208333333333,0.182936133479267
3.35347222222222,0.270712235589343
3.35486111111111,0.281532799285228
3.35625,0.291973478779005
3.35763888888889,0.278071546751199
3.35902777777778,0.288142499353559
3.36041666666667,0.26994386207219
3.36180555555556,0.249221971443387
3.36319444444444,0.205189961836919
3.36458333333333,0.165515649404705
3.36597222222222,0.167126510543024
3.36736111111111,0.12566964307469
3.36875,0.149966046491036
3.37013888888889,0.220896726386025
3.37152777777778,0.188199324976427
3.37291666666667,0.111941151544777
3.37430555555556,0.151798233649982
3.37569444444444,0.190705382179611
3.37708333333333,0.185800268712911
3.37847222222222,0.116128387610188
3.37986111111111,0.101305640134475
3.38125,0.151312769420505
3.38263888888889,0.173988126915859
3.38402777777778,0.143139284529821
3.38541666666667,0.247918776316128
3.38680555555556,0.193691634608255
3.38819444444444,0.220370967484736
3.38958333333333,0.170174969262089
3.39097222222222,0.211333775502392
3.39236111111111,0.201998120681572
3.39375,0.241151334772508
3.39513888888889,0.232911546520521
3.39652777777778,0.263096855727928
3.39791666666667,0.259283090043754
3.39930555555556,0.192714761016667
3.40069444444444,0.262637123912358
3.40208333333333,0.287523960317047
3.40347222222222,0.248097131035138
3.40486111111111,0.225812773152874
3.40625,0.115840160138845
3.40763888888889,0.164699959523001
3.40902777777778,0.146324348294302
3.41041666666667,0.158015464212723
3.41180555555556,0.191270905075779
3.41319444444444,0.165582078593061
3.41458333333333,0.19238411208866
3.41597222222222,0.190869321869339
3.41736111111111,0.188518422743634
3.41875,0.219416742890624
3.42013888888889,0.251550058868664
3.42152777777778,0.247620653694513
3.42291666666667,0.247306412284317
3.42430555555556,0.218791542563964
3.42569444444444,0.259220927539742
3.42708333333333,0.19134124466615
3.42847222222222,0.168860272785917
3.42986111111111,0.250919468814275
3.43125,0.249122598225099
3.43263888888889,0.30232013496543
3.43402777777778,0.279803574553504
3.43541666666667,0.271665624777831
3.43680555555556,0.3038172907988
3.43819444444444,0.312656787623725
3.43958333333333,0.2553471889751
3.44097222222222,0.173079385338078
3.44236111111111,0.208745013884092
3.44375,0.226740631962003
3.44513888888889,0.230773321274648
3.44652777777778,0.182742729782772
3.44791666666667,0.17374446500026
3.44930555555556,0.273795369537735
3.45069444444444,0.216044672836344
3.45208333333333,0.194874287973147
3.45347222222222,0.147173285362222
3.45486111111111,0.181539790724142
3.45625,0.139450082393009
3.45763888888889,0.160659047617976
3.45902777777778,0.184295802643039
3.46041666666667,0.160829716791675
3.46180555555556,0.100991294934816
3.46319444444444,0.137862142514618
3.46458333333333,0.083280180868382
3.46597222222222,0.152443034867833
3.46736111111111,0.105526080983653
3.46875,0.0591161105406906
3.47013888888889,0.0788377390717608
3.47152777777778,0.166423953836368
3.47291666666667,0.205100268361524
3.47430555555556,0.112391100848512
3.47569444444444,0.133775890582584
3.47708333333333,0.171991600957747
3.47847222222222,0.172971514387471
3.47986111111111,0.140955279085901
3.48125,0.173819172409328
3.48263888888889,0.178334862464189
3.48402777777778,0.240261734231421
3.48541666666667,0.320196823662311
3.48680555555556,0.27743934428824
3.48819444444444,0.278746146186193
3.48958333333333,0.229345357247941
3.49097222222222,0.254341047489028
3.49236111111111,0.243182543168221
3.49375,0.279774391096853
3.49513888888889,0.118763026186968
3.49652777777778,0.16802422940233
3.49791666666667,0.17312082052205
3.49930555555556,0.208880739045069
3.50069444444444,0.178311822770775
3.50208333333333,0.224584991038397
3.50347222222222,0.1866089094758
3.50486111111111,0.223366551591681
3.50625,0.143038451456737
3.50763888888889,0.145745069215896
3.50902777777778,0.218978138384009
3.51041666666667,0.186011451139134
3.51180555555556,0.182900838921513
3.51319444444444,0.116247045503082
3.51458333333333,0.148238483229919
3.51597222222222,0.1510860101136
3.51736111111111,0.0985926181511518
3.51875,0.113169148178924
3.52013888888889,0.117764534292646
3.52152777777778,0.121694541951544
3.52291666666667,0.0694504817052697
3.52430555555556,0.153846414196628
3.52569444444444,0.115807076594165
3.52708333333333,0.11759781345907
3.52847222222222,0.126764283089046
3.52986111111111,0.128285815232781
3.53125,0.108417975921561
3.53263888888889,0.114996761876457
3.53402777777778,0.0916733303414857
3.53541666666667,0.135636829005557
3.53680555555556,0.142900375530176
3.53819444444444,0.117722222358921
3.53958333333333,0.045450446693979
3.54097222222222,0.0774408130007332
3.54236111111111,0.115036110463649
3.54375,0.0489055787093256
3.54513888888889,0.0618662726626085
3.54652777777778,0.0978736654778017
3.54791666666667,0.155416423466833
3.54930555555556,0.127476245472317
3.55069444444444,0.163765802525001
3.55208333333333,0.161065143164506
3.55347222222222,0.117017775581182
3.55486111111111,0.0545645870323805
3.55625,0.138939015158557
3.55763888888889,0.131168416525168
3.55902777777778,0.123535707006011
3.56041666666667,0.13147886670896
3.56180555555556,0.0755748787138864
3.56319444444444,0.111893884964675
3.56458333333333,0.0938791281267407
3.56597222222222,0.123612057058552
3.56736111111111,0.116959454852308
3.56875,0.0895339601207989
3.57013888888889,0.153095153381355
3.57152777777778,0.138431032844987
3.57291666666667,0.104090936244115
3.57430555555556,0.137804106312713
3.57569444444444,0.161560348244869
3.57708333333333,0.202672450730851
3.57847222222222,0.133190762585359
3.57986111111111,0.150822038560526
3.58125,0.208322893677641
3.58263888888889,0.246755467065481
3.58402777777778,0.209270074365789
3.58541666666667,0.220029197488987
3.58680555555556,0.237177031184376
3.58819444444444,0.19666455775866
3.58958333333333,0.231592083717749
3.59097222222222,0.237655543708461
3.59236111111111,0.183143006344958
3.59375,0.145908184008075
3.59513888888889,0.117942684173967
3.59652777777778,0.184554160299747
3.59791666666667,0.142229475692248
3.59930555555556,0.136918441637479
3.60069444444444,0.0691261550564845
3.60208333333333,0.0275513149566505
3.60347222222222,-0.0173424567865086
3.60486111111111,0.069716765924793
3.60625,0.0377590024182933
3.60763888888889,0.0461776530471834
3.60902777777778,0.131173349064031
3.61041666666667,0.222348628636469
3.61180555555556,0.239549472043935
3.61319444444444,0.170937049776483
3.61458333333333,0.112885692473825
3.61597222222222,0.132661378716967
3.61736111111111,0.186283344679063
3.61875,0.229047128844439
3.62013888888889,0.21694594275953
3.62152777777778,0.0965478396482879
3.62291666666667,0.113458215817506
3.62430555555556,0.162907974422689
3.62569444444444,0.217700386092311
3.62708333333333,0.214465743217437
3.62847222222222,0.22933231557499
3.62986111111111,0.216394811723663
3.63125,0.201783961678969
3.63263888888889,0.217572831691902
3.63402777777778,0.229030518504907
3.63541666666667,0.257680358818184
3.63680555555556,0.229774003258868
3.63819444444444,0.211248831770955
3.63958333333333,0.145899817239373
3.64097222222222,0.118796112811692
3.64236111111111,0.159937317199224
3.64375,0.168941478687432
3.64513888888889,0.152555153166914
3.64652777777778,0.203865100033246
3.64791666666667,0.136925510508548
3.64930555555556,0.110665074359712
3.65069444444444,0.0839821509220281
3.65208333333333,0.134309746810033
3.65347222222222,0.147248701428477
3.65486111111111,0.19215272946226
3.65625,0.163964093734817
3.65763888888889,0.231942534084876
3.65902777777778,0.264777600071162
3.66041666666667,0.203098821078802
3.66180555555556,0.153840394394973
3.66319444444444,0.202939925748349
3.66458333333333,0.209365169684602
3.66597222222222,0.191882027446794
3.66736111111111,0.239109257731173
3.66875,0.153081772478612
3.67013888888889,0.165777847012842
3.67152777777778,0.193803986000683
3.67291666666667,0.151565566214866
3.67430555555556,0.114216895300823
3.67569444444444,0.161983047116533
3.67708333333333,0.196651339037621
3.67847222222222,0.166645826645649
3.67986111111111,0.241335414244459
3.68125,0.236989505228004
3.68263888888889,0.203277769515555
3.68402777777778,0.159832736956838
3.68541666666667,0.138558208791665
3.68680555555556,0.230031020400954
3.68819444444444,0.133385382486578
3.68958333333333,0.129819031097443
3.69097222222222,0.139710851686755
3.69236111111111,0.146124717426566
3.69375,0.187224616688271
3.69513888888889,0.168632649076076
3.69652777777778,0.153960884194995
3.69791666666667,0.212662604232953
3.69930555555556,0.168253848978674
3.70069444444444,0.181576633057371
3.70208333333333,0.17719857761345
3.70347222222222,0.194994406770096
3.70486111111111,0.187802296643788
3.70625,0.224070222138113
3.70763888888889,0.162377291697412
3.70902777777778,0.110730951040653
3.71041666666667,0.130605642196779
3.71180555555556,0.128315785410872
3.71319444444444,0.136658047422107
3.71458333333333,0.179133923437307
3.71597222222222,0.155451866253239
3.71736111111111,0.143066841504365
3.71875,0.166825492972539
3.72013888888889,0.145379427848767
3.72152777777778,0.0853454127002414
3.72291666666667,0.111878599543022
3.72430555555556,0.188859014058457
3.72569444444444,0.192653202674023
3.72708333333333,0.206809512833308
3.72847222222222,0.17203063323261
3.72986111111111,0.215267893872323
3.73125,0.207315855316046
3.73263888888889,0.167522565034771
3.73402777777778,0.214303546074368
3.73541666666667,0.158055205309176
3.73680555555556,0.127620914404234
3.73819444444444,0.135543683052611
3.73958333333333,0.165649867198989
3.74097222222222,0.179105977333982
3.74236111111111,0.185169618031519
3.74375,0.15691599543265
3.74513888888889,0.210486258947947
3.74652777777778,0.22343801706154
3.74791666666667,0.182566860048977
3.74930555555556,0.117242462646754
3.75069444444444,0.0982094807786624
3.75208333333333,0.0975458338076689
3.75347222222222,0.0292136535453785
3.75486111111111,-0.00554669933982595
3.75625,0.11200943519954
3.75763888888889,0.0651358296503812
3.75902777777778,0.0380682124483732
3.76041666666667,0.0174211060055753
3.76180555555556,0.025596792549106
3.76319444444444,0.0896930223180755
3.76458333333333,0.0651291725048554
3.76597222222222,0.118254111820132
3.76736111111111,0.13526301404618
3.76875,0.115612252202713
3.77013888888889,0.100183391249255
3.77152777777778,0.134871911656277
3.77291666666667,0.170688676717177
3.77430555555556,0.107836011345404
3.77569444444444,0.190835988589273
3.77708333333333,0.13312163045277
3.77847222222222,0.19618125379863
3.77986111111111,0.174223092916475
3.78125,0.0905070986715892
3.78263888888889,0.0929437202185851
3.78402777777778,0.185825804735593
3.78541666666667,0.235210431640061
3.78680555555556,0.188385326225117
3.78819444444444,0.119885191250478
3.78958333333333,0.142378821047052
3.79097222222222,0.182249575898843
3.79236111111111,0.148304495993968
3.79375,0.0643776544837934
3.79513888888889,0.0828441322005117
3.79652777777778,0.112109690602635
3.79791666666667,0.171074078608989
3.79930555555556,0.18690221642028
3.80069444444444,0.105254632798143
3.80208333333333,0.135396036522179
3.80347222222222,0.145368057789826
3.80486111111111,0.059685564805246
3.80625,0.0830790546773798
3.80763888888889,-0.0146951819688401
3.80902777777778,0.0416758912121142
3.81041666666667,0.00240276009066808
3.81180555555556,0.0109611417446869
3.81319444444444,0.00429370035164026
3.81458333333333,0.0129822159744845
3.81597222222222,-0.0104321347085352
3.81736111111111,0.0449384219645805
3.81875,0.111574159962629
3.82013888888889,0.148159667605671
3.82152777777778,0.113534397903246
3.82291666666667,0.103813394761365
3.82430555555556,0.126667472607693
3.82569444444444,0.177171095875689
3.82708333333333,0.143569058857453
3.82847222222222,0.103610312643973
3.82986111111111,0.196428824905172
3.83125,0.160155634514953
3.83263888888889,0.0708781869569022
3.83402777777778,-0.0251044906265704
3.83541666666667,0.0414776747993735
3.83680555555556,0.148463302793987
3.83819444444444,0.132434341433146
3.83958333333333,0.149574674918166
3.84097222222222,0.0793199984321032
3.84236111111111,0.0428434423547904
3.84375,0.101091170315662
3.84513888888889,0.118768674152768
3.84652777777778,0.0978565794272373
3.84791666666667,0.123495366230515
3.84930555555556,0.0702765843034602
3.85069444444444,0.113770516599243
3.85208333333333,-0.00805307330301845
3.85347222222222,0.0508426963966843
3.85486111111111,0.15884732241821
3.85625,0.156629699236327
3.85763888888889,0.0973447368881007
3.85902777777778,0.109912366782922
3.86041666666667,0.10838153459166
3.86180555555556,0.154694484044172
3.86319444444444,0.210505480912957
3.86458333333333,0.23419844546312
3.86597222222222,0.196304389245472
3.86736111111111,0.135938495512251
3.86875,0.13644853077276
3.87013888888889,0.12132232775102
3.87152777777778,0.0984032984107277
3.87291666666667,0.123181125900892
3.87430555555556,0.188078840940792
3.87569444444444,0.139391968671781
3.87708333333333,0.165016540817414
3.87847222222222,0.176849933532518
3.87986111111111,0.218588701509553
3.88125,0.0891208730445357
3.88263888888889,0.172710892660662
3.88402777777778,0.278687312355785
3.88541666666667,0.250645708710535
3.88680555555556,0.147611715235242
3.88819444444444,0.195241389244006
3.88958333333333,0.163912589280735
3.89097222222222,0.1801059397214
3.89236111111111,0.125561676718278
3.89375,0.150991871178446
3.89513888888889,0.156550050129964
3.89652777777778,0.117425751991286
3.89791666666667,0.131563215962196
3.89930555555556,0.0807526062212865
3.90069444444444,0.107511203875466
3.90208333333333,0.081743013078296
3.90347222222222,0.170011982355445
3.90486111111111,0.116826868934758
3.90625,0.0645495609670557
3.90763888888889,0.0960836111435974
3.90902777777778,0.107692391840309
3.91041666666667,0.0444383561832598
3.91180555555556,0.128081976454049
3.91319444444444,0.232412905524502
3.91458333333333,0.161834588379923
3.91597222222222,0.0840150038129351
3.91736111111111,0.0938251144354754
3.91875,0.0608585240007346
3.92013888888889,-0.00872852591563716
3.92152777777778,0.164778119856139
3.92291666666667,0.0600012655175307
3.92430555555556,0.0957443891961218
3.92569444444444,0.0393493996576415
3.92708333333333,0.125945206327475
3.92847222222222,0.113407058791764
3.92986111111111,0.0981598118405217
3.93125,0.0606644727564757
3.93263888888889,0.0526352561313651
3.93402777777778,0.0232233597083898
3.93541666666667,0.0411993665551918
3.93680555555556,0.067788806508948
3.93819444444444,0.104450284096816
3.93958333333333,0.133963635922795
3.94097222222222,0.0996034052428966
3.94236111111111,0.112571566452669
3.94375,0.105434917223115
3.94513888888889,0.0661317208868828
3.94652777777778,0.114701142776152
3.94791666666667,0.134634410918113
3.94930555555556,0.110286222071323
3.95069444444444,0.16932789498913
3.95208333333333,0.160274017624469
3.95347222222222,0.110713164508192
3.95486111111111,0.0801628299025673
3.95625,0.0545643799027146
3.95763888888889,0.0769251413443234
3.95902777777778,0.129222551359074
3.96041666666667,0.100725498786977
3.96180555555556,0.0387649508253712
3.96319444444444,0.0279053326574914
3.96458333333333,-0.0656709969381495
3.96597222222222,0.0316142165546711
3.96736111111111,0.13013433246093
3.96875,0.0468459335523658
3.97013888888889,0.0601347724994087
3.97152777777778,0.0358291541260264
3.97291666666667,0.0724593617996933
3.97430555555556,0.0909337767841637
3.97569444444444,0.0931853838599889
3.97708333333333,0.0573844235364469
3.97847222222222,0.0324681778683765
3.97986111111111,0.0272385948354405
3.98125,0.0184681294284245
3.98263888888889,0.069494692982947
3.98402777777778,0.125200806820927
3.98541666666667,0.049336136707804
3.98680555555556,0.121958638300824
3.98819444444444,0.0541408212369709
3.98958333333333,0.0667120845771139
3.99097222222222,0.171861193425695
3.99236111111111,0.156086050284193
3.99375,0.117766464481647
3.99513888888889,0.0518949282392343
3.99652777777778,0.0444143493975082
3.99791666666667,0.157800936533768
3.99930555555556,0.0977769604416086
4.00069444444444,0.044717454005312
4.00208333333333,0.0856757217452347
4.00347222222222,0.0365189544570658
4.00486111111111,0.0181145874165339
4.00625,0.0607762844113007
4.00763888888889,0.0414966648455372
4.00902777777778,0.0645706849598194
4.01041666666667,0.0767901509921556
4.01180555555556,0.0275920459962239
4.01319444444444,0.0822538544730009
4.01458333333333,0.00439898652433434
4.01597222222222,-0.0137873017662486
4.01736111111111,0.0255078528141131
4.01875,-0.0406702167691246
4.02013888888889,-0.00619190959243758
4.02152777777778,0.0261216594553001
4.02291666666667,0.0432100820604009
4.02430555555556,-0.0282434256239351
4.02569444444444,-0.0219253703478298
4.02708333333333,-0.0205435312862042
4.02847222222222,-0.0956006379780727
4.02986111111111,-0.153623921272965
4.03125,-0.149575175342494
4.03263888888889,-0.00933449676508219
4.03402777777778,-0.0967171635740865
4.03541666666667,-0.120787011529393
4.03680555555556,-0.0896011746262527
4.03819444444444,-0.059484814842182
4.03958333333333,-0.00240014677856146
4.04097222222222,-0.0325980047538697
4.04236111111111,-0.0431150447056506
4.04375,-0.0838796894881198
4.04513888888889,-0.029398984470496
4.04652777777778,-0.100826307335215
4.04791666666667,-0.0601472288632473
4.04930555555556,0.00394604021576577
4.05069444444444,0.0368076725231723
4.05208333333333,-0.0315212133606018
4.05347222222222,0.059359841667548
4.05486111111111,0.0342548707840367
4.05625,0.0157074251341834
4.05763888888889,-0.0692331933559396
4.05902777777778,-0.160032359546525
4.06041666666667,-0.075683491929778
4.06180555555556,-0.0944803845519726
4.06319444444444,-0.125392018907952
4.06458333333333,-0.172839617002941
4.06597222222222,-0.195444385955226
4.06736111111111,-0.0591213616277541
4.06875,-0.0426979972639987
4.07013888888889,-0.0855585288908569
4.07152777777778,-0.0670392943967563
4.07291666666667,-0.0763620593353378
4.07430555555556,-0.0727699822147968
4.07569444444444,-0.0405670302032032
4.07708333333333,-0.0401503650353545
4.07847222222222,-0.0927054704636332
4.07986111111111,-0.0959758267058699
4.08125,-0.0798003596939935
4.08263888888889,-0.104258286563429
4.08402777777778,-0.101078111184974
4.08541666666667,-0.0773202247786314
4.08680555555556,-0.0863305349532686
4.08819444444444,-0.102179423270787
4.08958333333333,-0.0871949253828656
4.09097222222222,-0.0702194788930085
4.09236111111111,-0.0381701901024319
4.09375,-0.0932550671077094
4.09513888888889,-0.0720512785435167
4.09652777777778,-0.113427257749129
4.09791666666667,-0.0838289210667874
4.09930555555556,-0.128798759042353
4.10069444444444,-0.0907220133077242
4.10208333333333,-0.0624845977974677
4.10347222222222,-0.0760511408648075
4.10486111111111,-0.0859706490816878
4.10625,-0.0754245249147962
4.10763888888889,-0.119997772045187
4.10902777777778,-0.131971954672423
4.11041666666667,-0.127850178111549
4.11180555555556,-0.0793404309736932
4.11319444444444,-0.165259389722856
4.11458333333333,-0.0827168036668402
4.11597222222222,-0.0204603133680921
4.11736111111111,-0.0950577341400366
4.11875,-0.0401448844488067
4.12013888888889,-0.0553426217521111
4.12152777777778,-0.0415508101428303
4.12291666666667,-0.0895731761634108
4.12430555555556,-0.0534429681165263
4.12569444444444,-0.0688575335746487
4.12708333333333,-0.0928934999881529
4.12847222222222,-0.0531138224453029
4.12986111111111,-0.0855803985745727
4.13125,-0.153702572067135
4.13263888888889,-0.0917207947803872
4.13402777777778,-0.0546300372614993
4.13541666666667,-0.0476908842284968
4.13680555555556,-0.178212821226643
4.13819444444444,-0.125328717684933
4.13958333333333,-0.137309473724033
4.14097222222222,-0.101027792652523
4.14236111111111,-0.125411078702566
4.14375,-0.116398727770124
4.14513888888889,-0.157320839425225
4.14652777777778,-0.108967674559818
4.14791666666667,-0.0719497401372812
4.14930555555556,-0.0774776459683049
4.15069444444444,-0.0687138051941276
4.15208333333333,-0.0558825048020387
4.15347222222222,-0.0659537246019438
4.15486111111111,-0.0795009121603449
4.15625,-0.0167233908892307
4.15763888888889,-0.0442345228255025
4.15902777777778,-0.0401606828935514
4.16041666666667,-0.0582668261465616
4.16180555555556,-0.132633268344838
4.16319444444444,-0.151378483255936
4.16458333333333,-0.140730475583338
4.16597222222222,-0.1410209255178
4.16736111111111,-0.126004451973491
4.16875,-0.0654988986708101
4.17013888888889,-0.0626227753430718
4.17152777777778,-0.0589766618333959
4.17291666666667,-0.0856759311751692
4.17430555555556,-0.0734639414660893
4.17569444444444,-0.0239786554843748
4.17708333333333,-0.0899319149578506
4.17847222222222,-0.0927037043580962
4.17986111111111,-0.101735596269245
4.18125,-0.0855652128999612
4.18263888888889,-0.126454689609255
4.18402777777778,-0.110154255961172
4.18541666666667,-0.148566341806841
4.18680555555556,-0.107873548091328
4.18819444444444,-0.106882287243862
4.18958333333333,-0.1956411858663
4.19097222222222,-0.127823284706556
4.19236111111111,-0.172541785852504
4.19375,-0.166420189295516
4.19513888888889,-0.159898424115933
4.19652777777778,-0.145217593089604
4.19791666666667,-0.108883637746102
4.19930555555556,-0.142873849125774
4.20069444444444,-0.103826471076659
4.20208333333333,-0.128563532502539
4.20347222222222,-0.0967343117702967
4.20486111111111,-0.172845707359968
4.20625,-0.137329183239643
4.20763888888889,-0.174319112149435
4.20902777777778,-0.141838941676557
4.21041666666667,-0.109913634769337
4.21180555555556,-0.128491374593433
4.21319444444444,-0.112223045819262
4.21458333333333,-0.137126460594811
4.21597222222222,-0.116987789307898
4.21736111111111,-0.116941597167386
4.21875,-0.213071124258981
4.22013888888889,-0.256408107338015
4.22152777777778,-0.241225571494146
4.22291666666667,-0.215876325533887
4.22430555555556,-0.163333059142023
4.22569444444444,-0.166605541333141
4.22708333333333,-0.158068846357794
4.22847222222222,-0.17868273413287
4.22986111111111,-0.162073871174795
4.23125,-0.145433085868705
4.23263888888889,-0.142166722783969
4.23402777777778,-0.159188993998962
4.23541666666667,-0.151941321668319
4.23680555555556,-0.135812010028458
4.23819444444444,-0.118581678289301
4.23958333333333,-0.120765512325244
4.24097222222222,-0.078356306049628
4.24236111111111,-0.0552961568558742
4.24375,-0.0252601211830672
4.24513888888889,-0.0417760427203965
4.24652777777778,-0.069708770700544
4.24791666666667,-0.126659336056806
4.24930555555556,-0.111077076773941
4.25069444444444,-0.162078588608973
4.25208333333333,-0.0849222398568454
4.25347222222222,-0.0706019326781189
4.25486111111111,-0.132336682381312
4.25625,-0.0337029706706813
4.25763888888889,-0.0113440568612087
4.25902777777778,-0.0304769222981714
4.26041666666667,-0.0248996258996995
4.26180555555556,-0.0631168182145698
4.26319444444444,-0.0516259290816317
4.26458333333333,-0.073697101217216
4.26597222222222,-0.0464078163960535
4.26736111111111,-0.0751135074408601
4.26875,-0.0564812240552648
4.27013888888889,-0.0563775335997132
4.27152777777778,-0.0674270079470749
4.27291666666667,-0.0545955688790887
4.27430555555556,-0.0360082008765886
4.27569444444444,-0.0785832268528726
4.27708333333333,-0.0991637224453898
4.27847222222222,-0.0340467514483739
4.27986111111111,-0.0905761763591169
4.28125,-0.122222577363267
4.28263888888889,-0.213896336325827
4.28402777777778,-0.193955667730391
4.28541666666667,-0.137090378182798
4.28680555555556,-0.208142791037352
4.28819444444444,-0.176481463764253
4.28958333333333,-0.137186305145353
4.29097222222222,-0.12443147001796
4.29236111111111,-0.158455439105017
4.29375,-0.128712394454983
4.29513888888889,-0.107378697782976
4.29652777777778,-0.102724735678387
4.29791666666667,-0.0961813458956299
4.29930555555556,-0.0615593840732948
4.30069444444444,-0.0584807879599925
4.30208333333333,-0.149543936164536
4.30347222222222,-0.17431765412136
4.30486111111111,-0.192895524684906
4.30625,-0.161844990807835
4.30763888888889,-0.167757209581008
4.30902777777778,-0.17257716363115
4.31041666666667,-0.143667355354102
4.31180555555556,-0.119272666921678
4.31319444444444,-0.151400934983909
4.31458333333333,-0.148004418921596
4.31597222222222,-0.188627639183006
4.31736111111111,-0.178018986105811
4.31875,-0.144288756886998
4.32013888888889,-0.232885377115473
4.32152777777778,-0.200722515949273
4.32291666666667,-0.224748302636976
4.32430555555556,-0.212337423264298
4.32569444444444,-0.1951944205032
4.32708333333333,-0.167239633981481
4.32847222222222,-0.162139665324158
4.32986111111111,-0.0965495307800866
4.33125,-0.0862792698887584
4.33263888888889,-0.138203312511255
4.33402777777778,-0.0946576854058235
4.33541666666667,-0.062803951775127
4.33680555555556,-0.0872426219610724
4.33819444444444,-0.0419951398108763
4.33958333333333,-0.0367866104710437
4.34097222222222,-0.00525283587978371
4.34236111111111,-0.0138057341724875
4.34375,-0.0443736621629499
4.34513888888889,0.0381428612582938
4.34652777777778,-0.0604403773736911
4.34791666666667,-0.123399167516768
4.34930555555556,-0.0610760793296714
4.35069444444444,0.0118531805192355
4.35208333333333,-0.0540955983160249
4.35347222222222,-0.0844626573625708
4.35486111111111,-0.0428165914855373
4.35625,0.00143026408030817
4.35763888888889,-0.0485635349210019
4.35902777777778,-0.0239619032317115
4.36041666666667,-0.0665731276955838
4.36180555555556,-0.0959013871867756
4.36319444444444,0.005131532463051
4.36458333333333,0.0102295908476283
4.36597222222222,-0.0268845196014847
4.36736111111111,-0.0127884925426058
4.36875,-0.0680299770299169
4.37013888888889,-0.121579954085611
4.37152777777778,-0.0656396607324524
4.37291666666667,-0.100714122740132
4.37430555555556,-0.0569223823311503
4.37569444444444,-0.0575874865128946
4.37708333333333,-0.0783736526011351
4.37847222222222,-0.139953196209519
4.37986111111111,-0.0606165252726767
4.38125,-0.0890501183887522
4.38263888888889,-0.0700764706835989
4.38402777777778,-0.159297805653187
4.38541666666667,-0.147878206440966
4.38680555555556,-0.122766164606944
4.38819444444444,-0.131337205448123
4.38958333333333,-0.174263052354045
4.39097222222222,-0.143081708862147
4.39236111111111,-0.120500031115473
4.39375,-0.152843494761078
4.39513888888889,-0.101735061871956
4.39652777777778,-0.159312643858626
4.39791666666667,-0.177385170190929
4.39930555555556,-0.172632558241645
4.40069444444444,-0.192494861421075
4.40208333333333,-0.160747989485216
4.40347222222222,-0.206078569565336
4.40486111111111,-0.110974258211596
4.40625,-0.0878960876415509
4.40763888888889,-0.125425681611236
4.40902777777778,-0.139540319036423
4.41041666666667,-0.175615480504786
4.41180555555556,-0.106014790141043
4.41319444444444,-0.11917905229075
4.41458333333333,-0.103661710774634
4.41597222222222,-0.115108011900747
4.41736111111111,-0.113347931556578
4.41875,-0.186243491092075
4.42013888888889,-0.121854740723269
4.42152777777778,-0.103122126619981
4.42291666666667,-0.134651127100611
4.42430555555556,-0.10175513699127
4.42569444444444,-0.127790953072319
4.42708333333333,-0.127954598195063
4.42847222222222,-0.153414243047908
4.42986111111111,-0.181824283361742
4.43125,-0.136318435242236
4.43263888888889,-0.0721487603993452
4.43402777777778,-0.116539316103249
4.43541666666667,-0.133755338663545
4.43680555555556,-0.102177883166252
4.43819444444444,-0.0777313079951309
4.43958333333333,-0.0902045530752369
4.44097222222222,-0.114759036843803
4.44236111111111,-0.0636913928914489
4.44375,-0.0222969043619301
4.44513888888889,-0.0640672338626904
4.44652777777778,0.0717712765684978
4.44791666666667,-0.00860951209043179
4.44930555555556,-0.0279761552037721
4.45069444444444,0.0354455374070483
4.45208333333333,0.0109317319168008
4.45347222222222,0.000514481733730571
4.45486111111111,-0.0149773422988696
4.45625,-0.0183381507159401
4.45763888888889,-0.0708595052296169
4.45902777777778,-0.0357384421600157
4.46041666666667,-0.0419623112202927
4.46180555555556,0.0350808744109289
4.46319444444444,0.0178441420254158
4.46458333333333,0.0533817897834374
4.46597222222222,0.0278547526840224
4.46736111111111,-0.01595038430489
4.46875,-0.0791333920505102
4.47013888888889,-0.0162121216734081
4.47152777777778,-0.0100840003647609
4.47291666666667,-0.0127663143073249
4.47430555555556,-0.0899350789243572
4.47569444444444,-0.0562902529322397
4.47708333333333,-0.0506314407172364
4.47847222222222,-0.0185488520626556
4.47986111111111,-0.0388337855888992
4.48125,-0.0114390818000033
4.48263888888889,-0.0379895510276467
4.48402777777778,-0.0444575739043546
4.48541666666667,0.00567978100099887
4.48680555555556,0.00670397735139801
4.48819444444444,0.0265633380385663
4.48958333333333,0.00192361337112323
4.49097222222222,-0.120145620527483
4.49236111111111,-0.0695680484846587
4.49375,-0.0909632007020246
4.49513888888889,-0.0878120619389619
4.49652777777778,-0.0354249127598127
4.49791666666667,-0.124079564529573
4.49930555555556,-0.144396792427705
4.50069444444444,-0.143086862185584
4.50208333333333,-0.127544605904123
4.50347222222222,-0.105207227647823
4.50486111111111,-0.0856370025542573
4.50625,-0.164080420911628
4.50763888888889,-0.0827654500883332
4.50902777777778,-0.0311057883651226
4.51041666666667,-0.0108883246533479
4.51180555555556,-0.077939815393101
4.51319444444444,-0.0247086733279843
4.51458333333333,-0.0215339742566943
4.51597222222222,-0.0390218432162648
4.51736111111111,-0.052992892729755
4.51875,-0.00190609492699766
4.52013888888889,-0.0161005142938654
4.52152777777778,-0.0683329452428531
4.52291666666667,-0.0469367628262947
4.52430555555556,-0.0256022486160291
4.52569444444444,0.000342799343261263
4.52708333333333,-0.0186703082375021
4.52847222222222,-0.0310473643755502
4.52986111111111,-0.00976325624863301
4.53125,-0.101724671188842
4.53263888888889,-0.00165646345167168
4.53402777777778,-0.0669978300668393
4.53541666666667,-0.0482749795197118
4.53680555555556,-0.0972824212403676
4.53819444444444,-0.0866474649824065
4.53958333333333,-0.0823537506774355
4.54097222222222,-0.00322305694973801
4.54236111111111,0.0278065865472294
4.54375,0.0238212438814659
4.54513888888889,0.0319138608928026
4.54652777777778,0.0571917851742407
4.54791666666667,0.0792944164754056
4.54930555555556,0.0562176664319508
4.55069444444444,0.00194311446997606
4.55208333333333,0.0559261222691597
4.55347222222222,0.146551194302834
4.55486111111111,0.0569386739599193
4.55625,0.0269389754994352
4.55763888888889,0.0380288012515109
4.55902777777778,0.00539285326421521
4.56041666666667,0.0336156536969939
4.56180555555556,0.0502560926540322
4.56319444444444,-0.00420476535514931
4.56458333333333,-0.0364471371038477
4.56597222222222,0.0105460440436432
4.56736111111111,0.0678676501988582
4.56875,-0.0258882701031265
4.57013888888889,0.0622752551066443
4.57152777777778,0.00486362373855094
4.57291666666667,-0.0105012451515161
4.57430555555556,0.0103435351102881
4.57569444444444,0.0405917886656962
4.57708333333333,0.0268044871392028
4.57847222222222,-0.014255497433306
4.57986111111111,0.0112390577585253
4.58125,-0.00590398939961091
4.58263888888889,-0.0376044656398527
4.58402777777778,0.0351783168399328
4.58541666666667,0.00603902641194329
4.58680555555556,-0.0177910760427798
4.58819444444444,0.0174846658137693
4.58958333333333,0.00812872633422508
4.59097222222222,0.0211065891588197
4.59236111111111,-0.0163169210277361
4.59375,-0.0020105299399733
4.59513888888889,0.0619793327480975
4.59652777777778,0.0197335220451623
4.59791666666667,0.0806973764686146
4.59930555555556,0.0731017973816572
4.60069444444444,-0.0342976496890949
4.60208333333333,0.0284342820910022
4.60347222222222,-0.0137738441544138
4.60486111111111,0.0125571044900776
4.60625,-0.0309136253099977
4.60763888888889,-0.0352676477380409
4.60902777777778,0.0406708717020895
4.61041666666667,0.0314543026771107
4.61180555555556,-0.0190758967689853
4.61319444444444,0.000384324902483072
4.61458333333333,0.041633670409212
4.61597222222222,0.0544367987683016
4.61736111111111,0.131330049998448
4.61875,0.0671286964555104
4.62013888888889,-0.0316724810474329
4.62152777777778,-0.024384289188837
4.62291666666667,0.0259137421973161
4.62430555555556,-0.0102426019263682
4.62569444444444,0.0101748438379538
4.62708333333333,0.0133208934282162
4.62847222222222,0.0749572136772469
4.62986111111111,-0.0253871982879287
4.63125,-0.0159082172095261
4.63263888888889,0.0257022794249443
4.63402777777778,-0.0095220948882677
4.63541666666667,-0.0614441012567337
4.63680555555556,-0.0419574951282153
4.63819444444444,-0.0423375239306495
4.63958333333333,-0.0427450476276106
4.64097222222222,-0.0517986985724238
4.64236111111111,0.00222594523347198
4.64375,-0.0121223738899714
4.64513888888889,-0.025166069118782
4.64652777777778,-0.0338597001454521
4.64791666666667,-0.0829242761201843
4.64930555555556,0.0109735675682341
4.65069444444444,-0.00508703058678529
4.65208333333333,0.00563731530032633
4.65347222222222,-0.0383891330034477
4.65486111111111,-0.00420534295541442
4.65625,-0.00686703300764476
4.65763888888889,-0.0274016122162104
4.65902777777778,0.000420370127242264
4.66041666666667,-0.0230795016849447
4.66180555555556,0.00599159218130142
4.66319444444444,-0.0336690379631006
4.66458333333333,-0.0471022219012998
4.66597222222222,0.0826136144982171
4.66736111111111,0.0473604132276989
4.66875,0.043229939266009
4.67013888888889,-0.0692317437396528
4.67152777777778,-0.0286825323920533
4.67291666666667,0.025431643896238
4.67430555555556,-0.0439568524174029
4.67569444444444,-0.0153524237546528
4.67708333333333,-0.031352597788606
4.67847222222222,-0.0227719580218023
4.67986111111111,0.0430397137562852
4.68125,0.0341954156084336
4.68263888888889,0.0533251965271674
4.68402777777778,0.0029110593567391
4.68541666666667,-0.00382563913454638
4.68680555555556,-0.0200474722101405
4.68819444444444,-0.0533325614021078
4.68958333333333,-0.0751669696162349
4.69097222222222,-0.0493400439904473
4.69236111111111,-0.0975695219413067
4.69375,-0.0365551860630156
4.69513888888889,0.0570533706651075
4.69652777777778,0.0149946087520473
4.69791666666667,-0.0196196382744795
4.69930555555556,-0.0605739404514185
4.70069444444444,-0.0190868646873824
4.70208333333333,-0.0522718923463015
4.70347222222222,0.00356019963464495
4.70486111111111,-0.00844055933060219
4.70625,0.0658567904753375
4.70763888888889,0.0314466807233494
4.70902777777778,0.0214336186179201
4.71041666666667,-0.0222609119406619
4.71180555555556,-0.0904717978152305
4.71319444444444,-0.0592514034915145
4.71458333333333,0.00633417302009507
4.71597222222222,-0.0532381177619176
4.71736111111111,-0.0422162121761209
4.71875,-0.0469040263018172
4.72013888888889,-0.104582666827064
4.72152777777778,-0.0630558060682572
4.72291666666667,-0.0845633593801344
4.72430555555556,-0.0692881139883734
4.72569444444444,-0.0164267525753946
4.72708333333333,0.00549174466284797
4.72847222222222,-0.0226125952542709
4.72986111111111,-0.0136419105412066
4.73125,-0.0101370703837085
4.73263888888889,-0.0158521054143199
4.73402777777778,0.0203785780557844
4.73541666666667,-0.0310670076915116
4.73680555555556,0.00604067190777627
4.73819444444444,-0.104219165016234
4.73958333333333,-0.12385100861438
4.74097222222222,-0.0115687738850897
4.74236111111111,-0.0118282889936951
4.74375,-0.0406667884021438
4.74513888888889,-0.0334192807817433
4.74652777777778,-0.0490844321338359
4.74791666666667,-0.0838116845635939
4.74930555555556,-0.0203661985931408
4.75069444444444,-0.0117632665268368
4.75208333333333,0.012533382242199
4.75347222222222,-0.0718901472087421
4.75486111111111,-0.0268143472454736
4.75625,-0.0455742806289676
4.75763888888889,-0.0812848062062278
4.75902777777778,-0.0520068967342089
4.76041666666667,-0.00198347773861265
4.76180555555556,0.0380694397680134
4.76319444444444,0.0550011156764152
4.76458333333333,0.00771321070367197
4.76597222222222,0.0130165331292956
4.76736111111111,-0.047095382718884
4.76875,-0.0545370444775818
4.77013888888889,-0.0198430311391214
4.77152777777778,0.00220776122083882
4.77291666666667,0.0248181097491636
4.77430555555556,0.0418677985068382
4.77569444444444,0.0764481661598838
4.77708333333333,0.053117919401163
4.77847222222222,0.0296033844471301
4.77986111111111,-0.0686611474289047
4.78125,-0.0780353719195266
4.78263888888889,-0.0362773761762594
4.78402777777778,-0.0233791940368047
4.78541666666667,-0.0826884390274768
4.78680555555556,-0.0242549211815043
4.78819444444444,-0.0752613000840195
4.78958333333333,-0.0870048112768442
4.79097222222222,-0.108061397749881
4.79236111111111,-0.0176196831247912
4.79375,-0.0555003826869691
4.79513888888889,-0.0624099260312651
4.79652777777778,-0.0755551610694019
4.79791666666667,-0.109045717324638
4.79930555555556,-0.0734994984918689
4.80069444444444,-0.067870665461465
4.80208333333333,-0.100799316774914
4.80347222222222,-0.103318036890242
4.80486111111111,-0.0536026865985943
4.80625,-0.0652202904915904
4.80763888888889,0.00729241700253373
4.80902777777778,-0.0430096667676933
4.81041666666667,-0.0304566320216576
4.81180555555556,-0.0629710462510772
4.81319444444444,-0.0759647460829738
4.81458333333333,-0.112655772301428
4.81597222222222,-0.0930127005518584
4.81736111111111,-0.00368973067648267
4.81875,-0.083800883593019
4.82013888888889,-0.083942511877374
4.82152777777778,-0.0882822820410988
4.82291666666667,-0.0656382199555678
4.82430555555556,-0.0407273055337835
4.82569444444444,-0.0146430981791819
4.82708333333333,-0.0714528109739066
4.82847222222222,-0.0607102792400616
4.82986111111111,-0.0708460618295947
4.83125,-0.0587113464956818
4.83263888888889,-0.0972151584721367
4.83402777777778,-0.0270593367010055
4.83541666666667,0.0844386329999509
4.83680555555556,0.0312036557857572
4.83819444444444,-0.00426546371468671
4.83958333333333,0.0309314256910042
4.84097222222222,0.0172316499995832
4.84236111111111,-0.0237226138841292
4.84375,0.0755677732078223
4.84513888888889,0.0874338164395776
4.84652777777778,0.0443190263206023
4.84791666666667,0.0139954545113594
4.84930555555556,0.0261040245167323
4.85069444444444,-0.0283959459184107
4.85208333333333,0.0624924111821397
4.85347222222222,-0.0438250270249088
4.85486111111111,-0.05642096727823
4.85625,-0.0111001527623179
4.85763888888889,-0.114608334871153
4.85902777777778,-0.112204324549658
4.86041666666667,-0.149619294510492
4.86180555555556,-0.0489455071645125
4.86319444444444,-0.0895239151359842
4.86458333333333,-0.0613867573469522
4.86597222222222,-0.0887043739704532
4.86736111111111,-0.0646740496050321
4.86875,-0.0977623885018086
4.87013888888889,-0.121633863609842
4.87152777777778,-0.0874402101140523
4.87291666666667,-0.0722902358328096
4.87430555555556,-0.0586976408882075
4.87569444444444,-0.0962922300051986
4.87708333333333,-0.0219918910708281
4.87847222222222,-0.0492914406642758
4.87986111111111,-0.07896965003242
4.88125,-0.0643541020394562
4.88263888888889,-0.086836838926282
4.88402777777778,-0.108916696808782
4.88541666666667,-0.117294680601914
4.88680555555556,-0.15509183372852
4.88819444444444,-0.144746057831479
4.88958333333333,-0.0908782566856896
4.89097222222222,-0.119555456573421
4.89236111111111,-0.146923975102156
4.89375,-0.166828421770978
4.89513888888889,-0.127462193760054
4.89652777777778,-0.16853557927349
4.89791666666667,-0.0659698059250469
4.89930555555556,-0.0533712091543238
4.90069444444444,-0.0658681533019067
4.90208333333333,-0.0892018589177322
4.90347222222222,-0.0724990592277541
4.90486111111111,-0.0369766522811089
4.90625,-0.00958587411773282
4.90763888888889,-0.106969178971901
4.90902777777778,-0.0223307321571494
4.91041666666667,0.0284009025263675
4.91180555555556,0.0283174614265525
4.91319444444444,-0.00513576417445814
4.91458333333333,0.0152466113895905
4.91597222222222,-0.0589110089880888
4.91736111111111,-0.0393600948407967
4.91875,-0.0358244705509835
4.92013888888889,-0.0165417407943868
4.92152777777778,-0.100280839191987
4.92291666666667,-0.0355358744295116
4.92430555555556,-0.0264845098924117
4.92569444444444,-0.0737491239445745
4.92708333333333,-0.0353776661457553
4.92847222222222,-0.0561451540207469
4.92986111111111,-0.0245028569082901
4.93125,-0.0778143483649282
4.93263888888889,-0.0715663984243072
4.93402777777778,-0.0169261995882884
4.93541666666667,0.0373457209493045
4.93680555555556,-0.0233060417629186
4.93819444444444,-0.0432260913810434
4.93958333333333,-0.15459946285666
4.94097222222222,-0.12163205880337
4.94236111111111,-0.0542818287014434
4.94375,-0.146231475854695
4.94513888888889,-0.165726241828459
4.94652777777778,-0.166059360956075
4.94791666666667,-0.0825523366158024
4.94930555555556,-0.079789498962425
4.95069444444444,-0.0848232840495359
4.95208333333333,-0.0772421512225202
4.95347222222222,-0.116165728601904
4.95486111111111,-0.0743092066859633
4.95625,-0.0375382662668458
4.95763888888889,-0.0641063723681581
4.95902777777778,-0.0228525029390209
4.96041666666667,-0.0490869829009827
4.96180555555556,-0.111368383410108
4.96319444444444,-0.0478092500432779
4.96458333333333,-0.100547923337868
4.96597222222222,-0.0493406734461032
4.96736111111111,-0.0721017468761913
4.96875,-0.00474619328195068
4.97013888888889,-0.0320241603447875
4.97152777777778,-0.0394885970146371
4.97291666666667,-0.045354813419227
4.97430555555556,-0.0525431640845363
4.97569444444444,-0.0281778090741425
4.97708333333333,-0.0571098140544121
4.97847222222222,-0.0300348728793307
4.97986111111111,-0.025277439399774
4.98125,-0.0238137145273324
4.98263888888889,-0.0369997577841568
4.98402777777778,-0.0173826248393794
4.98541666666667,-0.0587870982675151
4.98680555555556,-0.00638924357646424
4.98819444444444,-0.0128803049223568
4.98958333333333,-0.102341883823087
4.99097222222222,-0.108548637471403
4.99236111111111,-0.0475540731523809
4.99375,-0.0336098560175256
4.99513888888889,-0.121825514584632
4.99652777777778,-0.13920386782736
4.99791666666667,-0.151609252993861
4.99930555555556,-0.0730023767501142
5.00069444444444,-0.114745906951311
5.00208333333333,-0.123441396223874
5.00347222222222,-0.121525335679503
5.00486111111111,-0.0717540545037813
5.00625,-0.169560489087263
5.00763888888889,-0.115633784680954
5.00902777777778,-0.0654891338790072
5.01041666666667,-0.12842490986652
5.01180555555556,-0.0716110892832899
5.01319444444444,-0.0868010150508488
5.01458333333333,-0.0601694529405471
5.01597222222222,-0.0983432879004557
5.01736111111111,-0.100510692776486
5.01875,-0.0982811621224877
5.02013888888889,-0.0872088763960721
5.02152777777778,-0.083740337056605
5.02291666666667,-0.110322654861195
5.02430555555556,-0.101137654218472
5.02569444444444,-0.106954269352187
5.02708333333333,-0.0817106871829124
5.02847222222222,-0.108775567357064
5.02986111111111,-0.134529804603979
5.03125,-0.185113219948167
5.03263888888889,-0.170314127060576
5.03402777777778,-0.152312606689214
5.03541666666667,-0.109185023709875
5.03680555555556,-0.0940469204927713
5.03819444444444,-0.0640555438768051
5.03958333333333,-0.0540108015783319
5.04097222222222,-0.0856434808542968
5.04236111111111,-0.133199910858829
5.04375,-0.104668302461585
5.04513888888889,-0.0860729372673643
5.04652777777778,-0.0672694189569142
5.04791666666667,-0.0906698605006416
5.04930555555556,-0.0581022557526139
5.05069444444444,-0.120539365445401
5.05208333333333,-0.089510487172453
5.05347222222222,-0.0665046901797946
5.05486111111111,-0.0494758881247245
5.05625,-0.0258283625079642
5.05763888888889,-0.0547996166715297
5.05902777777778,-0.0947987405462448
5.06041666666667,-0.143492195087421
5.06180555555556,-0.0656611398296439
5.06319444444444,-0.0196914392653156
5.06458333333333,-0.0463937804308828
5.06597222222222,-0.0492352279093626
5.06736111111111,-0.0658428053856273
5.06875,-0.0597154373866824
5.07013888888889,-0.0179959499868605
5.07152777777778,0.0277712540783338
5.07291666666667,0.0636267367075955
5.07430555555556,0.039176432481525
5.07569444444444,0.0425819814748981
5.07708333333333,0.00706679178097432
5.07847222222222,0.0161653462460343
5.07986111111111,-0.0145124486007256
5.08125,-0.0333926927920303
5.08263888888889,-0.0577750858012134
5.08402777777778,-0.109033538713361
5.08541666666667,-0.0519983060024432
5.08680555555556,-0.0630564357679765
5.08819444444444,-0.0565008146599254
5.08958333333333,-0.108003739571097
5.09097222222222,-0.111090864025411
5.09236111111111,-0.0525572452007905
5.09375,-0.0716256141607038
5.09513888888889,-0.0956677003760575
5.09652777777778,-0.0839876609379598
5.09791666666667,-0.134445440887056
5.09930555555556,-0.128103305865239
5.10069444444444,-0.0917799093897882
5.10208333333333,-0.0935579983504503
5.10347222222222,-0.0873936845587936
5.10486111111111,-0.0936962873446782
5.10625,-0.0610763044354716
5.10763888888889,-0.0127120265330531
5.10902777777778,-0.0502687799906887
5.11041666666667,-0.0595006780658003
5.11180555555556,-0.0787192920626201
5.11319444444444,-0.0504170842527312
5.11458333333333,-0.0360745236487546
5.11597222222222,-0.0217887828832188
5.11736111111111,-0.0760997159059539
5.11875,-0.0900351932417741
5.12013888888889,-0.116077663755977
5.12152777777778,-0.157352632901347
5.12291666666667,-0.102853741063045
5.12430555555556,-0.0853960185791643
5.12569444444444,-0.0654143849244066
5.12708333333333,-0.0796215918938319
5.12847222222222,-0.110221407118597
5.12986111111111,-0.131178033618775
5.13125,-0.0466245901437863
5.13263888888889,-0.0854782393402364
5.13402777777778,-0.0354004288980413
5.13541666666667,-0.0427910731983796
5.13680555555556,-0.0922147825941292
5.13819444444444,-0.128372220973669
5.13958333333333,-0.0710800613149826
5.14097222222222,-0.115266613771457
5.14236111111111,-0.0753383493605293
5.14375,-0.0691027414607177
5.14513888888889,-0.0416932814141258
5.14652777777778,-0.0759566820207548
5.14791666666667,-0.110113937939561
5.14930555555556,-0.136074076580813
5.15069444444444,-0.172891994754994
5.15208333333333,-0.206749818570306
5.15347222222222,-0.264049949276489
5.15486111111111,-0.212655016510787
5.15625,-0.129491193779079
5.15763888888889,-0.152982032067228
5.15902777777778,-0.143004643912178
5.16041666666667,-0.14577875117478
5.16180555555556,-0.131206360087128
5.16319444444444,-0.0891488375435928
5.16458333333333,-0.0574982461828722
5.16597222222222,-0.0387952267751891
5.16736111111111,-0.0624229751284252
5.16875,-0.0589565400430119
5.17013888888889,-0.055175282025797
5.17152777777778,-0.0911662904878116
5.17291666666667,-0.162760831095889
5.17430555555556,-0.125968529448559
5.17569444444444,-0.0734303796508741
5.17708333333333,-0.0980577762038985
5.17847222222222,-0.0811658195570355
5.17986111111111,-0.0662095797643337
5.18125,-0.153591095300883
5.18263888888889,-0.103471856615918
5.18402777777778,-0.0469494279786982
5.18541666666667,-0.0746822261547821
5.18680555555556,-0.0871304965065524
5.18819444444444,-0.0827823842688637
5.18958333333333,-0.0828945240299005
5.19097222222222,-0.113037145496449
5.19236111111111,-0.0727409661724838
5.19375,-0.0225438010028165
5.19513888888889,-0.02489502579415
5.19652777777778,0.00159317369582195
5.19791666666667,0.00481393017701421
5.19930555555556,-0.0648188930685251
5.20069444444444,-0.136706041621073
5.20208333333333,-0.109870503269357
5.20347222222222,-0.157195531831522
5.20486111111111,-0.0698711793415354
5.20625,-0.0834567966928172
5.20763888888889,-0.059605543200163
5.20902777777778,-0.0472238910090556
5.21041666666667,-0.102127698408704
5.21180555555556,-0.0491113324017749
5.21319444444444,-0.0123010138614455
5.21458333333333,-0.102249338933738
5.21597222222222,-0.0245716598976815
5.21736111111111,-0.00102545246086049
5.21875,-0.0225390571054916
5.22013888888889,-0.0236530866437574
5.22152777777778,-0.0765905145945367
5.22291666666667,-0.0239485357168471
5.22430555555556,-0.0606758790338728
5.22569444444444,-0.106699620708224
5.22708333333333,-0.0633999893114894
5.22847222222222,-0.0975869803553284
5.22986111111111,-0.092597394697257
5.23125,-0.0555848116228426
5.23263888888889,0.0355938847930129
5.23402777777778,-0.0097119860174668
5.23541666666667,-0.0284018572162202
5.23680555555556,-0.0467091237800287
5.23819444444444,-0.0661180162424997
5.23958333333333,-0.135597106335766
5.24097222222222,-0.133645286683396
5.24236111111111,-0.0960319201502239
5.24375,-0.0265726993118794
5.24513888888889,-0.0083590722325449
5.24652777777778,-0.019121526273767
5.24791666666667,0.0130322742702511
5.24930555555556,0.0258790933298764
5.25069444444444,-0.0078101229181152
5.25208333333333,0.00304119498233188
5.25347222222222,-0.0316514098257327
5.25486111111111,-0.0201814357910596
5.25625,-0.0517176922641163
5.25763888888889,-0.132353436344533
5.25902777777778,-0.0502520819489121
5.26041666666667,-0.0515134332313184
5.26180555555556,-0.0559201153763552
5.26319444444444,-0.148371390419313
5.26458333333333,-0.13748731445192
5.26597222222222,-0.0185380068913251
5.26736111111111,-0.0321780951002478
5.26875,0.00508681421636022
5.27013888888889,-0.0299768530450523
5.27152777777778,0.0551565114061751
5.27291666666667,0.0233918577305065
5.27430555555556,0.0481197234499013
5.27569444444444,0.0221281339724133
5.27708333333333,0.029176573774578
5.27847222222222,0.00109300717015684
5.27986111111111,-0.00968385945454246
5.28125,-0.00205012632355826
5.28263888888889,-0.0116352991098458
5.28402777777778,-0.0960584331867223
5.28541666666667,-0.0421140535488184
5.28680555555556,-0.0029500585622919
5.28819444444444,0.011497864286635
5.28958333333333,-0.0305469759627783
5.29097222222222,-0.015066981364433
5.29236111111111,0.00901930467593266
5.29375,0.000324880159244949
5.29513888888889,0.0178107688520299
5.29652777777778,0.0255162627145045
5.29791666666667,-0.0759749149388288
5.29930555555556,-0.091827952694137
5.30069444444444,-0.0513202202393468
5.30208333333333,-0.0943507294751528
5.30347222222222,-0.0495615403630799
5.30486111111111,-0.0608614778303518
5.30625,-0.131478932153501
5.30763888888889,-0.0788641616765161
5.30902777777778,-0.161993765861787
5.31041666666667,-0.107393078028705
5.31180555555556,-0.0908728134400825
5.31319444444444,-0.015846338699094
5.31458333333333,-0.0697179024089744
5.31597222222222,-0.11600739110087
5.31736111111111,-0.220113948892981
5.31875,-0.164553913729196
5.32013888888889,-0.156251591999553
5.32152777777778,-0.162400177750148
5.32291666666667,-0.178570505464075
5.32430555555556,-0.252304432453941
5.32569444444444,-0.182371171319588
5.32708333333333,-0.0733028742775287
5.32847222222222,-0.0412604435128855
5.32986111111111,-0.0901648845497606
5.33125,-0.0917666442395452
5.33263888888889,-0.106371255696157
5.33402777777778,-0.0376006413743782
5.33541666666667,-0.102749041023139
5.33680555555556,-0.0946057813074998
5.33819444444444,-0.0758742612326014
5.33958333333333,-0.0970774353162147
5.34097222222222,-0.115550884648871
5.34236111111111,-0.121443499291678
5.34375,-0.123207409622486
5.34513888888889,-0.0582181753835291
5.34652777777778,-0.0784944772747322
5.34791666666667,-0.0513990218703096
5.34930555555556,-0.0335192295153812
5.35069444444444,-0.0491071047024399
5.35208333333333,-0.0423647036067917
5.35347222222222,-0.0594893382156391
5.35486111111111,-0.122688297752924
5.35625,-0.0693002988180703
5.35763888888889,-0.000106875982498153
5.35902777777778,-0.017070839390739
5.36041666666667,-0.0347353923897427
5.36180555555556,-0.059205491075486
5.36319444444444,-0.0983346317355984
5.36458333333333,-0.0333281453618359
5.36597222222222,-0.0154918178531218
5.36736111111111,0.000991443671672687
5.36875,-0.0719203512705536
5.37013888888889,-0.0447014430765123
5.37152777777778,-0.0372117657568426
5.37291666666667,-0.0503380178182306
5.37430555555556,-0.0765080598592093
5.37569444444444,-0.12541948602465
5.37708333333333,-0.0975434106697101
5.37847222222222,-0.139765673772757
5.37986111111111,-0.0993470793857616
5.38125,-0.0999020497875308
5.38263888888889,-0.0311927447043299
5.38402777777778,-0.0305448476656368
5.38541666666667,-0.0839947526122458
5.38680555555556,-0.0758222327711822
5.38819444444444,-0.149561422601394
5.38958333333333,-0.087507171088893
5.39097222222222,-0.0754112218206558
5.39236111111111,-0.0967211410433409
5.39375,-0.0336967168995922
5.39513888888889,-0.0513772600564576
5.39652777777778,0.0241862362907266
5.39791666666667,0.0377599202925055
5.39930555555556,0.0740323720553987
5.40069444444444,-0.0542480169181347
5.40208333333333,-0.074669786735476
5.40347222222222,-0.0121148762362415
5.40486111111111,-0.0925804729495653
5.40625,-0.134706043903125
5.40763888888889,-0.117408472296897
5.40902777777778,-0.0699147012147982
5.41041666666667,-0.0858688362465434
5.41180555555556,-0.121124217902885
5.41319444444444,-0.170625599660879
5.41458333333333,-0.131363260706836
5.41597222222222,-0.129268778557342
5.41736111111111,-0.0944069246198037
5.41875,-0.0951153218387051
5.42013888888889,-0.121771620212692
5.42152777777778,0.00674950084151197
5.42291666666667,-0.0677057357237389
5.42430555555556,-0.133713873776387
5.42569444444444,-0.139545062805268
5.42708333333333,-0.131571439964724
5.42847222222222,-0.111924227393119
5.42986111111111,0.0128450791534778
5.43125,-0.149944552020055
5.43263888888889,-0.0869080318499832
5.43402777777778,-0.0573998764559384
5.43541666666667,-0.0435040707563065
5.43680555555556,-0.0883578379780817
5.43819444444444,-0.157760129708395
5.43958333333333,-0.0777650182987891
5.44097222222222,-0.164293499189992
5.44236111111111,-0.115638831359125
5.44375,-0.0831184451142791
5.44513888888889,-0.121044909591588
5.44652777777778,-0.121336650350307
5.44791666666667,-0.122407467139622
5.44930555555556,-0.112356312165551
5.45069444444444,-0.119045412752108
5.45208333333333,-0.0737991909272217
5.45347222222222,-0.0735512790109625
5.45486111111111,-0.0762752216733951
5.45625,0.0440607271889498
5.45763888888889,-0.0314479047783747
5.45902777777778,-0.0754877961343159
5.46041666666667,-0.0711432647384116
5.46180555555556,-0.0524893568496403
5.46319444444444,-0.0538936985889696
5.46458333333333,-0.0732715186515253
5.46597222222222,-0.0943375941714454
5.46736111111111,-0.0437201426565477
5.46875,-0.12033580332739
5.47013888888889,-0.0379486737970697
5.47152777777778,0.00597562025762053
5.47291666666667,-0.0426132056717191
5.47430555555556,-0.0809839357598612
5.47569444444444,-0.155706949542605
5.47708333333333,-0.140382892925558
5.47847222222222,-0.0987101412728224
5.47986111111111,-0.109963117222151
5.48125,-0.173683873338022
5.48263888888889,-0.109685523034336
5.48402777777778,-0.107826111110668
5.48541666666667,-0.208344550713708
5.48680555555556,-0.185454339530483
5.48819444444444,-0.174072502519536
5.48958333333333,-0.159328709812944
5.49097222222222,-0.152422951238913
5.49236111111111,-0.185472740505173
5.49375,-0.186279054074924
5.49513888888889,-0.196815304393952
5.49652777777778,-0.245320863594353
5.49791666666667,-0.232208482163788
5.49930555555556,-0.230407114587519
5.50069444444444,-0.263781587035442
5.50208333333333,-0.293972597287265
5.50347222222222,-0.21787315351581
5.50486111111111,-0.10004719306927
5.50625,-0.224209643267844
5.50763888888889,-0.0973204434632243
5.50902777777778,-0.149736919500504
5.51041666666667,-0.187576363905474
5.51180555555556,-0.230356984098387
5.51319444444444,-0.10954906356071
5.51458333333333,-0.203254141318913
5.51597222222222,-0.244249841844502
5.51736111111111,-0.251994838341308
5.51875,-0.227755282510674
5.52013888888889,-0.213657874880077
5.52152777777778,-0.168728113833703
5.52291666666667,-0.109939918027691
5.52430555555556,-0.153847007851119
5.52569444444444,-0.176652659935453
5.52708333333333,-0.217769897173248
5.52847222222222,-0.241563722667544
5.52986111111111,-0.226781450071053
5.53125,-0.224413851238938
5.53263888888889,-0.22219135737918
5.53402777777778,-0.220032370576254
5.53541666666667,-0.217017859722489
5.53680555555556,-0.269352791047818
5.53819444444444,-0.241748678302458
5.53958333333333,-0.287924083865967
5.54097222222222,-0.273728876393864
5.54236111111111,-0.246364448748574
5.54375,-0.191828367044941
5.54513888888889,-0.165961757869876
5.54652777777778,-0.193637279066414
5.54791666666667,-0.211144884944834
5.54930555555556,-0.127813273948797
5.55069444444444,-0.192534960830575
5.55208333333333,-0.213758537052276
5.55347222222222,-0.128076777836941
5.55486111111111,-0.0900713744979489
5.55625,-0.114029999979796
5.55763888888889,-0.0855168683108283
5.55902777777778,-0.119968167608828
5.56041666666667,-0.094951546224965
5.56180555555556,-0.0330826548158901
5.56319444444444,-0.0656851813995862
5.56458333333333,-0.103118927076527
5.56597222222222,-0.0909574972524785
5.56736111111111,-0.142416483470727
5.56875,-0.127084580689319
5.57013888888889,-0.101020074458095
5.57152777777778,-0.151017329867421
5.57291666666667,-0.104545255029418
5.57430555555556,-0.0611717418251467
5.57569444444444,-0.0869812742514106
5.57708333333333,-0.142596325069559
5.57847222222222,-0.253141761374788
5.57986111111111,-0.239230914677458
5.58125,-0.211432683444155
5.58263888888889,-0.120622034791774
5.58402777777778,-0.0993797037447216
5.58541666666667,-0.0769170781578457
5.58680555555556,-0.153564916177785
5.58819444444444,-0.136692577170349
5.58958333333333,-0.178305279465953
5.59097222222222,-0.220650712965152
5.59236111111111,-0.181223252692965
5.59375,-0.108309951137467
5.59513888888889,-0.0788745237420759
5.59652777777778,-0.06690492169049
5.59791666666667,-0.122267659310419
5.59930555555556,0.00968177733146341
5.60069444444444,-0.0561673438975678
5.60208333333333,-0.116959716295606
5.60347222222222,-0.127975525315063
5.60486111111111,-0.0444277372799652
5.60625,-0.027231306923745
5.60763888888889,-0.00208121955449903
5.60902777777778,-0.0894527861782515
5.61041666666667,-0.0500274634772761
5.61180555555556,-0.00672143156385295
5.61319444444444,0.0723433401630811
5.61458333333333,-0.0530885942541668
5.61597222222222,0.00712353086065359
5.61736111111111,-0.0475309917658247
5.61875,-0.0588239192447946
5.62013888888889,-0.08139045124976
5.62152777777778,-0.0254392143807338
5.62291666666667,-0.0718328359175059
5.62430555555556,-0.123564282022463
5.62569444444444,-0.112975248840456
5.62708333333333,-0.0609442933495219
5.62847222222222,-0.0247336368233893
5.62986111111111,-0.0488921953906313
5.63125,-0.0581796868802192
5.63263888888889,-0.0839276239586139
5.63402777777778,-0.0565426366838483
5.63541666666667,0.000400266855854333
5.63680555555556,-0.0706252308868078
5.63819444444444,-0.0828739854437111
5.63958333333333,-0.12051169250605
5.64097222222222,-0.113931827817372
5.64236111111111,-0.118289075637377
5.64375,-0.0869210838249295
5.64513888888889,-0.114110172765313
5.64652777777778,-0.0300758931990368
5.64791666666667,-0.0847941635204449
5.64930555555556,-0.0934596670630015
5.65069444444444,-0.0421007611735355
5.65208333333333,-0.0822145089327162
5.65347222222222,-0.0965982170862731
5.65486111111111,-0.0553653439696161
5.65625,-0.0407108969956351
5.65763888888889,-0.0614967480946626
5.65902777777778,-0.0359935497783829
5.66041666666667,-0.210249761010585
5.66180555555556,-0.130841784650133
5.66319444444444,-0.17370143316208
5.66458333333333,-0.0746503920454157
5.66597222222222,-0.148693238560195
5.66736111111111,-0.194628532845569
5.66875,-0.201392491304694
5.67013888888889,-0.22055049897851
5.67152777777778,-0.164152131166087
5.67291666666667,-0.12548385832117
5.67430555555556,-0.0991812954280124
5.67569444444444,-0.118643256487469
5.67708333333333,-0.179487139842925
5.67847222222222,-0.103665760820198
5.67986111111111,-0.14153984360451
5.68125,-0.189915580398009
5.68263888888889,-0.240461660625955
5.68402777777778,-0.144600185945266
5.68541666666667,-0.109807282187543
5.68680555555556,-0.17479421211134
5.68819444444444,-0.169288836617595
5.68958333333333,-0.177155030236446
5.69097222222222,-0.07574505404782
5.69236111111111,-0.13192866166228
5.69375,-0.176927841773357
5.69513888888889,-0.123025281589111
5.69652777777778,-0.149032030962472
5.69791666666667,-0.151862740571046
5.69930555555556,-0.136236320908681
5.70069444444444,-0.130783019882676
5.70208333333333,-0.173636198643571
5.70347222222222,-0.101176802957314
5.70486111111111,-0.145686484970839
5.70625,-0.204006132438509
5.70763888888889,-0.197974853191871
5.70902777777778,-0.197484381811964
5.71041666666667,-0.151395119438895
5.71180555555556,-0.136585608529563
5.71319444444444,-0.12863918623174
5.71458333333333,-0.197387443307111
5.71597222222222,-0.155931148703575
5.71736111111111,-0.132376263964304
5.71875,-0.0409481699017184
5.72013888888889,-0.0919796593120664
5.72152777777778,-0.096924282888173
5.72291666666667,-0.128068039869697
5.72430555555556,-0.0904554390675451
5.72569444444444,-0.0676450507067304
5.72708333333333,-0.0819821526435374
5.72847222222222,-0.0486659684021614
5.72986111111111,-0.0913445421204595
5.73125,-0.15201063532143
5.73263888888889,-0.135347892183056
5.73402777777778,-0.11136877587507
5.73541666666667,-0.112948841577596
5.73680555555556,-0.0295234579303068
5.73819444444444,-0.163737633398934
5.73958333333333,-0.133236735402095
5.74097222222222,-0.163550906320908
5.74236111111111,-0.0910431131453789
5.74375,-0.130458313394692
5.74513888888889,-0.0966045441905674
5.74652777777778,-0.188697936424104
5.74791666666667,-0.114503790154536
5.74930555555556,-0.149108393209469
5.75069444444444,-0.126136763041285
5.75208333333333,-0.108168632218208
5.75347222222222,-0.118313883725836
5.75486111111111,-0.196108624520177
5.75625,-0.137009162874916
5.75763888888889,-0.0985942842272701
5.75902777777778,-0.0933664630981019
5.76041666666667,-0.158572733224802
5.76180555555556,-0.137930724863158
5.76319444444444,-0.190864334410565
5.76458333333333,-0.158070820817625
5.76597222222222,-0.201047104659554
5.76736111111111,-0.211558578897818
5.76875,-0.240893234447944
5.77013888888889,-0.203564356966402
5.77152777777778,-0.117647746220707
5.77291666666667,-0.134016439130662
5.77430555555556,-0.142588694148295
5.77569444444444,-0.158806550235214
5.77708333333333,-0.103804670173217
5.77847222222222,-0.0891909117841415
5.77986111111111,-0.102145941498284
5.78125,-0.136862888033115
5.78263888888889,-0.18893438617328
5.78402777777778,-0.079409244045029
5.78541666666667,-0.1165841373083
5.78680555555556,-0.175309748960036
5.78819444444444,-0.205029019571216
5.78958333333333,-0.18598633809506
5.79097222222222,-0.149684967958218
5.79236111111111,-0.222773863970899
5.79375,-0.213919316707651
5.79513888888889,-0.225562585147022
5.79652777777778,-0.133506837735788
5.79791666666667,-0.132506732567356
5.79930555555556,-0.063744380988614
5.80069444444444,-0.151905671682972
5.80208333333333,-0.17638451755012
5.80347222222222,-0.130869347559592
5.80486111111111,-0.120400992111487
5.80625,-0.113486659001752
5.80763888888889,-0.166200545119402
5.80902777777778,-0.162309242021786
5.81041666666667,-0.177207110869868
5.81180555555556,-0.172904836770864
5.81319444444444,-0.139846181207637
5.81458333333333,-0.151365548542681
5.81597222222222,-0.178693798736417
5.81736111111111,-0.246132283039013
5.81875,-0.264578436524931
5.82013888888889,-0.190866717722949
5.82152777777778,-0.123768152611252
5.82291666666667,-0.122939416020067
5.82430555555556,-0.194272755328133
5.82569444444444,-0.224556604772148
5.82708333333333,-0.209105513400634
5.82847222222222,-0.232252919969718
5.82986111111111,-0.217245846613138
5.83125,-0.151536896427949
5.83263888888889,-0.15038820354899
5.83402777777778,-0.0786011193180772
5.83541666666667,-0.137451727305489
5.83680555555556,-0.129525777617996
5.83819444444444,-0.0938782439385406
5.83958333333333,-0.161572665883279
5.84097222222222,-0.156601981535865
5.84236111111111,-0.0788835301601476
5.84375,-0.164845939406228
5.84513888888889,-0.131453182360391
5.84652777777778,-0.147120950466494
5.84791666666667,-0.174315636146233
5.84930555555556,-0.192307136753836
5.85069444444444,-0.15119525148157
5.85208333333333,-0.22923336159486
5.85347222222222,-0.160851132509022
5.85486111111111,-0.13939954423873
5.85625,-0.104190604800569
5.85763888888889,-0.161510357916147
5.85902777777778,-0.115775570326975
5.86041666666667,-0.162343685821187
5.86180555555556,-0.17527818033462
5.86319444444444,-0.108989706274285
5.86458333333333,-0.0370663724205863
5.86597222222222,-0.05141463574864
5.86736111111111,-0.10976280728568
5.86875,-0.0606770376258949
5.87013888888889,-0.0638396491690882
5.87152777777778,-0.00704744242029814
5.87291666666667,0.0295637631513595
5.87430555555556,-0.0228169884393336
5.87569444444444,-0.0651535868100253
5.87708333333333,-0.0304048530624637
5.87847222222222,-0.11934565321989
5.87986111111111,-0.0877726257299603
5.88125,-0.114661538981362
5.88263888888889,-0.144682429935145
5.88402777777778,-0.0340002389444057
5.88541666666667,-0.0696010853912143
5.88680555555556,-0.0528407356757397
5.88819444444444,-0.0718423489491417
5.88958333333333,-0.0790744547376784
5.89097222222222,-0.0451083355700885
5.89236111111111,-0.0256358956413913
5.89375,-0.0101476285322154
5.89513888888889,-0.0932586225890373
5.89652777777778,-0.0233580874638206
5.89791666666667,0.0208150296785348
5.89930555555556,-0.0420975693983814
5.90069444444444,-0.0601380828645396
5.90208333333333,0.0311233337589395
5.90347222222222,-0.0403548241581661
5.90486111111111,-0.0392664835562762
5.90625,-0.062994685645718
5.90763888888889,-0.0389505737196702
5.90902777777778,-0.111780265196552
5.91041666666667,-0.105971049326158
5.91180555555556,-0.094546446171877
5.91319444444444,0.0237548321842048
5.91458333333333,0.00111596881022669
5.91597222222222,0.00209373585662366
5.91736111111111,-0.0214504289931974
5.91875,-0.0381532600600252
5.92013888888889,-0.0396449348499075
5.92152777777778,0.00369435290148193
5.92291666666667,0.0181489989277148
5.92430555555556,-0.0127082205490395
5.92569444444444,-0.0225763403225975
5.92708333333333,0.000978808319175025
5.92847222222222,-0.00229288696188254
5.92986111111111,-0.0586133143250029
5.93125,-0.02210811924876
5.93263888888889,0.0240833000935836
5.93402777777778,0.0490147029429198
5.93541666666667,0.0218296301490914
5.93680555555556,-0.0231436608639053
5.93819444444444,-0.0069167397120732
5.93958333333333,-0.121082094085588
5.94097222222222,-0.024171401924016
5.94236111111111,-0.058951154036447
5.94375,-0.108083815346475
5.94513888888889,-0.0947590903666466
5.94652777777778,-0.104113695994539
5.94791666666667,0.0248595133556775
5.94930555555556,0.0230078459783323
5.95069444444444,-0.029469298058315
5.95208333333333,-0.0502701177205293
5.95347222222222,-0.0595388157423273
5.95486111111111,-0.0352402016132442
5.95625,-0.0952787635608284
5.95763888888889,-0.00396796578868958
5.95902777777778,0.0089336403015606
5.96041666666667,0.0527576575515159
5.96180555555556,-0.028299968741619
5.96319444444444,0.02428887989309
5.96458333333333,0.0579214494666785
5.96597222222222,0.0509323120297459
5.96736111111111,0.0451627416352151
5.96875,0.0666514172576733
5.97013888888889,0.0162857197074007
5.97152777777778,0.013155110139347
5.97291666666667,-0.0350397980457757
5.97430555555556,-0.0442450033254169
5.97569444444444,0.0256644749505746
5.97708333333333,0.0298074676955581
5.97847222222222,0.000718278794593196
5.97986111111111,0.0646796814496668
5.98125,0.115203595368873
5.98263888888889,0.11063174092395
5.98402777777778,0.0510612691734826
5.98541666666667,0.0663091144170318
5.98680555555556,0.0597149233503819
5.98819444444444,0.0509146448234684
5.98958333333333,0.0400664296624963
5.99097222222222,0.0781758761965779
5.99236111111111,0.113921728881081
5.99375,0.0718569268139253
5.99513888888889,0.0496667380127362
5.99652777777778,-0.0116018405687498
5.99791666666667,0.0354622525976308
5.99930555555556,0.032582037484108
6.00069444444444,0.0209608656405294
6.00208333333333,0.00120698799869554
6.00347222222222,0.0274508320470849
6.00486111111111,0.0104248180279049
6.00625,0.00736205772538849
6.00763888888889,-0.0433793604018771
6.00902777777778,0.0293120586750928
6.01041666666667,-0.0190142266956722
6.01180555555556,0.0719439536233219
6.01319444444444,-0.0133540207184922
6.01458333333333,-0.0324053841184367
6.01597222222222,-0.00523562958371379
6.01736111111111,0.0474633336070065
6.01875,0.0885449697013618
6.02013888888889,0.00984796577165765
6.02152777777778,-0.0289327883875924
6.02291666666667,0.0179625456375754
6.02430555555556,0.150147410100506
6.02569444444444,0.1498314268507
6.02708333333333,0.0115552254510203
6.02847222222222,0.0301373489545137
6.02986111111111,0.00582219571593051
6.03125,0.0273363692537895
6.03263888888889,0.0537348223420549
6.03402777777778,0.045686391514628
6.03541666666667,-0.00079079534044179
6.03680555555556,-0.0029157017373496
6.03819444444444,0.030478324465996
6.03958333333333,0.0384964462818773
6.04097222222222,0.0467751364239766
6.04236111111111,-0.023140939425867
6.04375,0.046598828483449
6.04513888888889,0.0365483836240619
6.04652777777778,0.0341409134642597
6.04791666666667,0.0207260939202045
6.04930555555556,-0.0221573979286122
6.05069444444444,0.0612453111826872
6.05208333333333,0.0129589376709876
6.05347222222222,-0.025380260673669
6.05486111111111,0.0373546041431837
6.05625,-0.0335974518577593
6.05763888888889,-0.0612483695447485
6.05902777777778,-0.0333620080877376
6.06041666666667,-0.072590262703037
6.06180555555556,-0.0834175032459499
6.06319444444444,-0.0675658234832416
6.06458333333333,-0.091433712722375
6.06597222222222,-0.113484192630475
6.06736111111111,-0.151900333474062
6.06875,-0.0739702366348352
6.07013888888889,-0.0409174368108408
6.07152777777778,-0.0178592339738262
6.07291666666667,-0.033012398237561
6.07430555555556,-0.0627978331744877
6.07569444444444,-0.0705418773768284
6.07708333333333,-0.00256502463988341
6.07847222222222,0.13016720087619
6.07986111111111,-0.0110499916449471
6.08125,0.0199507044707246
6.08263888888889,0.0224529816648939
6.08402777777778,-0.110859583750499
6.08541666666667,-0.0691030543156717
6.08680555555556,-0.0650817775803237
6.08819444444444,-0.129737958518586
6.08958333333333,-0.0471536515339065
6.09097222222222,-0.0531321870280643
6.09236111111111,-0.0415892186912995
6.09375,-0.0356475600142393
6.09513888888889,-0.0195375665944473
6.09652777777778,-0.0465944233192148
6.09791666666667,-0.0852612414928733
6.09930555555556,0.0433294184396762
6.10069444444444,-0.012626306962152
6.10208333333333,-0.00873301128927936
6.10347222222222,0.0173406845545216
6.10486111111111,0.0122587393067482
6.10625,0.0901657244046552
6.10763888888889,0.105871290198281
6.10902777777778,0.0686905317777422
6.11041666666667,0.0444787110984421
6.11180555555556,-0.00942822250058261
6.11319444444444,-0.0260990234560207
6.11458333333333,-0.0297311510524449
6.11597222222222,0.0417757782402205
6.11736111111111,-0.0167971619038935
6.11875,-0.010939767912281
6.12013888888889,0.0440437129844192
6.12152777777778,0.0175554986167906
6.12291666666667,-0.0403924662781025
6.12430555555556,0.0174488960012433
6.12569444444444,0.0403497266212322
6.12708333333333,0.0226511964620958
6.12847222222222,-0.027607451148601
6.12986111111111,0.0046231061657022
6.13125,0.0653318749743741
6.13263888888889,-0.0268703367953726
6.13402777777778,-0.00776935643734161
6.13541666666667,-0.0106432022972788
6.13680555555556,-0.0264493344836249
6.13819444444444,-0.00820037941271285
6.13958333333333,-0.0301222345776076
6.14097222222222,0.0184735748345498
6.14236111111111,0.0448596412591245
6.14375,0.0467895008477412
6.14513888888889,0.0266625856900141
6.14652777777778,0.0545188599495256
6.14791666666667,0.0604450923752226
6.14930555555556,-0.0304135362327203
6.15069444444444,0.0251048422459102
6.15208333333333,0.082228217785679
6.15347222222222,0.0531168315309833
6.15486111111111,0.0431237943268072
6.15625,-0.0321091100789392
6.15763888888889,0.0270179030821478
6.15902777777778,0.0358411254129909
6.16041666666667,-0.000869760351482794
6.16180555555556,-0.0274940355915171
6.16319444444444,0.0609228372575592
6.16458333333333,0.136238687611768
6.16597222222222,0.0429837002005063
6.16736111111111,0.0282202332211428
6.16875,0.00940592623598133
6.17013888888889,-0.00635995970166238
6.17152777777778,6.14498808023986e-05
6.17291666666667,0.030730079743554
6.17430555555556,-0.00527222069409585
6.17569444444444,-0.0106168162627201
6.17708333333333,0.0241464347870167
6.17847222222222,-0.0874195767985752
6.17986111111111,-0.0509830476443101
6.18125,-0.0359989863275943
6.18263888888889,-0.0175472316643646
6.18402777777778,-0.00513288199942892
6.18541666666667,-0.0898689405862852
6.18680555555556,-0.0563538649210588
6.18819444444444,-0.0226042260451057
6.18958333333333,-0.0513736810369123
6.19097222222222,-0.0668504507473678
6.19236111111111,0.00378949993235485
6.19375,-0.0287312200819506
6.19513888888889,-0.144226245960765
6.19652777777778,-0.100469823665638
6.19791666666667,-0.161989586412253
6.19930555555556,-0.138985992427197
6.20069444444444,-0.168771534412253
6.20208333333333,-0.108445238046674
6.20347222222222,-0.0893312681639369
6.20486111111111,-0.178121801916261
6.20625,-0.0662720377199869
6.20763888888889,-0.0677125896392518
6.20902777777778,-0.0232457090645359
6.21041666666667,0.00513361406753688
6.21180555555556,-0.00377263400559215
6.21319444444444,-0.0560988984108848
6.21458333333333,-0.0423298942119859
6.21597222222222,-0.0167813760706323
6.21736111111111,-0.023294921428166
6.21875,0.0199958896485028
6.22013888888889,-0.108477749582165
6.22152777777778,-0.0394874972018114
6.22291666666667,-0.0601630333763954
6.22430555555556,-0.00527811029887333
6.22569444444444,-0.0867055620886411
6.22708333333333,-0.0672697372781377
6.22847222222222,-0.0981629222126464
6.22986111111111,-0.0723309222824326
6.23125,-0.0508484877572293
6.23263888888889,0.0183274629709665
6.23402777777778,-0.12558408499287
6.23541666666667,-0.0889102541273454
6.23680555555556,-0.0919682232147936
6.23819444444444,-0.0954879840852395
6.23958333333333,-0.155747584669241
6.24097222222222,-0.10965351703565
6.24236111111111,-0.096205459608125
6.24375,-0.107151798612683
6.24513888888889,-0.0858456675387628
6.24652777777778,-0.0902265520560388
6.24791666666667,-0.0151432917993365
6.24930555555556,-0.0963195153170273
6.25069444444444,-0.064314160085977
6.25208333333333,-0.0845756045359456
6.25347222222222,-0.0324832658176801
6.25486111111111,-0.0681315894508913
6.25625,-0.034465792913774
6.25763888888889,-0.0819288701744718
6.25902777777778,-0.0618138248315604
6.26041666666667,-0.0685272015693019
6.26180555555556,-0.0211475419590283
6.26319444444444,0.0611439486865037
6.26458333333333,0.151123137714405
6.26597222222222,0.0248493549163425
6.26736111111111,0.0276812369625205
6.26875,0.0308755589176729
6.27013888888889,-0.00682943266426241
6.27152777777778,-0.0425941248472005
6.27291666666667,-0.0508589535886824
6.27430555555556,0.00848317105876445
6.27569444444444,-0.0669129702697018
6.27708333333333,-0.0467000717894818
6.27847222222222,-0.024324917426462
6.27986111111111,-0.0103945756338088
6.28125,-0.00979388963545234
6.28263888888889,0.00130859034949649
6.28402777777778,0.018882090115748
6.28541666666667,-0.0266409852544002
6.28680555555556,-0.0388848498237353
6.28819444444444,-0.0214154962085621
6.28958333333333,-0.0455382523349191
6.29097222222222,-0.0824258778373071
6.29236111111111,0.0397259442008205
6.29375,-0.0420645787220826
6.29513888888889,-0.049856862429819
6.29652777777778,-0.0428141807511845
6.29791666666667,-0.0379764977395592
6.29930555555556,-0.0518156179051472
6.30069444444444,-0.0657084355658652
6.30208333333333,-0.0599872415433997
6.30347222222222,-0.0221516384181754
6.30486111111111,-0.0858798489755774
6.30625,-0.083585871668213
6.30763888888889,-0.0163726786582267
6.30902777777778,-0.0375749785307338
6.31041666666667,-0.0341192303424186
6.31180555555556,-0.000916095803077517
6.31319444444444,0.040583844125343
6.31458333333333,0.0357785739955998
6.31597222222222,-0.0120593385826408
6.31736111111111,0.0691096659202292
6.31875,0.139007192869068
6.32013888888889,0.137392129868265
6.32152777777778,0.154058959968178
6.32291666666667,0.112454050812147
6.32430555555556,0.113895362718189
6.32569444444444,0.0320944267658855
6.32708333333333,0.123511168994984
6.32847222222222,0.0683356572471802
6.32986111111111,0.0757344164478747
6.33125,0.0855662880281281
6.33263888888889,0.0782141887460667
6.33402777777778,0.0905863560182259
6.33541666666667,0.0097931660082279
6.33680555555556,-0.0279044749702173
6.33819444444444,0.032276358964516
6.33958333333333,-0.0312733890312985
6.34097222222222,0.00588256668366985
6.34236111111111,0.122107361278219
6.34375,0.0374615209930073
6.34513888888889,0.0212116513367506
6.34652777777778,0.03840216033253
6.34791666666667,0.118024547395764
6.34930555555556,0.113748937591284
6.35069444444444,0.117674047191524
6.35208333333333,0.191581132087663
6.35347222222222,0.165409518829461
6.35486111111111,0.0508297015146053
6.35625,0.0898640716937607
6.35763888888889,0.0303974283558744
6.35902777777778,-0.00579863275395453
6.36041666666667,0.0438410589062823
6.36180555555556,0.0117755042434599
6.36319444444444,0.0283980563760518
6.36458333333333,-0.0241446835965485
6.36597222222222,-0.024436070485099
6.36736111111111,-0.00288438840096286
6.36875,0.0058988869744507
6.37013888888889,0.0107800623827621
6.37152777777778,0.00214725868746323
6.37291666666667,0.00156819831607403
6.37430555555556,0.0159538026975198
6.37569444444444,0.09772688548853
6.37708333333333,0.0697323658531978
6.37847222222222,0.0720817586477848
6.37986111111111,0.0306591977201296
6.38125,-0.0252833238529554
6.38263888888889,-0.0880384967442108
6.38402777777778,-0.0893629013199797
6.38541666666667,-0.0488288972098288
6.38680555555556,-0.0121120421270228
6.38819444444444,-0.00457914043685795
6.38958333333333,-0.0307229650372867
6.39097222222222,-0.0178452179451116
6.39236111111111,-0.0455427669580057
6.39375,-0.0387569856822196
6.39513888888889,-0.0913746313690147
6.39652777777778,-0.110250732944253
6.39791666666667,-0.0105947519748364
6.39930555555556,-0.0529293215226025
6.40069444444444,-0.0579461067749476
6.40208333333333,-0.0626524123970817
6.40347222222222,0.00718599266039625
6.40486111111111,0.00953604312993059
6.40625,0.0217123893461816
6.40763888888889,-0.0395440495373119
6.40902777777778,0.0301056039866559
6.41041666666667,0.0754064244428122
6.41180555555556,0.0450767971410347
6.41319444444444,-0.0426776964036104
6.41458333333333,-0.0767164474666893
6.41597222222222,0.0191007070776213
6.41736111111111,0.0675905084050808
6.41875,-0.0398236963877158
6.42013888888889,0.00515107937265849
6.42152777777778,-0.0164909395228428
6.42291666666667,0.0442665874771317
6.42430555555556,0.0267921689985587
6.42569444444444,0.00180655130826172
6.42708333333333,-0.000726244106709282
6.42847222222222,-0.00999541889462187
6.42986111111111,0.0845627628089618
6.43125,0.0389345227506128
6.43263888888889,0.0642765695417188
6.43402777777778,0.00694823813812607
6.43541666666667,-0.00214076336161681
6.43680555555556,0.0311642082270843
6.43819444444444,0.0465433605179167
6.43958333333333,0.0185618141405988
6.44097222222222,0.00211908471677865
6.44236111111111,0.059557059937367
6.44375,0.0199034559463166
6.44513888888889,0.117394066347741
6.44652777777778,0.0745709948964967
6.44791666666667,0.042384538270009
6.44930555555556,0.0288609465882099
6.45069444444444,-0.014808978857152
6.45208333333333,0.0111042645292552
6.45347222222222,0.0554725626033563
6.45486111111111,0.0406730582686367
6.45625,-0.000275605545992333
6.45763888888889,0.0924370289990094
6.45902777777778,0.0220543934032227
6.46041666666667,0.0708421958541753
6.46180555555556,0.0239333858580984
6.46319444444444,0.042118743165423
6.46458333333333,0.0148205243362544
6.46597222222222,0.0380045266922497
6.46736111111111,-0.0219340620822294
6.46875,0.0107324797414995
6.47013888888889,0.0473455588419921
6.47152777777778,-0.0114444600664516
6.47291666666667,0.0177020771211035
6.47430555555556,-0.133806237423934
6.47569444444444,-0.0441409270854442
6.47708333333333,0.00363025945987572
6.47847222222222,-0.0292651611281659
6.47986111111111,-0.00747771852271201
6.48125,-0.0787697869249125
6.48263888888889,0.014515375215317
6.48402777777778,-0.0652871012186615
6.48541666666667,-0.0611189030905105
6.48680555555556,-0.0521029340333807
6.48819444444444,-0.120826982469556
6.48958333333333,-0.151600920649709
6.49097222222222,-0.188685984657657
6.49236111111111,-0.14146620406112
6.49375,-0.0873608126361723
6.49513888888889,-0.0645314356450752
6.49652777777778,-0.0398328597253331
6.49791666666667,-0.0472415043462036
6.49930555555556,-0.0124057613310391
6.50069444444444,-0.137459617763528
6.50208333333333,-0.178188468688821
6.50347222222222,-0.211547229642261
6.50486111111111,-0.109176838991873
6.50625,-0.091685652269918
6.50763888888889,-0.13862894489714
6.50902777777778,-0.149361368895998
6.51041666666667,-0.0753215080582783
6.51180555555556,-0.110840366437487
6.51319444444444,-0.192438503139905
6.51458333333333,-0.197171273970045
6.51597222222222,-0.179659141368905
6.51736111111111,-0.13680820187318
6.51875,-0.0868367406520177
6.52013888888889,-0.0325165152056345
6.52152777777778,-0.107273363822296
6.52291666666667,-0.0582417478918369
6.52430555555556,-0.0243504043023291
6.52569444444444,0.0132411018390156
6.52708333333333,-0.0151973667438038
6.52847222222222,-0.0680622909654681
6.52986111111111,-0.0719448945746408
6.53125,-0.0891393770600297
6.53263888888889,-0.0807493224061202
6.53402777777778,-0.0886070371848458
6.53541666666667,-0.0594670563915331
6.53680555555556,0.0145865510375167
6.53819444444444,-0.0246004885709739
6.53958333333333,-0.0694196837176764
6.54097222222222,-0.0537028794094887
6.54236111111111,0.00527806993149123
6.54375,-0.0748487939342349
6.54513888888889,-0.069478572732953
6.54652777777778,-0.060643566327851
6.54791666666667,-0.0847997010563559
6.54930555555556,-0.0970742797033976
6.55069444444444,-0.0628943708925589
6.55208333333333,-0.0350217448664656
6.55347222222222,-0.0549619901681364
6.55486111111111,-0.0679101987358129
6.55625,-0.0803326303744773
6.55763888888889,-0.0548118893608067
6.55902777777778,-0.0361828092599027
6.56041666666667,0.0162257650248387
6.56180555555556,-0.0733902140859976
6.56319444444444,-0.0647375622568215
6.56458333333333,-0.0208993601985598
6.56597222222222,-0.0202656111394487
6.56736111111111,0.0603978001943445
6.56875,0.0177631785157534
6.57013888888889,-0.118724552936886
6.57152777777778,-0.066644320467197
6.57291666666667,0.00482089767278293
6.57430555555556,0.0232271345245809
6.57569444444444,-0.0301269627996883
6.57708333333333,-0.112538641249148
6.57847222222222,-0.175910588353151
6.57986111111111,-0.0887082075247878
6.58125,-0.0045347919472988
6.58263888888889,0.0344828067770154
6.58402777777778,0.0239269998474791
6.58541666666667,-0.000892945019921023
6.58680555555556,-0.0031233736944177
6.58819444444444,0.0186546152591272
6.58958333333333,0.0423089465874608
6.59097222222222,-0.0210496430715971
6.59236111111111,-0.0959029436707402
6.59375,-0.0734331942832716
6.59513888888889,-0.0217703502319317
6.59652777777778,-0.00559373078070459
6.59791666666667,-0.0105821498189448
6.59930555555556,-0.0376832529087794
6.60069444444444,-0.0248020234379655
6.60208333333333,-0.037760428125002
6.60347222222222,0.0276674110559775
6.60486111111111,-0.00505490174727097
6.60625,0.0506834023733246
6.60763888888889,0.0375427890199895
6.60902777777778,-0.070032343956161
6.61041666666667,-0.102312973259835
6.61180555555556,-0.0264238784023257
6.61319444444444,0.0403980772494541
6.61458333333333,0.0260650807685295
6.61597222222222,0.0192483542331485
6.61736111111111,0.0300970640921305
6.61875,0.0356939581175204
6.62013888888889,-0.0106589343134817
6.62152777777778,0.0292204151593456
6.62291666666667,0.0917320359760885
6.62430555555556,0.0624009918513205
6.62569444444444,0.0526596044454081
6.62708333333333,0.0155654529471623
6.62847222222222,0.03393152595431
6.62986111111111,0.0631811479363896
6.63125,-0.00237620246523585
6.63263888888889,-0.0186723029169575
6.63402777777778,0.0150489759869427
6.63541666666667,-0.0512988310135499
6.63680555555556,-0.0548631040847229
6.63819444444444,0.0503774618789748
6.63958333333333,0.00836655438677886
6.64097222222222,0.0238653441296649
6.64236111111111,-0.0195251527589062
6.64375,0.012249724173861
6.64513888888889,-0.0402871514877933
6.64652777777778,-0.0559899962749812
6.64791666666667,0.00185046569821203
6.64930555555556,-0.00381181822795553
6.65069444444444,-0.0403198165818971
6.65208333333333,-0.0124991682452302
6.65347222222222,-0.00331388426722326
6.65486111111111,-0.0215486425809066
6.65625,-0.0558728904769252
6.65763888888889,-0.0183253453682063
6.65902777777778,-0.0727502985672747
6.66041666666667,0.00577907727095785
6.66180555555556,0.0354887057464405
6.66319444444444,-0.00434266009200291
6.66458333333333,0.034320744799074
6.66597222222222,0.0527465127545014
6.66736111111111,-0.0323902610739616
6.66875,0.010980477327101
6.67013888888889,-0.016728311475564
6.67152777777778,-0.0151863189230947
6.67291666666667,0.00217243693367617
6.67430555555556,0.0241029313819172
6.67569444444444,-0.0550501478187299
6.67708333333333,-0.0370086713848381
6.67847222222222,-0.0672579701271323
6.67986111111111,-0.0234498588567581
6.68125,-0.0771198478634172
6.68263888888889,-0.0951433860004698
6.68402777777778,-0.106126018776538
6.68541666666667,-0.0340567925192197
6.68680555555556,-0.0333587945796998
6.68819444444444,-0.0771657566108596
6.68958333333333,0.0509626543788741
6.69097222222222,-0.0600312077810535
6.69236111111111,-0.0167437484571129
6.69375,-0.0103588738870551
6.69513888888889,-0.0320817909889635
6.69652777777778,-0.00125821657214397
6.69791666666667,-0.00733493043416682
6.69930555555556,-0.0247464156322629
6.70069444444444,0.0469590618128369
6.70208333333333,-0.0170077888913017
6.70347222222222,-0.00790655518580233
6.70486111111111,-0.0528195917177369
6.70625,-0.0321608991645923
6.70763888888889,-0.0230314475629068
6.70902777777778,-0.0113224331259008
6.71041666666667,0.044397443337959
6.71180555555556,0.0499517639890162
6.71319444444444,0.0312903936898795
6.71458333333333,0.0271972451528244
6.71597222222222,-0.00675475942629809
6.71736111111111,0.011590622099123
6.71875,-0.0182029909439066
6.72013888888889,0.0561462199736824
6.72152777777778,0.0869750516028091
6.72291666666667,0.024389945779625
6.72430555555556,0.0449176082950478
6.72569444444444,0.0957201902168047
6.72708333333333,0.0623476410433429
6.72847222222222,0.0854509482603202
6.72986111111111,0.0938521372552296
6.73125,0.0520256002297448
6.73263888888889,0.115596349591714
6.73402777777778,0.0669245061887567
6.73541666666667,0.144443931837072
6.73680555555556,0.0299488829574481
6.73819444444444,0.0420905361035829
6.73958333333333,-0.0164505925990042
6.74097222222222,0.106182524454269
6.74236111111111,0.0223487150471167
6.74375,0.0351971326695006
6.74513888888889,0.0362212527481187
6.74652777777778,-0.00445762747725527
6.74791666666667,0.0958736482860759
6.74930555555556,0.097251383062642
6.75069444444444,0.0194437950697991
6.75208333333333,-0.077760554651808
6.75347222222222,-0.0647841467581951
6.75486111111111,-0.0499785834976651
6.75625,0.00536576084435382
6.75763888888889,-0.0572126768600949
6.75902777777778,-0.00474939226789465
6.76041666666667,-0.0273172711242517
6.76180555555556,-0.0495558179706309
6.76319444444444,-0.0360102009548825
6.76458333333333,-0.0208662955251627
6.76597222222222,-0.0720394029213818
6.76736111111111,-0.0530029598110962
6.76875,-0.0627602412286306
6.77013888888889,-0.0227882913162606
6.77152777777778,-0.0446816678382817
6.77291666666667,-0.00940339663521088
6.77430555555556,-0.00937898261403492
6.77569444444444,-0.0137325056444704
6.77708333333333,-0.0517481860223999
6.77847222222222,0.0415488622786103
6.77986111111111,-0.00613204083429136
6.78125,-0.0380048726230452
6.78263888888889,-0.150962949200362
6.78402777777778,-0.0637843744480968
6.78541666666667,-0.0795952476786257
6.78680555555556,-0.0491778510524387
6.78819444444444,-0.0259777995097695
6.78958333333333,-0.0662715705979182
6.79097222222222,0.0204580748919592
6.79236111111111,-0.0376866000331501
6.79375,-0.0748740281345807
6.79513888888889,-0.0156327045547448
6.79652777777778,0.0424277842079881
6.79791666666667,-0.139008842471094
6.79930555555556,-0.00418308223003313
6.80069444444444,-0.00511264703629374
6.80208333333333,-0.0157268156696634
6.80347222222222,-0.0814038758695505
6.80486111111111,-0.0935229332692467
6.80625,-0.0554458848368085
6.80763888888889,-0.0422649593881492
6.80902777777778,-0.122769635896586
6.81041666666667,-0.117959319512614
6.81180555555556,-0.0962374267341683
6.81319444444444,-0.12216955793463
6.81458333333333,-0.148845395053601
6.81597222222222,-0.160134124755355
6.81736111111111,-0.0529504701387478
6.81875,-0.0733926857967251
6.82013888888889,-0.060108680121971
6.82152777777778,-0.14968693416313
6.82291666666667,-0.160966169970265
6.82430555555556,-0.138016316315263
6.82569444444444,-0.245662457890544
6.82708333333333,-0.17083697069599
6.82847222222222,-0.108344612387016
6.82986111111111,-0.17723826350718
6.83125,-0.177106676814581
6.83263888888889,-0.216815618463826
6.83402777777778,-0.154238642064303
6.83541666666667,-0.187310445068055
6.83680555555556,-0.203009944170348
6.83819444444444,-0.146046291623674
6.83958333333333,-0.12366015097329
6.84097222222222,-0.147465688371118
6.84236111111111,-0.180777286601055
6.84375,-0.211618605121633
6.84513888888889,-0.243250375732834
6.84652777777778,-0.28383229860428
6.84791666666667,-0.179187944803666
6.84930555555556,-0.15001665099331
6.85069444444444,-0.230786944995014
6.85208333333333,-0.174646135131846
6.85347222222222,-0.130340513380932
6.85486111111111,-0.225837080235491
6.85625,-0.224044563978226
6.85763888888889,-0.244841416423311
6.85902777777778,-0.229255772801471
6.86041666666667,-0.257962551548812
6.86180555555556,-0.267821659621697
6.86319444444444,-0.221487204491459
6.86458333333333,-0.216521735424583
6.86597222222222,-0.25892297999337
6.86736111111111,-0.269152971484063
6.86875,-0.210436826822149
6.87013888888889,-0.165487258149143
6.87152777777778,-0.190315790521382
6.87291666666667,-0.177322827906696
6.87430555555556,-0.22823791350043
6.87569444444444,-0.253138191906996
6.87708333333333,-0.272188868153967
6.87847222222222,-0.299918605132176
6.87986111111111,-0.229295001336402
6.88125,-0.219286139589286
6.88263888888889,-0.311621291181722
6.88402777777778,-0.26019240179392
6.88541666666667,-0.264482420644105
6.88680555555556,-0.292014873217664
6.88819444444444,-0.26036806860144
6.88958333333333,-0.238154428943612
6.89097222222222,-0.238365565786536
6.89236111111111,-0.265587302320448
6.89375,-0.255027997861868
6.89513888888889,-0.180837737269257
6.89652777777778,-0.18562472676164
6.89791666666667,-0.199102082870722
6.89930555555556,-0.217792997289794
6.90069444444444,-0.22895233084738
6.90208333333333,-0.197305992438817
6.90347222222222,-0.183112284937643
6.90486111111111,-0.164453471798039
6.90625,-0.167120144223684
6.90763888888889,-0.162120414743947
6.90902777777778,-0.20631686873668
6.91041666666667,-0.228441820742897
6.91180555555556,-0.214642040626967
6.91319444444444,-0.15252212813112
6.91458333333333,-0.235574121096876
6.91597222222222,-0.149371734574225
6.91736111111111,-0.191562109338024
6.91875,-0.213877372372971
6.92013888888889,-0.265112639695602
6.92152777777778,-0.256516922199743
6.92291666666667,-0.23113332681624
6.92430555555556,-0.225454842176095
6.92569444444444,-0.223590790011986
6.92708333333333,-0.17203092995599
6.92847222222222,-0.20642067817688
6.92986111111111,-0.205298459677332
6.93125,-0.244910480177517
6.93263888888889,-0.23099861902166
6.93402777777778,-0.256108292584877
6.93541666666667,-0.258169147322831
6.93680555555556,-0.256205783391186
6.93819444444444,-0.235441746726547
6.93958333333333,-0.30687182135444
6.94097222222222,-0.285807064473616
6.94236111111111,-0.21713219722475
6.94375,-0.198532484160519
6.94513888888889,-0.215087899764757
6.94652777777778,-0.202251399534748
6.94791666666667,-0.234588276646867
6.94930555555556,-0.255830086387172
6.95069444444444,-0.254021679208106
6.95208333333333,-0.277532746326885
6.95347222222222,-0.293133235669712
6.95486111111111,-0.280565952058937
6.95625,-0.291322494213221
6.95763888888889,-0.28044730123792
6.95902777777778,-0.230210707763908
6.96041666666667,-0.215642036666085
6.96180555555556,-0.193471024844442
6.96319444444444,-0.237381529407875
6.96458333333333,-0.32309990959582
6.96597222222222,-0.297676054843849
6.96736111111111,-0.294395579087724
6.96875,-0.246226282421382
6.97013888888889,-0.158432394610932
6.97152777777778,-0.206866915017273
6.97291666666667,-0.238460360047877
6.97430555555556,-0.233514181409339
6.97569444444444,-0.197622861681441
6.97708333333333,-0.225098692725943
6.97847222222222,-0.215619323352138
6.97986111111111,-0.203967012119487
6.98125,-0.140139140436032
6.98263888888889,-0.164982324101223
6.98402777777778,-0.139514013820076
6.98541666666667,-0.170378506575135
6.98680555555556,-0.15113994020203
6.98819444444444,-0.189455700911019
6.98958333333333,-0.1983965937353
6.99097222222222,-0.157218523697003
6.99236111111111,-0.213649532230932
6.99375,-0.186228674990502
6.99513888888889,-0.206514757802522
6.99652777777778,-0.154947174468404
6.99791666666667,-0.0880124031191679
6.99930555555556,-0.222266495675506
7.00069444444444,-0.210015365682224
7.00208333333333,-0.192254064736749
7.00347222222222,-0.160094420170735
7.00486111111111,-0.176697028139972
7.00625,-0.0918861690913062
7.00763888888889,-0.1358830610029
7.00902777777778,-0.0995181558404984
7.01041666666667,-0.17583433496579
7.01180555555556,-0.137825211841341
7.01319444444444,-0.127649567066186
7.01458333333333,-0.136302452257386
7.01597222222222,-0.0615673349528489
7.01736111111111,-0.0300053406144529
7.01875,-0.0918292916470579
7.02013888888889,-0.0555540752368244
7.02152777777778,-0.0188884141372212
7.02291666666667,-0.0855362489110134
7.02430555555556,-0.0939254389994957
7.02569444444444,-0.0482167559107204
7.02708333333333,-0.10947107970448
7.02847222222222,-0.0959866122485129
7.02986111111111,-0.173283064434472
7.03125,-0.155004457561824
7.03263888888889,-0.116380501788979
7.03402777777778,-0.135810346913428
7.03541666666667,-0.122529001313183
7.03680555555556,-0.1809173567182
7.03819444444444,-0.173210950682669
7.03958333333333,-0.154753722222296
7.04097222222222,-0.16917262434876
7.04236111111111,-0.148004715679332
7.04375,-0.0679572835133156
7.04513888888889,-0.114774538640317
7.04652777777778,-0.166492859950085
7.04791666666667,-0.0983443666631308
7.04930555555556,-0.121938220299868
7.05069444444444,-0.124369337604917
7.05208333333333,-0.104075663116432
7.05347222222222,-0.104015033346694
7.05486111111111,-0.141661487805312
7.05625,-0.102983277189949
7.05763888888889,-0.0763879539351863
7.05902777777778,-0.172964728379124
7.06041666666667,-0.196376954865824
7.06180555555556,-0.194732541216087
7.06319444444444,-0.160030869145257
7.06458333333333,-0.157758928254999
7.06597222222222,-0.216151282715271
7.06736111111111,-0.166527209057771
7.06875,-0.161346614090283
7.07013888888889,-0.163445246408307
7.07152777777778,-0.180901501895448
7.07291666666667,-0.164457674120028
7.07430555555556,-0.175657325140024
7.07569444444444,-0.18940647022727
7.07708333333333,-0.18301991663424
7.07847222222222,-0.116892774012889
7.07986111111111,-0.155316216073738
7.08125,-0.173270085009993
7.08263888888889,-0.119345472747822
7.08402777777778,-0.0956766379462471
7.08541666666667,-0.0668789598693068
7.08680555555556,-0.0430536479126716
7.08819444444444,-0.0233243612177716
7.08958333333333,-0.109416987475625
7.09097222222222,-0.0905751407723863
7.09236111111111,-0.0932756020881975
7.09375,-0.0771585173054829
7.09513888888889,-0.043295086988576
7.09652777777778,-0.0412791712845819
7.09791666666667,-0.103033243929619
7.09930555555556,-0.109182056778375
7.10069444444444,-0.107914420819748
7.10208333333333,-0.118975507092165
7.10347222222222,-0.135990750277121
7.10486111111111,-0.151507116817681
7.10625,-0.0564046886571507
7.10763888888889,0.014230666602688
7.10902777777778,-0.0843753249903843
7.11041666666667,-0.0386121264661919
7.11180555555556,-0.00614252376370353
7.11319444444444,-0.0119380943397571
7.11458333333333,-0.0409190071472864
7.11597222222222,-0.103690610517189
7.11736111111111,-0.0997685911659465
7.11875,-0.123683025018385
7.12013888888889,-0.0458334212913793
7.12152777777778,-0.0854230749774538
7.12291666666667,-0.17532189179811
7.12430555555556,-0.117851666863703
7.12569444444444,-0.1315589033377
7.12708333333333,-0.152700868688142
7.12847222222222,-0.0847671523418968
7.12986111111111,-0.120580820015727
7.13125,-0.100797324432542
7.13263888888889,-0.139900103140804
7.13402777777778,-0.0361455316305542
7.13541666666667,-0.038009153591921
7.13680555555556,-0.0923113948619057
7.13819444444444,-0.0768147478122803
7.13958333333333,-0.0993524918600311
7.14097222222222,-0.0935540821581987
7.14236111111111,-0.0476890379089734
7.14375,-0.0268302842641643
7.14513888888889,-0.0419248468758914
7.14652777777778,-0.0353085448435495
7.14791666666667,-0.0771892618778224
7.14930555555556,-0.0917198005296835
7.15069444444444,-0.005188669556794
7.15208333333333,0.00762553933626163
7.15347222222222,-0.0401292667147528
7.15486111111111,-0.0505935273716288
7.15625,-0.0467996167856162
7.15763888888889,0.000466175025070463
7.15902777777778,0.017908372106156
7.16041666666667,-0.0458296345235461
7.16180555555556,-0.0882567918520649
7.16319444444444,-0.0498293478093789
7.16458333333333,0.00926361642781894
7.16597222222222,0.00627348765932198
7.16736111111111,-0.0357104003233788
7.16875,-0.0708386413078612
7.17013888888889,-0.0575833405442236
7.17152777777778,-0.0361748472837396
7.17291666666667,-0.0437551492667284
7.17430555555556,-0.0808751150706124
7.17569444444444,-0.0276490065517571
7.17708333333333,-0.0910011730649767
7.17847222222222,-0.0569170421781424
7.17986111111111,-0.0211497804333496
7.18125,0.00852617626092767
7.18263888888889,0.0291347078773614
7.18402777777778,-0.0144932038736018
7.18541666666667,-0.000388978437155507
7.18680555555556,-0.00499340769739875
7.18819444444444,0.0537179922606809
7.18958333333333,-0.0268082092259606
7.19097222222222,-0.0873438321058632
7.19236111111111,-0.0841197056593692
7.19375,-0.102880138331838
7.19513888888889,-0.0751029740840079
7.19652777777778,-0.093965519564694
7.19791666666667,-0.104613045605955
7.19930555555556,-0.0991167969395595
7.20069444444444,-0.104860278746745
7.20208333333333,-0.126952928156217
7.20347222222222,-0.0965550355793396
7.20486111111111,-0.0916571274659653
7.20625,-0.133765862385296
7.20763888888889,-0.106365489838917
7.20902777777778,-0.0725276625268001
7.21041666666667,-0.143567332502331
7.21180555555556,-0.0553680978048021
7.21319444444444,-0.12160392110982
7.21458333333333,-0.0524165406304733
7.21597222222222,-0.0394211218330188
7.21736111111111,-0.0506404856001185
7.21875,-0.063041478246679
7.22013888888889,-0.102731889793262
7.22152777777778,-0.0799577412701455
7.22291666666667,-0.10801869430074
7.22430555555556,-0.0719144746531963
7.22569444444444,-0.0132529522163646
7.22708333333333,-0.0464680169968337
7.22847222222222,0.013626913209463
7.22986111111111,-0.0570178896871223
7.23125,-0.0189943647540272
7.23263888888889,-0.0669917835599137
7.23402777777778,-0.131641906990132
7.23541666666667,-0.129257781084648
7.23680555555556,-0.188128642838015
7.23819444444444,-0.216457740895095
7.23958333333333,-0.138394917243819
7.24097222222222,-0.0948528741901911
7.24236111111111,-0.212393719695114
7.24375,-0.141819641897822
7.24513888888889,-0.128669644457258
7.24652777777778,-0.148563095482617
7.24791666666667,-0.125555375026578
7.24930555555556,-0.124093588594126
7.25069444444444,-0.141242312791522
7.25208333333333,-0.105201453522791
7.25347222222222,-0.114959499253402
7.25486111111111,-0.156653992254698
7.25625,-0.126943718471261
7.25763888888889,-0.110450057712142
7.25902777777778,-0.122914022161713
7.26041666666667,-0.134022517046131
7.26180555555556,-0.0793595206520765
7.26319444444444,-0.0292915457309545
7.26458333333333,-0.0318864348383088
7.26597222222222,-0.0540855805323444
7.26736111111111,-0.084367315688432
7.26875,-0.177735732888247
7.27013888888889,-0.189609186862288
7.27152777777778,-0.0975601076166121
7.27291666666667,-0.0920474903793423
7.27430555555556,-0.041679251059429
7.27569444444444,0.0191163879243511
7.27708333333333,-0.0257344983590332
7.27847222222222,-0.0292540936887226
7.27986111111111,-0.0588155266559082
7.28125,-0.0929632339129737
7.28263888888889,-0.0613936311185886
7.28402777777778,-0.0780141258149518
7.28541666666667,-0.116719647508053
7.28680555555556,-0.103716846181945
7.28819444444444,-0.14237213613287
7.28958333333333,-0.100472457796381
7.29097222222222,-0.0900318113296564
7.29236111111111,-0.0714042748898063
7.29375,-0.100005788728056
7.29513888888889,-0.128138007465206
7.29652777777778,-0.0768798531332481
7.29791666666667,-0.0659883455433328
7.29930555555556,-0.206541774241619
7.30069444444444,-0.0989411131578646
7.30208333333333,-0.171643138260132
7.30347222222222,-0.0357820970306704
7.30486111111111,-0.117074474329898
7.30625,-0.130686000978844
7.30763888888889,-0.130032634409351
7.30902777777778,-0.0750307791196027
7.31041666666667,-0.134865320372577
7.31180555555556,-0.133039160108733
7.31319444444444,-0.163579737557808
7.31458333333333,-0.229435156730598
7.31597222222222,-0.0595058185212676
7.31736111111111,-0.129248238375787
7.31875,-0.11071948690989
7.32013888888889,-0.108540283833738
7.32152777777778,-0.0916481561909007
7.32291666666667,-0.143874456054721
7.32430555555556,-0.158926179277041
7.32569444444444,-0.0929437382064507
7.32708333333333,-0.0673284497390011
7.32847222222222,-0.0269943282149312
7.32986111111111,-0.0434516748705966
7.33125,-0.0231666949754457
7.33263888888889,-0.166575169903065
7.33402777777778,-0.132485679647048
7.33541666666667,-0.118075028370831
7.33680555555556,-0.13726507367489
7.33819444444444,-0.0736921653424755
7.33958333333333,-0.117208737647445
7.34097222222222,-0.0429636792012798
7.34236111111111,-0.10940076339008
7.34375,-0.0750260395281526
7.34513888888889,-0.106232192648443
7.34652777777778,-0.10329125385392
7.34791666666667,-0.0837948552614809
7.34930555555556,-0.112550295589342
7.35069444444444,-0.0993113448613284
7.35208333333333,-0.0830753780995665
7.35347222222222,-0.104214463451717
7.35486111111111,-0.0528390261981843
7.35625,-0.0381843975368528
7.35763888888889,-0.0868796372999785
7.35902777777778,-0.0833007278428319
7.36041666666667,-0.05620252780737
7.36180555555556,-0.126322107029529
7.36319444444444,-0.0470446550202918
7.36458333333333,-0.114895085567142
7.36597222222222,-0.0446400292147683
7.36736111111111,0.0297667830579998
7.36875,-0.0314945167620238
7.37013888888889,-0.0783046042723227
7.37152777777778,-0.00230888702330434
7.37291666666667,-0.015592398439661
7.37430555555556,-0.0232633399678991
7.37569444444444,-0.0976671875208713
7.37708333333333,-0.134098176372295
7.37847222222222,-0.105276433208624
7.37986111111111,-0.0494149654990068
7.38125,-0.0864347021053243
7.38263888888889,-0.0409110228183207
7.38402777777778,-0.146579308064399
7.38541666666667,-0.190896996930371
7.38680555555556,-0.089678178905042
7.38819444444444,-0.0519656722065364
7.38958333333333,-0.101426430873077
7.39097222222222,-0.0610742150516366
7.39236111111111,-0.0535894655264835
7.39375,-0.083953290522764
7.39513888888889,-0.0969943386311253
7.39652777777778,-0.0356883503447542
7.39791666666667,-0.0921793903088246
7.39930555555556,-0.0240516958590726
7.40069444444444,-0.0729588922076538
7.40208333333333,0.0341953338462961
7.40347222222222,-0.0121905750547618
7.40486111111111,-0.0540722037440384
7.40625,-0.0616815052782831
7.40763888888889,-0.00950442349803141
7.40902777777778,-0.0126367428731797
7.41041666666667,0.000549440207196539
7.41180555555556,-0.0237611469831414
7.41319444444444,-0.0407171369583221
7.41458333333333,-0.0572165508213101
7.41597222222222,-0.0814751318075362
7.41736111111111,-0.0420010648385296
7.41875,-0.0422620224820961
7.42013888888889,-0.0601039669051529
7.42152777777778,-0.0576600575102366
7.42291666666667,-0.0436019364975217
7.42430555555556,-0.0702608758655347
7.42569444444444,-0.0787519437543197
7.42708333333333,-0.0719825849474934
7.42847222222222,-0.0557492883015429
7.42986111111111,-0.0301974866863621
7.43125,0.017917728824668
7.43263888888889,-0.019125843395285
7.43402777777778,0.0155273154432726
7.43541666666667,-0.0181166070974638
7.43680555555556,-0.0485557038092
7.43819444444444,-0.020012976504353
7.43958333333333,-0.0863803612598697
7.44097222222222,-0.0415453231787538
7.44236111111111,-0.0448517947634105
7.44375,-0.0358201310599795
7.44513888888889,-0.145775533372091
7.44652777777778,-0.106740266659948
7.44791666666667,-0.142609570991117
7.44930555555556,-0.0553370016089158
7.45069444444444,-0.130198452554667
7.45208333333333,-0.155274386923323
7.45347222222222,-0.129922176632827
7.45486111111111,-0.104710524865612
7.45625,-0.101859006807879
7.45763888888889,-0.0694813811368262
7.45902777777778,-0.0642722113628277
7.46041666666667,-0.0306795301875198
7.46180555555556,-0.100522788616017
7.46319444444444,-0.0708717866286985
7.46458333333333,-0.0137875194945647
7.46597222222222,-0.0326597858665586
7.46736111111111,-0.0628690287009411
7.46875,-0.0930991780078992
7.47013888888889,-0.0474893402748115
7.47152777777778,-0.0920536046764094
7.47291666666667,-0.167852667667084
7.47430555555556,-0.0794339827108129
7.47569444444444,-0.0844379345289951
7.47708333333333,-0.0706215292842236
7.47847222222222,-0.045705855292955
7.47986111111111,-0.0809795040124817
7.48125,-0.0748109738101456
7.48263888888889,-0.0899532515512765
7.48402777777778,-0.0935302308641798
7.48541666666667,-0.123454649770453
7.48680555555556,-0.130637924571294
7.48819444444444,-0.137680526048793
7.48958333333333,-0.10847389221425
7.49097222222222,-0.0819744928521051
7.49236111111111,-0.055403292617636
7.49375,-0.0780867319661208
7.49513888888889,-0.0543467263073661
7.49652777777778,-0.128997015740276
7.49791666666667,-0.103813025342123
7.49930555555556,-0.0156866201755521
7.50069444444444,-0.0485846805708295
7.50208333333333,-0.0713750655443574
7.50347222222222,-0.0502154803856583
7.50486111111111,-0.0701586276709431
7.50625,-0.060259741809549
7.50763888888889,-0.0581427920646299
7.50902777777778,-0.0444123416675538
7.51041666666667,-0.0404837212947471
7.51180555555556,-0.0370988507134034
7.51319444444444,-0.0527289598561984
7.51458333333333,0.00838488376719597
7.51597222222222,0.0434709368084725
7.51736111111111,0.0750388695873173
7.51875,-0.0102611213256117
7.52013888888889,0.0121084395801946
7.52152777777778,-0.0500012577499623
7.52291666666667,-0.0526276448966901
7.52430555555556,-0.0784355458664969
7.52569444444444,-0.0772922638945387
7.52708333333333,-0.0787632804673069
7.52847222222222,-0.0673042799430662
7.52986111111111,-0.0133345638647765
7.53125,-0.079956328895357
7.53263888888889,-0.0986050890780843
7.53402777777778,-0.0621981600302298
7.53541666666667,-0.105486300268457
7.53680555555556,-0.0815525405128946
7.53819444444444,-0.0975424526359759
7.53958333333333,-0.128006216152057
7.54097222222222,-0.0962171033725364
7.54236111111111,-0.116315945106227
7.54375,-0.0944392725855311
7.54513888888889,-0.129204202305722
7.54652777777778,-0.134020938693101
7.54791666666667,-0.0744460548661768
7.54930555555556,-0.138833223425206
7.55069444444444,-0.0942956663818124
7.55208333333333,-0.0911659196246967
7.55347222222222,-0.0653365912375295
7.55486111111111,-0.0761651739013698
7.55625,-0.0523847531410932
7.55763888888889,-0.0839004724722586
7.55902777777778,-0.0949748809261681
7.56041666666667,-0.128533593090634
7.56180555555556,-0.127029534029166
7.56319444444444,-0.118471571132155
7.56458333333333,-0.121791543073106
7.56597222222222,-0.202842994875203
7.56736111111111,-0.154498959130594
7.56875,-0.119595485324397
7.57013888888889,-0.0926925279005064
7.57152777777778,-0.0592309864362867
7.57291666666667,-0.0731277962421661
7.57430555555556,-0.0574498814956655
7.57569444444444,-0.0216251629384049
7.57708333333333,-0.0878643847769816
7.57847222222222,-0.180571869276946
7.57986111111111,-0.276924426233446
7.58125,-0.238944949950406
7.58263888888889,-0.173225256770006
7.58402777777778,-0.158033158796343
7.58541666666667,-0.102489138995721
7.58680555555556,-0.115126987532373
7.58819444444444,-0.131814339315249
7.58958333333333,-0.113096703276791
7.59097222222222,-0.104480890311295
7.59236111111111,-0.0707249139001251
7.59375,-0.188025646978518
7.59513888888889,-0.214500681494276
7.59652777777778,-0.177683662443347
7.59791666666667,-0.123643062896989
7.59930555555556,-0.135624225574614
7.60069444444444,-0.0893797005334816
7.60208333333333,-0.0788083856295883
7.60347222222222,-0.139652940728182
7.60486111111111,-0.0924198635295511
7.60625,-0.12698796266449
7.60763888888889,-0.107189210365268
7.60902777777778,-0.162471151012851
7.61041666666667,-0.151168490217233
7.61180555555556,-0.155761201483768
7.61319444444444,-0.146174001952269
7.61458333333333,-0.218499035819093
7.61597222222222,-0.210552080530649
7.61736111111111,-0.157338517608216
7.61875,-0.171703720159358
7.62013888888889,-0.171945186708792
7.62152777777778,-0.143703629762374
7.62291666666667,-0.14844714874777
7.62430555555556,-0.134768857354522
7.62569444444444,-0.167386299968955
7.62708333333333,-0.132444998883686
7.62847222222222,-0.0991130382165801
7.62986111111111,-0.0766999594826265
7.63125,-0.0206080009672767
7.63263888888889,-0.0621970607455273
7.63402777777778,-0.118149567105871
7.63541666666667,-0.0675941049637515
7.63680555555556,-0.0465479485417075
7.63819444444444,-0.12139073079169
7.63958333333333,-0.0817623831930993
7.64097222222222,-0.0971406918873086
7.64236111111111,-0.108537886717583
7.64375,-0.134866197679753
7.64513888888889,-0.137624859875764
7.64652777777778,-0.157194075745402
7.64791666666667,-0.116356989405341
7.64930555555556,-0.16503689379683
7.65069444444444,-0.0932115427219185
7.65208333333333,-0.127940106569518
7.65347222222222,-0.104422634114584
7.65486111111111,-0.0774301643846978
7.65625,-0.0692550345915028
7.65763888888889,-0.110834314062181
7.65902777777778,-0.0478726251161347
7.66041666666667,-0.0714071045662755
7.66180555555556,-0.0829514538844365
7.66319444444444,-0.127647698618835
7.66458333333333,-0.147495200191041
7.66597222222222,-0.102015750414593
7.66736111111111,-0.0957955313853698
7.66875,-0.0506624660799112
7.67013888888889,-0.0617170895583254
7.67152777777778,-0.124449867135562
7.67291666666667,-0.138814563847512
7.67430555555556,-0.114965220378591
7.67569444444444,-0.12722595123658
7.67708333333333,-0.132446317143624
7.67847222222222,-0.107052211969495
7.67986111111111,-0.217365486617819
7.68125,-0.113084121914873
7.68263888888889,-0.0528463440648892
7.68402777777778,-0.131688249285139
7.68541666666667,-0.151181096423294
7.68680555555556,-0.159277876359214
7.68819444444444,-0.16208651315226
7.68958333333333,-0.0975381483774569
7.69097222222222,-0.142381621702422
7.69236111111111,-0.0956334454419416
7.69375,-0.0577637091709707
7.69513888888889,-0.176293544470876
7.69652777777778,-0.192039614149961
7.69791666666667,-0.165810376453431
7.69930555555556,-0.160637079914509
7.70069444444444,-0.135319761777755
7.70208333333333,-0.0305926722335538
7.70347222222222,-0.0798394489863474
7.70486111111111,-0.0986493590223539
7.70625,-0.119179617267462
7.70763888888889,-0.07690961439558
7.70902777777778,-0.0884491453493055
7.71041666666667,-0.0875114531889947
7.71180555555556,-0.0444265606780639
7.71319444444444,-0.0899145667303323
7.71458333333333,-0.150890025732317
7.71597222222222,-0.138985759233621
7.71736111111111,-0.172775967570873
7.71875,-0.124646774236107
7.72013888888889,-0.1292860890984
7.72152777777778,-0.147224298982909
7.72291666666667,-0.112871925246081
7.72430555555556,-0.0567747645906294
7.72569444444444,-0.0713738016636976
7.72708333333333,0.00942860476771372
7.72847222222222,-0.072128568006421
7.72986111111111,-0.106345491289146
7.73125,-0.0878172476512279
7.73263888888889,-0.0937365519684777
7.73402777777778,-0.0706865328454685
7.73541666666667,-0.0270641014900864
7.73680555555556,-0.0504163983296084
7.73819444444444,-0.0144414835394402
7.73958333333333,-0.0145848658306351
7.74097222222222,-0.0347540269715161
7.74236111111111,-0.0952554803108561
7.74375,-0.0515814236041338
7.74513888888889,-0.036369203174489
7.74652777777778,-0.104356899946942
7.74791666666667,-0.0252356416467678
7.74930555555556,-0.0977266584010392
7.75069444444444,-0.0639959715778458
7.75208333333333,-0.104281343022185
7.75347222222222,-0.11153283632009
7.75486111111111,-0.0267433045555857
7.75625,-0.0314884213847961
7.75763888888889,-0.048713181875546
7.75902777777778,-0.0760334792151539
7.76041666666667,-0.0697592581782511
7.76180555555556,-0.0565380447272667
7.76319444444444,-0.0774853942888073
7.76458333333333,-0.0301516171050859
7.76597222222222,-0.143797976623816
7.76736111111111,-0.100117241400596
7.76875,-0.0552958078767666
7.77013888888889,-0.0219394716584921
7.77152777777778,-0.027437387539449
7.77291666666667,-0.0558515062031013
7.77430555555556,-0.0432335320543795
7.77569444444444,-0.0201937197897823
7.77708333333333,-0.0231432639653846
7.77847222222222,-0.0205208885520624
7.77986111111111,-0.0406915714619701
7.78125,-0.0267650673030602
7.78263888888889,-0.0180865548958847
7.78402777777778,-0.0236514935957968
7.78541666666667,-0.0731734784987429
7.78680555555556,-0.116053663332113
7.78819444444444,-0.0987089273215168
7.78958333333333,-0.00498879968082634
7.79097222222222,-0.0305503237875299
7.79236111111111,-0.00160668519145971
7.79375,-0.0143149390672392
7.79513888888889,0.0132485650800606
7.79652777777778,-0.0250026724346122
7.79791666666667,-0.0196784853710255
7.79930555555556,0.0260993579790683
7.80069444444444,0.027336740786897
7.80208333333333,0.0478302489819736
7.80347222222222,0.0763670304179773
7.80486111111111,0.035000632835566
7.80625,0.0260681675376305
7.80763888888889,0.0606021457098798
7.80902777777778,0.059917761655683
7.81041666666667,-0.00338574036763371
7.81180555555556,-0.0248806317339966
7.81319444444444,-0.0439318431511402
7.81458333333333,-0.0267831899552841
7.81597222222222,0.0695363563847273
7.81736111111111,0.0033558835449869
7.81875,-0.0465751802011366
7.82013888888889,-0.0492664261962178
7.82152777777778,-0.0304849330972336
7.82291666666667,0.0279566662396905
7.82430555555556,-0.0280696129413789
7.82569444444444,-0.0181902850722863
7.82708333333333,-0.00876967993167931
7.82847222222222,-0.0705584486887559
7.82986111111111,-0.0343295168045593
7.83125,-0.0511759146487695
7.83263888888889,-0.0508797136844713
7.83402777777778,-0.0709634628867981
7.83541666666667,-0.0232594874667376
7.83680555555556,0.016249768304034
7.83819444444444,-0.00351644983680791
7.83958333333333,-0.0535171863217913
7.84097222222222,-0.00665959471962072
7.84236111111111,0.0481968561667725
7.84375,0.0856695501641857
7.84513888888889,0.054216035884554
7.84652777777778,-0.0272260935255524
7.84791666666667,0.0349941372063143
7.84930555555556,0.0203551217726714
7.85069444444444,-0.00483399758433504
7.85208333333333,0.00167808504184516
7.85347222222222,-0.00466130139812418
7.85486111111111,-0.0480234698163938
7.85625,0.0339488570060684
7.85763888888889,0.0115007003258072
7.85902777777778,-0.0361169892393232
7.86041666666667,-0.0562453482278676
7.86180555555556,0.00904488865170905
7.86319444444444,0.0123281257280978
7.86458333333333,-0.00670468782177838
7.86597222222222,-0.0636216555816586
7.86736111111111,-0.064369201259614
7.86875,-0.00808430968028032
7.87013888888889,-0.0246502980422185
7.87152777777778,0.00859099044427359
7.87291666666667,-0.0428464058788061
7.87430555555556,-0.0184154096070102
7.87569444444444,0.0748644006700139
7.87708333333333,0.075712491633251
7.87847222222222,-0.0113123957710605
7.87986111111111,0.0185855564263151
7.88125,-0.0256727009140916
7.88263888888889,-0.0156893612428229
7.88402777777778,-0.00523304667047651
7.88541666666667,-0.034002331563598
7.88680555555556,-0.0456462943793725
7.88819444444444,-0.0375232991878186
7.88958333333333,-0.0572871465645692
7.89097222222222,-0.0115057477948601
7.89236111111111,-0.082811288225093
7.89375,-0.0748031047862442
7.89513888888889,-0.0639937109245169
7.89652777777778,-0.0203560478005327
7.89791666666667,-0.0292310741761454
7.89930555555556,-0.0883453723285091
7.90069444444444,-0.0558162648298306
7.90208333333333,-0.064584123662327
7.90347222222222,-0.0505947474901948
7.90486111111111,-0.0764564089400452
7.90625,-0.0559785246145498
7.90763888888889,-0.00948594871837127
7.90902777777778,-0.0413079321396181
7.91041666666667,-0.0334926586088617
7.91180555555556,-0.00763276026278479
7.91319444444444,0.0253888757464439
7.91458333333333,0.0223839292740494
7.91597222222222,0.00771842459219689
7.91736111111111,0.076341329398516
7.91875,-0.00399049521243114
7.92013888888889,-0.0631180675631991
7.92152777777778,-0.0390897929193945
7.92291666666667,-0.0190893167711467
7.92430555555556,0.00236425163239737
7.92569444444444,0.0357460171568371
7.92708333333333,0.010590718516842
7.92847222222222,-0.0301617088381342
7.92986111111111,0.00817902176411302
7.93125,-0.0645670497208841
7.93263888888889,0.0347486931922245
7.93402777777778,-0.00226918962974269
7.93541666666667,0.0693648934765923
7.93680555555556,0.0873612483140842
7.93819444444444,0.0323710081682806
7.93958333333333,0.071373157996853
7.94097222222222,0.066995391374573
7.94236111111111,0.0969992492922815
7.94375,0.0973237147208807
7.94513888888889,0.0831380140571458
7.94652777777778,0.114550156629357
7.94791666666667,0.0925392787555689
7.94930555555556,0.123195683436611
7.95069444444444,0.121497132727741
7.95208333333333,0.151246681361714
7.95347222222222,0.144677993710528
7.95486111111111,0.131097710247321
7.95625,0.0983874535072214
7.95763888888889,0.0693871907889328
7.95902777777778,0.0122179214209612
7.96041666666667,0.10588501624204
7.96180555555556,0.0425970979791325
7.96319444444444,0.065684426136275
7.96458333333333,0.0584921148895592
7.96597222222222,0.00525565150263465
7.96736111111111,0.0624693629797313
7.96875,0.0405794066280428
7.97013888888889,0.0857960215844935
7.97152777777778,0.15576039186525
7.97291666666667,0.0896006207687914
7.97430555555556,0.0358108606141201
7.97569444444444,0.0745940269791186
7.97708333333333,0.0399342362153953
7.97847222222222,-0.0299252316180228
7.97986111111111,0.096056003341129
7.98125,0.132824562177397
7.98263888888889,0.160161216384066
7.98402777777778,0.120402001959107
7.98541666666667,0.118056179946873
7.98680555555556,0.147340744481461
7.98819444444444,0.105997769008907
7.98958333333333,-0.0214693369537746
7.99097222222222,0.0533793305807569
7.99236111111111,0.0552978594864703
7.99375,0.037279925567811
7.99513888888889,0.12995944687412
7.99652777777778,0.016325421955532
7.99791666666667,0.0174061957355607
7.99930555555556,0.121010319985109
8.00069444444444,0.149254416548307
8.00208333333333,0.157467540385117
8.00347222222222,0.101755173863563
8.00486111111111,0.0347641974670401
8.00625,0.198223431608135
8.00763888888889,0.162727781466215
8.00902777777778,0.0758776447649236
8.01041666666667,0.10067792492473
8.01180555555556,0.0847695076176763
8.01319444444444,0.0989805398779327
8.01458333333333,0.146747796708025
8.01597222222222,0.176678781829301
8.01736111111111,0.167869677635862
8.01875,0.165060131855852
8.02013888888889,0.108060264712514
8.02152777777778,0.0854520511665739
8.02291666666667,0.0728507708390933
8.02430555555556,0.139380603548017
8.02569444444444,0.0976057474077217
8.02708333333333,0.163316969684539
8.02847222222222,0.105494363704352
8.02986111111111,0.000281168934416707
8.03125,0.127518779097068
8.03263888888889,0.192909584428451
8.03402777777778,0.186705377968976
8.03541666666667,0.104040329161349
8.03680555555556,0.121855886730349
8.03819444444444,0.159586710743535
8.03958333333333,0.20912330102995
8.04097222222222,0.101081289294076
8.04236111111111,0.168254555196338
8.04375,0.148698633573047
8.04513888888889,0.155193249498832
8.04652777777778,0.157613232502831
8.04791666666667,0.116873565127092
8.04930555555556,0.0538469171627138
8.05069444444444,0.0336089889208148
8.05208333333333,0.0324700347445325
8.05347222222222,0.0324574296575559
8.05486111111111,-0.0031227783214407
8.05625,0.0184022072691691
8.05763888888889,0.0456198533516204
8.05902777777778,0.0253881946548607
8.06041666666667,0.0270915317805068
8.06180555555556,0.0850369607270356
8.06319444444444,0.151838443123478
8.06458333333333,0.165336743012491
8.06597222222222,0.0807491704209256
8.06736111111111,0.0895417321004012
8.06875,0.0729937697061565
8.07013888888889,0.117470934957845
8.07152777777778,0.093937816087866
8.07291666666667,0.067434620305315
8.07430555555556,0.0495368424408976
8.07569444444444,-1.33151615962504e-05
8.07708333333333,0.0197556631090493
8.07847222222222,0.0475104715351034
8.07986111111111,0.0651227911008731
8.08125,0.0214362381678455
8.08263888888889,0.0271524002656833
8.08402777777778,0.0822899343080346
8.08541666666667,0.0710959535061824
8.08680555555556,0.0126180868698033
8.08819444444444,-0.0204559184572579
8.08958333333333,-0.0234578192765649
8.09097222222222,0.00811697787574028
8.09236111111111,0.0218680978000171
8.09375,-0.0189431314746119
8.09513888888889,-0.00566104927779249
8.09652777777778,0.172254637722962
8.09791666666667,0.127660562923745
8.09930555555556,0.126526436554898
8.10069444444444,0.150241618956128
8.10208333333333,0.0762868551080632
8.10347222222222,0.0821490636872904
8.10486111111111,0.108927570892071
8.10625,0.0543457438547071
8.10763888888889,0.042929377206891
8.10902777777778,0.078062965720126
8.11041666666667,0.0824625900547131
8.11180555555556,-0.0294238976377315
8.11319444444444,-0.00204872310513155
8.11458333333333,-0.0329172124301051
8.11597222222222,-0.0394750281452357
8.11736111111111,0.035943510099406
8.11875,0.0273581431254369
8.12013888888889,0.0618653887772394
8.12152777777778,0.0654501499312308
8.12291666666667,0.0759250155540664
8.12430555555556,0.146053982296541
8.12569444444444,0.100463239168487
8.12708333333333,0.10268399555467
8.12847222222222,0.145275225439011
8.12986111111111,0.0800846081364326
8.13125,0.0675713870161708
8.13263888888889,-0.00200730753277256
8.13402777777778,0.0178621037766429
8.13541666666667,0.0283149332794921
8.13680555555556,0.0521934048388453
8.13819444444444,0.0146717333004356
8.13958333333333,0.0338848979920862
8.14097222222222,0.10367826520299
8.14236111111111,0.133382928776709
8.14375,0.0654599144610167
8.14513888888889,0.0350248061429461
8.14652777777778,0.00285126609944342
8.14791666666667,-0.0405411136463918
8.14930555555556,0.0192529560626906
8.15069444444444,0.0172544152679065
8.15208333333333,-0.00534121397950975
8.15347222222222,-0.0313162430501598
8.15486111111111,0.0177802424906137
8.15625,0.00950827536103623
8.15763888888889,0.0373916096055641
8.15902777777778,0.0370293844652249
8.16041666666667,0.0672840566229904
8.16180555555556,0.0687227258240311
8.16319444444444,0.0725332178060087
8.16458333333333,0.0487647720673268
8.16597222222222,0.0267752177818194
8.16736111111111,0.0261636680709547
8.16875,-0.0420945922074027
8.17013888888889,0.0189647730485243
8.17152777777778,0.0311460594290987
8.17291666666667,0.0820538989637431
8.17430555555556,0.0488544739807983
8.17569444444444,-0.0130596257095802
8.17708333333333,-0.0602566838129804
8.17847222222222,-0.00378291622437558
8.17986111111111,-0.0183177058661806
8.18125,-0.0866852119887197
8.18263888888889,-0.0481056569865952
8.18402777777778,-0.0516015492863414
8.18541666666667,-0.0179268385022917
8.18680555555556,0.100429834218835
8.18819444444444,-0.00620545130495938
8.18958333333333,0.0450290570292491
8.19097222222222,0.080511034384674
8.19236111111111,0.000318843135913511
8.19375,0.0564950250484949
8.19513888888889,0.0188983714569928
8.19652777777778,0.110654524346101
8.19791666666667,0.0747472761959389
8.19930555555556,0.0900914795366389
8.20069444444444,0.0755355337310239
8.20208333333333,0.0688162743959076
8.20347222222222,0.102578619683363
8.20486111111111,0.0745236832201622
8.20625,0.0504960822984005
8.20763888888889,0.0368262570209819
8.20902777777778,0.0285923408601875
8.21041666666667,-3.62105176414926e-05
8.21180555555556,-0.062024379949027
8.21319444444444,-0.0716395178275774
8.21458333333333,-0.0683940557444719
8.21597222222222,-0.0556255537831643
8.21736111111111,-0.09553361286051
8.21875,-0.0249059847737779
8.22013888888889,-0.124638751093231
8.22152777777778,0.0198946439371471
8.22291666666667,-0.0210377375035626
8.22430555555556,-0.0230529953181828
8.22569444444444,-0.0109109608548815
8.22708333333333,-0.0357394295103542
8.22847222222222,-0.130413091148499
8.22986111111111,-0.0464517733787998
8.23125,-0.00235412925634613
8.23263888888889,-0.0194650425956656
8.23402777777778,0.0166554799536382
8.23541666666667,0.0165137353872704
8.23680555555556,0.0610242725880774
8.23819444444444,0.0170194389745866
8.23958333333333,-0.00866389955540525
8.24097222222222,0.0802067990082794
8.24236111111111,0.0309340356154629
8.24375,0.0325301440656145
8.24513888888889,0.0037755853038746
8.24652777777778,0.0486375103344924
8.24791666666667,0.157093979945066
8.24930555555556,0.0797055048871831
8.25069444444444,0.0515174979384648
8.25208333333333,0.0406812542405241
8.25347222222222,0.0729136722253318
8.25486111111111,0.112198255266802
8.25625,0.0701614537403015
8.25763888888889,0.0504960860997987
8.25902777777778,0.0168839798366143
8.26041666666667,0.0650016044036282
8.26180555555556,0.101133225905211
8.26319444444444,0.089492787141949
8.26458333333333,-0.00581951054748402
8.26597222222222,0.0201676155440159
8.26736111111111,0.0525696343564592
8.26875,0.0147724884356454
8.27013888888889,-0.0117528108705957
8.27152777777778,0.037399714949339
8.27291666666667,0.126166070698626
8.27430555555556,0.0950906281142637
8.27569444444444,0.148698045835081
8.27708333333333,0.138796729411095
8.27847222222222,0.144123754698807
8.27986111111111,0.110250642012343
8.28125,0.0756166393951232
8.28263888888889,0.063896831872185
8.28402777777778,0.0640854899060171
8.28541666666667,0.0580645508661135
8.28680555555556,0.0116461890044056
8.28819444444444,0.046092943390741
8.28958333333333,0.090553694174778
8.29097222222222,0.0281545856090931
8.29236111111111,0.00869714367285321
8.29375,-0.00144752747437967
8.29513888888889,-0.0499539087199999
8.29652777777778,-0.0247207396405638
8.29791666666667,-0.0624889128699684
8.29930555555556,-0.0373781970652327
8.30069444444444,0.0729878064622365
8.30208333333333,0.0133194433371185
8.30347222222222,-0.0471696723595372
8.30486111111111,-0.0408790201193969
8.30625,0.073721389723142
8.30763888888889,0.0895954820376758
8.30902777777778,0.0330906739682295
8.31041666666667,0.0588180303122176
8.31180555555556,0.147296248478719
8.31319444444444,0.152564949035711
8.31458333333333,0.090142130360543
8.31597222222222,0.058621415825613
8.31736111111111,0.0789921243250878
8.31875,-0.0138481514216706
8.32013888888889,-0.000398425087754864
8.32152777777778,0.00643424764286161
8.32291666666667,-0.0481356439255113
8.32430555555556,-0.0937172991104582
8.32569444444444,-0.00999871199837426
8.32708333333333,-0.0725777400115132
8.32847222222222,-0.0501362263027073
8.32986111111111,-0.0703944212501484
8.33125,-0.093253112768284
8.33263888888889,-0.0639205040739852
8.33402777777778,-0.00630938533774431
8.33541666666667,-0.0769956048695179
8.33680555555556,-0.0740112816611585
8.33819444444444,-0.0321799283146941
8.33958333333333,-0.0988169825421692
8.34097222222222,-0.0390292131406006
8.34236111111111,-0.00167701003342518
8.34375,0.120627845039854
8.34513888888889,0.0052981633834387
8.34652777777778,0.00169770261581855
8.34791666666667,0.0744196787727768
8.34930555555556,0.0301920329359025
8.35069444444444,0.0880475212073842
8.35208333333333,0.0598894503443079
8.35347222222222,0.0254679911541736
8.35486111111111,-0.0247161042714663
8.35625,-0.0467987375134842
8.35763888888889,-0.0389874974388042
8.35902777777778,0.0415818323302905
8.36041666666667,0.0656407300596947
8.36180555555556,0.0741192898857051
8.36319444444444,0.113490012061411
8.36458333333333,0.0723040343379373
8.36597222222222,0.120100701110172
8.36736111111111,0.0756916499322002
8.36875,0.0128462724977036
8.37013888888889,0.0109831939608774
8.37152777777778,0.00733158914599922
8.37291666666667,0.0371906679578268
8.37430555555556,0.115978697086979
8.37569444444444,0.0828901231478221
8.37708333333333,0.120421369328241
8.37847222222222,0.0995165549484813
8.37986111111111,0.0519650725380113
8.38125,0.0612644032923734
8.38263888888889,0.132353419337119
8.38402777777778,0.107394515479772
8.38541666666667,0.112137773697475
8.38680555555556,0.0979974534440201
8.38819444444444,0.0482792645146678
8.38958333333333,0.0223667038078731
8.39097222222222,0.0177128814581703
8.39236111111111,0.0588967931400501
8.39375,0.0973468561166457
8.39513888888889,0.0759681238158447
8.39652777777778,0.146426157519466
8.39791666666667,0.00538661652864303
8.39930555555556,0.0555923834304282
8.40069444444444,0.146357623953446
8.40208333333333,0.0952678287470119
8.40347222222222,0.0327433746198402
8.40486111111111,0.0559988574172765
8.40625,0.0542359725057507
8.40763888888889,0.0339744185167479
8.40902777777778,0.110710437669978
8.41041666666667,0.0834343076741262
8.41180555555556,0.0902072126448431
8.41319444444444,0.10441487584211
8.41458333333333,0.0919552917666324
8.41597222222222,0.0983079463617796
8.41736111111111,0.00702011850912452
8.41875,-0.000910367826182934
8.42013888888889,0.0291475161040862
8.42152777777778,-0.00675266633198166
8.42291666666667,-0.0096656553424972
8.42430555555556,0.0951876959259609
8.42569444444444,0.0600385910669511
8.42708333333333,0.0297585864556628
8.42847222222222,-0.0483882719764187
8.42986111111111,0.00502169895404209
8.43125,0.0439983950770918
8.43263888888889,0.0488830341326493
8.43402777777778,0.103024842022803
8.43541666666667,0.149784747079631
8.43680555555556,0.182700709716952
8.43819444444444,0.0979133494669355
8.43958333333333,0.0535208740526096
8.44097222222222,0.126524437944584
8.44236111111111,0.028734785078714
8.44375,0.123625929100465
8.44513888888889,0.137878755237882
8.44652777777778,0.109824894524257
8.44791666666667,0.0996502778685449
8.44930555555556,0.0778516107560329
8.45069444444444,-0.0196224639764307
8.45208333333333,0.115106140909149
8.45347222222222,0.10990472246576
8.45486111111111,0.100405204041316
8.45625,0.071645438810639
8.45763888888889,0.0654993442999019
8.45902777777778,0.101583005374893
8.46041666666667,0.148920383621798
8.46180555555556,0.135059212071406
8.46319444444444,0.0559514947739906
8.46458333333333,0.0917078826886605
8.46597222222222,0.126700483928339
8.46736111111111,0.0715169205905085
8.46875,0.084697787154901
8.47013888888889,0.021468306262843
8.47152777777778,0.0722137585655242
8.47291666666667,0.0686043747853666
8.47430555555556,0.0375190376176451
8.47569444444444,0.077931447412054
8.47708333333333,0.0956733625299357
8.47847222222222,0.09667284252184
8.47986111111111,0.12501152304809
8.48125,0.0938717793960309
8.48263888888889,0.0305040780921172
8.48402777777778,0.0829911928568527
8.48541666666667,0.0237899925448602
8.48680555555556,-0.00232299663534113
8.48819444444444,0.00755019080685185
8.48958333333333,0.00945791136473611
8.49097222222222,0.0545022708976493
8.49236111111111,0.0623171963508814
8.49375,0.0578533370641038
8.49513888888889,-0.0190573349147403
8.49652777777778,-0.0156857016692612
8.49791666666667,-0.00862335708776208
8.49930555555556,-0.0261762592615739
8.50069444444444,-0.0158830710795322
8.50208333333333,0.0377673354110418
8.50347222222222,0.0291488046009707
8.50486111111111,-0.0273920128336139
8.50625,-0.0149466641626055
8.50763888888889,-0.0830818828032987
8.50902777777778,-0.0273956794500187
8.51041666666667,0.0114831307970849
8.51180555555556,0.0341548689371536
8.51319444444444,-0.00366254778067318
8.51458333333333,-0.00316323158085759
8.51597222222222,0.0502066125288313
8.51736111111111,0.0444199931791684
8.51875,-0.0122555570155855
8.52013888888889,0.0736640240245829
8.52152777777778,0.102757266973032
8.52291666666667,0.0506402107144708
8.52430555555556,0.051654809010417
8.52569444444444,0.0145428788511036
8.52708333333333,0.0308665148031179
8.52847222222222,0.0607775586554891
8.52986111111111,0.0584800885799507
8.53125,0.0412169484795762
8.53263888888889,0.080227944047575
8.53402777777778,0.0881892595855032
8.53541666666667,0.015471804001996
8.53680555555556,-0.0255591025619184
8.53819444444444,-0.0384018013740887
8.53958333333333,0.00882150082368909
8.54097222222222,-0.00965230827739379
8.54236111111111,-0.0181129651680084
8.54375,-0.0811773035088437
8.54513888888889,-0.0831505950549186
8.54652777777778,-0.0403102041437636
8.54791666666667,-0.0366186244251801
8.54930555555556,0.0125179920373694
8.55069444444444,0.0210870983425703
8.55208333333333,0.0745647166526336
8.55347222222222,-0.0131353670904493
8.55486111111111,0.0195208142862936
8.55625,0.0625271741308342
8.55763888888889,0.0662280039133981
8.55902777777778,0.0962603781167057
8.56041666666667,0.00279968968394662
8.56180555555556,-0.0679926686704229
8.56319444444444,-0.000442930251564623
8.56458333333333,0.0525384725349525
8.56597222222222,-0.0147772673625744
8.56736111111111,-0.124525116552875
8.56875,0.0076245894885309
8.57013888888889,0.118001516394616
8.57152777777778,0.0446143309029901
8.57291666666667,-0.00258644989672123
8.57430555555556,-0.087073340033526
8.57569444444444,0.00939417007618337
8.57708333333333,0.0882182610865197
8.57847222222222,-0.00274119675266238
8.57986111111111,0.0438986907411956
8.58125,0.0233056690947947
8.58263888888889,0.0584017268232024
8.58402777777778,0.054493889949126
8.58541666666667,0.0396093745458238
8.58680555555556,0.13292341181487
8.58819444444444,0.0265440574266009
8.58958333333333,-0.0135380607062957
8.59097222222222,-0.0113019618600517
8.59236111111111,0.00507674900885879
8.59375,0.0295381564136366
8.59513888888889,0.0747746239052704
8.59652777777778,0.0148465664488365
8.59791666666667,0.00758669488233953
8.59930555555556,0.0110610223758565
8.60069444444444,-0.00495331817617553
8.60208333333333,-0.102679451248888
8.60347222222222,-0.0663677454102386
8.60486111111111,-0.0185187443943313
8.60625,-0.00389670219341219
8.60763888888889,0.0130007648367804
8.60902777777778,0.0368060028695291
8.61041666666667,0.0623474358494539
8.61180555555556,0.0655371973933555
8.61319444444444,-0.0205701226537191
8.61458333333333,-0.0183417653264898
8.61597222222222,0.0490334487412663
8.61736111111111,-0.034957713885947
8.61875,-0.00134371087995124
8.62013888888889,0.0347190027376533
8.62152777777778,-0.0154538461763159
8.62291666666667,-0.0841292197826195
8.62430555555556,-0.0114396132711264
8.62569444444444,0.0534859611459659
8.62708333333333,0.0382561060226052
8.62847222222222,-0.026745183196353
8.62986111111111,0.0155251710786254
8.63125,0.0532449658614852
8.63263888888889,-0.0514576747253154
8.63402777777778,0.00713889523591992
8.63541666666667,-0.0693443373431956
8.63680555555556,-0.133818358542404
8.63819444444444,-0.0976700497549437
8.63958333333333,-0.0138577319322622
8.64097222222222,-0.0436469506642348
8.64236111111111,-0.000594701212422077
8.64375,-0.0246638774867922
8.64513888888889,0.0238897261177225
8.64652777777778,-0.0408469626920426
8.64791666666667,-0.0149396357768796
8.64930555555556,-0.0520823743166836
8.65069444444444,-0.0101257419387825
8.65208333333333,0.0354085748864027
8.65347222222222,0.0958997139744746
8.65486111111111,0.0749407678216515
8.65625,0.0335856203746289
8.65763888888889,0.0638627831681355
8.65902777777778,0.0805382104917302
8.66041666666667,0.0973098407830796
8.66180555555556,0.0578665609870825
8.66319444444444,0.0690709024468195
8.66458333333333,-0.00352259852819446
8.66597222222222,-0.09677526143383
8.66736111111111,-0.0843378299774249
8.66875,-0.0557119573530775
8.67013888888889,-0.0100607471262881
8.67152777777778,-0.0138031902467873
8.67291666666667,-0.0490323398915519
8.67430555555556,-0.0108332107254754
8.67569444444444,-0.00591486193302202
8.67708333333333,0.018447541984373
8.67847222222222,-0.0242186954011328
8.67986111111111,-0.0114091744180096
8.68125,-0.0261800961699554
8.68263888888889,-0.0672374428653857
8.68402777777778,-0.0883945458483152
8.68541666666667,-0.0137728195693027
8.68680555555556,-0.0723464309912003
8.68819444444444,-0.113547890772457
8.68958333333333,-0.150565265765102
8.69097222222222,-0.15477249041359
8.69236111111111,-0.0947291878199815
8.69375,-0.153453771675034
8.69513888888889,-0.100070667621767
8.69652777777778,-0.166596262939374
8.69791666666667,-0.145159479239857
8.69930555555556,-0.0827723358282772
8.70069444444444,-0.142458333184536
8.70208333333333,-0.122412401200575
8.70347222222222,-0.086227485462404
8.70486111111111,-0.149362261272323
8.70625,-0.11346868368121
8.70763888888889,-0.115260330194271
8.70902777777778,-0.172737674538471
8.71041666666667,-0.236231097986821
8.71180555555556,-0.19077926673175
8.71319444444444,-0.103161124438958
8.71458333333333,-0.122036562920325
8.71597222222222,-0.107951269768576
8.71736111111111,-0.0828964926492841
8.71875,-0.0585609107356474
8.72013888888889,-0.130703004269467
8.72152777777778,-0.190406087754798
8.72291666666667,-0.135808495531365
8.72430555555556,-0.161941542223845
8.72569444444444,-0.0761444788110384
8.72708333333333,-0.121618390307582
8.72847222222222,-0.0870099612238317
8.72986111111111,-0.0775096183002697
8.73125,-0.105088181274068
8.73263888888889,-0.170117074839249
8.73402777777778,-0.201092625028974
8.73541666666667,-0.086992422186761
8.73680555555556,-0.0326734272063734
8.73819444444444,-0.0625794964943369
8.73958333333333,-0.113772928635634
8.74097222222222,-0.170587353033237
8.74236111111111,-0.0418454459356493
8.74375,-0.0704117508308762
8.74513888888889,-0.100719554479169
8.74652777777778,-0.0471266534975151
8.74791666666667,-0.070439543656103
8.74930555555556,-0.179798733553927
8.75069444444444,-0.0293868939052953
8.75208333333333,-0.0891907377216943
8.75347222222222,-0.0541960197576468
8.75486111111111,-0.0544372326141922
8.75625,-0.121819068974233
8.75763888888889,-0.0634316688028963
8.75902777777778,-0.0136864041971958
8.76041666666667,-0.0209247074139698
8.76180555555556,-0.0777191670078587
8.76319444444444,-0.0672926664061748
8.76458333333333,-0.0813920014211151
8.76597222222222,-0.0493845612397809
8.76736111111111,-0.0902412103307044
8.76875,-0.0176063976587492
8.77013888888889,-0.01358737890806
8.77152777777778,-0.073582352678286
8.77291666666667,-0.0837608109840153
8.77430555555556,-0.0835578747461888
8.77569444444444,-0.0158954253052636
8.77708333333333,-0.0285283598270964
8.77847222222222,-0.0919507759174995
8.77986111111111,-0.14289524306947
8.78125,-0.0925584162722605
8.78263888888889,-0.0296762658660549
8.78402777777778,-0.0451573401876886
8.78541666666667,-0.0587406522797989
8.78680555555556,0.0589127675238685
8.78819444444444,-0.0403700405914301
8.78958333333333,-0.0263877279584146
8.79097222222222,-0.0612794823563705
8.79236111111111,-0.166268524673106
8.79375,-0.130252997667741
8.79513888888889,-0.0317544176510815
8.79652777777778,-0.0661877534468542
8.79791666666667,-0.037701898946327
8.79930555555556,-0.119998340434301
8.80069444444444,-0.0748749604455837
8.80208333333333,-0.0697365954029172
8.80347222222222,-0.0131768080300369
8.80486111111111,-0.0871506029886408
8.80625,-0.148629888709867
8.80763888888889,-0.162855495746799
8.80902777777778,-0.157455832515528
8.81041666666667,-0.110485434019294
8.81180555555556,-0.0487356819926323
8.81319444444444,-0.154925179641455
8.81458333333333,-0.154066545885333
8.81597222222222,-0.118962408442672
8.81736111111111,-0.150581711610442
8.81875,-0.119787388497427
8.82013888888889,-0.0844280930753216
8.82152777777778,-0.0773938401764374
8.82291666666667,-0.0859371602202459
8.82430555555556,-0.0227821492744841
8.82569444444444,-0.00237011532442945
8.82708333333333,-0.0156799673632347
8.82847222222222,0.0349523207738558
8.82986111111111,0.0481434268945661
8.83125,-0.00864628506457809
8.83263888888889,-0.02774360164113
8.83402777777778,-0.0698765957149784
8.83541666666667,-0.0176180702113526
8.83680555555556,-0.0585827778009619
8.83819444444444,-0.0291254755470214
8.83958333333333,0.0140076733778653
8.84097222222222,0.00568165487552172
8.84236111111111,-0.0490192743336211
8.84375,-0.0739885722017967
8.84513888888889,-0.032811314144837
8.84652777777778,-0.0404735388748499
8.84791666666667,-0.0793376078601449
8.84930555555556,-0.137644280226548
8.85069444444444,-0.13452316238369
8.85208333333333,-0.0676718336340497
8.85347222222222,-0.127142775650473
8.85486111111111,-0.089392008673305
8.85625,-0.0635273577595208
8.85763888888889,0.0317454267289955
8.85902777777778,0.0124801207322589
8.86041666666667,-0.0746421753959811
8.86180555555556,-0.121840382026677
8.86319444444444,-0.0709343066009656
8.86458333333333,-0.0338348100932565
8.86597222222222,-0.0418002155838356
8.86736111111111,-0.0811841568341598
8.86875,-0.0175962209591297
8.87013888888889,-0.00194277916058212
8.87152777777778,-0.0469498278310693
8.87291666666667,-0.0616766409758509
8.87430555555556,0.0102415025657802
8.87569444444444,-0.0634481548841962
8.87708333333333,-0.0343227594940494
8.87847222222222,0.00300555395374912
8.87986111111111,-0.0290044825602976
8.88125,-0.0181153956546103
8.88263888888889,-0.0210581716679314
8.88402777777778,-0.114309004782011
8.88541666666667,-0.0816900750394929
8.88680555555556,-0.129634358861905
8.88819444444444,-0.0960015621355728
8.88958333333333,-0.0664594431016608
8.89097222222222,-0.0210365411821793
8.89236111111111,-0.0800668363748576
8.89375,-0.0437742221552719
8.89513888888889,-0.0590717636275421
8.89652777777778,0.0130249680344024
8.89791666666667,0.0149190102652063
8.89930555555556,-0.0631442429196016
8.90069444444444,-0.0955949734557833
8.90208333333333,-0.086723284121058
8.90347222222222,-0.162288233506162
8.90486111111111,-0.0806341104975662
8.90625,-0.0412846323084961
8.90763888888889,-0.0122769256607457
8.90902777777778,-0.0330222597299402
8.91041666666667,-0.0461066416708582
8.91180555555556,-0.0542904041474325
8.91319444444444,-0.0256810468173827
8.91458333333333,0.000288619896693148
8.91597222222222,-0.0242032203796218
8.91736111111111,0.0147842899329566
8.91875,-0.0281253229486635
8.92013888888889,0.0336641722998652
8.92152777777778,0.0100296457379078
8.92291666666667,0.0550142260094808
8.92430555555556,0.0342128503401913
8.92569444444444,0.0704092697259399
8.92708333333333,0.00237987044531935
8.92847222222222,-0.0389239211615901
8.92986111111111,0.0122416607580354
8.93125,0.0128405568226408
8.93263888888889,0.0280002322383066
8.93402777777778,0.0512270802455161
8.93541666666667,0.0335150825829573
8.93680555555556,-0.0303845773277758
8.93819444444444,0.00931904860181892
8.93958333333333,0.0439545107874825
8.94097222222222,0.0338552845364728
8.94236111111111,0.0396483875893359
8.94375,-0.0196893027338202
8.94513888888889,0.0383059821522949
8.94652777777778,0.0379912020000526
8.94791666666667,0.0203549823631645
8.94930555555556,0.0574939138992361
8.95069444444444,0.0359390716718078
8.95208333333333,0.0190926664739165
8.95347222222222,0.0942112186255747
8.95486111111111,0.0533986632225609
8.95625,0.0162409068686574
8.95763888888889,0.013281645326238
8.95902777777778,0.00994154965912505
8.96041666666667,0.0551229704036439
8.96180555555556,0.138212616061105
8.96319444444444,0.10632426012742
8.96458333333333,0.0472361199971248
8.96597222222222,0.123936309405591
8.96736111111111,0.146773060687246
8.96875,0.151378669886067
8.97013888888889,0.170335073265673
8.97152777777778,0.191975501634792
8.97291666666667,0.104506536182617
8.97430555555556,0.0245211855681861
8.97569444444444,0.0200018593156571
8.97708333333333,-0.0115038668011432
8.97847222222222,0.0547096913904895
8.97986111111111,0.0326902263896739
8.98125,0.0330080920871888
8.98263888888889,0.00669003932193051
8.98402777777778,0.0172294733144827
8.98541666666667,-0.0789025982646756
8.98680555555556,-0.0812821103525767
8.98819444444444,-0.0811102137239473
8.98958333333333,-0.0445232345262356
8.99097222222222,-0.0557321351024282
8.99236111111111,-0.0828321023702537
8.99375,-0.0661205667401787
8.99513888888889,-0.0305853317541878
8.99652777777778,0.0116649738205868
8.99791666666667,-0.0166824425302913
8.99930555555556,-0.0587685730759284
9.00069444444444,-0.0406098929870097
9.00208333333333,-0.0871022440205946
9.00347222222222,-0.0457658864675323
9.00486111111111,-0.0517084037053166
9.00625,-0.0736056729759656
9.00763888888889,0.0154210734823711
9.00902777777778,-0.0116953664424281
9.01041666666667,0.0492674758898893
9.01180555555556,0.0228736667784389
9.01319444444444,0.0124469264108422
9.01458333333333,0.0416297581245111
9.01597222222222,0.0180214505298612
9.01736111111111,0.0349011175853354
9.01875,0.0194337516088829
9.02013888888889,0.0285901728460232
9.02152777777778,0.055162662890196
9.02291666666667,0.0509729624664838
9.02430555555556,0.0465171108996583
9.02569444444444,0.00489808846210008
9.02708333333333,0.0419110630946294
9.02847222222222,0.0766738514783721
9.02986111111111,0.104727228157341
9.03125,-0.000329471342409751
9.03263888888889,-0.0186971394405194
9.03402777777778,-0.0411999350263411
9.03541666666667,-0.0253209550239409
9.03680555555556,0.0166896082218517
9.03819444444444,0.0428034187876932
9.03958333333333,0.0833651609949511
9.04097222222222,0.014640081209288
9.04236111111111,0.0550166830273959
9.04375,0.0572136014479942
9.04513888888889,-0.024696002505293
9.04652777777778,-0.0998609776454054
9.04791666666667,-0.101590439835023
9.04930555555556,-0.10264038383428
9.05069444444444,-0.0296678522501387
9.05208333333333,-0.0552746178231516
9.05347222222222,-0.0618576789341675
9.05486111111111,-0.097752313620873
9.05625,-0.0561785551775086
9.05763888888889,-0.157479439277988
9.05902777777778,-0.131673314374488
9.06041666666667,-0.0898666622734029
9.06180555555556,-0.0922428465648444
9.06319444444444,-0.106234007899841
9.06458333333333,-0.157770435266332
9.06597222222222,-0.151944156475832
9.06736111111111,-0.103817952101743
9.06875,-0.143597873500319
9.07013888888889,-0.117702194305906
9.07152777777778,-0.0707130769639772
9.07291666666667,-0.0747158293405251
9.07430555555556,-0.0120180709555081
9.07569444444444,-0.0944561162053067
9.07708333333333,-0.112702474427559
9.07847222222222,-0.0613564308393972
9.07986111111111,-0.0751416629599971
9.08125,-0.136646528385392
9.08263888888889,-0.125364445858601
9.08402777777778,-0.0710346918063046
9.08541666666667,-0.042534210750689
9.08680555555556,-0.0799935241008112
9.08819444444444,-0.073067675369243
9.08958333333333,-0.0689480387636497
9.09097222222222,-0.0667129351459593
9.09236111111111,-0.101042788032224
9.09375,-0.141884200076886
9.09513888888889,-0.0791763802980448
9.09652777777778,0.00223801746403537
9.09791666666667,-0.119460672728354
9.09930555555556,-0.0895346618760213
9.10069444444444,-0.0822373297803729
9.10208333333333,-0.0722400681737521
9.10347222222222,0.028853291473676
9.10486111111111,-0.0366705358237805
9.10625,-0.0117179834793326
9.10763888888889,0.00346149381068185
9.10902777777778,0.0193018700566802
9.11041666666667,0.00653260866961906
9.11180555555556,0.00272250159077175
9.11319444444444,0.0474497937967823
9.11458333333333,0.0470679002550761
9.11597222222222,-0.0058075074589734
9.11736111111111,0.0133810322600906
9.11875,0.0863689506777319
9.12013888888889,0.0739645691507103
9.12152777777778,0.0878764276166646
9.12291666666667,0.0837402758561768
9.12430555555556,-0.0227995359276383
9.12569444444444,-0.0381196516503317
9.12708333333333,-0.00917103058221692
9.12847222222222,-0.0634531209300355
9.12986111111111,-0.105985999343397
9.13125,-0.114006523720765
9.13263888888889,-0.0972747186507709
9.13402777777778,-0.0637320659142355
9.13541666666667,-0.016639996051959
9.13680555555556,-0.0913986920164186
9.13819444444444,-0.0222871909351554
9.13958333333333,-0.0262293850768977
9.14097222222222,-0.0503730992621043
9.14236111111111,0.0346870913356135
9.14375,0.0280957264484768
9.14513888888889,-0.0586093420021887
9.14652777777778,-0.0250837182732607
9.14791666666667,-0.0427923325797908
9.14930555555556,-0.0253477094009158
9.15069444444444,-0.0736414202626652
9.15208333333333,-0.119654674885932
9.15347222222222,-0.00479978985836561
9.15486111111111,0.0565706209522834
9.15625,0.0406473858014861
9.15763888888889,-0.0612692629404754
9.15902777777778,0.0159620488362067
9.16041666666667,-0.0301912056364928
9.16180555555556,-0.0318975699165858
9.16319444444444,0.0116806690557719
9.16458333333333,0.00786036410693847
9.16597222222222,0.0394972905973987
9.16736111111111,0.0468304817477385
9.16875,0.00437385312329497
9.17013888888889,-0.0284715283643022
9.17152777777778,-0.0484891318140168
9.17291666666667,-0.0125134694731408
9.17430555555556,-0.00442778754769126
9.17569444444444,-0.00434705386695387
9.17708333333333,-0.0234815914959441
9.17847222222222,0.0221810794125383
9.17986111111111,-0.0271913439069275
9.18125,0.0293676825217322
9.18263888888889,-0.0487256011496528
9.18402777777778,-0.0593504006587325
9.18541666666667,-0.0398979982846003
9.18680555555556,-0.0301303853281014
9.18819444444444,0.079011815858825
9.18958333333333,0.0707968489484829
9.19097222222222,-0.0255604566282821
9.19236111111111,-0.0264485843747238
9.19375,-0.0717567325955685
9.19513888888889,-0.0710459403680617
9.19652777777778,0.00810570923536979
9.19791666666667,-0.0365325408815026
9.19930555555556,-0.00562984882095115
9.20069444444444,-0.00769597894012048
9.20208333333333,-0.0164247505587127
9.20347222222222,-0.0496962662766294
9.20486111111111,-0.068518456099245
9.20625,0.0186223812516683
9.20763888888889,-0.00427594516098512
9.20902777777778,0.0157636147868333
9.21041666666667,0.00280014558853619
9.21180555555556,-0.0326935869662532
9.21319444444444,0.0234763733702548
9.21458333333333,0.115702912905667
9.21597222222222,0.110074163877115
9.21736111111111,0.130235062703054
9.21875,0.0899363236267298
9.22013888888889,0.0705537193763382
9.22152777777778,0.0364287420739537
9.22291666666667,0.0603995138545668
9.22430555555556,-0.00522718008595167
9.22569444444444,-0.0175516175861854
9.22708333333333,-0.0771845218789334
9.22847222222222,-0.0697288624148027
9.22986111111111,-0.0757904177053955
9.23125,0.0488160697145111
9.23263888888889,0.0362394884977685
9.23402777777778,-0.0273886586262625
9.23541666666667,0.0334862087271747
9.23680555555556,0.0268053035319842
9.23819444444444,0.0733896210587305
9.23958333333333,0.0429313220212374
9.24097222222222,0.0780648997316029
9.24236111111111,0.0670900240946888
9.24375,0.0266172382422704
9.24513888888889,0.0550102303244863
9.24652777777778,0.0917072843875256
9.24791666666667,0.0974975051922546
9.24930555555556,0.164169385711125
9.25069444444444,0.206806749524639
9.25208333333333,0.0946201894349382
9.25347222222222,0.0956563614734119
9.25486111111111,0.0646033393589033
9.25625,0.078165111206647
9.25763888888889,0.120906936622604
9.25902777777778,0.0302365419317859
9.26041666666667,0.0796494611857221
9.26180555555556,0.0483665442682015
9.26319444444444,0.0759430120650386
9.26458333333333,0.091016323678236
9.26597222222222,0.00989584815225652
9.26736111111111,0.0928979038890248
9.26875,0.042687930647474
9.27013888888889,0.116488151540483
9.27152777777778,0.129418499092213
9.27291666666667,0.0532048952401722
9.27430555555556,0.0409520503630735
9.27569444444444,0.0279671052675599
9.27708333333333,-0.0353370876995414
9.27847222222222,-0.0602096290984783
9.27986111111111,0.0360508206179236
9.28125,-0.00364008944146417
9.28263888888889,-0.0177231368474078
9.28402777777778,0.0733599509414016
9.28541666666667,-0.0177220243886635
9.28680555555556,-0.113098050241074
9.28819444444444,-0.0629623571220846
9.28958333333333,-0.0629209996670078
9.29097222222222,0.0394923883852367
9.29236111111111,0.0597683935846403
9.29375,0.0457094721721038
9.29513888888889,0.0422179524574037
9.29652777777778,0.105012818788635
9.29791666666667,0.0801579601746768
9.29930555555556,0.144591751514568
9.30069444444444,0.096839271251689
9.30208333333333,0.0640500942497376
9.30347222222222,0.0800525355241058
9.30486111111111,0.128505807170125
9.30625,0.0932470888675374
9.30763888888889,0.125000661736642
9.30902777777778,0.0164281409186831
9.31041666666667,0.0673718503877784
9.31180555555556,0.0499132063608983
9.31319444444444,0.0536020766675912
9.31458333333333,0.0468564170249268
9.31597222222222,0.0927638417038256
9.31736111111111,0.094382728735246
9.31875,0.00312668153307152
9.32013888888889,0.00196773894826022
9.32152777777778,0.00992219961183458
9.32291666666667,0.0834428437772738
9.32430555555556,0.0766511702476958
9.32569444444444,0.108809792721766
9.32708333333333,0.0709779055599482
9.32847222222222,0.0590483269818444
9.32986111111111,0.0662110318846378
9.33125,0.0236927088301822
9.33263888888889,0.0256869334709234
9.33402777777778,0.0660736340096215
9.33541666666667,0.0690803489360571
9.33680555555556,0.0659662569593468
9.33819444444444,0.112727500633917
9.33958333333333,0.00724245656919312
9.34097222222222,-0.031932643480753
9.34236111111111,0.0245382345713475
9.34375,0.0234845314929032
9.34513888888889,0.00391823629677153
9.34652777777778,0.0188800830853251
9.34791666666667,-0.0105364041293739
9.34930555555556,-0.0173952940747407
9.35069444444444,-0.0188864742631864
9.35208333333333,-0.0163702930537487
9.35347222222222,-0.0205987236845281
9.35486111111111,0.030697695510795
9.35625,-0.0271746343509473
9.35763888888889,-0.0275003827011306
9.35902777777778,-0.0454363793235011
9.36041666666667,-0.0246568528363683
9.36180555555556,-0.0158626730594
9.36319444444444,-0.0090128859820608
9.36458333333333,-0.0580054423716466
9.36597222222222,-0.0679677210162818
9.36736111111111,0.022492751055478
9.36875,-0.0837225011592996
9.37013888888889,-0.0859024717771378
9.37152777777778,-0.0518295180722146
9.37291666666667,-0.077066590000202
9.37430555555556,-0.0652197324628249
9.37569444444444,-0.0859788244437101
9.37708333333333,-0.0690778964440002
9.37847222222222,-0.0653018634403441
9.37986111111111,-0.0696503786865243
9.38125,-0.122707280120639
9.38263888888889,-0.110188569935597
9.38402777777778,-0.037045698019158
9.38541666666667,-0.112788370821355
9.38680555555556,0.0417517209665545
9.38819444444444,-0.0201126293663989
9.38958333333333,-0.0367045047728184
9.39097222222222,-0.00475680015664415
9.39236111111111,0.0282068577638151
9.39375,0.0069763596528785
9.39513888888889,0.084846010186486
9.39652777777778,0.0612640768143023
9.39791666666667,0.0711415599409287
9.39930555555556,-0.0112842660454867
9.40069444444444,0.135099485248312
9.40208333333333,0.140312380587638
9.40347222222222,0.0642696196629222
9.40486111111111,0.0275731834888881
9.40625,0.0419516529561746
9.40763888888889,0.0685896395075291
9.40902777777778,0.0572095842835141
9.41041666666667,0.0455005593250127
9.41180555555556,-0.0355911714906261
9.41319444444444,-0.0754706631555383
9.41458333333333,-0.0487036179173948
9.41597222222222,-0.0154791525858612
9.41736111111111,-0.0248861350444887
9.41875,-0.0144148484628092
9.42013888888889,0.0521460952424304
9.42152777777778,0.0226064688044606
9.42291666666667,-0.0294826050637926
9.42430555555556,-0.0220790525934701
9.42569444444444,-0.00311135474171491
9.42708333333333,0.0353649394057728
9.42847222222222,0.0102056410208333
9.42986111111111,-0.0302906408202489
9.43125,-0.0889690574742857
9.43263888888889,-0.0243015953013421
9.43402777777778,0.0301576862254886
9.43541666666667,0.0276304183746523
9.43680555555556,0.0517063942523338
9.43819444444444,0.0812232286185156
9.43958333333333,0.09244763599084
9.44097222222222,0.0635831883434983
9.44236111111111,0.141741602972029
9.44375,0.0524649902150737
9.44513888888889,0.0171031428939017
9.44652777777778,0.0405382681050578
9.44791666666667,-0.0172494232934037
9.44930555555556,0.0517972954777165
9.45069444444444,0.00307700475820374
9.45208333333333,0.0293968574517842
9.45347222222222,0.102318979910782
9.45486111111111,-0.008670847384359
9.45625,0.0548379133458366
9.45763888888889,-0.0180667590584517
9.45902777777778,0.0187203613882151
9.46041666666667,0.0969288410715352
9.46180555555556,0.0645335413298694
9.46319444444444,0.0341747630925413
9.46458333333333,-0.0620056779690353
9.46597222222222,-0.0950578707731747
9.46736111111111,-0.08315959912784
9.46875,-0.0532254429207549
9.47013888888889,-0.0931306939762667
9.47152777777778,-0.0964545455063196
9.47291666666667,-0.100859130900371
9.47430555555556,-0.0949954064318572
9.47569444444444,-0.0550853300693654
9.47708333333333,-0.063888174550439
9.47847222222222,-0.0905695129935662
9.47986111111111,-0.05758373497444
9.48125,-0.0474189860207459
9.48263888888889,-0.0827025583801288
9.48402777777778,-0.0780076200240814
9.48541666666667,-0.035438939644854
9.48680555555556,-0.0551063057480966
9.48819444444444,-0.048971947162975
9.48958333333333,-0.0553249235954957
9.49097222222222,-0.065838275695092
9.49236111111111,0.00125901251810041
9.49375,-0.0568970158207116
9.49513888888889,-0.0437152144124711
9.49652777777778,-0.113724568842032
9.49791666666667,-0.0682376346847286
9.49930555555556,-0.084397314024024
9.50069444444444,-0.0931615972774903
9.50208333333333,-0.128632146750485
9.50347222222222,-0.13125472856009
9.50486111111111,-0.0822567084432945
9.50625,-0.0711232175995856
9.50763888888889,-0.0681742080714287
9.50902777777778,-0.0178651541844814
9.51041666666667,-0.137688583421483
9.51180555555556,-0.134877156961655
9.51319444444444,-0.121211412357699
9.51458333333333,-0.0905875009258436
9.51597222222222,-0.0886340537530715
9.51736111111111,-0.067709276304824
9.51875,-0.109311080142853
9.52013888888889,-0.0702127120047181
9.52152777777778,-0.043942926556043
9.52291666666667,-0.0369311015994948
9.52430555555556,-0.000520528211091286
9.52569444444444,-0.0571884299858401
9.52708333333333,-0.0789356652048138
9.52847222222222,0.00916504077586745
9.52986111111111,0.0814695993429589
9.53125,-0.001082857763593
9.53263888888889,-0.0784631655378516
9.53402777777778,-0.0454191672168669
9.53541666666667,-0.0293477256010677
9.53680555555556,-0.0112826002606633
9.53819444444444,-0.0269310308547993
9.53958333333333,-0.0174863703346837
9.54097222222222,0.0308606295764828
9.54236111111111,0.0184273561011963
9.54375,0.0331866596227508
9.54513888888889,-0.0738161205813582
9.54652777777778,-0.0509034954218188
9.54791666666667,-0.14605395386458
9.54930555555556,-0.1465875996075
9.55069444444444,-0.0945906071471259
9.55208333333333,-0.104448225942679
9.55347222222222,-0.0462549796207854
9.55486111111111,-0.0165225440411446
9.55625,-0.0398502220033549
9.55763888888889,-0.0915777573891134
9.55902777777778,0.075578984987135
9.56041666666667,-0.0515492592771834
9.56180555555556,-0.0767294908880923
9.56319444444444,-0.0548247530933788
9.56458333333333,-0.0818197244597895
9.56597222222222,-0.0637717035458949
9.56736111111111,-0.0596579302468453
9.56875,-0.0997481583376025
9.57013888888889,-0.0158063989661515
9.57152777777778,-0.0733364055806536
9.57291666666667,-0.0257822518408657
9.57430555555556,0.072679472401476
9.57569444444444,0.064333591075793
9.57708333333333,-0.0412100673252211
9.57847222222222,-0.0659100878580978
9.57986111111111,-0.0460872912615059
9.58125,-0.0680335047662544
9.58263888888889,-0.017650179780935
9.58402777777778,-0.0114282427183447
9.58541666666667,-0.0038799616610648
9.58680555555556,-0.0226050136963135
9.58819444444444,0.0711440920672663
9.58958333333333,0.102340550595276
9.59097222222222,-0.00224212046531008
9.59236111111111,-0.0596871805966962
9.59375,-0.073737665430986
9.59513888888889,-0.0719677118311628
9.59652777777778,-0.0413899914082691
9.59791666666667,-0.0075599132648633
9.59930555555556,0.0184391324123903
9.60069444444444,0.0485135021105217
9.60208333333333,0.0271002889851361
9.60347222222222,-0.0182918847250371
9.60486111111111,-0.0169090957918689
9.60625,0.100379024764456
9.60763888888889,0.0428723964721607
9.60902777777778,-0.0184998219606204
9.61041666666667,-0.0642395124763493
9.61180555555556,-0.020175702796127
9.61319444444444,-0.0504489232446836
9.61458333333333,-0.0446582820828472
9.61597222222222,0.0136596438228727
9.61736111111111,0.0660317278525563
9.61875,-0.00275932339524261
9.62013888888889,0.0102082760997893
9.62152777777778,-0.027970881647233
9.62291666666667,-0.00978030144376778
9.62430555555556,-0.03158238953585
9.62569444444444,-0.0886872517360541
9.62708333333333,-0.0696492024120116
9.62847222222222,-0.0299790536350453
9.62986111111111,-0.0272279766182294
9.63125,-0.0584583694702981
9.63263888888889,-0.0208009485929968
9.63402777777778,-0.05432705238565
9.63541666666667,-0.133534277743029
9.63680555555556,-0.0581102396304754
9.63819444444444,-0.0229030753203159
9.63958333333333,-0.0332288461561372
9.64097222222222,-0.0177692959482617
9.64236111111111,-0.0817444106603434
9.64375,-0.0318584555333444
9.64513888888889,-0.0364271284128871
9.64652777777778,0.0226220527367286
9.64791666666667,0.00151317345169779
9.64930555555556,0.067898493149218
9.65069444444444,0.0890163944677436
9.65208333333333,0.0782964131210079
9.65347222222222,0.0710173186927096
9.65486111111111,0.00450693874940445
9.65625,0.0413671108905365
9.65763888888889,0.0453790945843345
9.65902777777778,0.0736593750026325
9.66041666666667,-0.0463214105838011
9.66180555555556,0.0022993315392602
9.66319444444444,-0.0671377789196394
9.66458333333333,-0.100745969646969
9.66597222222222,-0.0775560470032415
9.66736111111111,-0.00208603180811198
9.66875,-0.00514477205607152
9.67013888888889,0.0946035686629971
9.67152777777778,-0.0100557741096001
9.67291666666667,-0.0850706142986255
9.67430555555556,-0.104687442453587
9.67569444444444,-0.12924090620552
9.67708333333333,-0.153965507394631
9.67847222222222,-0.139128581065214
9.67986111111111,-0.0357718380527326
9.68125,-0.033262077756102
9.68263888888889,0.0419664674508703
9.68402777777778,-0.047007797517409
9.68541666666667,-0.0741975892171778
9.68680555555556,-0.0296224228827789
9.68819444444444,-0.0469857922090601
9.68958333333333,0.015519171936607
9.69097222222222,-0.00967911227435351
9.69236111111111,-0.028603785878145
9.69375,0.0675750490157106
9.69513888888889,0.00695340618302217
9.69652777777778,-0.00632211941821721
9.69791666666667,0.0350829400125262
9.69930555555556,-0.0098848090353891
9.70069444444444,0.0627202939888219
9.70208333333333,0.121279106398303
9.70347222222222,0.0930793151849763
9.70486111111111,0.10846293893276
9.70625,0.104625492441054
9.70763888888889,0.0557611912092807
9.70902777777778,-3.28647028135233e-05
9.71041666666667,0.0777893888453458
9.71180555555556,0.0486140728786202
9.71319444444444,0.118612626451102
9.71458333333333,0.182191998578546
9.71597222222222,0.0556192849382949
9.71736111111111,0.142404536174659
9.71875,0.149264115139814
9.72013888888889,0.0678087107869189
9.72152777777778,0.0484168135579407
9.72291666666667,0.0274259120021579
9.72430555555556,-0.0277349319160581
9.72569444444444,-0.00960033279170229
9.72708333333333,0.0105512132777617
9.72847222222222,-0.00334028881190713
9.72986111111111,-0.00489669287489348
9.73125,0.0707530323841142
9.73263888888889,-0.0418617466580232
9.73402777777778,-0.0149788035001429
9.73541666666667,-0.0491300784287389
9.73680555555556,0.0189771179160965
9.73819444444444,0.0445812022846487
9.73958333333333,0.0506156468316148
9.74097222222222,0.0789604135952851
9.74236111111111,0.176943047042715
9.74375,0.146900962307204
9.74513888888889,0.0761119323959494
9.74652777777778,0.01148274753321
9.74791666666667,-0.0113072294931817
9.74930555555556,-0.0565865830291969
9.75069444444444,-0.00883137327237547
9.75208333333333,0.0236153768457524
9.75347222222222,-0.0230182247940873
9.75486111111111,-0.0411410590737711
9.75625,-0.0586064947309205
9.75763888888889,-0.0636330958955077
9.75902777777778,-0.0480240964194404
9.76041666666667,-0.0332251384996485
9.76180555555556,-0.0209671343980979
9.76319444444444,-0.0232220908920647
9.76458333333333,-0.0314810553894256
9.76597222222222,-0.0392341024307566
9.76736111111111,-0.0674620034803537
9.76875,-0.0193534933693171
9.77013888888889,0.00807947117420982
9.77152777777778,-0.00893972131952471
9.77291666666667,-0.0066314976750168
9.77430555555556,-0.0191199748893528
9.77569444444444,-0.00680663815537637
9.77708333333333,-0.0746075124461496
9.77847222222222,-0.0109850237269579
9.77986111111111,-0.0743006292518244
9.78125,-0.0813432190689561
9.78263888888889,-0.00749635503174041
9.78402777777778,0.0459663521454487
9.78541666666667,0.122098700391837
9.78680555555556,0.0773283422892955
9.78819444444444,0.127254503291051
9.78958333333333,0.153384881687957
9.79097222222222,0.050680056279607
9.79236111111111,0.0540844251200176
9.79375,0.007710456436749
9.79513888888889,0.0438283169802591
9.79652777777778,0.0242088807398859
9.79791666666667,0.0338154973047903
9.79930555555556,0.0737279108401789
9.80069444444444,0.0686065782855385
9.80208333333333,0.00288097165081453
9.80347222222222,0.0105383825896949
9.80486111111111,0.0518960921508312
9.80625,0.0746436364641707
9.80763888888889,0.045995826728406
9.80902777777778,0.0772711476982227
9.81041666666667,0.0374668841145093
9.81180555555556,0.109460268262217
9.81319444444444,0.114014040269383
9.81458333333333,0.0210480962543952
9.81597222222222,0.027433738990013
9.81736111111111,0.0318586511262155
9.81875,0.0148440153010001
9.82013888888889,0.0501140817061739
9.82152777777778,0.0855813188138514
9.82291666666667,0.101912830403407
9.82430555555556,0.0850671751855151
9.82569444444444,0.0837350745915793
9.82708333333333,0.0479463432810019
9.82847222222222,0.0360769922774446
9.82986111111111,0.029415485355837
9.83125,0.0251542011466465
9.83263888888889,0.00629381328442976
9.83402777777778,0.0298590561076122
9.83541666666667,0.0310617169690294
9.83680555555556,0.0478338196184978
9.83819444444444,0.105255869064795
9.83958333333333,0.101755767385157
9.84097222222222,0.0877505609735295
9.84236111111111,-0.00274007317868308
9.84375,0.0282899418556899
9.84513888888889,-0.0509216808534896
9.84652777777778,0.047548223801212
9.84791666666667,-0.000778735925199626
9.84930555555556,-0.00717650984446375
9.85069444444444,0.0166777514331202
9.85208333333333,-0.0761411198624627
9.85347222222222,-0.0475439506200353
9.85486111111111,0.0583167526256601
9.85625,-0.0165784684513262
9.85763888888889,-0.00582942555823621
9.85902777777778,0.0226195759824656
9.86041666666667,0.0399886152104237
9.86180555555556,0.0617828677092659
9.86319444444444,0.0317128268416967
9.86458333333333,-0.0120740829289898
9.86597222222222,0.0426058094916471
9.86736111111111,0.0864577360867125
9.86875,0.151267137484822
9.87013888888889,0.187489615162932
9.87152777777778,0.120751312503055
9.87291666666667,0.111771840052401
9.87430555555556,0.0730986020122032
9.87569444444444,0.0428800462987267
9.87708333333333,0.0296285482329087
9.87847222222222,-0.011140803091562
9.87986111111111,0.0386260284542979
9.88125,0.0178770070968486
9.88263888888889,0.0312798006013163
9.88402777777778,-0.0507526333236549
9.88541666666667,-0.0726142247709097
9.88680555555556,-0.0335310554621938
9.88819444444444,-0.0416892687811913
9.88958333333333,-0.0210779918079997
9.89097222222222,-0.0221186389592503
9.89236111111111,0.0370808996136805
9.89375,0.0859808427843083
9.89513888888889,0.0677953779471365
9.89652777777778,0.0278046119002035
9.89791666666667,0.0109083294892118
9.89930555555556,-0.0220984167362342
9.90069444444444,-0.0429831479245388
9.90208333333333,-0.0682451933829254
9.90347222222222,0.0174278147302492
9.90486111111111,-0.00743843740838435
9.90625,-0.0117054927606156
9.90763888888889,-0.0736943264147475
9.90902777777778,-0.0425294802531285
9.91041666666667,-0.110094158443013
9.91180555555556,-0.204323736819871
9.91319444444444,-0.13236598560782
9.91458333333333,-0.151185710563678
9.91597222222222,-0.112541743479513
9.91736111111111,-0.051479901756471
9.91875,-0.116424168269423
9.92013888888889,-0.0983560186328564
9.92152777777778,-0.0726349068477901
9.92291666666667,-0.0470434457665524
9.92430555555556,-0.0419794952834939
9.92569444444444,-0.0606899979370185
9.92708333333333,-0.123536710640668
9.92847222222222,-0.0756957299052978
9.92986111111111,-0.0421117705974821
9.93125,-0.0510428170034342
9.93263888888889,-0.0234806134314328
9.93402777777778,-0.070540641900172
9.93541666666667,-0.0474695810501738
9.93680555555556,-0.0786815207008713
9.93819444444444,-0.0964795399404468
9.93958333333333,-0.0668762779374404
9.94097222222222,-0.102731936890003
9.94236111111111,-0.0588443534435292
9.94375,-0.0413610169424527
9.94513888888889,-0.018595212843495
9.94652777777778,-0.0157442479704203
9.94791666666667,-0.069975158066745
9.94930555555556,-0.0479244397709252
9.95069444444444,-0.0431963031232305
9.95208333333333,-0.0107140244998003
9.95347222222222,-0.0482043532957243
9.95486111111111,-0.0551635915295932
9.95625,-0.14540021042754
9.95763888888889,0.00478372061133456
9.95902777777778,0.0536659322800886
9.96041666666667,0.0412074859932787
9.96180555555556,0.0519306722212306
9.96319444444444,-0.0435753852777703
9.96458333333333,-0.0818519876384908
9.96597222222222,-0.0754541747479506
9.96736111111111,0.0282187375365446
9.96875,0.0186237343503931
9.97013888888889,-0.020981803658703
9.97152777777778,0.0232779970074348
9.97291666666667,-0.0129620146596589
9.97430555555556,0.0299879155968983
9.97569444444444,-0.0423999787143869
9.97708333333333,-0.0835385361772527
9.97847222222222,0.0171992675381434
9.97986111111111,0.0495285251692181
9.98125,-0.0714985212393542
9.98263888888889,-0.0680172433667719
9.98402777777778,-0.119675284476014
9.98541666666667,-0.100248900582408
9.98680555555556,-0.068026680261295
9.98819444444444,-0.0277796714418721
9.98958333333333,-0.0442221968585739
9.99097222222222,-0.0760485794261303
9.99236111111111,-0.0755794396084089
9.99375,0.0359294662088545
9.99513888888889,0.0298345724126117
9.99652777777778,-0.0328803293749829
9.99791666666667,-0.0273622498371712
9.99930555555556,-0.0776254242473491
10.0006944444444,-0.0332138954626043
10.0020833333333,0.0247917570214691
10.0034722222222,-0.0224168949253102
10.0048611111111,0.0162213326565915
10.00625,0.0683524534247904
10.0076388888889,0.0416084886193616
10.0090277777778,-0.0208091146339988
10.0104166666667,-0.0101987445336002
10.0118055555556,0.0188656436743695
10.0131944444444,0.0312855049382999
10.0145833333333,-0.00500659773292768
10.0159722222222,-0.0280317378785845
10.0173611111111,-0.0620940848636021
10.01875,0.0706368708639951
10.0201388888889,-0.0106958085915974
10.0215277777778,-0.0269773316856976
10.0229166666667,0.0239703148225093
10.0243055555556,0.0509462505548485
10.0256944444444,0.0305496920457742
10.0270833333333,0.0723647249296502
10.0284722222222,0.0586219648260142
10.0298611111111,0.0944059941231506
10.03125,0.0897715316987624
10.0326388888889,0.0356748567645352
10.0340277777778,0.036994852661105
10.0354166666667,-0.0591312746726073
10.0368055555556,-0.0394207001638706
10.0381944444444,-0.0031301502152156
10.0395833333333,0.0226062945812241
10.0409722222222,-0.073857022481467
10.0423611111111,-0.0779944779969464
10.04375,-0.0402114057581339
10.0451388888889,-0.0927867822224415
10.0465277777778,-0.0597294149810438
10.0479166666667,-0.0500167336109273
10.0493055555556,-0.00545441047091768
10.0506944444444,-0.0417955883772246
10.0520833333333,-0.0586194719121419
10.0534722222222,-0.0218595283181061
10.0548611111111,0.0468067687440863
10.05625,0.0792981899062535
10.0576388888889,-0.0380618203376013
10.0590277777778,0.0586207813135608
10.0604166666667,0.0701900649937218
10.0618055555556,0.0762653159812866
10.0631944444444,0.043950132423427
10.0645833333333,0.0454126478245703
10.0659722222222,-0.0576508448837572
10.0673611111111,0.00604115426282468
10.06875,-0.121728005645438
10.0701388888889,-0.0258606135313563
10.0715277777778,-0.0319140480848735
10.0729166666667,-0.0758982854114587
10.0743055555556,-0.0334200297450019
10.0756944444444,-0.0233851020610821
10.0770833333333,-0.0698529087680472
10.0784722222222,-0.0541223480575823
10.0798611111111,-0.117135747693433
10.08125,-0.0849516768752324
10.0826388888889,-0.0601438374476065
10.0840277777778,-0.0359219418011166
10.0854166666667,-0.0375184301919924
10.0868055555556,-0.00546275638936333
10.0881944444444,-0.00773545367809356
10.0895833333333,-0.0516956097049423
10.0909722222222,0.00167510973718828
10.0923611111111,-0.0436340803904054
10.09375,0.0180292211757464
10.0951388888889,-0.0496058495799469
10.0965277777778,-0.0896335477357791
10.0979166666667,-0.0218906553687513
10.0993055555556,-0.0264224682600675
10.1006944444444,-0.0653576955815286
10.1020833333333,-0.0754125404752235
10.1034722222222,-0.11489690225459
10.1048611111111,-0.0854521838589083
10.10625,0.0085893369618702
10.1076388888889,0.00505122327700568
10.1090277777778,-0.0455441808854951
10.1104166666667,-0.075582311308238
10.1118055555556,-0.112935426128097
10.1131944444444,-0.0914719762945155
10.1145833333333,-0.0488341228856766
10.1159722222222,-0.0800555040519255
10.1173611111111,-0.0561556945732575
10.11875,-0.0637296404483247
10.1201388888889,0.00470380305999591
10.1215277777778,-0.0481153920495446
10.1229166666667,-0.0116429779881959
10.1243055555556,-0.0553632051223744
10.1256944444444,-0.0691040736445658
10.1270833333333,-0.0759379742907621
10.1284722222222,-0.0298777269837196
10.1298611111111,0.000831350442758972
10.13125,-0.0178983759183628
10.1326388888889,-0.0387199988192665
10.1340277777778,-0.0539490187567
10.1354166666667,-0.00902477180320576
10.1368055555556,0.0570464664167972
10.1381944444444,0.016569518189774
10.1395833333333,-0.0470324898760196
10.1409722222222,-0.0203123215039159
10.1423611111111,-0.00156083138993031
10.14375,-0.0446238282595871
10.1451388888889,-0.0817082671463314
10.1465277777778,-0.104489556474684
10.1479166666667,-0.0807098388231944
10.1493055555556,0.0167383292028153
10.1506944444444,-0.0409851570321784
10.1520833333333,-0.00483320749510005
10.1534722222222,-0.0250239284217823
10.1548611111111,-0.048915859647056
10.15625,-0.0251215079101908
10.1576388888889,-0.0671380684849731
10.1590277777778,-0.0375242028937608
10.1604166666667,-0.144577262840659
10.1618055555556,-0.0657247413944923
10.1631944444444,-0.00318869277802465
10.1645833333333,0.0412880260290924
10.1659722222222,0.0220910209463021
10.1673611111111,0.024636123057716
10.16875,-0.091530581866684
10.1701388888889,-0.0654552655584784
10.1715277777778,-0.120457459150244
10.1729166666667,-0.0781172999708256
10.1743055555556,-0.10777528954427
10.1756944444444,-0.103459200594384
10.1770833333333,-0.122084565484147
10.1784722222222,-0.0931118155879104
10.1798611111111,-0.0697612250359162
10.18125,-0.0731297350349039
10.1826388888889,-0.10800755999269
10.1840277777778,-0.0712113954831105
10.1854166666667,-0.164953238593416
10.1868055555556,-0.107635549790956
10.1881944444444,-0.114441914663892
10.1895833333333,-0.148764010308179
10.1909722222222,-0.0691980524593646
10.1923611111111,-0.0300682893682527
10.19375,-0.0146927749521108
10.1951388888889,-0.0713936712010065
10.1965277777778,-0.0362199127923686
10.1979166666667,-0.139116869336509
10.1993055555556,-0.124575361239697
10.2006944444444,-0.120894836370098
10.2020833333333,-0.144934388755823
10.2034722222222,-0.0370201726864922
10.2048611111111,-0.103383492414438
10.20625,-0.115029592793645
10.2076388888889,-0.0970848195454661
10.2090277777778,-0.121209147849253
10.2104166666667,-0.17241362141637
10.2118055555556,-0.0485131311535044
10.2131944444444,-0.0709624745306337
10.2145833333333,-0.128847860600835
10.2159722222222,-0.089329279603974
10.2173611111111,-0.094199919886249
10.21875,-0.0723664362816811
10.2201388888889,-0.139061074294843
10.2215277777778,-0.113688707503688
10.2229166666667,-0.119591469080874
10.2243055555556,-0.174799930201237
10.2256944444444,-0.0857965139524663
10.2270833333333,-0.165339063147473
10.2284722222222,-0.147779091460636
10.2298611111111,-0.140527790840202
10.23125,-0.169727140298503
10.2326388888889,-0.0948546965694108
10.2340277777778,-0.117592425025579
10.2354166666667,-0.0795503913948859
10.2368055555556,-0.128518728020297
10.2381944444444,-0.129008963338675
10.2395833333333,-0.158024465284377
10.2409722222222,-0.132705928150332
10.2423611111111,-0.109866600476761
10.24375,-0.154150936869894
10.2451388888889,-0.19574291348776
10.2465277777778,-0.134286866446403
10.2479166666667,-0.196865275577922
10.2493055555556,-0.217107906353755
10.2506944444444,-0.215512717599903
10.2520833333333,-0.223334548947276
10.2534722222222,-0.146400425577122
10.2548611111111,-0.169970114427979
10.25625,-0.0952894971010171
10.2576388888889,-0.150023671554318
10.2590277777778,-0.109152527637493
10.2604166666667,-0.133895499544422
10.2618055555556,-0.208990579765687
10.2631944444444,-0.16396876897672
10.2645833333333,-0.157459275988291
10.2659722222222,-0.218866789506528
10.2673611111111,-0.198170432120697
10.26875,-0.140756108469683
10.2701388888889,-0.0915077195782796
10.2715277777778,-0.133254341921611
10.2729166666667,-0.103549773564297
10.2743055555556,-0.151287811942436
10.2756944444444,-0.114726561247311
10.2770833333333,-0.0842742044300531
10.2784722222222,-0.0141413808004141
10.2798611111111,-0.101583700024218
10.28125,-0.109194102380815
10.2826388888889,-0.141955169347626
10.2840277777778,-0.158141234736875
10.2854166666667,-0.168125153229675
10.2868055555556,-0.201110542692415
10.2881944444444,-0.213928038912689
10.2895833333333,-0.151038395094957
10.2909722222222,-0.140400757865481
10.2923611111111,-0.192111095526563
10.29375,-0.158502392421323
10.2951388888889,-0.0537459072734443
10.2965277777778,-0.14376579394172
10.2979166666667,-0.259002230808638
10.2993055555556,-0.205193656079649
10.3006944444444,-0.25113945628351
10.3020833333333,-0.22495580066005
10.3034722222222,-0.133465189423018
10.3048611111111,-0.0978533087131097
10.30625,-0.173137638039568
10.3076388888889,-0.126027886099645
10.3090277777778,-0.137719483592658
10.3104166666667,-0.130489245563163
10.3118055555556,-0.14209689160984
10.3131944444444,-0.189057288781421
10.3145833333333,-0.160437295404018
10.3159722222222,-0.115681930134728
10.3173611111111,-0.142707153239351
10.31875,-0.0921343155419831
10.3201388888889,-0.0528364431945412
10.3215277777778,-0.0842308989717117
10.3229166666667,-0.062840250246912
10.3243055555556,-0.0759041226758888
10.3256944444444,-0.0817967133555755
10.3270833333333,-0.0984293036209849
10.3284722222222,-0.0641055723504844
10.3298611111111,0.0196137545304368
10.33125,0.0066491782595118
10.3326388888889,0.0217959449245114
10.3340277777778,-0.0363299413050357
10.3354166666667,0.018953068641789
10.3368055555556,-0.0424055901702437
10.3381944444444,-0.0460192667185615
10.3395833333333,-0.060497813789194
10.3409722222222,-0.0915150042062201
10.3423611111111,0.0127504900586662
10.34375,-0.0354536573400725
10.3451388888889,-0.0347486034000602
10.3465277777778,-0.0983878068877735
10.3479166666667,-0.119053218915013
10.3493055555556,-0.0573520976422806
10.3506944444444,-0.109887761851777
10.3520833333333,-0.0805793322053261
10.3534722222222,-0.119585745703519
10.3548611111111,-0.0984114145704569
10.35625,-0.0779536412503006
10.3576388888889,-0.0775322113306402
10.3590277777778,-0.0921543036687598
10.3604166666667,-0.101815246916595
10.3618055555556,-0.0848321731523259
10.3631944444444,-0.121718795811368
10.3645833333333,-0.116193311282611
10.3659722222222,-0.0738320438227673
10.3673611111111,-0.209683376462907
10.36875,-0.199744564744321
10.3701388888889,-0.144658679156216
10.3715277777778,-0.169344793021998
10.3729166666667,-0.194534064012421
10.3743055555556,-0.18231037406124
10.3756944444444,-0.0651224889797211
10.3770833333333,-0.150428318138684
10.3784722222222,-0.102759619961123
10.3798611111111,-0.110429176871107
10.38125,-0.0880478131743614
10.3826388888889,-0.0816894224100365
10.3840277777778,-0.054105550731066
10.3854166666667,-0.110132002923519
10.3868055555556,-0.0811039082058025
10.3881944444444,-0.127692715853485
10.3895833333333,-0.093387862361085
10.3909722222222,-0.15201422075678
10.3923611111111,-0.140172125797474
10.39375,-0.0816194562860398
10.3951388888889,-0.0566723468077164
10.3965277777778,-0.077805912341541
10.3979166666667,-0.0874861378676882
10.3993055555556,-0.0172801102304083
10.4006944444444,-0.155068213083945
10.4020833333333,-0.0482292335951971
10.4034722222222,-0.0408674553124603
10.4048611111111,-0.0998901978581591
10.40625,-0.133589710784377
10.4076388888889,-0.16126768742665
10.4090277777778,-0.0738886437365465
10.4104166666667,-0.0566754636149333
10.4118055555556,-0.0899205915150578
10.4131944444444,-0.0561238065456712
10.4145833333333,-0.075132693614478
10.4159722222222,-0.0264365314021581
10.4173611111111,-0.117557561633627
10.41875,-0.127571782756494
10.4201388888889,-0.0385191108437873
10.4215277777778,-0.0184586753339486
10.4229166666667,0.0561804229463888
10.4243055555556,0.0150954144971093
10.4256944444444,0.00027310114854638
10.4270833333333,0.032765162890845
10.4284722222222,-0.0409859748285488
10.4298611111111,-0.0081956705985544
10.43125,-0.0141007957647905
10.4326388888889,-0.0200128087274113
10.4340277777778,-0.00938419013176677
10.4354166666667,-0.105615268660821
10.4368055555556,-0.110981321688351
10.4381944444444,-0.0600522448640854
10.4395833333333,-0.0347786047213471
10.4409722222222,-0.0122636220604888
10.4423611111111,-0.0498035212615287
10.44375,0.0262231821117593
10.4451388888889,-0.059276979118144
10.4465277777778,-0.0123084764876899
10.4479166666667,-0.0505567262873548
10.4493055555556,-0.0616435695610092
10.4506944444444,-0.0201241655980301
10.4520833333333,0.0276169844948939
10.4534722222222,0.0233950493426898
10.4548611111111,0.0596511373399364
10.45625,0.0351689728484996
10.4576388888889,0.00083956665455196
10.4590277777778,-0.0447568648352515
10.4604166666667,0.046709654237848
10.4618055555556,0.018037276613267
10.4631944444444,-0.0435618863845648
10.4645833333333,-0.0147498984325706
10.4659722222222,-0.0161374627548489
10.4673611111111,-0.018816563246518
10.46875,-0.0109829293478313
10.4701388888889,-0.0294251874671814
10.4715277777778,-0.0322880293287378
10.4729166666667,-0.0285179523684411
10.4743055555556,-0.0724200178305642
10.4756944444444,-0.0577962702559276
10.4770833333333,-0.0312497555944243
10.4784722222222,-0.0329928498158583
10.4798611111111,-0.092472189429782
10.48125,-0.0517872955969307
10.4826388888889,-0.0461611465412126
10.4840277777778,0.00196023180483889
10.4854166666667,-0.0405238699999669
10.4868055555556,0.00102055467966346
10.4881944444444,-0.00226381778319426
10.4895833333333,0.0392076553215401
10.4909722222222,0.0174864017926196
10.4923611111111,-0.0580204829834173
10.49375,-0.0390726253454418
10.4951388888889,-0.0521563543254896
10.4965277777778,0.00119750186459487
10.4979166666667,-0.0237558701862743
10.4993055555556,-0.0543713402902917
10.5006944444444,-0.0928046573344638
10.5020833333333,-0.0658022697207383
10.5034722222222,-0.0745184682429444
10.5048611111111,-0.0453984339935523
10.50625,-0.0337504797297184
10.5076388888889,-0.0851740985646904
10.5090277777778,-0.0272182710216652
10.5104166666667,-0.0346193394846628
10.5118055555556,-0.0781099067483595
10.5131944444444,-0.0186464006073883
10.5145833333333,-0.107447994902389
10.5159722222222,-0.0959700317248875
10.5173611111111,-0.0271256684589584
10.51875,0.0591455309242486
10.5201388888889,-0.00104691520388499
10.5215277777778,0.00945628900507085
10.5229166666667,0.0069221397749117
10.5243055555556,-0.0113537332304565
10.5256944444444,-0.045176280465091
10.5270833333333,0.0209566596159028
10.5284722222222,-0.0254614145595659
10.5298611111111,-0.0122941080186262
10.53125,0.0418809744563699
10.5326388888889,0.0508986828804997
10.5340277777778,0.0585941469423136
10.5354166666667,0.101228972226189
10.5368055555556,0.034659567255188
10.5381944444444,0.0304419125125496
10.5395833333333,-0.0282569234883835
10.5409722222222,-0.0252169306601931
10.5423611111111,-0.0378539075628867
10.54375,0.00288958964978352
10.5451388888889,-0.00607179409330885
10.5465277777778,-0.0521438512411297
10.5479166666667,-0.0567209950956531
10.5493055555556,-0.00707983076443462
10.5506944444444,-0.0193675442029104
10.5520833333333,-0.039326438090259
10.5534722222222,-0.0654018945355857
10.5548611111111,-0.0243208462705573
10.55625,-0.0319003229508514
10.5576388888889,-0.0469070102300087
10.5590277777778,-0.0418513574205969
10.5604166666667,-0.0444732132815547
10.5618055555556,-0.0516386428592143
10.5631944444444,-0.060955000893346
10.5645833333333,-0.00940272691525807
10.5659722222222,-0.0779384820873934
10.5673611111111,-0.0790523214896138
10.56875,-0.0640899394766791
10.5701388888889,-0.085978622839477
10.5715277777778,-0.0165259631959527
10.5729166666667,-0.022511778868052
10.5743055555556,-0.00982935815824672
10.5756944444444,-0.0583242999367156
10.5770833333333,-0.0513346179827898
10.5784722222222,0.00487153879766956
10.5798611111111,-0.105682981813307
10.58125,-0.0765576603870446
10.5826388888889,-0.132567836332252
10.5840277777778,-0.029300541606357
10.5854166666667,-0.100461302557949
10.5868055555556,-0.0816742643085966
10.5881944444444,-0.0624452037851203
10.5895833333333,-0.114348322539014
10.5909722222222,-0.146421985383371
10.5923611111111,-0.260844392706981
10.59375,-0.257838094641462
10.5951388888889,-0.202941002835188
10.5965277777778,-0.19259968680251
10.5979166666667,-0.199616406332254
10.5993055555556,-0.220975943445059
10.6006944444444,-0.255279077723897
10.6020833333333,-0.212705294993817
10.6034722222222,-0.211718375074282
10.6048611111111,-0.193340561658418
10.60625,-0.177176468180896
10.6076388888889,-0.121452107725935
10.6090277777778,-0.172970000146262
10.6104166666667,-0.0924603516400878
10.6118055555556,-0.0783628172054275
10.6131944444444,-0.0824604618235256
10.6145833333333,-0.0579039162261134
10.6159722222222,-0.142558067456799
10.6173611111111,-0.123935526556679
10.61875,-0.126105598564827
10.6201388888889,-0.0650846436376631
10.6215277777778,-0.0418744591060743
10.6229166666667,-0.0404268009987175
10.6243055555556,-0.027772395921676
10.6256944444444,-0.0396451797722675
10.6270833333333,-0.0203248082781691
10.6284722222222,0.0130444146745111
10.6298611111111,0.0187427746642789
10.63125,-0.0526086757729777
10.6326388888889,-0.0842520907110314
10.6340277777778,-0.101213555325382
10.6354166666667,-0.0830169125533524
10.6368055555556,-0.127263986721915
10.6381944444444,-0.115606042367562
10.6395833333333,-0.121802176792617
10.6409722222222,-0.142370549281493
10.6423611111111,-0.0538511831702179
10.64375,-0.0348158517893592
10.6451388888889,-0.0431623732768402
10.6465277777778,-0.0308965336711539
10.6479166666667,0.00458691067985992
10.6493055555556,-0.0899172146291146
10.6506944444444,-0.0627071380550646
10.6520833333333,-0.0644322803127861
10.6534722222222,0.00195581607947493
10.6548611111111,-0.00242062948771858
10.65625,-0.00503369269816687
10.6576388888889,0.0356848028417095
10.6590277777778,0.0527025645795631
10.6604166666667,0.0311734164398519
10.6618055555556,-0.0126316635844443
10.6631944444444,-0.0283023503188731
10.6645833333333,-0.0281618600708578
10.6659722222222,-0.0833934675295775
10.6673611111111,-0.0473033217047551
10.66875,-0.0527340803216429
10.6701388888889,-0.0119254038023614
10.6715277777778,-0.0221663936401619
10.6729166666667,-0.0410255366396691
10.6743055555556,-0.0664451536017807
10.6756944444444,-0.0143023672119953
10.6770833333333,-0.00227223586262269
10.6784722222222,-0.0446352161408753
10.6798611111111,-0.0856129125449589
10.68125,-0.0773349522884084
10.6826388888889,-0.124443454603995
10.6840277777778,-0.142339391325141
10.6854166666667,-0.0612204078180951
10.6868055555556,-0.0330010343490151
10.6881944444444,-0.0714438899286783
10.6895833333333,-0.101769614332525
10.6909722222222,-0.00970056106836301
10.6923611111111,-0.0463849848488734
10.69375,-0.0444309350344642
10.6951388888889,-0.0424637030537537
10.6965277777778,-0.0356758298676948
10.6979166666667,-0.0700229451242683
10.6993055555556,-0.0516144521934379
10.7006944444444,-0.078367037452892
10.7020833333333,-0.0676097675095336
10.7034722222222,-0.0448774726486609
10.7048611111111,-0.0456728411270548
10.70625,-0.0698675493963283
10.7076388888889,-0.028708137647144
10.7090277777778,-0.0206625332145176
10.7104166666667,0.0352993983762239
10.7118055555556,-0.0353337685819177
10.7131944444444,-0.0105872891028754
10.7145833333333,-0.00224033860265891
10.7159722222222,0.0252989704392713
10.7173611111111,0.0188004476485772
10.71875,-0.0849145171159723
10.7201388888889,-0.0365651275796477
10.7215277777778,-0.0407990977362614
10.7229166666667,-0.0854103252370232
10.7243055555556,-0.0956912888687624
10.7256944444444,-0.036541723134234
10.7270833333333,-0.0786726031933585
10.7284722222222,-0.131351310758609
10.7298611111111,-0.0344319150538338
10.73125,-0.138753774531686
10.7326388888889,-0.159680745950277
10.7340277777778,-0.150804379669834
10.7354166666667,-0.166915978087899
10.7368055555556,-0.114677947354618
10.7381944444444,-0.142335839326079
10.7395833333333,-0.125812134762484
10.7409722222222,-0.094717622209949
10.7423611111111,-0.152534090799289
10.74375,-0.213703645415065
10.7451388888889,-0.108594360963721
10.7465277777778,-0.124560301153728
10.7479166666667,-0.110810228776389
10.7493055555556,-0.140389768593631
10.7506944444444,-0.0964983820587726
10.7520833333333,-0.123446742738651
10.7534722222222,-0.154973695540578
10.7548611111111,-0.17806819305155
10.75625,-0.164179269794961
10.7576388888889,-0.1424664318189
10.7590277777778,-0.0425524656828304
10.7604166666667,-0.0982711449894848
10.7618055555556,-0.103394148282723
10.7631944444444,-0.142830859467296
10.7645833333333,-0.11911263123678
10.7659722222222,-0.0648774608105228
10.7673611111111,-0.0904209345221
10.76875,-0.137122135481509
10.7701388888889,-0.150830018785188
10.7715277777778,-0.131857294837734
10.7729166666667,-0.10592100137706
10.7743055555556,-0.122576492420743
10.7756944444444,-0.109014140506971
10.7770833333333,-0.116700934501535
10.7784722222222,-0.111298121833278
10.7798611111111,-0.0914988404761666
10.78125,-0.17082883825878
10.7826388888889,-0.132527289377554
10.7840277777778,-0.152090022427742
10.7854166666667,-0.150657218268298
10.7868055555556,-0.192292128209474
10.7881944444444,-0.164509621106297
10.7895833333333,-0.138231289613962
10.7909722222222,-0.0639168957294168
10.7923611111111,-0.203364305687837
10.79375,-0.211656504349435
10.7951388888889,-0.148791851461669
10.7965277777778,-0.172361096097689
10.7979166666667,-0.12019615286805
10.7993055555556,-0.161134556108201
10.8006944444444,-0.133961770654948
10.8020833333333,-0.104067386712243
10.8034722222222,-0.150456165124555
10.8048611111111,-0.0986393575876503
10.80625,-0.114125175712371
10.8076388888889,-0.139116966474465
10.8090277777778,-0.160320447491716
10.8104166666667,-0.115848280667843
10.8118055555556,-0.178884746313162
10.8131944444444,-0.232608006068839
10.8145833333333,-0.270922894861525
10.8159722222222,-0.113999489370318
10.8173611111111,-0.0602922038592607
10.81875,-0.119282760514819
10.8201388888889,-0.0941178496513372
10.8215277777778,-0.185501851690158
10.8229166666667,-0.237597599476601
10.8243055555556,-0.210610768911361
10.8256944444444,-0.172768455815021
10.8270833333333,-0.166507213856868
10.8284722222222,-0.169132997724552
10.8298611111111,-0.150335870973152
10.83125,-0.196528220834694
10.8326388888889,-0.140994093031009
10.8340277777778,-0.152477706137406
10.8354166666667,-0.137226250323053
10.8368055555556,-0.126879247768781
10.8381944444444,-0.20716982281452
10.8395833333333,-0.296875175202204
10.8409722222222,-0.28653271644522
10.8423611111111,-0.240162937482038
10.84375,-0.216784889181527
10.8451388888889,-0.171957853843832
10.8465277777778,-0.190122449374638
10.8479166666667,-0.17702463250408
10.8493055555556,-0.131590510079724
10.8506944444444,-0.160485263750439
10.8520833333333,-0.178107371491956
10.8534722222222,-0.122685678367647
10.8548611111111,-0.0866820442423078
10.85625,-0.12180144715395
10.8576388888889,-0.103834354669103
10.8590277777778,-0.15523543147881
10.8604166666667,-0.198315399175039
10.8618055555556,-0.173490834882742
10.8631944444444,-0.135159605906082
10.8645833333333,-0.114884914692046
10.8659722222222,-0.160716819084676
10.8673611111111,-0.168456080281155
10.86875,-0.125905650219256
10.8701388888889,-0.174417623626118
10.8715277777778,-0.0798968980221796
10.8729166666667,-0.0921977487538396
10.8743055555556,-0.0941790616095389
10.8756944444444,-0.168641894609675
10.8770833333333,-0.106802222562324
10.8784722222222,-0.13272999851474
10.8798611111111,-0.170217022135608
10.88125,-0.158974818939593
10.8826388888889,-0.190546846253597
10.8840277777778,-0.155920289277718
10.8854166666667,-0.108005605061688
10.8868055555556,-0.0448383888937173
10.8881944444444,-0.049606592914229
10.8895833333333,-0.132349258232242
10.8909722222222,-0.0838661441482156
10.8923611111111,-0.100763151948049
10.89375,-0.165066283123048
10.8951388888889,-0.149245823832051
10.8965277777778,-0.113258450973878
10.8979166666667,-0.249518180806125
10.8993055555556,-0.130142855170096
10.9006944444444,-0.0951491836647388
10.9020833333333,-0.107620793031888
10.9034722222222,-0.120228225445041
10.9048611111111,-0.132828730523503
10.90625,-0.100612925401879
10.9076388888889,-0.0661969352676991
10.9090277777778,-0.113529316309461
10.9104166666667,-0.133227898004304
10.9118055555556,-0.0940093249850676
10.9131944444444,-0.125009398106893
10.9145833333333,-0.0494394305521763
10.9159722222222,-0.0872144642994524
10.9173611111111,-0.102657241653548
10.91875,-0.0793818861862053
10.9201388888889,-0.11429373753676
10.9215277777778,-0.12407373506309
10.9229166666667,-0.1171781224233
10.9243055555556,-0.095891687997927
10.9256944444444,-0.125334364537868
10.9270833333333,-0.138086527544446
10.9284722222222,-0.0910868149751143
10.9298611111111,-0.130379014226785
10.93125,-0.085951032515959
10.9326388888889,-0.0844034082193157
10.9340277777778,-0.108241182964872
10.9354166666667,-0.0731345188440493
10.9368055555556,-0.0130124485121018
10.9381944444444,-0.0522036036121219
10.9395833333333,-0.0798635214679972
10.9409722222222,-0.0929447409468009
10.9423611111111,-0.0296320504070101
10.94375,-0.0268754258781255
10.9451388888889,-0.0371579596835761
10.9465277777778,-0.0589906773811742
10.9479166666667,0.0295447912036851
10.9493055555556,-0.0290184772335699
10.9506944444444,-0.0389223897076699
10.9520833333333,-0.0417564836177177
10.9534722222222,0.00310009554192607
10.9548611111111,-0.102643957656988
10.95625,-0.0150246128653705
10.9576388888889,-0.019213084975991
10.9590277777778,-0.0666392993695109
10.9604166666667,-0.0272637648986681
10.9618055555556,-0.0158538776688802
10.9631944444444,-0.0199467418031811
10.9645833333333,-0.0855501553200997
10.9659722222222,-0.0338370861543142
10.9673611111111,-0.00850840454005206
10.96875,-0.0208501318379361
10.9701388888889,-0.00938491347097924
10.9715277777778,-0.041426317898878
10.9729166666667,0.0102779776913375
10.9743055555556,-0.0467209508863285
10.9756944444444,-0.0421665936045313
10.9770833333333,0.0231218418405963
10.9784722222222,-0.0284466925466585
10.9798611111111,-0.0203506370894094
10.98125,-0.036023275125644
10.9826388888889,0.00248804703152813
10.9840277777778,-0.0453596813658031
10.9854166666667,-0.0567750660604421
10.9868055555556,-0.107469726588851
10.9881944444444,-0.1362638079485
10.9895833333333,-0.0931211734340055
10.9909722222222,-0.0334582860483291
10.9923611111111,-0.0176867499116916
10.99375,-0.034443195360214
10.9951388888889,0.0342801772435128
10.9965277777778,-0.00833670861063132
10.9979166666667,-0.050699642484987
10.9993055555556,-0.0988490950431186
11.0006944444444,-0.0892480920156075
11.0020833333333,-0.0532795553683784
11.0034722222222,-0.00963830087181863
11.0048611111111,-0.028756753759868
11.00625,-0.0193427244564556
11.0076388888889,-0.0260004753767953
11.0090277777778,0.015889823921093
11.0104166666667,0.0725914272374592
11.0118055555556,0.0763327897875795
11.0131944444444,0.0548584751823609
11.0145833333333,0.0758924658419168
11.0159722222222,0.0418336582917034
11.0173611111111,-0.00365350493431308
11.01875,0.055865383144903
11.0201388888889,0.000796924458954178
11.0215277777778,0.154532241987503
11.0229166666667,0.067846877061999
11.0243055555556,0.0569000792115583
11.0256944444444,0.0561799123693802
11.0270833333333,0.0917492630340505
11.0284722222222,0.00187804902502434
11.0298611111111,-0.00014600897579224
11.03125,0.0459106071847997
11.0326388888889,0.00963748936785285
11.0340277777778,-0.0743064389378646
11.0354166666667,-0.0668856874291479
11.0368055555556,-0.0742163856550567
11.0381944444444,-0.0303098669285287
11.0395833333333,-0.0341112352454666
11.0409722222222,-0.0438146193001356
11.0423611111111,-0.0746530767616152
11.04375,0.0220775831366721
11.0451388888889,0.0427843171578494
11.0465277777778,0.0100721078923957
11.0479166666667,-0.0821424956717983
11.0493055555556,-0.0321236667070278
11.0506944444444,-0.00284466839683567
11.0520833333333,0.0546062975590183
11.0534722222222,0.0579434986350707
11.0548611111111,0.0386159566778345
11.05625,0.0526478018986016
11.0576388888889,-0.0128555925809688
11.0590277777778,-0.000150598811326225
11.0604166666667,-0.040268708525333
11.0618055555556,0.0284706859897641
11.0631944444444,0.0389416410171291
11.0645833333333,0.0556317130076329
11.0659722222222,0.0866387799878077
11.0673611111111,0.0829039502708024
11.06875,0.0903898037427939
11.0701388888889,0.0775909442258219
11.0715277777778,0.0279121404235405
11.0729166666667,0.0386772131260655
11.0743055555556,0.0683228585311599
11.0756944444444,0.0518296838642934
11.0770833333333,0.109455307060403
11.0784722222222,0.0978868587924991
11.0798611111111,0.0676972123037124
11.08125,0.0952926586630428
11.0826388888889,0.0564369133976487
11.0840277777778,0.1043571560787
11.0854166666667,0.171971180499545
11.0868055555556,0.0919572601859568
11.0881944444444,0.0839373627095913
11.0895833333333,0.0293385456848387
11.0909722222222,0.0345870954682434
11.0923611111111,0.108465830710562
11.09375,0.147026587264348
11.0951388888889,0.149459362854456
11.0965277777778,0.0740538173242168
11.0979166666667,0.162348828482366
11.0993055555556,0.0709516266053245
11.1006944444444,0.04367842995241
11.1020833333333,0.0544596842919126
11.1034722222222,0.138495518777722
11.1048611111111,0.109931496856077
11.10625,0.0956475584712374
11.1076388888889,0.0915897275881021
11.1090277777778,0.0504920334481431
11.1104166666667,0.0956685902898106
11.1118055555556,0.0923653865990076
11.1131944444444,0.192377676018299
11.1145833333333,0.154236833841378
11.1159722222222,0.104289036218859
11.1173611111111,0.136481084299639
11.11875,0.137578612559142
11.1201388888889,0.135594839691993
11.1215277777778,0.129067479776284
11.1229166666667,0.131148033102053
11.1243055555556,0.0666144065288257
11.1256944444444,0.104862028091998
11.1270833333333,0.0682942865438887
11.1284722222222,-0.0135304879818011
11.1298611111111,-0.0103765487179126
11.13125,-0.0112066867297526
11.1326388888889,0.0579419892282822
11.1340277777778,0.0330129893943872
11.1354166666667,0.0506080883204675
11.1368055555556,0.06251276593256
11.1381944444444,-0.000426091287996353
11.1395833333333,0.10361592024376
11.1409722222222,0.0737666492334333
11.1423611111111,0.0946164845448482
11.14375,0.0435523819190775
11.1451388888889,0.068814828775266
11.1465277777778,0.105701886195384
11.1479166666667,0.107784541580414
11.1493055555556,0.0843605056178068
11.1506944444444,-0.00129275614750798
11.1520833333333,0.0919770697578589
11.1534722222222,0.054938224103861
11.1548611111111,0.0535964585335808
11.15625,0.0632627346931278
11.1576388888889,0.128333918947191
11.1590277777778,0.0979456433583692
11.1604166666667,0.0797571397000016
11.1618055555556,0.0714393030716233
11.1631944444444,0.0697233085618935
11.1645833333333,0.0846203433434853
11.1659722222222,0.0387346248369071
11.1673611111111,0.101506609938911
11.16875,0.141207494628948
11.1701388888889,0.0425944955965715
11.1715277777778,0.0837818883269039
11.1729166666667,0.0558311263889193
11.1743055555556,0.0716902582522469
11.1756944444444,0.00230602421923928
11.1770833333333,0.0906805173329998
11.1784722222222,0.0240915327890016
11.1798611111111,-0.0181490846605817
11.18125,0.00853570644026085
11.1826388888889,0.0117667964368113
11.1840277777778,-0.0123179747158025
11.1854166666667,0.0310785156048041
11.1868055555556,0.035257006848603
11.1881944444444,-0.0178479775512622
11.1895833333333,-0.0151052734464348
11.1909722222222,-0.0317240127898271
11.1923611111111,-0.0786663123464889
11.19375,-0.114046819946854
11.1951388888889,-0.0698645286161224
11.1965277777778,-0.0273541231696222
11.1979166666667,0.0304713443972963
11.1993055555556,-0.0208121271601505
11.2006944444444,0.0420802709286631
11.2020833333333,0.108126804803069
11.2034722222222,0.0172663866394533
11.2048611111111,0.0981947558583913
11.20625,0.0599271953852549
11.2076388888889,0.0855703715411082
11.2090277777778,0.0216416106858486
11.2104166666667,0.110004241180251
11.2118055555556,0.114217250734405
11.2131944444444,0.098508267954632
11.2145833333333,0.0561381799820571
11.2159722222222,0.0887673911478093
11.2173611111111,0.0620769364572268
11.21875,0.0183512116043188
11.2201388888889,0.0787267787565364
11.2215277777778,0.0610332577578083
11.2229166666667,0.0203767910035849
11.2243055555556,0.0652450034464904
11.2256944444444,0.0257997553616342
11.2270833333333,0.00801809799164444
11.2284722222222,-0.0156680926843341
11.2298611111111,0.0646212973559319
11.23125,0.0929065511881204
11.2326388888889,0.0256192607368186
11.2340277777778,0.00857394888314783
11.2354166666667,0.0269930858931358
11.2368055555556,0.05384446554535
11.2381944444444,0.0821252847010328
11.2395833333333,0.124350795060136
11.2409722222222,0.120902326497036
11.2423611111111,0.075139358852163
11.24375,0.0973524220263114
11.2451388888889,0.115650029224164
11.2465277777778,0.162409645352756
11.2479166666667,0.164893617654489
11.2493055555556,0.137121412212007
11.2506944444444,0.145529723972764
11.2520833333333,0.129664849391559
11.2534722222222,0.0741862975262449
11.2548611111111,0.0778980442828569
11.25625,0.120120210606392
11.2576388888889,0.0742804991787039
11.2590277777778,0.111479880613401
11.2604166666667,0.0682625596335331
11.2618055555556,0.0525192148534924
11.2631944444444,0.00574343609386314
11.2645833333333,0.116185408087114
11.2659722222222,0.0960412640808892
11.2673611111111,0.112640296424759
11.26875,0.0633383205548373
11.2701388888889,0.105139678956086
11.2715277777778,0.0693424412208873
11.2729166666667,0.0672493331255292
11.2743055555556,0.0945706478261412
11.2756944444444,0.0566879396990106
11.2770833333333,0.0249102955467908
11.2784722222222,0.0406105669752644
11.2798611111111,0.12234146845397
11.28125,0.102907111933159
11.2826388888889,0.0925135027438177
11.2840277777778,0.0793253042576316
11.2854166666667,0.0380564808668521
11.2868055555556,0.120341076152125
11.2881944444444,0.123880077183236
11.2895833333333,0.127277682331108
11.2909722222222,0.120046950503835
11.2923611111111,0.173582363998754
11.29375,0.152583926110681
11.2951388888889,0.133731494961854
11.2965277777778,0.128896573273726
11.2979166666667,0.150526295651783
11.2993055555556,0.109339187220181
11.3006944444444,0.114498995177757
11.3020833333333,0.148498783425123
11.3034722222222,0.153139629429097
11.3048611111111,0.202979372987581
11.30625,0.175528737190499
11.3076388888889,0.0775029547206617
11.3090277777778,0.108807433423135
11.3104166666667,0.136895564207707
11.3118055555556,0.120736703662363
11.3131944444444,0.14061456179346
11.3145833333333,0.1228597192866
11.3159722222222,0.0122787480018011
11.3173611111111,0.0719425082739184
11.31875,0.130200940136003
11.3201388888889,0.134870511004384
11.3215277777778,0.152657559667367
11.3229166666667,0.12222207061187
11.3243055555556,0.139239288117073
11.3256944444444,0.159209972245073
11.3270833333333,0.147542198644311
11.3284722222222,0.187029670453365
11.3298611111111,0.148073876888459
11.33125,0.166257031894338
11.3326388888889,0.140348500593492
11.3340277777778,0.0810212784781818
11.3354166666667,0.113437430861941
11.3368055555556,0.0986888161312897
11.3381944444444,0.122533424588916
11.3395833333333,0.152747126955272
11.3409722222222,0.182122238686379
11.3423611111111,0.112676445323598
11.34375,0.151003790078103
11.3451388888889,0.225718341231202
11.3465277777778,0.149117933991338
11.3479166666667,0.114054883130856
11.3493055555556,0.184427946544666
11.3506944444444,0.137321631586492
11.3520833333333,0.163547930711675
11.3534722222222,0.0870949564552429
11.3548611111111,0.148187166547305
11.35625,0.188098854217679
11.3576388888889,0.140645796328237
11.3590277777778,0.0946105889046032
11.3604166666667,0.0820160352947731
11.3618055555556,0.0376501923410898
11.3631944444444,0.0707610110139681
11.3645833333333,0.0308122174599858
11.3659722222222,0.0175481704064015
11.3673611111111,0.0327238190738492
11.36875,0.047114406836048
11.3701388888889,0.0740640670262334
11.3715277777778,0.0983612807438086
11.3729166666667,0.035588237496781
11.3743055555556,0.0621997905775023
11.3756944444444,0.0922204466246269
11.3770833333333,0.0886358933765176
11.3784722222222,0.0276855804405737
11.3798611111111,0.0299092907742547
11.38125,0.0785046197045129
11.3826388888889,0.0332202264477423
11.3840277777778,0.0642073495758094
11.3854166666667,0.109663112261522
11.3868055555556,0.0325880423767412
11.3881944444444,0.0542101918253908
11.3895833333333,0.139761331289137
11.3909722222222,0.0724983533695866
11.3923611111111,0.0110319360254149
11.39375,0.0503856050273109
11.3951388888889,0.102130652983563
11.3965277777778,0.0698831729462717
11.3979166666667,0.119697448008178
11.3993055555556,0.0852186902235611
11.4006944444444,0.161183485059621
11.4020833333333,0.168272413610561
11.4034722222222,0.195695199176379
11.4048611111111,0.124068960328379
11.40625,0.11219424693925
11.4076388888889,0.116690483303531
11.4090277777778,0.0770302183853956
11.4104166666667,0.1058095679024
11.4118055555556,0.0671217336052944
11.4131944444444,0.0945266753544865
11.4145833333333,0.12533085353104
11.4159722222222,0.117489134194333
11.4173611111111,0.08037008521425
11.41875,0.0586461559055646
11.4201388888889,0.0269292528476817
11.4215277777778,0.0194484613891789
11.4229166666667,0.0707421733598063
11.4243055555556,0.053290863898596
11.4256944444444,0.137009458342458
11.4270833333333,0.118885148945648
11.4284722222222,0.105094128199741
11.4298611111111,0.0433594854525284
11.43125,-0.0663651583609678
11.4326388888889,-0.0173100354416476
11.4340277777778,-0.00284202511828886
11.4354166666667,0.000558874601815913
11.4368055555556,0.0182857476045238
11.4381944444444,0.0881888197822638
11.4395833333333,0.0672705656215341
11.4409722222222,0.0459173388975073
11.4423611111111,0.0503075657894646
11.44375,0.0532346154417479
11.4451388888889,0.0410350686774125
11.4465277777778,0.0133168880429323
11.4479166666667,0.0118370211402254
11.4493055555556,0.0166543973162561
11.4506944444444,0.0970809017946527
11.4520833333333,0.00811644115694199
11.4534722222222,0.0638054457996216
11.4548611111111,0.0243823895440083
11.45625,0.0662511531670242
11.4576388888889,0.0463175759172581
11.4590277777778,0.0394954796709072
11.4604166666667,0.0587675093138258
11.4618055555556,0.0378421057250234
11.4631944444444,0.0732864751599854
11.4645833333333,0.130886086208532
11.4659722222222,0.133571879732965
11.4673611111111,0.0999470863209202
11.46875,0.0620988393933456
11.4701388888889,0.0858971500809664
11.4715277777778,0.0654653630999128
11.4729166666667,0.00664233154702894
11.4743055555556,0.0154185232227288
11.4756944444444,0.0940545281910187
11.4770833333333,0.00405095216781106
11.4784722222222,0.077849990150785
11.4798611111111,0.112352280175062
11.48125,0.0900316175910778
11.4826388888889,0.0810847956941611
11.4840277777778,0.0998436566570866
11.4854166666667,0.130833389293441
11.4868055555556,0.0637105926178094
11.4881944444444,0.0746597817838092
11.4895833333333,0.0833371591491483
11.4909722222222,0.0494574455568178
11.4923611111111,0.088952769511464
11.49375,0.0778750236840751
11.4951388888889,0.104284682333675
11.4965277777778,0.0657750281209644
11.4979166666667,0.107749461992435
11.4993055555556,0.14819058817802
11.5006944444444,0.172612925882413
11.5020833333333,0.182884067876578
11.5034722222222,0.137554453433699
11.5048611111111,0.133454536733532
11.50625,0.142299711774129
11.5076388888889,0.195841391813876
11.5090277777778,0.168512538111271
11.5104166666667,0.115149464126677
11.5118055555556,0.19450158806539
11.5131944444444,0.182974562589732
11.5145833333333,0.0948595980918411
11.5159722222222,0.0595619773166166
11.5173611111111,0.0556430430391523
11.51875,0.108627786677819
11.5201388888889,0.152258459666613
11.5215277777778,0.132200625487962
11.5229166666667,0.177303301880941
11.5243055555556,0.113455351875882
11.5256944444444,0.12902128421471
11.5270833333333,0.140961495040636
11.5284722222222,0.100927718049159
11.5298611111111,0.0989204428475478
11.53125,0.138115774967366
11.5326388888889,0.11387155984154
11.5340277777778,0.0164805416904844
11.5354166666667,0.0511553999580377
11.5368055555556,0.0865621539912167
11.5381944444444,0.102705888031304
11.5395833333333,0.0864995812527831
11.5409722222222,0.123265218170216
11.5423611111111,0.134680682008636
11.54375,0.0926278786608279
11.5451388888889,0.111067747583555
11.5465277777778,0.0328795794104263
11.5479166666667,0.0571314424635657
11.5493055555556,0.0815278283726245
11.5506944444444,0.0841423288014565
11.5520833333333,0.117419475209819
11.5534722222222,0.0960237338463398
11.5548611111111,0.120676219369194
11.55625,0.155626206939031
11.5576388888889,0.160551586785059
11.5590277777778,0.078237485755856
11.5604166666667,0.0553767830154059
11.5618055555556,0.0776512781123513
11.5631944444444,0.0746686036784217
11.5645833333333,0.106178080945883
11.5659722222222,0.161393071004577
11.5673611111111,0.113214146426581
11.56875,0.104374709328783
11.5701388888889,0.0371863951037875
11.5715277777778,0.0200518634010588
11.5729166666667,-0.00920721757329768
11.5743055555556,0.155701009211046
11.5756944444444,0.1756373541216
11.5770833333333,0.22044620796993
11.5784722222222,0.193013460504659
11.5798611111111,0.150642612109572
11.58125,0.310085587952113
11.5826388888889,0.184639946479756
11.5840277777778,0.100468466975081
11.5854166666667,0.149235984461098
11.5868055555556,0.143767338957026
11.5881944444444,0.166725506373477
11.5895833333333,0.0823030182413347
11.5909722222222,0.0958818525133939
11.5923611111111,0.137795453427435
11.59375,0.135843488506676
11.5951388888889,0.147905169639012
11.5965277777778,0.0960502231392878
11.5979166666667,0.147802506595857
11.5993055555556,0.165171218833625
11.6006944444444,0.229374475081147
11.6020833333333,0.19391743487326
11.6034722222222,0.217418282016266
11.6048611111111,0.178398113561072
11.60625,0.169981563948642
11.6076388888889,0.193105702409806
11.6090277777778,0.17513874687695
11.6104166666667,0.199711168021976
11.6118055555556,0.208342891577779
11.6131944444444,0.177362305742908
11.6145833333333,0.193636856680711
11.6159722222222,0.192179057567229
11.6173611111111,0.112149048370695
11.61875,0.0478657150911836
11.6201388888889,0.156723176155253
11.6215277777778,0.0931456677848
11.6229166666667,0.115188918505812
11.6243055555556,0.114691933683674
11.6256944444444,0.167293502670154
11.6270833333333,0.178244516769672
11.6284722222222,0.180813622678291
11.6298611111111,0.157275585254858
11.63125,0.165367181471099
11.6326388888889,0.126634042723637
11.6340277777778,0.115920915550142
11.6354166666667,0.15024700401578
11.6368055555556,0.115891614308832
11.6381944444444,0.136052673446612
11.6395833333333,0.0958523945208864
11.6409722222222,0.209223955840171
11.6423611111111,0.229596661173723
11.64375,0.200307404931108
11.6451388888889,0.191930246978952
11.6465277777778,0.109067351988389
11.6479166666667,0.135231185188924
11.6493055555556,0.134621562296185
11.6506944444444,0.0143943279651484
11.6520833333333,0.0219919109027286
11.6534722222222,0.171974526524834
11.6548611111111,0.110601093578787
11.65625,0.158548255487963
11.6576388888889,0.147753173515319
11.6590277777778,0.184845725286417
11.6604166666667,0.13172129295106
11.6618055555556,0.197003776720923
11.6631944444444,0.0997247780457475
11.6645833333333,0.0859562592853654
11.6659722222222,0.152052609200339
11.6673611111111,0.16526767606473
11.66875,0.102150300805747
11.6701388888889,0.214649635019242
11.6715277777778,0.207218787357512
11.6729166666667,0.198688867684911
11.6743055555556,0.113313076170753
11.6756944444444,0.14185170840996
11.6770833333333,0.159995634299189
11.6784722222222,0.0829028602996739
11.6798611111111,0.0899257427069447
11.68125,0.116155523408441
11.6826388888889,0.129404574417327
11.6840277777778,0.127401021822238
11.6854166666667,0.162893378983185
11.6868055555556,0.0789226025247035
11.6881944444444,0.112308741801064
11.6895833333333,0.0789926050098533
11.6909722222222,0.0772026821459033
11.6923611111111,0.0572672176988108
11.69375,0.043751247765627
11.6951388888889,0.0724303117671348
11.6965277777778,0.0510813432379964
11.6979166666667,0.099277703681308
11.6993055555556,0.0984595089387268
11.7006944444444,0.0647570204659818
11.7020833333333,0.1575333589847
11.7034722222222,0.180163213236173
11.7048611111111,0.142966106286512
11.70625,0.219294138351085
11.7076388888889,0.219638154668447
11.7090277777778,0.169229690276873
11.7104166666667,0.174707310032782
11.7118055555556,0.173936761715692
11.7131944444444,0.105936219479638
11.7145833333333,0.143356588822656
11.7159722222222,0.166708680675754
11.7173611111111,0.12923314414937
11.71875,0.130038531058844
11.7201388888889,0.183385743964107
11.7215277777778,0.144110190160311
11.7229166666667,0.0939380511216481
11.7243055555556,0.215886996535453
11.7256944444444,0.136284154341844
11.7270833333333,0.138433468557051
11.7284722222222,0.113332558373289
11.7298611111111,0.158592847920903
11.73125,0.154015713778585
11.7326388888889,0.139011897471921
11.7340277777778,0.166090543640868
11.7354166666667,0.153522599550491
11.7368055555556,0.147932832743089
11.7381944444444,0.167943964787202
11.7395833333333,0.151955612778748
11.7409722222222,0.0167564346854635
11.7423611111111,0.112244347201157
11.74375,0.111717544753371
11.7451388888889,0.106888122034416
11.7465277777778,0.138033295336122
11.7479166666667,0.156091912478763
11.7493055555556,0.1151387045815
11.7506944444444,0.133996586575587
11.7520833333333,0.0558944268370562
11.7534722222222,0.11996930428952
11.7548611111111,0.0597174206882165
11.75625,0.0778240490021905
11.7576388888889,0.072489990021556
11.7590277777778,0.0536674612744287
11.7604166666667,0.0765770196138224
11.7618055555556,0.101075099163637
11.7631944444444,0.110645339364321
11.7645833333333,0.206173149154717
11.7659722222222,0.185004654455746
11.7673611111111,0.139911794090202
11.76875,0.156528449201918
11.7701388888889,0.181314243768801
11.7715277777778,0.163425052055243
11.7729166666667,0.144754152054655
11.7743055555556,0.141549097252186
11.7756944444444,0.169341294957624
11.7770833333333,0.15794657769306
11.7784722222222,0.143509276348259
11.7798611111111,0.148267816040336
11.78125,0.168361236459688
11.7826388888889,0.146001886168294
11.7840277777778,0.199936390809077
11.7854166666667,0.204641165745421
11.7868055555556,0.145945685883789
11.7881944444444,0.0979103874810627
11.7895833333333,0.0821741557853562
11.7909722222222,0.121087677527932
11.7923611111111,0.0925803152843996
11.79375,-0.0335109759397208
11.7951388888889,0.0166660845713361
11.7965277777778,0.0767016274576377
11.7979166666667,0.114789854520173
11.7993055555556,0.149397492660695
11.8006944444444,0.148833765269423
11.8020833333333,0.129133361349357
11.8034722222222,0.131200545940031
11.8048611111111,0.121147530490401
11.80625,0.125647695183217
11.8076388888889,0.139735910386207
11.8090277777778,0.14724833063534
11.8104166666667,0.161679197904747
11.8118055555556,0.122848737434574
11.8131944444444,0.0898221595839655
11.8145833333333,0.165540394413183
11.8159722222222,0.1350880176095
11.8173611111111,0.102381213086515
11.81875,0.192195613090293
11.8201388888889,0.166704153609911
11.8215277777778,0.261910921609815
11.8229166666667,0.19186608501417
11.8243055555556,0.192097720231237
11.8256944444444,0.194300547148942
11.8270833333333,0.171107581812733
11.8284722222222,0.145262680509803
11.8298611111111,0.193177709024185
11.83125,0.202876172733338
11.8326388888889,0.187757068512453
11.8340277777778,0.134339497576404
11.8354166666667,0.200860697560911
11.8368055555556,0.20204273233798
11.8381944444444,0.164733830059221
11.8395833333333,0.173957561544723
11.8409722222222,0.184086682324357
11.8423611111111,0.220023971298746
11.84375,0.179738709397855
11.8451388888889,0.151720990969464
11.8465277777778,0.149593736079472
11.8479166666667,0.140658738766617
11.8493055555556,0.200213843335457
11.8506944444444,0.208782528740117
11.8520833333333,0.0996938531366803
11.8534722222222,0.17332449563088
11.8548611111111,0.176453023785031
11.85625,0.239601520328907
11.8576388888889,0.182039449573709
11.8590277777778,0.164637053955564
11.8604166666667,0.229713176367438
11.8618055555556,0.233558849367304
11.8631944444444,0.215745987119473
11.8645833333333,0.169855279967986
11.8659722222222,0.172783969452502
11.8673611111111,0.165416779812786
11.86875,0.124036525512047
11.8701388888889,0.197972770389105
11.8715277777778,0.209658472205246
11.8729166666667,0.123664748880484
11.8743055555556,0.0824812396797266
11.8756944444444,0.205787715790702
11.8770833333333,0.159346237147447
11.8784722222222,0.121877887807589
11.8798611111111,0.0731843512788176
11.88125,0.0629464485285289
11.8826388888889,0.185077461032037
11.8840277777778,0.127140356370375
11.8854166666667,0.14790545624502
11.8868055555556,0.0945937381187694
11.8881944444444,0.129368073656363
11.8895833333333,0.141790513624095
11.8909722222222,0.202684838895355
11.8923611111111,0.127856572647801
11.89375,0.0662196559131251
11.8951388888889,0.10412559639837
11.8965277777778,0.105510375193204
11.8979166666667,0.130361213890355
11.8993055555556,0.0992519486834498
11.9006944444444,0.109669925456982
11.9020833333333,0.0819776411947637
11.9034722222222,0.099807577014826
11.9048611111111,0.0226890535328932
11.90625,0.105987983962801
11.9076388888889,0.132412166291353
11.9090277777778,0.113700585070449
11.9104166666667,0.115381736898509
11.9118055555556,0.0909995811490729
11.9131944444444,0.032753729242932
11.9145833333333,-0.000206789160816522
11.9159722222222,0.00964247942578165
11.9173611111111,0.00125300594829319
11.91875,0.0276869119248475
11.9201388888889,0.0261400190596842
11.9215277777778,0.0259608697596529
11.9229166666667,0.102163766762987
11.9243055555556,0.126925041608585
11.9256944444444,0.110646936233844
11.9270833333333,0.157864261083359
11.9284722222222,0.0766651145072313
11.9298611111111,0.0759592856185561
11.93125,0.023009714366381
11.9326388888889,0.0304642575339651
11.9340277777778,0.103423334108628
11.9354166666667,0.105671029525272
11.9368055555556,0.097346996517653
11.9381944444444,0.13418185458948
11.9395833333333,0.175677209610855
11.9409722222222,0.142127830902253
11.9423611111111,0.0920999612453701
11.94375,0.0646810896398014
11.9451388888889,0.113495077982295
11.9465277777778,0.176033354297706
11.9479166666667,0.209057883157967
11.9493055555556,0.0736830195914989
11.9506944444444,0.137793613331633
11.9520833333333,0.0530198780508454
11.9534722222222,0.0531525554828328
11.9548611111111,0.0494663303818497
11.95625,0.0592855095413693
11.9576388888889,0.0185974863451736
11.9590277777778,0.0496206956163384
11.9604166666667,0.0696472086742688
11.9618055555556,0.0231562396337989
11.9631944444444,0.0241711088907708
11.9645833333333,-0.0100491771048233
11.9659722222222,0.0073304193308157
11.9673611111111,0.0452389199489404
11.96875,0.033786346254612
11.9701388888889,0.0464153599385721
11.9715277777778,-0.0516606960615396
11.9729166666667,-0.0378977916044101
11.9743055555556,0.00444464446915147
11.9756944444444,-0.00644887525565351
11.9770833333333,-0.0111652483839038
11.9784722222222,-0.00850169311362822
11.9798611111111,-0.0454183484916942
11.98125,0.00808056700185318
11.9826388888889,0.0628397178694306
11.9840277777778,0.00196438711665261
11.9854166666667,0.0277635745855602
11.9868055555556,0.0174537011424583
11.9881944444444,0.0268169295484933
11.9895833333333,0.0227957616864966
11.9909722222222,-0.00594300943377942
11.9923611111111,-0.000719987308500476
11.99375,-0.00163708256908236
11.9951388888889,0.0173504884258402
11.9965277777778,0.0162455519266216
11.9979166666667,0.0189385957558462
11.9993055555556,-0.0118737982936619
12.0006944444444,-0.000276824941957959
12.0020833333333,0.0189368284119813
12.0034722222222,0.0320502306511875
12.0048611111111,0.0369666032995974
12.00625,0.0501615392459043
12.0076388888889,0.0133312444126423
12.0090277777778,-0.00320078181515902
12.0104166666667,0.0589833745755709
12.0118055555556,0.0237305300908188
12.0131944444444,0.0604054088784542
12.0145833333333,0.00993522888329881
12.0159722222222,0.00378127831121283
12.0173611111111,0.0317014552341864
12.01875,0.0908579334247237
12.0201388888889,0.0302493275437433
12.0215277777778,0.0828025914295323
12.0229166666667,0.0642299221467627
12.0243055555556,0.0232796273753624
12.0256944444444,0.0436451447989967
12.0270833333333,0.0441540146017336
12.0284722222222,0.069959117600359
12.0298611111111,0.0815152609086052
12.03125,0.000305392244431829
12.0326388888889,-0.0329955042543337
12.0340277777778,-0.0312519903268944
12.0354166666667,-0.0373799722749771
12.0368055555556,-0.0083180720342689
12.0381944444444,-0.0155970551136957
12.0395833333333,0.0384931838356397
12.0409722222222,0.10292898689447
12.0423611111111,0.0792217839210829
12.04375,0.0612315176078716
12.0451388888889,0.0235013622703218
12.0465277777778,0.058355885466527
12.0479166666667,0.0140433829632404
12.0493055555556,0.0764590701677272
12.0506944444444,0.075214137062818
12.0520833333333,0.0458481317249375
12.0534722222222,0.0206168776637412
12.0548611111111,-0.00277556435927842
12.05625,0.0955069888435865
12.0576388888889,0.0594360099786833
12.0590277777778,0.0865895176596856
12.0604166666667,0.0620420022911163
12.0618055555556,0.0790253427215825
12.0631944444444,0.0398194027822019
12.0645833333333,0.0305718568913506
12.0659722222222,0.0600523363909059
12.0673611111111,0.0295908395903582
12.06875,0.0155638505801595
12.0701388888889,-0.0208211108687223
12.0715277777778,-0.0179114318718575
12.0729166666667,-0.0308743998966129
12.0743055555556,-0.0344413474374658
12.0756944444444,-0.0241020201054171
12.0770833333333,0.00389211138673774
12.0784722222222,0.00186661368628124
12.0798611111111,0.0431344963718453
12.08125,-0.00730879084024126
12.0826388888889,0.0207934319137089
12.0840277777778,-0.0655520871600157
12.0854166666667,-0.0244040730781413
12.0868055555556,0.0257167078249149
12.0881944444444,0.0875129384448144
12.0895833333333,0.0382080169606519
12.0909722222222,0.0570474352774635
12.0923611111111,0.0788710843415205
12.09375,0.129762324778951
12.0951388888889,0.0616370857011006
12.0965277777778,0.0375124847328717
12.0979166666667,-0.022070660346818
12.0993055555556,-0.012670896709473
12.1006944444444,-0.00198605161252595
12.1020833333333,-0.0104084295958701
12.1034722222222,-0.0338743326394935
12.1048611111111,-0.0510226784379038
12.10625,-0.00789938163125651
12.1076388888889,0.0468108440182929
12.1090277777778,0.0699739191501627
12.1104166666667,0.00910439801046975
12.1118055555556,-0.0469357004666107
12.1131944444444,-0.0317915438074424
12.1145833333333,-0.0356529398402065
12.1159722222222,-0.0424995186876786
12.1173611111111,-0.0253960701045132
12.11875,0.0777100917072956
12.1201388888889,0.0114737033728995
12.1215277777778,-0.0111232592917564
12.1229166666667,0.0205106648874723
12.1243055555556,0.0361598304391215
12.1256944444444,0.00972457786898122
12.1270833333333,0.00690614569545678
12.1284722222222,0.0351615745760612
12.1298611111111,0.0325959703588572
12.13125,0.0676475514281893
12.1326388888889,0.0455847177281613
12.1340277777778,0.0375391120923514
12.1354166666667,0.0565244817702961
12.1368055555556,0.00114817957670729
12.1381944444444,0.039034928029915
12.1395833333333,-0.0385524674091439
12.1409722222222,-0.0206587022757056
12.1423611111111,0.0185584253924093
12.14375,0.0104593577440635
12.1451388888889,0.0548928658250271
12.1465277777778,0.0335377036236276
12.1479166666667,-0.00286203164072232
12.1493055555556,0.00963792359647503
12.1506944444444,0.0475687219989778
12.1520833333333,0.00720296084024935
12.1534722222222,-0.00429867279266437
12.1548611111111,-0.0157665016983849
12.15625,-0.0222778875897793
12.1576388888889,-0.00517190700648418
12.1590277777778,-0.00516412769132107
12.1604166666667,-0.0415251247001366
12.1618055555556,-0.0668129719200677
12.1631944444444,0.0197856616352758
12.1645833333333,0.0543654282168538
12.1659722222222,-0.073439087600389
12.1673611111111,-0.0348855292586012
12.16875,-0.0166023227352207
12.1701388888889,-0.0325068422875092
12.1715277777778,-0.0328064503464206
12.1729166666667,-0.0637482595206954
12.1743055555556,-0.127233106126929
12.1756944444444,-0.070380878887615
12.1770833333333,-0.102907134260341
12.1784722222222,-0.082457376584974
12.1798611111111,-0.027271631176824
12.18125,-0.0366775377614644
12.1826388888889,0.0495712210791303
12.1840277777778,0.00534306697863428
12.1854166666667,0.0176544770054483
12.1868055555556,0.054919932212886
12.1881944444444,0.0241292006057561
12.1895833333333,0.036963064905972
12.1909722222222,-0.0688952412465948
12.1923611111111,-0.0714635300425341
12.19375,0.00371562444627345
12.1951388888889,0.00118571776844306
12.1965277777778,0.00021221720615678
12.1979166666667,0.0129253006296413
12.1993055555556,-0.0207362834798303
12.2006944444444,-0.0597246577256867
12.2020833333333,-0.0121263470978572
12.2034722222222,0.0346022778399663
12.2048611111111,0.113779228790453
12.20625,0.0187365210579926
12.2076388888889,0.113107781517784
12.2090277777778,0.0791487163259078
12.2104166666667,0.082329272659982
12.2118055555556,0.0273139935983159
12.2131944444444,0.00401269675150887
12.2145833333333,0.0368999318442247
12.2159722222222,0.0875377439526814
12.2173611111111,0.0581195525820403
12.21875,0.0193814266745468
12.2201388888889,0.047080261185693
12.2215277777778,-0.010560221091625
12.2229166666667,-0.00585780668452717
12.2243055555556,-0.0610817047050477
12.2256944444444,-0.0553435017316934
12.2270833333333,6.75918708227284e-05
12.2284722222222,-0.0084534887546723
12.2298611111111,-0.0592693690802062
12.23125,-0.0699116865243963
12.2326388888889,-0.0729479383898935
12.2340277777778,-0.0381487511754874
12.2354166666667,-0.0390922720888413
12.2368055555556,-0.0822305059354352
12.2381944444444,-0.0312352715561234
12.2395833333333,-0.0583142027315055
12.2409722222222,-0.091100838429116
12.2423611111111,0.0320930154900007
12.24375,0.0293061506222357
12.2451388888889,-0.016008934209392
12.2465277777778,0.066727014675734
12.2479166666667,0.00217718688649293
12.2493055555556,0.0276839243689555
12.2506944444444,0.0304261572152989
12.2520833333333,0.0516588571266803
12.2534722222222,0.0362888402526907
12.2548611111111,-0.0328338692091205
12.25625,0.0668346732237315
12.2576388888889,-0.00660745115065597
12.2590277777778,-0.00817723997675236
12.2604166666667,0.0327615869676892
12.2618055555556,-0.0164888025204585
12.2631944444444,-0.00979432538956748
12.2645833333333,-0.0294180943853
12.2659722222222,-0.0135498154239482
12.2673611111111,-0.0474558941978492
12.26875,0.0624915489977161
12.2701388888889,0.0287789511766782
12.2715277777778,0.0278542983858662
12.2729166666667,0.0419072203238023
12.2743055555556,0.0273439742061736
12.2756944444444,0.000620869705098103
12.2770833333333,0.0480321408446126
12.2784722222222,0.0797972004927722
12.2798611111111,0.0892390987494178
12.28125,0.0720473716359561
12.2826388888889,0.00796292478306469
12.2840277777778,-0.0156990866907852
12.2854166666667,-0.0185358834957055
12.2868055555556,-0.0584788823247777
12.2881944444444,0.042099704704298
12.2895833333333,0.00221625473776246
12.2909722222222,-0.0497135490029916
12.2923611111111,-0.00500245200562586
12.29375,-0.0405661432232083
12.2951388888889,0.00696640282396709
12.2965277777778,-0.0243783276819779
12.2979166666667,0.0243729012138998
12.2993055555556,-0.00106655017483057
12.3006944444444,0.0662308369083189
12.3020833333333,0.0544996249362909
12.3034722222222,-0.00878020836090783
12.3048611111111,-0.00242249776871019
12.30625,0.00459293049404733
12.3076388888889,-0.0129513150481351
12.3090277777778,-0.049090879654912
12.3104166666667,-0.0943014948793862
12.3118055555556,-0.0504772716860366
12.3131944444444,-0.0546720020675214
12.3145833333333,-0.017592616336134
12.3159722222222,0.0305571485429463
12.3173611111111,0.0360442741968488
12.31875,0.0709015388334676
12.3201388888889,0.0955589914662776
12.3215277777778,0.143670398408385
12.3229166666667,0.0972571283778949
12.3243055555556,0.0668333057257591
12.3256944444444,0.0498444160871296
12.3270833333333,0.014206854439762
12.3284722222222,0.00969891326906338
12.3298611111111,-0.0286066382451685
12.33125,0.00549889606779349
12.3326388888889,-0.0510982505736255
12.3340277777778,-0.0234832002564766
12.3354166666667,-0.0567280665467162
12.3368055555556,-0.0538201762479612
12.3381944444444,-0.03850302583052
12.3395833333333,-0.0594282632492618
12.3409722222222,-0.0602114889088447
12.3423611111111,-0.00753426914318567
12.34375,-0.0377869593542566
12.3451388888889,0.0494771485775168
12.3465277777778,0.0513981500283416
12.3479166666667,0.0498932356739475
12.3493055555556,0.0472231145247343
12.3506944444444,0.0914675309874768
12.3520833333333,0.0363611586587774
12.3534722222222,-0.00370655024652353
12.3548611111111,0.0464105370287519
12.35625,0.0484820943279963
12.3576388888889,-0.0685946611008619
12.3590277777778,-0.0268638040291609
12.3604166666667,-0.0225145646534145
12.3618055555556,0.0117746588805447
12.3631944444444,0.0586304270665295
12.3645833333333,0.137683125939687
12.3659722222222,0.155043427008964
12.3673611111111,0.0243628445722978
12.36875,0.0228525216772116
12.3701388888889,0.0218252813252234
12.3715277777778,0.0625239199701305
12.3729166666667,0.124373245968317
12.3743055555556,0.0481620442734954
12.3756944444444,0.0672236367823206
12.3770833333333,0.0995555497999276
12.3784722222222,0.146507930355971
12.3798611111111,0.179239355711868
12.38125,0.068021066997585
12.3826388888889,0.0839192468506118
12.3840277777778,0.0781448218432182
12.3854166666667,0.0196252429901062
12.3868055555556,0.0510459172400064
12.3881944444444,-0.0338184736918974
12.3895833333333,0.0134649987708533
12.3909722222222,0.0994930661562487
12.3923611111111,0.2014462699741
12.39375,0.192695794134025
12.3951388888889,0.07585690794217
12.3965277777778,0.0804918204291115
12.3979166666667,0.0469044817553568
12.3993055555556,0.0828874552330588
12.4006944444444,0.0334493007235453
12.4020833333333,0.0475668427688816
12.4034722222222,0.0152702929815751
12.4048611111111,0.038598840988223
12.40625,0.0449057003621354
12.4076388888889,0.077850458504424
12.4090277777778,0.104002766055795
12.4104166666667,0.0755772090565062
12.4118055555556,0.0064622544626672
12.4131944444444,-0.0208301886131449
12.4145833333333,0.0833458984394721
12.4159722222222,0.0996234810943487
12.4173611111111,0.0833567117609351
12.41875,0.0376254913060936
12.4201388888889,0.0843218769971758
12.4215277777778,0.153508802715064
12.4229166666667,0.206009341009186
12.4243055555556,0.102905777611195
12.4256944444444,0.072454412544452
12.4270833333333,-0.0335871337249236
12.4284722222222,-0.0115634091977738
12.4298611111111,0.068190773857523
12.43125,0.0927744729062665
12.4326388888889,0.122470391141273
12.4340277777778,0.0832596577069838
12.4354166666667,-0.000845274167168954
12.4368055555556,0.0186492317262132
12.4381944444444,0.0104806642459005
12.4395833333333,0.0637952379775067
12.4409722222222,0.115431605071434
12.4423611111111,0.1772723311075
12.44375,0.197265459462876
12.4451388888889,0.126885049819094
12.4465277777778,0.0398401281123827
12.4479166666667,0.0454739499998757
12.4493055555556,0.00738671314213249
12.4506944444444,0.0596618036834116
12.4520833333333,0.106413400663813
12.4534722222222,0.0748856012017037
12.4548611111111,-0.0168450941786616
12.45625,0.0124833746846206
12.4576388888889,0.0440320592683289
12.4590277777778,-0.0123262130418535
12.4604166666667,0.0163957795827506
12.4618055555556,0.0310105127783067
12.4631944444444,-0.0406544377075509
12.4645833333333,0.0340591721141948
12.4659722222222,-0.0237533711540009
12.4673611111111,-0.144832670296251
12.46875,-0.00869147131982856
12.4701388888889,-0.0450740144488673
12.4715277777778,-0.00019826921790765
12.4729166666667,0.000264521325910187
12.4743055555556,0.0284574781155413
12.4756944444444,-0.0233126420803314
12.4770833333333,-0.0252610568764312
12.4784722222222,0.00720874448759558
12.4798611111111,0.0499784883329277
12.48125,-0.0166928849817208
12.4826388888889,-0.0625536211283073
12.4840277777778,-0.0143571347652267
12.4854166666667,-0.0541462033519523
12.4868055555556,-0.0188862602076744
12.4881944444444,0.0234758359405205
12.4895833333333,0.00822786845327944
12.4909722222222,0.00506819923079218
12.4923611111111,-0.0457566253055712
12.49375,-0.0362028351862367
12.4951388888889,-0.0786700199979942
12.4965277777778,-0.0412889426601315
12.4979166666667,-0.00638951442471801
12.4993055555556,-0.0712544355706463
12.5006944444444,-0.00539702723383774
12.5020833333333,-0.0361032695693969
12.5034722222222,-0.0435835253764569
12.5048611111111,-0.031368890738724
12.50625,-0.0314608356750711
12.5076388888889,-0.034494128259745
12.5090277777778,0.00402192469260551
12.5104166666667,0.0134454945602036
12.5118055555556,-0.0370031201318134
12.5131944444444,0.0319341350835267
12.5145833333333,-0.0655684377443267
12.5159722222222,0.0194608584548914
12.5173611111111,0.118617583519737
12.51875,0.0869939146404525
12.5201388888889,0.107358907712602
12.5215277777778,0.0444664627007928
12.5229166666667,0.0911358144074615
12.5243055555556,0.0391115314125768
12.5256944444444,0.117957612327702
12.5270833333333,0.0638297359376366
12.5284722222222,0.0773500716623722
12.5298611111111,0.0885283554969523
12.53125,0.0568422840035826
12.5326388888889,-0.0132499692770125
12.5340277777778,-0.0108466595969624
12.5354166666667,-0.0516850820753474
12.5368055555556,-0.0855146226313162
12.5381944444444,-0.0297251742104568
12.5395833333333,-0.00615602897837372
12.5409722222222,-0.0411982403828491
12.5423611111111,-0.0351350182039588
12.54375,-0.00363160263604074
12.5451388888889,0.00881595674442259
12.5465277777778,0.00368380841618783
12.5479166666667,-0.0335276288426934
12.5493055555556,0.0732190084116782
12.5506944444444,0.00855587028276187
12.5520833333333,-0.00635671863559191
12.5534722222222,-0.00997953104592403
12.5548611111111,-0.0299031727957821
12.55625,-0.0860526533532893
12.5576388888889,-0.11396189594692
12.5590277777778,-0.0222099253803739
12.5604166666667,0.0443192852834414
12.5618055555556,0.0425594134286594
12.5631944444444,0.0726191034655346
12.5645833333333,0.0462908122751432
12.5659722222222,0.0499192488525541
12.5673611111111,0.104446539132963
12.56875,0.0993389461159171
12.5701388888889,0.137705901386129
12.5715277777778,0.0883582125501846
12.5729166666667,0.0712870892971366
12.5743055555556,0.0998602851772244
12.5756944444444,0.0144704135579367
12.5770833333333,0.0883271205273808
12.5784722222222,0.0989718497220795
12.5798611111111,0.128934245776229
12.58125,0.129644608309369
12.5826388888889,0.14526040144758
12.5840277777778,0.0860544394402239
12.5854166666667,0.0631519515999053
12.5868055555556,0.0092456011810947
12.5881944444444,0.0701067114477794
12.5895833333333,0.0774456098578839
12.5909722222222,0.101990768898835
12.5923611111111,0.0979168646482565
12.59375,0.0697460250401849
12.5951388888889,0.0737672664133677
12.5965277777778,0.00591778290144254
12.5979166666667,-0.000342295996981982
12.5993055555556,0.0701427881251719
12.6006944444444,0.116547584887045
12.6020833333333,0.0545838657239777
12.6034722222222,0.00786913189528558
12.6048611111111,-0.043922491299207
12.60625,0.0825494546275848
12.6076388888889,0.107425485736156
12.6090277777778,0.00747440819820815
12.6104166666667,-0.0372142547655603
12.6118055555556,0.0544866305480497
12.6131944444444,0.0972579207468395
12.6145833333333,0.091021081389448
12.6159722222222,0.02563919319501
12.6173611111111,0.0483145917262983
12.61875,0.0173329811839979
12.6201388888889,0.0570755232713645
12.6215277777778,0.0437781287540648
12.6229166666667,0.115027850950317
12.6243055555556,0.0497996813914335
12.6256944444444,0.0499146629404669
12.6270833333333,0.0683494910399037
12.6284722222222,0.0983486728907884
12.6298611111111,0.083113710978548
12.63125,0.0908470881179053
12.6326388888889,0.0531784350178147
12.6340277777778,0.0775598472086507
12.6354166666667,0.0762648393522829
12.6368055555556,0.0935956889255095
12.6381944444444,0.0489858763328026
12.6395833333333,0.0262786094535826
12.6409722222222,0.055546612757588
12.6423611111111,0.0152936625864875
12.64375,0.0152171814677556
12.6451388888889,-0.0667283294628375
12.6465277777778,0.024018801471803
12.6479166666667,-0.0250591845579769
12.6493055555556,0.0222326714410419
12.6506944444444,-0.0605523028699679
12.6520833333333,0.0121174464125829
12.6534722222222,-0.0172306631594676
12.6548611111111,-0.033766705943268
12.65625,-0.044024234805457
12.6576388888889,0.0784125115832099
12.6590277777778,0.0210545365087707
12.6604166666667,0.0764554862496569
12.6618055555556,0.0416920649416385
12.6631944444444,-0.00710526408536925
12.6645833333333,-0.0249169329709903
12.6659722222222,-0.00402762509080427
12.6673611111111,0.0767291693759659
12.66875,0.0244556351527574
12.6701388888889,-0.0395557576961276
12.6715277777778,-0.0184088394300545
12.6729166666667,-0.00919608023595452
12.6743055555556,0.049603130787358
12.6756944444444,0.0487239595564095
12.6770833333333,-0.00183931622686104
12.6784722222222,-0.039373145064919
12.6798611111111,0.0268193226899902
12.68125,0.0312738570443724
12.6826388888889,0.0580947307627061
12.6840277777778,-0.0229711860878403
12.6854166666667,-0.0118328298197966
12.6868055555556,0.0632898627025122
12.6881944444444,0.10597227273585
12.6895833333333,-0.0298974829825284
12.6909722222222,-0.0488069335023871
12.6923611111111,-0.0431416888647537
12.69375,0.022602958534641
12.6951388888889,0.022398236409157
12.6965277777778,0.0128491403505747
12.6979166666667,0.0517551903038284
12.6993055555556,0.0760438146563998
12.7006944444444,0.0867059582510786
12.7020833333333,0.0665606230131159
12.7034722222222,0.109201512520837
12.7048611111111,0.105164936518572
12.70625,0.0768551223636142
12.7076388888889,0.117514515905176
12.7090277777778,0.0838355926093653
12.7104166666667,0.0451080780006048
12.7118055555556,0.0870872672106491
12.7131944444444,0.0809738089800504
12.7145833333333,0.108948436749393
12.7159722222222,0.0413739939075806
12.7173611111111,0.115977775161035
12.71875,0.0679686654598299
12.7201388888889,0.090632918446212
12.7215277777778,0.0586157147504971
12.7229166666667,0.0415842062384983
12.7243055555556,-0.000420616872097374
12.7256944444444,-0.0616173411731171
12.7270833333333,-0.0669023704382886
12.7284722222222,-0.152113223602184
12.7298611111111,-0.137025416422777
12.73125,-0.104113773893603
12.7326388888889,-0.108493297071286
12.7340277777778,-0.14692966185938
12.7354166666667,-0.137557996903353
12.7368055555556,-0.150714002283328
12.7381944444444,-0.118339600120736
12.7395833333333,-0.101385821757685
12.7409722222222,-0.19766822688548
12.7423611111111,-0.145595689969882
12.74375,-0.155789904345787
12.7451388888889,-0.119665052054355
12.7465277777778,-0.0995432657196854
12.7479166666667,-0.00863037235932646
12.7493055555556,-0.0267772954358182
12.7506944444444,-0.033818551986431
12.7520833333333,0.00672627902105694
12.7534722222222,-0.0420409043517014
12.7548611111111,-0.0484294941424568
12.75625,0.00128475402135389
12.7576388888889,-0.040863331736562
12.7590277777778,-0.00803299334035938
12.7604166666667,-0.0386500614088574
12.7618055555556,-0.0886299878165152
12.7631944444444,-0.128489166894515
12.7645833333333,-0.126497502175304
12.7659722222222,-0.0636293885189177
12.7673611111111,-0.131437531056491
12.76875,-0.149969431824169
12.7701388888889,-0.109406853202963
12.7715277777778,-0.110058795486659
12.7729166666667,-0.0710037028219303
12.7743055555556,-0.111286658110612
12.7756944444444,-0.00839437744302549
12.7770833333333,-0.0504292479459232
12.7784722222222,0.0182859048428465
12.7798611111111,-0.0559247735907504
12.78125,-0.124236407902713
12.7826388888889,-0.142774185489802
12.7840277777778,-0.113504998202766
12.7854166666667,-0.113048765439157
12.7868055555556,-0.0627312970004291
12.7881944444444,-0.0650730086390088
12.7895833333333,-0.0599837799932035
12.7909722222222,0.00310258694820403
12.7923611111111,-0.0169739031816965
12.79375,0.0639127314842031
12.7951388888889,0.0570044302462791
12.7965277777778,-0.046800987025975
12.7979166666667,-0.12907143982718
12.7993055555556,-0.182121673759462
12.8006944444444,-0.118830713344496
12.8020833333333,-0.0729242099490675
12.8034722222222,-0.0717431157426401
12.8048611111111,-0.0802583986570401
12.80625,-0.107033916527399
12.8076388888889,-0.104413418879068
12.8090277777778,-0.165958212133475
12.8104166666667,-0.1302363492947
12.8118055555556,-0.140915320036351
12.8131944444444,-0.120429595403452
12.8145833333333,-0.171756246418018
12.8159722222222,-0.206966857725818
12.8173611111111,-0.273328113850196
12.81875,-0.136094591719438
12.8201388888889,-0.168862801306458
12.8215277777778,-0.132001490021321
12.8229166666667,-0.118175659800675
12.8243055555556,-0.116499470669134
12.8256944444444,-0.132231614767468
12.8270833333333,-0.135078154626906
12.8284722222222,-0.21868249756675
12.8298611111111,-0.223404931501384
12.83125,-0.224388330230269
12.8326388888889,-0.167579008445314
12.8340277777778,-0.251953238265267
12.8354166666667,-0.162772591458348
12.8368055555556,-0.123834120684311
12.8381944444444,-0.120555958739924
12.8395833333333,-0.0296261462495157
12.8409722222222,-0.0836973318527235
12.8423611111111,-0.0202858215704208
12.84375,-0.0785837135984723
12.8451388888889,-0.126493149732875
12.8465277777778,-0.108767197051741
12.8479166666667,-0.0441833607185138
12.8493055555556,-0.0936128505933245
12.8506944444444,-0.0505380370067484
12.8520833333333,0.0397152427492235
12.8534722222222,0.00645069151538921
12.8548611111111,0.00451671515793292
12.85625,-0.0579399377165403
12.8576388888889,-0.0654918763503312
12.8590277777778,-0.11588814688654
12.8604166666667,-0.0276956278916402
12.8618055555556,-0.0254811542952718
12.8631944444444,-0.0739735162317254
12.8645833333333,-0.0751746503333752
12.8659722222222,-0.0676090779278458
12.8673611111111,-0.0567984203883666
12.86875,-0.0918796524970096
12.8701388888889,-0.0786398271310542
12.8715277777778,-0.058599775627479
12.8729166666667,-0.0444319926461557
12.8743055555556,-0.100287800928775
12.8756944444444,-0.143223863010208
12.8770833333333,-0.234211858026177
12.8784722222222,-0.182259612655767
12.8798611111111,-0.158702194302617
12.88125,-0.0972630109144758
12.8826388888889,-0.165095442991035
12.8840277777778,-0.166677795780796
12.8854166666667,-0.158017808078021
12.8868055555556,-0.0922169406971691
12.8881944444444,-0.107658026624126
12.8895833333333,-0.111380125284275
12.8909722222222,-0.103803906732728
12.8923611111111,-0.0341746407290112
12.89375,-0.0487648651935073
12.8951388888889,0.00186843637945021
12.8965277777778,0.0333307896372434
12.8979166666667,0.0380421169563347
12.8993055555556,0.0581801182056484
12.9006944444444,0.0143621156562673
12.9020833333333,-0.022929463607066
12.9034722222222,-0.03487725049028
12.9048611111111,-0.0243111597874272
12.90625,0.0400274163316139
12.9076388888889,-0.0166159260151098
12.9090277777778,-0.0364617298134846
12.9104166666667,-0.0209291531059127
12.9118055555556,0.0642746413015914
12.9131944444444,0.0344288074472308
12.9145833333333,0.0148966678688913
12.9159722222222,0.0297331041872569
12.9173611111111,0.0234584486572725
12.91875,0.0599607182304449
12.9201388888889,0.0808905533391101
12.9215277777778,0.0169544822927838
12.9229166666667,-0.0293379911286228
12.9243055555556,0.0289761780497351
12.9256944444444,0.0926671934371895
12.9270833333333,0.00973699169679977
12.9284722222222,0.0718946699877664
12.9298611111111,0.00497802127769441
12.93125,-0.0250492180018701
12.9326388888889,-0.0176885412779224
12.9340277777778,-0.0347421899135038
12.9354166666667,0.00633479747650109
12.9368055555556,-0.0403608124240264
12.9381944444444,-0.1290210869351
12.9395833333333,-0.0675761433806201
12.9409722222222,-0.092556801492488
12.9423611111111,-0.135044314708966
12.94375,-0.0959814953991893
12.9451388888889,-0.164135737716572
12.9465277777778,-0.0665493354901093
12.9479166666667,-0.042546487335332
12.9493055555556,0.0197113778212218
12.9506944444444,-0.0652460267356016
12.9520833333333,-0.11524740295591
12.9534722222222,-0.100545921414738
12.9548611111111,0.012647170826995
12.95625,-0.0590666873038565
12.9576388888889,-0.0462675312225963
12.9590277777778,-0.109050242509315
12.9604166666667,-0.0951634875698114
12.9618055555556,-0.105165590276674
12.9631944444444,-0.059612947662472
12.9645833333333,-0.0752205779080882
12.9659722222222,-0.0528508169117606
12.9673611111111,-0.0497560427822881
12.96875,-0.0888594753721063
12.9701388888889,-0.1295344738446
12.9715277777778,-0.0943921121549947
12.9729166666667,-0.0723236640278419
12.9743055555556,-0.0546034480851537
12.9756944444444,-0.0709162828210013
12.9770833333333,-0.0599550026430944
12.9784722222222,-0.133182452293109
12.9798611111111,-0.202282605871154
12.98125,-0.114338982073167
12.9826388888889,-0.165232249840806
12.9840277777778,-0.0317360054494753
12.9854166666667,-0.187173842293619
12.9868055555556,-0.0619487543085621
12.9881944444444,-0.105696294432861
12.9895833333333,-0.148514399416209
12.9909722222222,-0.166990629008815
12.9923611111111,-0.166901653632067
12.99375,-0.125870004212359
12.9951388888889,-0.0613815203355027
12.9965277777778,-0.0577502594617938
12.9979166666667,-0.0561671854438147
12.9993055555556,-0.116224237556109
13.0006944444444,-0.0960268096670413
13.0020833333333,-0.0954938722947905
13.0034722222222,-0.136067872512616
13.0048611111111,-0.109881852159648
13.00625,-0.0808185193239066
13.0076388888889,-0.12991528160934
13.0090277777778,-0.129899539780081
13.0104166666667,-0.1120043012212
13.0118055555556,-0.118171119568509
13.0131944444444,-0.103187044678997
13.0145833333333,-0.205870962257074
13.0159722222222,-0.245447768467579
13.0173611111111,-0.207443317795064
13.01875,-0.104923605676588
13.0201388888889,-0.185239617160596
13.0215277777778,-0.0997796906566145
13.0229166666667,-0.172307952701339
13.0243055555556,-0.12505190595271
13.0256944444444,-0.18585014789259
13.0270833333333,-0.188420867023805
13.0284722222222,-0.228493022153009
13.0298611111111,-0.220590914344308
13.03125,-0.211033904343566
13.0326388888889,-0.195194663692051
13.0340277777778,-0.208317940831821
13.0354166666667,-0.172727962285022
13.0368055555556,-0.183541795923489
13.0381944444444,-0.183118833953572
13.0395833333333,-0.229606818667926
13.0409722222222,-0.163922406525751
13.0423611111111,-0.169608458176196
13.04375,-0.110331141618131
13.0451388888889,-0.123694365410892
13.0465277777778,-0.16988673328286
13.0479166666667,-0.180945060826213
13.0493055555556,-0.181303077558488
13.0506944444444,-0.141937242621003
13.0520833333333,-0.182047087982307
13.0534722222222,-0.0953739792346899
13.0548611111111,-0.127026334150865
13.05625,-0.154621989793602
13.0576388888889,-0.191880405694578
13.0590277777778,-0.203956307043868
13.0604166666667,-0.210940605640643
13.0618055555556,-0.18372918522456
13.0631944444444,-0.139458519825118
13.0645833333333,-0.150241673884123
13.0659722222222,-0.151292195927632
13.0673611111111,-0.0871511488534191
13.06875,-0.113655910505775
13.0701388888889,-0.122643790459772
13.0715277777778,-0.13336706083408
13.0729166666667,-0.139347995044905
13.0743055555556,-0.0177961127636436
13.0756944444444,-0.00203056581361699
13.0770833333333,-0.0989998927141219
13.0784722222222,-0.0759548094839604
13.0798611111111,-0.0936621905348585
13.08125,-0.168065821054103
13.0826388888889,-0.19813497657334
13.0840277777778,-0.154438242841143
13.0854166666667,-0.197471344364614
13.0868055555556,-0.163198185364464
13.0881944444444,-0.0902303563167162
13.0895833333333,-0.151688087729703
13.0909722222222,-0.176154672290099
13.0923611111111,-0.190695962536503
13.09375,-0.166801679560808
13.0951388888889,-0.164309465019447
13.0965277777778,-0.142373339813391
13.0979166666667,-0.093405619159503
13.0993055555556,-0.0773610770647198
13.1006944444444,-0.0451897006478042
13.1020833333333,-0.104114527678576
13.1034722222222,-0.167646704270175
13.1048611111111,-0.15002343622312
13.10625,-0.0733356395590701
13.1076388888889,-0.0190078850428899
13.1090277777778,-0.0480873707499234
13.1104166666667,-0.0833992857752188
13.1118055555556,-0.0741252502848743
13.1131944444444,-0.0967593812439215
13.1145833333333,-0.0972549110825843
13.1159722222222,-0.134819464372316
13.1173611111111,-0.138933595646511
13.11875,-0.0919616961115823
13.1201388888889,-0.118712031136839
13.1215277777778,-0.0691505688483919
13.1229166666667,-0.0883021832403092
13.1243055555556,-0.149655025346799
13.1256944444444,-0.165885190195026
13.1270833333333,-0.176847094004296
13.1284722222222,-0.151969974138787
13.1298611111111,-0.113706810546467
13.13125,-0.147504886559319
13.1326388888889,-0.151938649891403
13.1340277777778,-0.188031978522418
13.1354166666667,-0.162107332111554
13.1368055555556,-0.137174192829554
13.1381944444444,-0.126663771963586
13.1395833333333,-0.112764579401624
13.1409722222222,-0.0993474224843252
13.1423611111111,-0.0900896669637598
13.14375,-0.146700336562126
13.1451388888889,-0.0958118534346782
13.1465277777778,-0.0456346141802802
13.1479166666667,-0.0195748519705154
13.1493055555556,-0.0301642149037073
13.1506944444444,-0.0559177443947058
13.1520833333333,0.0250365559074861
13.1534722222222,0.0519412802955568
13.1548611111111,-0.046319633765234
13.15625,-0.120799513451514
13.1576388888889,-0.0725873195321446
13.1590277777778,-0.0965756384091631
13.1604166666667,-0.0732356848406234
13.1618055555556,-0.00893983335115825
13.1631944444444,-0.12171436189158
13.1645833333333,-0.0635783432498016
13.1659722222222,-0.102787975700153
13.1673611111111,-0.138709631432433
13.16875,-0.0880217817265977
13.1701388888889,-0.0977259825759468
13.1715277777778,0.0069222573150343
13.1729166666667,0.0182817451472823
13.1743055555556,-0.0463524807075378
13.1756944444444,-0.0960756134691563
13.1770833333333,-0.113723282362562
13.1784722222222,-0.0875150152366374
13.1798611111111,-0.111816940281872
13.18125,-0.0652965964191414
13.1826388888889,-0.0525619200144195
13.1840277777778,-0.106305348852223
13.1854166666667,-0.0860026103406049
13.1868055555556,-0.0332302042845066
13.1881944444444,-0.0536344179610676
13.1895833333333,-0.0853231886143336
13.1909722222222,-0.0875152341135576
13.1923611111111,-0.0349479552926516
13.19375,-0.0749939910396583
13.1951388888889,-0.0695449094687205
13.1965277777778,-0.0983228479503046
13.1979166666667,-0.155305765744751
13.1993055555556,-0.191709201783322
13.2006944444444,-0.192234497711704
13.2020833333333,-0.169793618808577
13.2034722222222,-0.20199215908851
13.2048611111111,-0.1565690682607
13.20625,-0.0644901968351282
13.2076388888889,-0.105406253931292
13.2090277777778,-0.107481151063637
13.2104166666667,-0.0529486896605413
13.2118055555556,-0.0196319173459326
13.2131944444444,-0.101546707627049
13.2145833333333,-0.178472132865058
13.2159722222222,-0.198211877426543
13.2173611111111,-0.156402018885563
13.21875,-0.105948019797538
13.2201388888889,-0.137715140848756
13.2215277777778,-0.141245209933255
13.2229166666667,-0.117842392272178
13.2243055555556,-0.12102805675175
13.2256944444444,-0.0576945565971215
13.2270833333333,-0.0899200528648208
13.2284722222222,-0.134478454610964
13.2298611111111,-0.145998016284146
13.23125,-0.108176662158565
13.2326388888889,-0.160390013888884
13.2340277777778,-0.164666943192959
13.2354166666667,-0.159651910204201
13.2368055555556,-0.190803156438074
13.2381944444444,-0.10512614447863
13.2395833333333,-0.0927486454861499
13.2409722222222,-0.10745402183803
13.2423611111111,-0.176042024982021
13.24375,-0.153278910523727
13.2451388888889,-0.114737540927169
13.2465277777778,-0.133298719265957
13.2479166666667,-0.110508675669326
13.2493055555556,-0.0758937730197149
13.2506944444444,-0.159562099638464
13.2520833333333,-0.147038175614877
13.2534722222222,-0.173939600142372
13.2548611111111,-0.129050074549227
13.25625,-0.158975670771153
13.2576388888889,-0.0766096054861079
13.2590277777778,-0.0778680756824034
13.2604166666667,-0.126295149628492
13.2618055555556,-0.136511143912474
13.2631944444444,-0.132934191686469
13.2645833333333,-0.178293424579775
13.2659722222222,-0.120882978265247
13.2673611111111,-0.158623872598433
13.26875,-0.198728007496199
13.2701388888889,-0.204525970692385
13.2715277777778,-0.200698235355575
13.2729166666667,-0.124496943341767
13.2743055555556,-0.137990989342027
13.2756944444444,-0.156710175682181
13.2770833333333,-0.156120205302597
13.2784722222222,-0.124067692945867
13.2798611111111,-0.187505554301108
13.28125,-0.157273821539217
13.2826388888889,-0.144057839297007
13.2840277777778,-0.136724574786089
13.2854166666667,-0.163648103116268
13.2868055555556,-0.178420590421955
13.2881944444444,-0.143380206088252
13.2895833333333,-0.138652422121456
13.2909722222222,-0.151436962892786
13.2923611111111,-0.131726544274268
13.29375,-0.143576753101606
13.2951388888889,-0.105805253832594
13.2965277777778,-0.124986324990599
13.2979166666667,-0.160621027218975
13.2993055555556,-0.137746992377557
13.3006944444444,-0.180164431896318
13.3020833333333,-0.121495708212039
13.3034722222222,-0.161898811777017
13.3048611111111,-0.128087439551989
13.30625,-0.102012387962374
13.3076388888889,-0.0514713314426915
13.3090277777778,-0.0779482385345693
13.3104166666667,-0.0787695903909716
13.3118055555556,-0.113371084472658
13.3131944444444,-0.132042429347788
13.3145833333333,-0.18752692009205
13.3159722222222,-0.196402469681511
13.3173611111111,-0.188845382195433
13.31875,-0.150303098097248
13.3201388888889,-0.15039339180498
13.3215277777778,-0.159610210845852
13.3229166666667,-0.12036028203762
13.3243055555556,-0.0487415923942344
13.3256944444444,-0.0804285278434289
13.3270833333333,-0.1167380047695
13.3284722222222,-0.181896943830206
13.3298611111111,-0.183803483542101
13.33125,-0.17507733164058
13.3326388888889,-0.0884089608530573
13.3340277777778,-0.129871466657572
13.3354166666667,-0.196936379208601
13.3368055555556,-0.220351590532043
13.3381944444444,-0.180061648005219
13.3395833333333,-0.0946537702709063
13.3409722222222,-0.142588915184169
13.3423611111111,-0.174061735305997
13.34375,-0.116803365353286
13.3451388888889,-0.0822925447165592
13.3465277777778,-0.114370746470275
13.3479166666667,-0.0951009663413675
13.3493055555556,-0.0704893896651744
13.3506944444444,-0.0288871973580849
13.3520833333333,-0.0650784957691124
13.3534722222222,-0.0976249355682035
13.3548611111111,-0.0825233510617816
13.35625,-0.129042351264685
13.3576388888889,-0.126537728148585
13.3590277777778,-0.126288893685412
13.3604166666667,-0.175340377216256
13.3618055555556,-0.131685782693037
13.3631944444444,-0.124108274195586
13.3645833333333,-0.111420328221247
13.3659722222222,-0.0902708872917042
13.3673611111111,-0.116768804719798
13.36875,-0.0513241713753625
13.3701388888889,-0.133822828089072
13.3715277777778,-0.146412073837013
13.3729166666667,-0.133179187875024
13.3743055555556,-0.186424508927697
13.3756944444444,-0.175185077611772
13.3770833333333,-0.165613581570767
13.3784722222222,-0.209637560947245
13.3798611111111,-0.170719643202991
13.38125,-0.170531260287611
13.3826388888889,-0.14699933322116
13.3840277777778,-0.16282337748903
13.3854166666667,-0.160181730783402
13.3868055555556,-0.178476986451536
13.3881944444444,-0.127196689686678
13.3895833333333,-0.123735883523761
13.3909722222222,-0.141723263309163
13.3923611111111,-0.14244655686269
13.39375,-0.242086281791599
13.3951388888889,-0.21082283601991
13.3965277777778,-0.175876040208969
13.3979166666667,-0.211671048445458
13.3993055555556,-0.176591761238887
13.4006944444444,-0.344461668311939
13.4020833333333,-0.337045768375553
13.4034722222222,-0.255500680886574
13.4048611111111,-0.323011199387521
13.40625,-0.284663912153381
13.4076388888889,-0.29229310147438
13.4090277777778,-0.274444933229924
13.4104166666667,-0.271978842295043
13.4118055555556,-0.305410221352899
13.4131944444444,-0.239077631170874
13.4145833333333,-0.207776653527627
13.4159722222222,-0.190439894672416
13.4173611111111,-0.18447553366089
13.41875,-0.209350551524041
13.4201388888889,-0.155937653184568
13.4215277777778,-0.161875309852412
13.4229166666667,-0.174372232193434
13.4243055555556,-0.11032032946187
13.4256944444444,-0.207704497328779
13.4270833333333,-0.166738697592487
13.4284722222222,-0.141663625336151
13.4298611111111,-0.212906504705492
13.43125,-0.244244830986163
13.4326388888889,-0.255537385880957
13.4340277777778,-0.134175706949114
13.4354166666667,-0.0902299784433622
13.4368055555556,-0.125994821073161
13.4381944444444,-0.201190224143765
13.4395833333333,-0.161717176872846
13.4409722222222,-0.0992224231188172
13.4423611111111,-0.101935857824992
13.44375,-0.0845036269188842
13.4451388888889,-0.121262231687998
13.4465277777778,-0.147883938072349
13.4479166666667,-0.144839035437132
13.4493055555556,-0.130591019933917
13.4506944444444,-0.158681759465421
13.4520833333333,-0.128328379302688
13.4534722222222,-0.139388758800424
13.4548611111111,-0.154427504227714
13.45625,-0.188844676867397
13.4576388888889,-0.222679220450857
13.4590277777778,-0.207338012836796
13.4604166666667,-0.245169892040408
13.4618055555556,-0.233281996892265
13.4631944444444,-0.221938610871502
13.4645833333333,-0.200969680109588
13.4659722222222,-0.200312275626411
13.4673611111111,-0.118861138887786
13.46875,-0.10947011005977
13.4701388888889,-0.0949928978583633
13.4715277777778,-0.155269217318037
13.4729166666667,-0.121662894979472
13.4743055555556,-0.194061745746767
13.4756944444444,-0.19897898890196
13.4770833333333,-0.21056918553973
13.4784722222222,-0.0879662464496311
13.4798611111111,-0.139290008687027
13.48125,-0.0771329592817269
13.4826388888889,-0.145031665125812
13.4840277777778,-0.160942206807274
13.4854166666667,-0.213311933139017
13.4868055555556,-0.273321019768596
13.4881944444444,-0.257122171091342
13.4895833333333,-0.266461396052875
13.4909722222222,-0.226390221096822
13.4923611111111,-0.228281456552155
13.49375,-0.220358920012498
13.4951388888889,-0.229034492290498
13.4965277777778,-0.220359324281417
13.4979166666667,-0.193364304995162
13.4993055555556,-0.206530250044176
13.5006944444444,-0.201905724512287
13.5020833333333,-0.228902106560402
13.5034722222222,-0.215468808158992
13.5048611111111,-0.292492369753212
13.50625,-0.292933122218298
13.5076388888889,-0.330598444054197
13.5090277777778,-0.269235310467814
13.5104166666667,-0.30633847567361
13.5118055555556,-0.257696007343726
13.5131944444444,-0.180688031820658
13.5145833333333,-0.214738897097276
13.5159722222222,-0.170628186409568
13.5173611111111,-0.231948464385135
13.51875,-0.25195735035153
13.5201388888889,-0.290901920958893
13.5215277777778,-0.27274386209394
13.5229166666667,-0.309259156361624
13.5243055555556,-0.360007118273019
13.5256944444444,-0.33933188682209
13.5270833333333,-0.343477255334084
13.5284722222222,-0.34686572443686
13.5298611111111,-0.284851827070017
13.53125,-0.234819316136496
13.5326388888889,-0.238388369551114
13.5340277777778,-0.18285516619843
13.5354166666667,-0.195085566745659
13.5368055555556,-0.171971637670385
13.5381944444444,-0.164411712599294
13.5395833333333,-0.138634909649942
13.5409722222222,-0.203334254294559
13.5423611111111,-0.272458378851471
13.54375,-0.240844191385583
13.5451388888889,-0.290594259159007
13.5465277777778,-0.206988695977241
13.5479166666667,-0.117745353397414
13.5493055555556,-0.188993152476084
13.5506944444444,-0.22350386375524
13.5520833333333,-0.247173011026551
13.5534722222222,-0.235159859056939
13.5548611111111,-0.269550930846038
13.55625,-0.232934399803482
13.5576388888889,-0.243315647185258
13.5590277777778,-0.27912369707678
13.5604166666667,-0.207549959366129
13.5618055555556,-0.262712933516348
13.5631944444444,-0.259210870227917
13.5645833333333,-0.309118785144635
13.5659722222222,-0.252908980165571
13.5673611111111,-0.272570049840252
13.56875,-0.315535972339035
13.5701388888889,-0.307534873748544
13.5715277777778,-0.267051971063805
13.5729166666667,-0.275213365411808
13.5743055555556,-0.295041038253956
13.5756944444444,-0.369135179469903
13.5770833333333,-0.347906741935989
13.5784722222222,-0.380406131274903
13.5798611111111,-0.383651950189142
13.58125,-0.341738168427182
13.5826388888889,-0.230656223030359
13.5840277777778,-0.261673522561469
13.5854166666667,-0.324456256313195
13.5868055555556,-0.370648001417981
13.5881944444444,-0.305283368757786
13.5895833333333,-0.310910358273609
13.5909722222222,-0.252738114633403
13.5923611111111,-0.280271086930983
13.59375,-0.314390967594664
13.5951388888889,-0.27788145384795
13.5965277777778,-0.237978077691088
13.5979166666667,-0.18899735078113
13.5993055555556,-0.233943011237686
13.6006944444444,-0.282568335506478
13.6020833333333,-0.32995229176928
13.6034722222222,-0.245661469121183
13.6048611111111,-0.290764189432045
13.60625,-0.226190813294382
13.6076388888889,-0.274117365817591
13.6090277777778,-0.261909946407933
13.6104166666667,-0.254689497205328
13.6118055555556,-0.294177354954375
13.6131944444444,-0.297871393698448
13.6145833333333,-0.315716952992618
13.6159722222222,-0.307713597974446
13.6173611111111,-0.316366826473081
13.61875,-0.276731549459628
13.6201388888889,-0.255114691894048
13.6215277777778,-0.29054952997518
13.6229166666667,-0.32830967345745
13.6243055555556,-0.236955168370119
13.6256944444444,-0.18135929802664
13.6270833333333,-0.197181734473422
13.6284722222222,-0.244802411475793
13.6298611111111,-0.245488902968338
13.63125,-0.23583674865148
13.6326388888889,-0.252936388056675
13.6340277777778,-0.244370171593709
13.6354166666667,-0.221260658340609
13.6368055555556,-0.230588144379502
13.6381944444444,-0.226093103947128
13.6395833333333,-0.177761656124075
13.6409722222222,-0.174524699208324
13.6423611111111,-0.222001991759388
13.64375,-0.15333452020596
13.6451388888889,-0.299738346441835
13.6465277777778,-0.317471956912853
13.6479166666667,-0.283420207854415
13.6493055555556,-0.14460599444838
13.6506944444444,-0.181757782944941
13.6520833333333,-0.223316518359111
13.6534722222222,-0.245209073367946
13.6548611111111,-0.203136560568217
13.65625,-0.138494534653099
13.6576388888889,-0.213087698389366
13.6590277777778,-0.246655202177177
13.6604166666667,-0.248563521410841
13.6618055555556,-0.168689270258579
13.6631944444444,-0.176468742003623
13.6645833333333,-0.182008974419065
13.6659722222222,-0.144459901835815
13.6673611111111,-0.178432042336692
13.66875,-0.182651875838152
13.6701388888889,-0.13895725246633
13.6715277777778,-0.187717220773744
13.6729166666667,-0.291738975240195
13.6743055555556,-0.198082002737869
13.6756944444444,-0.202549831967207
13.6770833333333,-0.230770595886004
13.6784722222222,-0.256892263607639
13.6798611111111,-0.277033029397081
13.68125,-0.148569434418669
13.6826388888889,-0.139928037293223
13.6840277777778,-0.202296154637583
13.6854166666667,-0.17922609166171
13.6868055555556,-0.208916647658119
13.6881944444444,-0.239639249461564
13.6895833333333,-0.163542119308655
13.6909722222222,-0.212252675207431
13.6923611111111,-0.252088391818232
13.69375,-0.189832243754399
13.6951388888889,-0.239133534582494
13.6965277777778,-0.254855735500534
13.6979166666667,-0.249433561545377
13.6993055555556,-0.263913828711344
13.7006944444444,-0.265124370211513
13.7020833333333,-0.168787599335095
13.7034722222222,-0.145960177008394
13.7048611111111,-0.211989284244208
13.70625,-0.260442608385719
13.7076388888889,-0.268257410568094
13.7090277777778,-0.228699888435
13.7104166666667,-0.257868297435918
13.7118055555556,-0.236478104845467
13.7131944444444,-0.214713763217419
13.7145833333333,-0.247371040180952
13.7159722222222,-0.14505388706832
13.7173611111111,-0.211418898315459
13.71875,-0.231819899379116
13.7201388888889,-0.180091632005161
13.7215277777778,-0.210992092328667
13.7229166666667,-0.121029736680106
13.7243055555556,-0.172426994580384
13.7256944444444,-0.167176079701382
13.7270833333333,-0.14604702019719
13.7284722222222,-0.187672695925005
13.7298611111111,-0.187679960079766
13.73125,-0.18449942802094
13.7326388888889,-0.190486563895556
13.7340277777778,-0.157840012657276
13.7354166666667,-0.101243196754093
13.7368055555556,-0.096186801924628
13.7381944444444,-0.18009845730741
13.7395833333333,-0.174075875526133
13.7409722222222,-0.148466980511512
13.7423611111111,-0.11131298266355
13.74375,-0.19937829068202
13.7451388888889,-0.226095260914831
13.7465277777778,-0.239005937223262
13.7479166666667,-0.229766233735564
13.7493055555556,-0.206808549042225
13.7506944444444,-0.229678963503425
13.7520833333333,-0.163869745091163
13.7534722222222,-0.205858809385734
13.7548611111111,-0.14056867822162
13.75625,-0.25788847597633
13.7576388888889,-0.172782623058976
13.7590277777778,-0.193195931888041
13.7604166666667,-0.186967949435922
13.7618055555556,-0.159839722844283
13.7631944444444,-0.130357777403364
13.7645833333333,-0.207046848518208
13.7659722222222,-0.0936198775442836
13.7673611111111,-0.119168179472722
13.76875,-0.130421399945014
13.7701388888889,-0.170837151101602
13.7715277777778,-0.238565257673518
13.7729166666667,-0.183403166409129
13.7743055555556,-0.226506376247892
13.7756944444444,-0.235150218398548
13.7770833333333,-0.221582947628413
13.7784722222222,-0.162900276245404
13.7798611111111,-0.154574384279144
13.78125,-0.186121667332845
13.7826388888889,-0.167354122726239
13.7840277777778,-0.171809953873771
13.7854166666667,-0.108835837573977
13.7868055555556,-0.147944537613236
13.7881944444444,-0.232575041347388
13.7895833333333,-0.189399509171964
13.7909722222222,-0.169650882484602
13.7923611111111,-0.198238801312014
13.79375,-0.161993404597466
13.7951388888889,-0.199349433717357
13.7965277777778,-0.21782524960087
13.7979166666667,-0.216455312668889
13.7993055555556,-0.238048151118113
13.8006944444444,-0.206664822539559
13.8020833333333,-0.260936144051481
13.8034722222222,-0.193091459143484
13.8048611111111,-0.217319489842036
13.80625,-0.193867900608934
13.8076388888889,-0.168483396577809
13.8090277777778,-0.177178375553159
13.8104166666667,-0.112372538934046
13.8118055555556,-0.141757173405595
13.8131944444444,-0.177300925452412
13.8145833333333,-0.189714945042588
13.8159722222222,-0.228193308131543
13.8173611111111,-0.215831151170551
13.81875,-0.215716500502808
13.8201388888889,-0.223290437037379
13.8215277777778,-0.269711680861159
13.8229166666667,-0.310513215001103
13.8243055555556,-0.241221285121531
13.8256944444444,-0.244662780951313
13.8270833333333,-0.237612553185721
13.8284722222222,-0.295065640364764
13.8298611111111,-0.350037725870461
13.83125,-0.257916731341418
13.8326388888889,-0.234690199236858
13.8340277777778,-0.181981492706196
13.8354166666667,-0.161395736200619
13.8368055555556,-0.180545088959082
13.8381944444444,-0.199616221291117
13.8395833333333,-0.187703031693441
13.8409722222222,-0.225792687160975
13.8423611111111,-0.205531909627871
13.84375,-0.239482519592148
13.8451388888889,-0.275790652836972
13.8465277777778,-0.190852425117711
13.8479166666667,-0.208817307127325
13.8493055555556,-0.225135312377292
13.8506944444444,-0.265145195803225
13.8520833333333,-0.181686754846786
13.8534722222222,-0.154220980153978
13.8548611111111,-0.154191299939583
13.85625,-0.161363761455698
13.8576388888889,-0.132712127161177
13.8590277777778,-0.261241690780334
13.8604166666667,-0.248951072843405
13.8618055555556,-0.196920680920868
13.8631944444444,-0.208787780324847
13.8645833333333,-0.2434626838958
13.8659722222222,-0.258905355808589
13.8673611111111,-0.190728575047186
13.86875,-0.152682136761713
13.8701388888889,-0.27933247777852
13.8715277777778,-0.311000968394114
13.8729166666667,-0.255031878719953
13.8743055555556,-0.217364940515407
13.8756944444444,-0.199726074136398
13.8770833333333,-0.198621838719741
13.8784722222222,-0.181299121254671
13.8798611111111,-0.124503924131311
13.88125,-0.204036920059467
13.8826388888889,-0.167897523888063
13.8840277777778,-0.206783011563247
13.8854166666667,-0.198571702839968
13.8868055555556,-0.158241266098319
13.8881944444444,-0.154427943348136
13.8895833333333,-0.275076148210478
13.8909722222222,-0.262651502128513
13.8923611111111,-0.207710544814396
13.89375,-0.137412777813195
13.8951388888889,-0.176480773967195
13.8965277777778,-0.254178457716805
13.8979166666667,-0.207767385667692
13.8993055555556,-0.207994066056322
13.9006944444444,-0.177973284980124
13.9020833333333,-0.165528789973837
13.9034722222222,-0.157568321649719
13.9048611111111,-0.226462050079485
13.90625,-0.179006023874021
13.9076388888889,-0.128851758847942
13.9090277777778,-0.157610194937047
13.9104166666667,-0.192782513670276
13.9118055555556,-0.200880014600253
13.9131944444444,-0.138837358856124
13.9145833333333,-0.185084414386152
13.9159722222222,-0.173043414151371
13.9173611111111,-0.16359439947149
13.91875,-0.229955862511488
13.9201388888889,-0.299450740205609
13.9215277777778,-0.256679802129941
13.9229166666667,-0.199791559608711
13.9243055555556,-0.218708567971627
13.9256944444444,-0.176778927732756
13.9270833333333,-0.178401654321527
13.9284722222222,-0.163507855628777
13.9298611111111,-0.182347615716931
13.93125,-0.111177810669543
13.9326388888889,-0.14881387016916
13.9340277777778,-0.169025447172086
13.9354166666667,-0.185376355457531
13.9368055555556,-0.242501577320784
13.9381944444444,-0.207592635033427
13.9395833333333,-0.140252974509511
13.9409722222222,-0.176164500835224
13.9423611111111,-0.0971615532979662
13.94375,-0.0516280318012456
13.9451388888889,-0.171281496159309
13.9465277777778,-0.224845975854347
13.9479166666667,-0.225244321219441
13.9493055555556,-0.240791598977913
13.9506944444444,-0.262751136630851
13.9520833333333,-0.276062332118091
13.9534722222222,-0.297167885245135
13.9548611111111,-0.214023732629682
13.95625,-0.269437162811086
13.9576388888889,-0.23856085526369
13.9590277777778,-0.226768094584863
13.9604166666667,-0.258013807740004
13.9618055555556,-0.31095074626001
13.9631944444444,-0.259369625783179
13.9645833333333,-0.231281615822002
13.9659722222222,-0.116892166901101
13.9673611111111,-0.130475053218061
13.96875,-0.170899728933375
13.9701388888889,-0.219387891905558
13.9715277777778,-0.179338603827602
13.9729166666667,-0.220753742735037
13.9743055555556,-0.225116530736619
13.9756944444444,-0.194217225887402
13.9770833333333,-0.242810425670195
13.9784722222222,-0.159264223872391
13.9798611111111,-0.151551033350701
13.98125,-0.19347356489554
13.9826388888889,-0.141212727913844
13.9840277777778,-0.194197899029201
13.9854166666667,-0.139238885703411
13.9868055555556,-0.106964743774957
13.9881944444444,-0.133351487263492
13.9895833333333,-0.174591315378907
13.9909722222222,-0.174993893617419
13.9923611111111,-0.225550864399645
13.99375,-0.175128710568414
13.9951388888889,-0.0956535592449555
13.9965277777778,-0.0948892167187767
13.9979166666667,-0.129122203537925
13.9993055555556,-0.136688525976556
14.0006944444444,-0.160667965525013
14.0020833333333,-0.202603428061084
14.0034722222222,-0.173235100634268
14.0048611111111,-0.229004454891733
14.00625,-0.24893705807243
14.0076388888889,-0.203391296120359
14.0090277777778,-0.259047719453921
14.0104166666667,-0.224303474581394
14.0118055555556,-0.285731621475845
14.0131944444444,-0.227293037259723
14.0145833333333,-0.199515217570788
14.0159722222222,-0.243669040884693
14.0173611111111,-0.234419760435639
14.01875,-0.262444504224521
14.0201388888889,-0.225196723882688
14.0215277777778,-0.13712013420941
14.0229166666667,-0.169715516412832
14.0243055555556,-0.226634565962952
14.0256944444444,-0.22873070169412
14.0270833333333,-0.235045880783969
14.0284722222222,-0.279047339465429
14.0298611111111,-0.282033688963444
14.03125,-0.280288433907176
14.0326388888889,-0.239079346150616
14.0340277777778,-0.243994077465262
14.0354166666667,-0.202631578834895
14.0368055555556,-0.226757624518221
14.0381944444444,-0.274114375418622
14.0395833333333,-0.326077669045963
14.0409722222222,-0.281385264152584
14.0423611111111,-0.310360851177692
14.04375,-0.327900227625145
14.0451388888889,-0.350560501749441
14.0465277777778,-0.251879774173884
14.0479166666667,-0.218107414747397
14.0493055555556,-0.259172575163385
14.0506944444444,-0.207883142374163
14.0520833333333,-0.234161035820181
14.0534722222222,-0.233896937122583
14.0548611111111,-0.205936763726343
14.05625,-0.230297003779525
14.0576388888889,-0.240636645023202
14.0590277777778,-0.170163914828411
14.0604166666667,-0.223919603878521
14.0618055555556,-0.266276648578054
14.0631944444444,-0.223614466368027
14.0645833333333,-0.238358601060934
14.0659722222222,-0.124898014420719
14.0673611111111,-0.176232945945043
14.06875,-0.176715755198061
14.0701388888889,-0.273628282513457
14.0715277777778,-0.257495030986398
14.0729166666667,-0.316161934379992
14.0743055555556,-0.361842976592304
14.0756944444444,-0.316471923955593
14.0770833333333,-0.271215485438657
14.0784722222222,-0.249012428498647
14.0798611111111,-0.266026065770587
14.08125,-0.314901520481114
14.0826388888889,-0.312796573532534
14.0840277777778,-0.220731564796961
14.0854166666667,-0.265413878293321
14.0868055555556,-0.334027105157862
14.0881944444444,-0.364052617042296
14.0895833333333,-0.328805736926418
14.0909722222222,-0.34973511468907
14.0923611111111,-0.289605670249618
14.09375,-0.258868811346918
14.0951388888889,-0.199214307587244
14.0965277777778,-0.18187584507057
14.0979166666667,-0.227574801833046
14.0993055555556,-0.149719352402246
14.1006944444444,-0.211801682746598
14.1020833333333,-0.287143530381522
14.1034722222222,-0.172477513713358
14.1048611111111,-0.271209142922856
14.10625,-0.224897713647907
14.1076388888889,-0.22333219923173
14.1090277777778,-0.310715405092925
14.1104166666667,-0.283677478978527
14.1118055555556,-0.289826489407253
14.1131944444444,-0.297284324099094
14.1145833333333,-0.33762499905902
14.1159722222222,-0.308899619723666
14.1173611111111,-0.287270878859164
14.11875,-0.304279679779663
14.1201388888889,-0.224779371618046
14.1215277777778,-0.250013309537546
14.1229166666667,-0.322712493240057
14.1243055555556,-0.353197103945448
14.1256944444444,-0.313852056665466
14.1270833333333,-0.367916998216553
14.1284722222222,-0.324424936436202
14.1298611111111,-0.280665691389908
14.13125,-0.337268429649063
14.1326388888889,-0.215265533695793
14.1340277777778,-0.241440963654491
14.1354166666667,-0.239286813898101
14.1368055555556,-0.27080500744407
14.1381944444444,-0.293229116386922
14.1395833333333,-0.223188811454036
14.1409722222222,-0.203424261337891
14.1423611111111,-0.30061584657148
14.14375,-0.287405968445074
14.1451388888889,-0.292990462008078
14.1465277777778,-0.272824431405568
14.1479166666667,-0.264628505051391
14.1493055555556,-0.291401629396242
14.1506944444444,-0.332905855013648
14.1520833333333,-0.371091985083502
14.1534722222222,-0.338162435332757
14.1548611111111,-0.306181816851823
14.15625,-0.268562929805538
14.1576388888889,-0.306076848728546
14.1590277777778,-0.27638339659733
14.1604166666667,-0.341051128329988
14.1618055555556,-0.318461316475133
14.1631944444444,-0.26209226343291
14.1645833333333,-0.241990870310879
14.1659722222222,-0.313358826227887
14.1673611111111,-0.28355434975975
14.16875,-0.282612975691967
14.1701388888889,-0.342407510765253
14.1715277777778,-0.26165464641347
14.1729166666667,-0.249936267896739
14.1743055555556,-0.29725150072046
14.1756944444444,-0.315926220199853
14.1770833333333,-0.265273535882282
14.1784722222222,-0.266905808227315
14.1798611111111,-0.298980821746329
14.18125,-0.311222351603532
14.1826388888889,-0.393490745047674
14.1840277777778,-0.330112210183159
14.1854166666667,-0.333321731214416
14.1868055555556,-0.2930289313682
14.1881944444444,-0.334232221206609
14.1895833333333,-0.346035678276684
14.1909722222222,-0.335331361587897
14.1923611111111,-0.390763999588407
14.19375,-0.423202120289186
14.1951388888889,-0.392869933952616
14.1965277777778,-0.367160409749349
14.1979166666667,-0.342777035794581
14.1993055555556,-0.279711709786738
14.2006944444444,-0.313720131925708
14.2020833333333,-0.388153639574611
14.2034722222222,-0.338276760489731
14.2048611111111,-0.348180474676623
14.20625,-0.369171296838244
14.2076388888889,-0.372242612130849
14.2090277777778,-0.386209352901294
14.2104166666667,-0.392116923851109
14.2118055555556,-0.424196713230749
14.2131944444444,-0.412847928832064
14.2145833333333,-0.378914283391067
14.2159722222222,-0.310795326502099
14.2173611111111,-0.315987605156277
14.21875,-0.344883664081397
14.2201388888889,-0.330524064008225
14.2215277777778,-0.323135801070945
14.2229166666667,-0.337291814532348
14.2243055555556,-0.276307922319832
14.2256944444444,-0.302924015457124
14.2270833333333,-0.282820851429409
14.2284722222222,-0.329045763235271
14.2298611111111,-0.298495781671169
14.23125,-0.351430267773907
14.2326388888889,-0.321642559045049
14.2340277777778,-0.390608384850079
14.2354166666667,-0.38062706528779
14.2368055555556,-0.350979042532718
14.2381944444444,-0.317843952977355
14.2395833333333,-0.322673725809727
14.2409722222222,-0.253116289050104
14.2423611111111,-0.262455301755171
14.24375,-0.272292391727142
14.2451388888889,-0.296536104637224
14.2465277777778,-0.277124701016038
14.2479166666667,-0.304931557347987
14.2493055555556,-0.28410128143344
14.2506944444444,-0.331573250771446
14.2520833333333,-0.292038846126383
14.2534722222222,-0.274093950169734
14.2548611111111,-0.308534335703312
14.25625,-0.261909290410894
14.2576388888889,-0.230828554822062
14.2590277777778,-0.237161633675634
14.2604166666667,-0.267504862665264
14.2618055555556,-0.236190302962404
14.2631944444444,-0.276599380753918
14.2645833333333,-0.245831132845712
14.2659722222222,-0.296004987160012
14.2673611111111,-0.355270263122033
14.26875,-0.29477512784959
14.2701388888889,-0.293928723527755
14.2715277777778,-0.415822497124766
14.2729166666667,-0.361751243246767
14.2743055555556,-0.384104014700192
14.2756944444444,-0.307595199277758
14.2770833333333,-0.35249567454216
14.2784722222222,-0.300061116069612
14.2798611111111,-0.320681340071125
14.28125,-0.373268962236817
14.2826388888889,-0.39074344491338
14.2840277777778,-0.361637909440943
14.2854166666667,-0.364645077070607
14.2868055555556,-0.341650214847752
14.2881944444444,-0.333923029163063
14.2895833333333,-0.322170955108851
14.2909722222222,-0.330004403976415
14.2923611111111,-0.224383182602917
14.29375,-0.250974485559947
14.2951388888889,-0.282038884657589
14.2965277777778,-0.318835039584161
14.2979166666667,-0.311399379446393
14.2993055555556,-0.31442167221004
14.3006944444444,-0.252861843298375
14.3020833333333,-0.323771442174565
14.3034722222222,-0.276544454724173
14.3048611111111,-0.283817821828132
14.30625,-0.154738771412308
14.3076388888889,-0.237534665203578
14.3090277777778,-0.318727131768287
14.3104166666667,-0.309204223610533
14.3118055555556,-0.301072899083238
14.3131944444444,-0.216002332205824
14.3145833333333,-0.207901532697438
14.3159722222222,-0.315453078903302
14.3173611111111,-0.23258518850287
14.31875,-0.266903262163108
14.3201388888889,-0.248285777676168
14.3215277777778,-0.229399732609281
14.3229166666667,-0.199919014569641
14.3243055555556,-0.238257246853885
14.3256944444444,-0.22125391020388
14.3270833333333,-0.204978443541867
14.3284722222222,-0.303231277284137
14.3298611111111,-0.306814150024157
14.33125,-0.277562495639289
14.3326388888889,-0.247177258966052
14.3340277777778,-0.213890516453641
14.3354166666667,-0.191286051283696
14.3368055555556,-0.139190645115676
14.3381944444444,-0.159970637836216
14.3395833333333,-0.254320585704452
14.3409722222222,-0.256786393321832
14.3423611111111,-0.23268018075647
14.34375,-0.182396666854981
14.3451388888889,-0.244535041860163
14.3465277777778,-0.217485487964978
14.3479166666667,-0.189175261487351
14.3493055555556,-0.277617845121864
14.3506944444444,-0.242800724571027
14.3520833333333,-0.227262984271784
14.3534722222222,-0.283151970865599
14.3548611111111,-0.281879946456216
14.35625,-0.277646559423391
14.3576388888889,-0.208205210079625
14.3590277777778,-0.188093118626976
14.3604166666667,-0.174232664377345
14.3618055555556,-0.241303292335687
14.3631944444444,-0.265343220549568
14.3645833333333,-0.277317582305266
14.3659722222222,-0.260403991756162
14.3673611111111,-0.207503350673069
14.36875,-0.299602992201097
14.3701388888889,-0.337467538749305
14.3715277777778,-0.341964328675993
14.3729166666667,-0.22537756797793
14.3743055555556,-0.144189807124998
14.3756944444444,-0.18386776362536
14.3770833333333,-0.236499794724242
14.3784722222222,-0.301323309335882
14.3798611111111,-0.296136023255768
14.38125,-0.289432105034544
14.3826388888889,-0.320649000191843
14.3840277777778,-0.374191221136727
14.3854166666667,-0.256396163498518
14.3868055555556,-0.266267603883906
14.3881944444444,-0.277330790414874
14.3895833333333,-0.26748667720373
14.3909722222222,-0.187417617795161
14.3923611111111,-0.256458070933211
14.39375,-0.274723298919864
14.3951388888889,-0.291366649702817
14.3965277777778,-0.289818258779851
14.3979166666667,-0.247509514678875
14.3993055555556,-0.211069955256552
14.4006944444444,-0.233074185517966
14.4020833333333,-0.147824469500842
14.4034722222222,-0.196073228388372
14.4048611111111,-0.262444499897223
14.40625,-0.314971175323936
14.4076388888889,-0.312187154831418
14.4090277777778,-0.291362312801046
14.4104166666667,-0.211490278511869
14.4118055555556,-0.131240762255582
14.4131944444444,-0.158835698286592
14.4145833333333,-0.247025629023375
14.4159722222222,-0.171590407769658
14.4173611111111,-0.231323883278194
14.41875,-0.259036449547753
14.4201388888889,-0.188905943983016
14.4215277777778,-0.177871653590144
14.4229166666667,-0.218271980451272
14.4243055555556,-0.285203135657774
14.4256944444444,-0.306759337602852
14.4270833333333,-0.33604584155732
14.4284722222222,-0.285989192925156
14.4298611111111,-0.298760460735253
14.43125,-0.257482292763396
14.4326388888889,-0.232923772556722
14.4340277777778,-0.23906826121296
14.4354166666667,-0.28622339167584
14.4368055555556,-0.192548288712524
14.4381944444444,-0.248686103365605
14.4395833333333,-0.233723564780247
14.4409722222222,-0.22602045421377
14.4423611111111,-0.237954324469085
14.44375,-0.235737852698762
14.4451388888889,-0.196583434543291
14.4465277777778,-0.144268914120575
14.4479166666667,-0.175203516388586
14.4493055555556,-0.222720674972518
14.4506944444444,-0.214956913452758
14.4520833333333,-0.248679535702287
14.4534722222222,-0.205528916701663
14.4548611111111,-0.146789278170862
14.45625,-0.142689301055718
14.4576388888889,-0.169715539974516
14.4590277777778,-0.212300555853516
14.4604166666667,-0.201174739956351
14.4618055555556,-0.229434365188142
14.4631944444444,-0.249214837922142
14.4645833333333,-0.198318018198919
14.4659722222222,-0.142655600778711
14.4673611111111,-0.246483544766754
14.46875,-0.197422254413197
14.4701388888889,-0.207053510749362
14.4715277777778,-0.203243313801735
14.4729166666667,-0.200255679359911
14.4743055555556,-0.19011828921212
14.4756944444444,-0.258808712606159
14.4770833333333,-0.25656539384007
14.4784722222222,-0.282686467751716
14.4798611111111,-0.248695708413907
14.48125,-0.230195623127667
14.4826388888889,-0.138678495266626
14.4840277777778,-0.169699035643597
14.4854166666667,-0.155724380083617
14.4868055555556,-0.11983225498907
14.4881944444444,-0.102579804338239
14.4895833333333,-0.0607960937743767
14.4909722222222,-0.129473185578889
14.4923611111111,-0.189364986138805
14.49375,-0.191674262870997
14.4951388888889,-0.200364749512817
14.4965277777778,-0.109064270774163
14.4979166666667,-0.17497252551202
14.4993055555556,-0.118308972750249
14.5006944444444,-0.151119272893784
14.5020833333333,-0.203868205067774
14.5034722222222,-0.18797448864249
14.5048611111111,-0.186904300645111
14.50625,-0.257312342664863
14.5076388888889,-0.249166650049816
14.5090277777778,-0.197769437536746
14.5104166666667,-0.205927680561959
14.5118055555556,-0.241128287390671
14.5131944444444,-0.285122378090381
14.5145833333333,-0.286005613609108
14.5159722222222,-0.283157384497535
14.5173611111111,-0.203273386511619
14.51875,-0.181697178859618
14.5201388888889,-0.191469310173545
14.5215277777778,-0.252170951027247
14.5229166666667,-0.199443188165276
14.5243055555556,-0.11723132128084
14.5256944444444,-0.0663607107917648
14.5270833333333,-0.0860721355274585
14.5284722222222,-0.181481674304848
14.5298611111111,-0.124536534937046
14.53125,-0.183352161739003
14.5326388888889,-0.125289368423981
14.5340277777778,-0.0796247023333561
14.5354166666667,-0.228117770637726
14.5368055555556,-0.197295385676847
14.5381944444444,-0.272813978194574
14.5395833333333,-0.263645541149892
14.5409722222222,-0.213608892440722
14.5423611111111,-0.263808161118615
14.54375,-0.257417526516293
14.5451388888889,-0.260141726395001
14.5465277777778,-0.247427862294938
14.5479166666667,-0.248633751113497
14.5493055555556,-0.243226389172156
14.5506944444444,-0.217525298919787
14.5520833333333,-0.185603976297305
14.5534722222222,-0.162163947804835
14.5548611111111,-0.203733981778879
14.55625,-0.186852629626104
14.5576388888889,-0.19277481261583
14.5590277777778,-0.195586227991629
14.5604166666667,-0.179916683430444
14.5618055555556,-0.264305478841281
14.5631944444444,-0.364019594976281
14.5645833333333,-0.259354881948103
14.5659722222222,-0.265337787969091
14.5673611111111,-0.265111193328829
14.56875,-0.347923407436437
14.5701388888889,-0.271245302718308
14.5715277777778,-0.256306557022142
14.5729166666667,-0.279733149946317
14.5743055555556,-0.30218320443372
14.5756944444444,-0.313386849630674
14.5770833333333,-0.197413186243375
14.5784722222222,-0.246068528649703
14.5798611111111,-0.226987080776845
14.58125,-0.265972449826563
14.5826388888889,-0.2721279001691
14.5840277777778,-0.269831059142843
14.5854166666667,-0.26395717531972
14.5868055555556,-0.203542095610734
14.5881944444444,-0.202213106335714
14.5895833333333,-0.214431044743084
14.5909722222222,-0.265094429533154
14.5923611111111,-0.226973309032748
14.59375,-0.188778483812929
14.5951388888889,-0.228314448586226
14.5965277777778,-0.242237348161408
14.5979166666667,-0.198993451423021
14.5993055555556,-0.337987607316917
14.6006944444444,-0.323895320319179
14.6020833333333,-0.276259793880637
14.6034722222222,-0.290574891867477
14.6048611111111,-0.197206546614158
14.60625,-0.215687323643723
14.6076388888889,-0.123880451380172
14.6090277777778,-0.195328990124692
14.6104166666667,-0.254677226562254
14.6118055555556,-0.259710609581688
14.6131944444444,-0.329786519493869
14.6145833333333,-0.249777750825825
14.6159722222222,-0.315069966787424
14.6173611111111,-0.266701610874746
14.61875,-0.236705273063199
14.6201388888889,-0.255875428357424
14.6215277777778,-0.293782201321916
14.6229166666667,-0.283978518035707
14.6243055555556,-0.328609566024018
14.6256944444444,-0.257590382778113
14.6270833333333,-0.265126475006721
14.6284722222222,-0.204860928490615
14.6298611111111,-0.172344297281053
14.63125,-0.188234434210993
14.6326388888889,-0.205969066153301
14.6340277777778,-0.137428099777686
14.6354166666667,-0.222458542241805
14.6368055555556,-0.158206830192687
14.6381944444444,-0.214979558195966
14.6395833333333,-0.216369289463535
14.6409722222222,-0.225389237805007
14.6423611111111,-0.290333980356712
14.64375,-0.301193957344976
14.6451388888889,-0.222958267744057
14.6465277777778,-0.210735255090443
14.6479166666667,-0.208189188290523
14.6493055555556,-0.277153537514749
14.6506944444444,-0.304106143687094
14.6520833333333,-0.195615149222143
14.6534722222222,-0.199436819797278
14.6548611111111,-0.24943113462586
14.65625,-0.285069939917582
14.6576388888889,-0.239317160989642
14.6590277777778,-0.205227958606389
14.6604166666667,-0.32021420520158
14.6618055555556,-0.32368435682781
14.6631944444444,-0.324834648196657
14.6645833333333,-0.334786885685232
14.6659722222222,-0.342509631112298
14.6673611111111,-0.274852523672843
14.66875,-0.307163561733768
14.6701388888889,-0.364538556634197
14.6715277777778,-0.381858777092368
14.6729166666667,-0.319005327748713
14.6743055555556,-0.277265369838416
14.6756944444444,-0.231103035009867
14.6770833333333,-0.275580668596224
14.6784722222222,-0.28509589532753
14.6798611111111,-0.305038064969808
14.68125,-0.316603352426454
14.6826388888889,-0.30976770004139
14.6840277777778,-0.258778515174944
14.6854166666667,-0.279489737832001
14.6868055555556,-0.2979089269436
14.6881944444444,-0.338849618937267
14.6895833333333,-0.386604646655046
14.6909722222222,-0.250241085639175
14.6923611111111,-0.260495677193713
14.69375,-0.264742695444808
14.6951388888889,-0.287180134577626
14.6965277777778,-0.414582982835881
14.6979166666667,-0.341679772611686
14.6993055555556,-0.34027810046956
14.7006944444444,-0.360940848224363
14.7020833333333,-0.454693622002164
14.7034722222222,-0.510285253041952
14.7048611111111,-0.411884347583374
14.70625,-0.421672140038876
14.7076388888889,-0.440622962255929
14.7090277777778,-0.312910495279942
14.7104166666667,-0.314342319475625
14.7118055555556,-0.330522220096096
14.7131944444444,-0.397558026524436
14.7145833333333,-0.405084436387195
14.7159722222222,-0.392004938579847
14.7173611111111,-0.396260658151637
14.71875,-0.380561904963679
14.7201388888889,-0.387764070521731
14.7215277777778,-0.347045483096743
14.7229166666667,-0.346439524483861
14.7243055555556,-0.363749366895046
14.7256944444444,-0.397746840108728
14.7270833333333,-0.405967869999256
14.7284722222222,-0.394419497573984
14.7298611111111,-0.395221628537408
14.73125,-0.418291863856254
14.7326388888889,-0.4119610941008
14.7340277777778,-0.45627001788177
14.7354166666667,-0.424499622497542
14.7368055555556,-0.342007318498335
14.7381944444444,-0.418545549776709
14.7395833333333,-0.431557331721437
14.7409722222222,-0.457127682539508
14.7423611111111,-0.426811726759163
14.74375,-0.409949819799949
14.7451388888889,-0.413752753733767
14.7465277777778,-0.427340692674337
14.7479166666667,-0.406244739035415
14.7493055555556,-0.48154591900752
14.7506944444444,-0.438132773485096
14.7520833333333,-0.344837367894072
14.7534722222222,-0.315461537604553
14.7548611111111,-0.360599311365116
14.75625,-0.307288113180808
14.7576388888889,-0.309122667103999
14.7590277777778,-0.353198951243137
14.7604166666667,-0.33226884288997
14.7618055555556,-0.376466503470038
14.7631944444444,-0.363306664969404
14.7645833333333,-0.390263322927319
14.7659722222222,-0.443620819812528
14.7673611111111,-0.422638955019649
14.76875,-0.403974320819228
14.7701388888889,-0.317131975851829
14.7715277777778,-0.331295292221792
14.7729166666667,-0.387030533656259
14.7743055555556,-0.346883815432904
14.7756944444444,-0.340099427456623
14.7770833333333,-0.321309820799797
14.7784722222222,-0.326749352233724
14.7798611111111,-0.320164992854241
14.78125,-0.311293104826782
14.7826388888889,-0.360938581320636
14.7840277777778,-0.318103134910608
14.7854166666667,-0.280378995977505
14.7868055555556,-0.35106806020681
14.7881944444444,-0.324293917899403
14.7895833333333,-0.292271976202878
14.7909722222222,-0.33455160711835
14.7923611111111,-0.389610726032536
14.79375,-0.427877351231139
14.7951388888889,-0.456741473905831
14.7965277777778,-0.369977629396827
14.7979166666667,-0.387013290506322
14.7993055555556,-0.393433088711969
14.8006944444444,-0.375916253494985
14.8020833333333,-0.389318161298915
14.8034722222222,-0.377608352757931
14.8048611111111,-0.343735938042307
14.80625,-0.403729392019079
14.8076388888889,-0.390825680068116
14.8090277777778,-0.441494566502432
14.8104166666667,-0.376181979244846
14.8118055555556,-0.401889275531656
14.8131944444444,-0.393842449551267
14.8145833333333,-0.383462729556234
14.8159722222222,-0.364391552538622
14.8173611111111,-0.442049541919385
14.81875,-0.487934337880389
14.8201388888889,-0.411702303443569
14.8215277777778,-0.420794036966832
14.8229166666667,-0.390718294154786
14.8243055555556,-0.439331269945884
14.8256944444444,-0.327803415078084
14.8270833333333,-0.33468029950978
14.8284722222222,-0.388567564934323
14.8298611111111,-0.421218288982431
14.83125,-0.422608070804965
14.8326388888889,-0.375672098487575
14.8340277777778,-0.386256667206045
14.8354166666667,-0.394679651118658
14.8368055555556,-0.361091933888951
14.8381944444444,-0.291516157839084
14.8395833333333,-0.321359791793905
14.8409722222222,-0.326541646980749
14.8423611111111,-0.365826832198469
14.84375,-0.324264522772846
14.8451388888889,-0.407303489226824
14.8465277777778,-0.341515855503263
14.8479166666667,-0.372973670394875
14.8493055555556,-0.351478239375417
14.8506944444444,-0.265464065294937
14.8520833333333,-0.259315035047504
14.8534722222222,-0.245181855601478
14.8548611111111,-0.227416504998759
14.85625,-0.27376325598456
14.8576388888889,-0.29715176937562
14.8590277777778,-0.259622189264318
14.8604166666667,-0.307336038947066
14.8618055555556,-0.320261100269213
14.8631944444444,-0.36389201002852
14.8645833333333,-0.340866132405068
14.8659722222222,-0.350001751002741
14.8673611111111,-0.319017567056417
14.86875,-0.325764001331621
14.8701388888889,-0.369599477861406
14.8715277777778,-0.344544364110041
14.8729166666667,-0.281079431061634
14.8743055555556,-0.300458527038426
14.8756944444444,-0.271107413518249
14.8770833333333,-0.181974579924877
14.8784722222222,-0.334398364090583
14.8798611111111,-0.396449063360308
14.88125,-0.273104805504269
14.8826388888889,-0.324993455964311
14.8840277777778,-0.318512925417318
14.8854166666667,-0.382421293105665
14.8868055555556,-0.340528153081394
14.8881944444444,-0.322853294129803
14.8895833333333,-0.294116874637473
14.8909722222222,-0.250920308883291
14.8923611111111,-0.259195979123286
14.89375,-0.304575997251339
14.8951388888889,-0.370377611895436
14.8965277777778,-0.458540135697966
14.8979166666667,-0.434837480359777
14.8993055555556,-0.399823065810746
14.9006944444444,-0.442808066849274
14.9020833333333,-0.406932029373138
14.9034722222222,-0.389432337659546
14.9048611111111,-0.351266976540891
14.90625,-0.393403774686065
14.9076388888889,-0.34216799809566
14.9090277777778,-0.36339548691894
14.9104166666667,-0.298994491643291
14.9118055555556,-0.303029779632388
14.9131944444444,-0.333365900433471
14.9145833333333,-0.328268581636934
14.9159722222222,-0.278367756617637
14.9173611111111,-0.324910640199023
14.91875,-0.310931612779787
14.9201388888889,-0.274232583548974
14.9215277777778,-0.224539028137458
14.9229166666667,-0.283175731822667
14.9243055555556,-0.311336080742947
14.9256944444444,-0.385946550895744
14.9270833333333,-0.337186238986042
14.9284722222222,-0.352441214557444
14.9298611111111,-0.341560789165313
14.93125,-0.296937518437431
14.9326388888889,-0.304587880984687
14.9340277777778,-0.297384588241796
14.9354166666667,-0.295291835238868
14.9368055555556,-0.295935333358086
14.9381944444444,-0.322638765553512
14.9395833333333,-0.311224636668635
14.9409722222222,-0.280205793171071
14.9423611111111,-0.280227450691497
14.94375,-0.249417962086737
14.9451388888889,-0.200134011373896
14.9465277777778,-0.241135511869178
14.9479166666667,-0.248792624011126
14.9493055555556,-0.19420146025458
14.9506944444444,-0.207787038983788
14.9520833333333,-0.201671949596949
14.9534722222222,-0.185621870595529
14.9548611111111,-0.278485147120047
14.95625,-0.233663205510973
14.9576388888889,-0.267850300873539
14.9590277777778,-0.24666790428386
14.9604166666667,-0.259012665682203
14.9618055555556,-0.283424172339241
14.9631944444444,-0.245201523915918
14.9645833333333,-0.276422718279647
14.9659722222222,-0.258939499468374
14.9673611111111,-0.285805522954833
14.96875,-0.373023645648153
14.9701388888889,-0.22597158962152
14.9715277777778,-0.239547589440187
14.9729166666667,-0.172563361522266
14.9743055555556,-0.158266741122829
14.9756944444444,-0.249222494135313
14.9770833333333,-0.32883238380527
14.9784722222222,-0.2997221375096
14.9798611111111,-0.352513898749637
14.98125,-0.225558368974212
14.9826388888889,-0.2011993873163
14.9840277777778,-0.235457213782091
14.9854166666667,-0.285642231618805
14.9868055555556,-0.292951545560691
14.9881944444444,-0.302629457442729
14.9895833333333,-0.251781728387147
14.9909722222222,-0.19296318174014
14.9923611111111,-0.221601213247971
14.99375,-0.238949757632995
14.9951388888889,-0.249199626490569
14.9965277777778,-0.262781849110852
14.9979166666667,-0.244877310116699
14.9993055555556,-0.215722401807134
15.0006944444444,-0.225417806352286
15.0020833333333,-0.283565874804454
15.0034722222222,-0.259619763938197
15.0048611111111,-0.300791191379593
15.00625,-0.318551653677563
15.0076388888889,-0.258537965300088
15.0090277777778,-0.22563647588716
15.0104166666667,-0.310029617785215
15.0118055555556,-0.268393818900237
15.0131944444444,-0.277620002741662
15.0145833333333,-0.313903942664358
15.0159722222222,-0.212748369730052
15.0173611111111,-0.216509666641057
15.01875,-0.245496868710111
15.0201388888889,-0.263935197124948
15.0215277777778,-0.257165466905889
15.0229166666667,-0.199589729055187
15.0243055555556,-0.198170909403242
15.0256944444444,-0.207038793952965
15.0270833333333,-0.343751402777993
15.0284722222222,-0.253792550022422
15.0298611111111,-0.205618387891588
15.03125,-0.171832074304744
15.0326388888889,-0.15229369742488
15.0340277777778,-0.184702495666741
15.0354166666667,-0.26835104937579
15.0368055555556,-0.281723878166234
15.0381944444444,-0.275107601665173
15.0395833333333,-0.21256086924083
15.0409722222222,-0.209989566771428
15.0423611111111,-0.29852369224769
15.04375,-0.238494990498626
15.0451388888889,-0.280177404610112
15.0465277777778,-0.204041406495834
15.0479166666667,-0.238432696748581
15.0493055555556,-0.117511464233144
15.0506944444444,-0.209035255022718
15.0520833333333,-0.171572029982423
15.0534722222222,-0.182884753197159
15.0548611111111,-0.223504859092172
15.05625,-0.21689984401146
15.0576388888889,-0.270774678273815
15.0590277777778,-0.264883390706465
15.0604166666667,-0.266160977557006
15.0618055555556,-0.212154195882305
15.0631944444444,-0.157840384389746
15.0645833333333,-0.144529048718677
15.0659722222222,-0.145547534072784
15.0673611111111,-0.115280028455441
15.06875,-0.201989146930206
15.0701388888889,-0.227794416610932
15.0715277777778,-0.206858939714206
15.0729166666667,-0.154680387479
15.0743055555556,-0.179997081677291
15.0756944444444,-0.155498898787189
15.0770833333333,-0.279056422606052
15.0784722222222,-0.1812054739417
15.0798611111111,-0.210639088555641
15.08125,-0.216070196816706
15.0826388888889,-0.295268812837051
15.0840277777778,-0.216439926876611
15.0854166666667,-0.297838370425256
15.0868055555556,-0.304212344475767
15.0881944444444,-0.237639269883712
15.0895833333333,-0.293814677615827
15.0909722222222,-0.200758304571414
15.0923611111111,-0.199232583561091
15.09375,-0.172441491235298
15.0951388888889,-0.136777586573065
15.0965277777778,-0.148051347831576
15.0979166666667,-0.124110833550218
15.0993055555556,-0.196080670536942
15.1006944444444,-0.189257776308236
15.1020833333333,-0.192023390036374
15.1034722222222,-0.202339502411808
15.1048611111111,-0.179887388323176
15.10625,-0.0607031087495051
15.1076388888889,-0.138014246106907
15.1090277777778,-0.179360274563074
15.1104166666667,-0.135466957063016
15.1118055555556,-0.175017794562231
15.1131944444444,-0.259963733992016
15.1145833333333,-0.211689535925312
15.1159722222222,-0.196489701367248
15.1173611111111,-0.271204677959569
15.11875,-0.184188179347256
15.1201388888889,-0.221459701956798
15.1215277777778,-0.196158046233808
15.1229166666667,-0.155685872923031
15.1243055555556,-0.215203775217853
15.1256944444444,-0.179901975674549
15.1270833333333,-0.196398336246923
15.1284722222222,-0.209698490357642
15.1298611111111,-0.138151317860134
15.13125,-0.149361657708285
15.1326388888889,-0.143235677174339
15.1340277777778,-0.124726350485741
15.1354166666667,-0.207285448796654
15.1368055555556,-0.166266192916362
15.1381944444444,-0.169776428569916
15.1395833333333,-0.212419714412797
15.1409722222222,-0.246858523534484
15.1423611111111,-0.203103798516533
15.14375,-0.245675095969499
15.1451388888889,-0.208240896022131
15.1465277777778,-0.222645514646286
15.1479166666667,-0.25762766267159
15.1493055555556,-0.291100127944694
15.1506944444444,-0.281806132326594
15.1520833333333,-0.213494344303336
15.1534722222222,-0.333429639455233
15.1548611111111,-0.295739379617701
15.15625,-0.226699663775724
15.1576388888889,-0.269507277945161
15.1590277777778,-0.166614691206563
15.1604166666667,-0.238456620890588
15.1618055555556,-0.347752440055472
15.1631944444444,-0.288667249380415
15.1645833333333,-0.261801976137137
15.1659722222222,-0.315494766375001
15.1673611111111,-0.339813204643212
15.16875,-0.262509435905667
15.1701388888889,-0.271627197255776
15.1715277777778,-0.286728682109229
15.1729166666667,-0.32621860247054
15.1743055555556,-0.324712749486185
15.1756944444444,-0.330546374391112
15.1770833333333,-0.314007074341714
15.1784722222222,-0.284387378849386
15.1798611111111,-0.192105734895001
15.18125,-0.178744776541837
15.1826388888889,-0.197457800834824
15.1840277777778,-0.26916354052717
15.1854166666667,-0.222008197444517
15.1868055555556,-0.251539278394626
15.1881944444444,-0.228168046956876
15.1895833333333,-0.302776451122767
15.1909722222222,-0.246133483281979
15.1923611111111,-0.271331868318131
15.19375,-0.359017892479361
15.1951388888889,-0.321082729730916
15.1965277777778,-0.335169209783639
15.1979166666667,-0.356520932092473
15.1993055555556,-0.329299831686291
15.2006944444444,-0.349065965824832
15.2020833333333,-0.230853635571663
15.2034722222222,-0.245312554693403
15.2048611111111,-0.227505552235878
15.20625,-0.285359720724046
15.2076388888889,-0.263043080961653
15.2090277777778,-0.208960354108635
15.2104166666667,-0.227566851209955
15.2118055555556,-0.209995398230806
15.2131944444444,-0.290008001144946
15.2145833333333,-0.29834188457874
15.2159722222222,-0.338224978785179
15.2173611111111,-0.290846657965798
15.21875,-0.289166528000664
15.2201388888889,-0.221831651805083
15.2215277777778,-0.228687660015606
15.2229166666667,-0.239589197606117
15.2243055555556,-0.299811448878053
15.2256944444444,-0.296018283648741
15.2270833333333,-0.316436130305116
15.2284722222222,-0.305354156957362
15.2298611111111,-0.265676688603471
15.23125,-0.237735634899456
15.2326388888889,-0.247935560352488
15.2340277777778,-0.225329595121341
15.2354166666667,-0.281297497825346
15.2368055555556,-0.370699745937451
15.2381944444444,-0.395412852391566
15.2395833333333,-0.377654723627198
15.2409722222222,-0.360822504624448
15.2423611111111,-0.385880902493185
15.24375,-0.365448309691363
15.2451388888889,-0.27368726488921
15.2465277777778,-0.292323879986992
15.2479166666667,-0.292471895554431
15.2493055555556,-0.403624156122899
15.2506944444444,-0.36331690069233
15.2520833333333,-0.337934459746721
15.2534722222222,-0.373190977806093
15.2548611111111,-0.355474880687025
15.25625,-0.415084804925577
15.2576388888889,-0.386318563710611
15.2590277777778,-0.333903409930493
15.2604166666667,-0.345559929959935
15.2618055555556,-0.368963241232747
15.2631944444444,-0.41675286281183
15.2645833333333,-0.401161974208845
15.2659722222222,-0.35542894262625
15.2673611111111,-0.419027574245409
15.26875,-0.301155644549554
15.2701388888889,-0.233391328843147
15.2715277777778,-0.249906064659759
15.2729166666667,-0.343229884120818
15.2743055555556,-0.371891362336042
15.2756944444444,-0.405801440541504
15.2770833333333,-0.427251052228575
15.2784722222222,-0.349460287352843
15.2798611111111,-0.311035084953894
15.28125,-0.398203617413653
15.2826388888889,-0.424872294309829
15.2840277777778,-0.386668327793317
15.2854166666667,-0.440500142179881
15.2868055555556,-0.488233181275449
15.2881944444444,-0.460963688042381
15.2895833333333,-0.466844988095008
15.2909722222222,-0.489106079648868
15.2923611111111,-0.45336371926698
15.29375,-0.375950900530671
15.2951388888889,-0.437412991723538
15.2965277777778,-0.336904551381526
15.2979166666667,-0.277763378527162
15.2993055555556,-0.301452038347241
15.3006944444444,-0.328594274010692
15.3020833333333,-0.316364725752181
15.3034722222222,-0.36558159274509
15.3048611111111,-0.253294672846322
15.30625,-0.226192099048796
15.3076388888889,-0.329906018644246
15.3090277777778,-0.312507759753681
15.3104166666667,-0.353930232384747
15.3118055555556,-0.355202174434352
15.3131944444444,-0.367945408918374
15.3145833333333,-0.419026281201691
15.3159722222222,-0.389438613956164
15.3173611111111,-0.376489021102732
15.31875,-0.339438002120665
15.3201388888889,-0.327431399042241
15.3215277777778,-0.407250711641179
15.3229166666667,-0.352184117222277
15.3243055555556,-0.347594230102264
15.3256944444444,-0.348117964785458
15.3270833333333,-0.36547910731953
15.3284722222222,-0.340421258209744
15.3298611111111,-0.434591540143164
15.33125,-0.339250468228052
15.3326388888889,-0.344738152820177
15.3340277777778,-0.311575723410277
15.3354166666667,-0.290970323494027
15.3368055555556,-0.263999463541194
15.3381944444444,-0.308140800122889
15.3395833333333,-0.35484506976486
15.3409722222222,-0.351537815708007
15.3423611111111,-0.348136227278537
15.34375,-0.351489461707517
15.3451388888889,-0.324432810800309
15.3465277777778,-0.35284199745529
15.3479166666667,-0.295936490801347
15.3493055555556,-0.284741100195549
15.3506944444444,-0.285159781763359
15.3520833333333,-0.218392478006716
15.3534722222222,-0.20709513024039
15.3548611111111,-0.20242743491066
15.35625,-0.18658684943445
15.3576388888889,-0.219894543391504
15.3590277777778,-0.204609800945091
15.3604166666667,-0.287219607367272
15.3618055555556,-0.260245396204259
15.3631944444444,-0.262232575653868
15.3645833333333,-0.285680963471329
15.3659722222222,-0.28862828177517
15.3673611111111,-0.26333515412834
15.36875,-0.263412575888012
15.3701388888889,-0.297487026569115
15.3715277777778,-0.257616930331932
15.3729166666667,-0.260170473033108
15.3743055555556,-0.423075132635002
15.3756944444444,-0.378864006625715
15.3770833333333,-0.349117325961408
15.3784722222222,-0.301466717707105
15.3798611111111,-0.261524499780994
15.38125,-0.233898850978846
15.3826388888889,-0.246930057984486
15.3840277777778,-0.339450859573891
15.3854166666667,-0.273971828097855
15.3868055555556,-0.281855694666138
15.3881944444444,-0.314843514749943
15.3895833333333,-0.310562988478912
15.3909722222222,-0.359288332253604
15.3923611111111,-0.337403588430545
15.39375,-0.323608429735079
15.3951388888889,-0.272024181560624
15.3965277777778,-0.320767446677362
15.3979166666667,-0.217308897669921
15.3993055555556,-0.199426806965082
15.4006944444444,-0.194828631048073
15.4020833333333,-0.265082175914609
15.4034722222222,-0.249725362192324
15.4048611111111,-0.253123295036634
15.40625,-0.233429058159583
15.4076388888889,-0.246935994294767
15.4090277777778,-0.282814335461534
15.4104166666667,-0.211043044256014
15.4118055555556,-0.188879152316315
15.4131944444444,-0.201869434709929
15.4145833333333,-0.197223694966786
15.4159722222222,-0.278229299106234
15.4173611111111,-0.315813523140511
15.41875,-0.245259023114973
15.4201388888889,-0.187288085428339
15.4215277777778,-0.243349167123597
15.4229166666667,-0.228710199359694
15.4243055555556,-0.250325784177972
15.4256944444444,-0.203572268116052
15.4270833333333,-0.214318766117882
15.4284722222222,-0.210679850997494
15.4298611111111,-0.237335836654997
15.43125,-0.236186761674373
15.4326388888889,-0.229615071776108
15.4340277777778,-0.246734008384411
15.4354166666667,-0.299464773809126
15.4368055555556,-0.230409556810216
15.4381944444444,-0.207838703072383
15.4395833333333,-0.200489375059915
15.4409722222222,-0.130138937072036
15.4423611111111,-0.234646934003776
15.44375,-0.248689559232906
15.4451388888889,-0.264220936173312
15.4465277777778,-0.307562268472876
15.4479166666667,-0.331523869974307
15.4493055555556,-0.318625897993101
15.4506944444444,-0.367360054418473
15.4520833333333,-0.349549151460051
15.4534722222222,-0.2543810703769
15.4548611111111,-0.240858657925338
15.45625,-0.212190847839258
15.4576388888889,-0.235548426408503
15.4590277777778,-0.360646217295959
15.4604166666667,-0.399299541573342
15.4618055555556,-0.443892687644617
15.4631944444444,-0.329501888921762
15.4645833333333,-0.374878883582328
15.4659722222222,-0.380891533546629
15.4673611111111,-0.430393757448128
15.46875,-0.389140601271341
15.4701388888889,-0.390763906784878
15.4715277777778,-0.362993814155646
15.4729166666667,-0.328613001494394
15.4743055555556,-0.366711201291241
15.4756944444444,-0.298125311282087
15.4770833333333,-0.302503332013447
15.4784722222222,-0.355807097265077
15.4798611111111,-0.400471503634459
15.48125,-0.361671326305898
15.4826388888889,-0.439036961732952
15.4840277777778,-0.312701113669084
15.4854166666667,-0.312593178306541
15.4868055555556,-0.349000808941053
15.4881944444444,-0.426517781556748
15.4895833333333,-0.40812416900356
15.4909722222222,-0.444139702041858
15.4923611111111,-0.428445354397858
15.49375,-0.381037626752477
15.4951388888889,-0.346240645959739
15.4965277777778,-0.381013988671799
15.4979166666667,-0.407318534492066
15.4993055555556,-0.371922168429668
15.5006944444444,-0.305392819661792
15.5020833333333,-0.298468919846213
15.5034722222222,-0.230390571488202
15.5048611111111,-0.333370415085334
15.50625,-0.328741445460512
15.5076388888889,-0.349539628271977
15.5090277777778,-0.345787085967441
15.5104166666667,-0.370474335980173
15.5118055555556,-0.342401854958669
15.5131944444444,-0.406541097920369
15.5145833333333,-0.457760780295899
15.5159722222222,-0.43957356601242
15.5173611111111,-0.448634578700411
15.51875,-0.31722837979478
15.5201388888889,-0.377566504688924
15.5215277777778,-0.465519673016385
15.5229166666667,-0.431110612291449
15.5243055555556,-0.373006028862085
15.5256944444444,-0.40919103727746
15.5270833333333,-0.329156601395425
15.5284722222222,-0.400348853774474
15.5298611111111,-0.360046289168612
15.53125,-0.263856587313908
15.5326388888889,-0.359635088326228
15.5340277777778,-0.310195775469003
15.5354166666667,-0.366745614386912
15.5368055555556,-0.393492713188293
15.5381944444444,-0.286729421593097
15.5395833333333,-0.342971566642458
15.5409722222222,-0.378002680753914
15.5423611111111,-0.347683155374635
15.54375,-0.366222798646487
15.5451388888889,-0.318861523643588
15.5465277777778,-0.373944224177552
15.5479166666667,-0.336512694006207
15.5493055555556,-0.384697365203516
15.5506944444444,-0.34243968624067
15.5520833333333,-0.230954171273466
15.5534722222222,-0.207855147630376
15.5548611111111,-0.248685473689997
15.55625,-0.293197988230067
15.5576388888889,-0.275713171347871
15.5590277777778,-0.337141927835165
15.5604166666667,-0.428624918762639
15.5618055555556,-0.380111603576749
15.5631944444444,-0.350773104746498
15.5645833333333,-0.318380146485601
15.5659722222222,-0.241352002224732
15.5673611111111,-0.315208193353746
15.56875,-0.31820181009311
15.5701388888889,-0.21843588153731
15.5715277777778,-0.337626712838783
15.5729166666667,-0.397117053135697
15.5743055555556,-0.331993395964128
15.5756944444444,-0.307094504901733
15.5770833333333,-0.348678898971761
15.5784722222222,-0.401053723014679
15.5798611111111,-0.299776170665208
15.58125,-0.395642370322533
15.5826388888889,-0.327981125357796
15.5840277777778,-0.290786788380515
15.5854166666667,-0.335468259941414
15.5868055555556,-0.334154931774331
15.5881944444444,-0.409713618889598
15.5895833333333,-0.414447920725696
15.5909722222222,-0.320475063009336
15.5923611111111,-0.39666487491557
15.59375,-0.356228300609531
15.5951388888889,-0.296115620281408
15.5965277777778,-0.311408077610006
15.5979166666667,-0.320808830245237
15.5993055555556,-0.298897999253722
15.6006944444444,-0.310656119607294
15.6020833333333,-0.297733738748907
15.6034722222222,-0.304061084544904
15.6048611111111,-0.415020110695609
15.60625,-0.361085438212251
15.6076388888889,-0.286232983724318
15.6090277777778,-0.39086175841564
15.6104166666667,-0.383548553395787
15.6118055555556,-0.43225926251639
15.6131944444444,-0.390031102193927
15.6145833333333,-0.421328981406829
15.6159722222222,-0.368935233436915
15.6173611111111,-0.394585983562864
15.61875,-0.422262079510994
15.6201388888889,-0.439171902414056
15.6215277777778,-0.353636255089727
15.6229166666667,-0.423661638414746
15.6243055555556,-0.446166322597636
15.6256944444444,-0.349083981615888
15.6270833333333,-0.384251594158253
15.6284722222222,-0.432195848242811
15.6298611111111,-0.40766774000662
15.63125,-0.414669626051253
15.6326388888889,-0.415722416194625
15.6340277777778,-0.416513518553383
15.6354166666667,-0.442729377611898
15.6368055555556,-0.416614010114731
15.6381944444444,-0.414135230352015
15.6395833333333,-0.445277345197165
15.6409722222222,-0.440207535412373
15.6423611111111,-0.510787682470415
15.64375,-0.450603008651683
15.6451388888889,-0.454780406211814
15.6465277777778,-0.45424479890944
15.6479166666667,-0.433104090163009
15.6493055555556,-0.45507357641439
15.6506944444444,-0.408637685077481
15.6520833333333,-0.407678079171427
15.6534722222222,-0.420354527227511
15.6548611111111,-0.45944298903508
15.65625,-0.502858589035562
15.6576388888889,-0.477078973189297
15.6590277777778,-0.483698760801749
15.6604166666667,-0.464244546401485
15.6618055555556,-0.427461935676718
15.6631944444444,-0.435603458744947
15.6645833333333,-0.464587022363308
15.6659722222222,-0.45841824832291
15.6673611111111,-0.511457864621652
15.66875,-0.522351315873472
15.6701388888889,-0.46913094022625
15.6715277777778,-0.471423400344639
15.6729166666667,-0.430380098249898
15.6743055555556,-0.423849687442558
15.6756944444444,-0.449933449713681
15.6770833333333,-0.505462878956093
15.6784722222222,-0.420371393675448
15.6798611111111,-0.460377819923406
15.68125,-0.44728151949828
15.6826388888889,-0.451042633174245
15.6840277777778,-0.393849659345371
15.6854166666667,-0.407912768038407
15.6868055555556,-0.405672240390315
15.6881944444444,-0.354478223346854
15.6895833333333,-0.381226571905665
15.6909722222222,-0.344272261478429
15.6923611111111,-0.405591948975212
15.69375,-0.382409323524969
15.6951388888889,-0.373331285156132
15.6965277777778,-0.363191604722521
15.6979166666667,-0.353780358618541
15.6993055555556,-0.433387836828857
15.7006944444444,-0.399178903907008
15.7020833333333,-0.40849372398934
15.7034722222222,-0.471745208141443
15.7048611111111,-0.502199282738624
15.70625,-0.508148830060623
15.7076388888889,-0.467025340933757
15.7090277777778,-0.458694968556028
15.7104166666667,-0.448212988592241
15.7118055555556,-0.43740103304121
15.7131944444444,-0.490911677512123
15.7145833333333,-0.458155638339255
15.7159722222222,-0.421619833847602
15.7173611111111,-0.392443018989498
15.71875,-0.380003320406254
15.7201388888889,-0.461670766725972
15.7215277777778,-0.463571906076218
15.7229166666667,-0.421949087890388
15.7243055555556,-0.39810124051624
15.7256944444444,-0.38539973730366
15.7270833333333,-0.380932524931064
15.7284722222222,-0.36966064153536
15.7298611111111,-0.388483359089722
15.73125,-0.369851245488336
15.7326388888889,-0.430601729623047
15.7340277777778,-0.485010535374772
15.7354166666667,-0.438232812628919
15.7368055555556,-0.422546149071017
15.7381944444444,-0.392670208405099
15.7395833333333,-0.383724085813497
15.7409722222222,-0.37912477792956
15.7423611111111,-0.329492289712747
15.74375,-0.458091903132066
15.7451388888889,-0.449283460157741
15.7465277777778,-0.462609995760875
15.7479166666667,-0.44265684143603
15.7493055555556,-0.438533967013435
15.7506944444444,-0.429346229144457
15.7520833333333,-0.386579566709988
15.7534722222222,-0.388645794823782
15.7548611111111,-0.384341707406916
15.75625,-0.343129052053538
15.7576388888889,-0.353395758722245
15.7590277777778,-0.395942542931056
15.7604166666667,-0.396164048821943
15.7618055555556,-0.382432320351855
15.7631944444444,-0.381320442051451
15.7645833333333,-0.374371953065909
15.7659722222222,-0.418029837544165
15.7673611111111,-0.433028314535207
15.76875,-0.449883549691375
15.7701388888889,-0.344205911234613
15.7715277777778,-0.350010563829788
15.7729166666667,-0.449223253216746
15.7743055555556,-0.462393139895196
15.7756944444444,-0.447465416248879
15.7770833333333,-0.429932817625714
15.7784722222222,-0.455817674952654
15.7798611111111,-0.376483688511016
15.78125,-0.473842575180674
15.7826388888889,-0.384708576194479
15.7840277777778,-0.394689920204166
15.7854166666667,-0.389886015103136
15.7868055555556,-0.35408903182084
15.7881944444444,-0.353160361403459
15.7895833333333,-0.378706935301716
15.7909722222222,-0.41374892173513
15.7923611111111,-0.35887249458236
15.79375,-0.446980946173758
15.7951388888889,-0.402288349156427
15.7965277777778,-0.398453375600005
15.7979166666667,-0.444199834139698
15.7993055555556,-0.436556548645704
15.8006944444444,-0.353139997158508
15.8020833333333,-0.392141794416394
15.8034722222222,-0.321612894236906
15.8048611111111,-0.310542293884237
15.80625,-0.296701801061783
15.8076388888889,-0.372060109842514
15.8090277777778,-0.340568164876892
15.8104166666667,-0.359337963128519
15.8118055555556,-0.394267095547699
15.8131944444444,-0.370452196616387
15.8145833333333,-0.338456678163543
15.8159722222222,-0.406472836192128
15.8173611111111,-0.434219176905454
15.81875,-0.454221618824651
15.8201388888889,-0.393076131052609
15.8215277777778,-0.409506725244284
15.8229166666667,-0.324356024980052
15.8243055555556,-0.281300470974351
15.8256944444444,-0.346601593821133
15.8270833333333,-0.393267159068176
15.8284722222222,-0.354061288483436
15.8298611111111,-0.329735024781545
15.83125,-0.366390084315456
15.8326388888889,-0.393083896359544
15.8340277777778,-0.411170140043209
15.8354166666667,-0.370202366033372
15.8368055555556,-0.359080942378338
15.8381944444444,-0.416693584670604
15.8395833333333,-0.376349170036581
15.8409722222222,-0.374290721856409
15.8423611111111,-0.397323095934469
15.84375,-0.441969992680543
15.8451388888889,-0.438190142157893
15.8465277777778,-0.355762264302764
15.8479166666667,-0.387305849703854
15.8493055555556,-0.406941808114141
15.8506944444444,-0.519578903754769
15.8520833333333,-0.49439415139353
15.8534722222222,-0.451466146190683
15.8548611111111,-0.470670769133364
15.85625,-0.419892616201769
15.8576388888889,-0.337645121567771
15.8590277777778,-0.34979673319525
15.8604166666667,-0.428762694326462
15.8618055555556,-0.388358046406691
15.8631944444444,-0.433145363367998
15.8645833333333,-0.425235330890463
15.8659722222222,-0.388764133561992
15.8673611111111,-0.39609649566467
15.86875,-0.405729008171561
15.8701388888889,-0.398712152688025
15.8715277777778,-0.44359650383193
15.8729166666667,-0.441585035261975
15.8743055555556,-0.371112163032195
15.8756944444444,-0.394733392491951
15.8770833333333,-0.401355823664106
15.8784722222222,-0.355250789478316
15.8798611111111,-0.362751218317178
15.88125,-0.449053160579529
15.8826388888889,-0.438117893898921
15.8840277777778,-0.459497298340319
15.8854166666667,-0.555166157846852
15.8868055555556,-0.484363072030818
15.8881944444444,-0.539145713484272
15.8895833333333,-0.52761492579381
15.8909722222222,-0.425896953544753
15.8923611111111,-0.469113418997737
15.89375,-0.402696796331724
15.8951388888889,-0.413796109295798
15.8965277777778,-0.447110947927698
15.8979166666667,-0.484300935646903
15.8993055555556,-0.46996997917563
15.9006944444444,-0.449485125714031
15.9020833333333,-0.444751611549394
15.9034722222222,-0.402926009025479
15.9048611111111,-0.428067942288489
15.90625,-0.432566176711085
15.9076388888889,-0.453253777219443
15.9090277777778,-0.482557670326338
15.9104166666667,-0.43414558970528
15.9118055555556,-0.429395003445446
15.9131944444444,-0.432177549415688
15.9145833333333,-0.395700649734788
15.9159722222222,-0.54427021788163
15.9173611111111,-0.534565064847243
15.91875,-0.517240724076436
15.9201388888889,-0.437945301859152
15.9215277777778,-0.488379183416899
15.9229166666667,-0.479590267590907
15.9243055555556,-0.497354770290704
15.9256944444444,-0.436857856162347
15.9270833333333,-0.409235641555538
15.9284722222222,-0.366167929275204
15.9298611111111,-0.404071174231989
15.93125,-0.375276590195613
15.9326388888889,-0.370355173129122
15.9340277777778,-0.340746065307905
15.9354166666667,-0.357637231114328
15.9368055555556,-0.36618002070727
15.9381944444444,-0.336345326501626
15.9395833333333,-0.324154955255084
15.9409722222222,-0.401759234449513
15.9423611111111,-0.373913427374686
15.94375,-0.405717852428802
15.9451388888889,-0.461948137413079
15.9465277777778,-0.515875700308143
15.9479166666667,-0.525323840051259
15.9493055555556,-0.546969810873045
15.9506944444444,-0.487814705670743
15.9520833333333,-0.469053269596126
15.9534722222222,-0.537190511117059
15.9548611111111,-0.501419284123172
15.95625,-0.456966538166845
15.9576388888889,-0.480674642594199
15.9590277777778,-0.543904281528447
15.9604166666667,-0.519430767497931
15.9618055555556,-0.510249591241921
15.9631944444444,-0.472699185597133
15.9645833333333,-0.490107649999043
15.9659722222222,-0.488014474396339
15.9673611111111,-0.5077119652989
15.96875,-0.547836424954213
15.9701388888889,-0.53797571815045
15.9715277777778,-0.529388319745205
15.9729166666667,-0.523417772159004
15.9743055555556,-0.527837703141687
15.9756944444444,-0.546706637673285
15.9770833333333,-0.450189373608782
15.9784722222222,-0.447482980733219
15.9798611111111,-0.431140573502765
15.98125,-0.428796421645062
15.9826388888889,-0.449549912893467
15.9840277777778,-0.462132748550405
15.9854166666667,-0.453248371627732
15.9868055555556,-0.441496124872478
15.9881944444444,-0.343658763369991
15.9895833333333,-0.321458651999292
15.9909722222222,-0.349778483944927
15.9923611111111,-0.373343805567275
15.99375,-0.41701608190008
15.9951388888889,-0.347914757231539
15.9965277777778,-0.340250578980901
15.9979166666667,-0.377115873457449
15.9993055555556,-0.361786691016573
16.0006944444444,-0.394697709180438
16.0020833333333,-0.36763477753995
16.0034722222222,-0.431010689696256
16.0048611111111,-0.390511390670978
16.00625,-0.367261966185543
16.0076388888889,-0.415253041420786
16.0090277777778,-0.385218706339822
16.0104166666667,-0.360568544430814
16.0118055555556,-0.345327367929188
16.0131944444444,-0.331886273148345
16.0145833333333,-0.376091272279308
16.0159722222222,-0.292542448146834
16.0173611111111,-0.389575328235787
16.01875,-0.338213854676397
16.0201388888889,-0.336126606412237
16.0215277777778,-0.317325170888597
16.0229166666667,-0.30004358268465
16.0243055555556,-0.390859770851465
16.0256944444444,-0.421299043820017
16.0270833333333,-0.422237726938043
16.0284722222222,-0.424339512566623
16.0298611111111,-0.431965886468353
16.03125,-0.399783654499493
16.0326388888889,-0.432135548348713
16.0340277777778,-0.419762954244876
16.0354166666667,-0.35672575458075
16.0368055555556,-0.270984650647742
16.0381944444444,-0.329711818373506
16.0395833333333,-0.302548091464483
16.0409722222222,-0.358689667223535
16.0423611111111,-0.331281030385874
16.04375,-0.372013738534752
16.0451388888889,-0.426369360088935
16.0465277777778,-0.416704100647295
16.0479166666667,-0.400915440114602
16.0493055555556,-0.407817988850682
16.0506944444444,-0.418754921133182
16.0520833333333,-0.391992538552098
16.0534722222222,-0.423641872526547
16.0548611111111,-0.42610410144464
16.05625,-0.389845436168596
16.0576388888889,-0.401461679527736
16.0590277777778,-0.413924056045524
16.0604166666667,-0.408609479053697
16.0618055555556,-0.38467306563198
16.0631944444444,-0.401796215416342
16.0645833333333,-0.418059745063585
16.0659722222222,-0.385620110366033
16.0673611111111,-0.388388179095252
16.06875,-0.38318092930291
16.0701388888889,-0.398087516367194
16.0715277777778,-0.347098455324297
16.0729166666667,-0.30500296056506
16.0743055555556,-0.329198929697173
16.0756944444444,-0.378637580804945
16.0770833333333,-0.401475121506822
16.0784722222222,-0.395407952651292
16.0798611111111,-0.414965063333563
16.08125,-0.420783445796477
16.0826388888889,-0.389611231296913
16.0840277777778,-0.407853153286983
16.0854166666667,-0.427128148902297
16.0868055555556,-0.343924153781038
16.0881944444444,-0.38936668750102
16.0895833333333,-0.435703248628773
16.0909722222222,-0.409274693078276
16.0923611111111,-0.441023828052233
16.09375,-0.407829900491785
16.0951388888889,-0.392202618034711
16.0965277777778,-0.408725237324921
16.0979166666667,-0.418538967872345
16.0993055555556,-0.389219465743284
16.1006944444444,-0.340847077261849
16.1020833333333,-0.424130785349906
16.1034722222222,-0.428934289596657
16.1048611111111,-0.437752449132008
16.10625,-0.458063018375226
16.1076388888889,-0.446351615050153
16.1090277777778,-0.374332291558331
16.1104166666667,-0.355006403120407
16.1118055555556,-0.402310161740082
16.1131944444444,-0.399537622595305
16.1145833333333,-0.394438048387681
16.1159722222222,-0.431254032210288
16.1173611111111,-0.450404320288207
16.11875,-0.398247578483455
16.1201388888889,-0.376149380029489
16.1215277777778,-0.34659441719982
16.1229166666667,-0.325789042501066
16.1243055555556,-0.360341582147153
16.1256944444444,-0.355261626021346
16.1270833333333,-0.471467426859765
16.1284722222222,-0.445682730689433
16.1298611111111,-0.42402443791655
16.13125,-0.45811687607656
16.1326388888889,-0.470540472776147
16.1340277777778,-0.467022371609412
16.1354166666667,-0.391767296188308
16.1368055555556,-0.396223656843331
16.1381944444444,-0.481873101736514
16.1395833333333,-0.52028885902107
16.1409722222222,-0.49871667455417
16.1423611111111,-0.481596031796007
16.14375,-0.423462089404884
16.1451388888889,-0.457121660409669
16.1465277777778,-0.491951249463659
16.1479166666667,-0.448379709982305
16.1493055555556,-0.472494984911756
16.1506944444444,-0.500385806855741
16.1520833333333,-0.466757254874379
16.1534722222222,-0.508171981970562
16.1548611111111,-0.495374552412349
16.15625,-0.464907275754498
16.1576388888889,-0.381687319310907
16.1590277777778,-0.462302133605541
16.1604166666667,-0.412727432262001
16.1618055555556,-0.442874638283642
16.1631944444444,-0.348159044752848
16.1645833333333,-0.384383590029347
16.1659722222222,-0.418582798319233
16.1673611111111,-0.401453881378604
16.16875,-0.433975134371386
16.1701388888889,-0.392188129220507
16.1715277777778,-0.464209442284863
16.1729166666667,-0.499343222563206
16.1743055555556,-0.507551339614858
16.1756944444444,-0.488933108578401
16.1770833333333,-0.450635645762154
16.1784722222222,-0.518311118538933
16.1798611111111,-0.424688500050842
16.18125,-0.383043295208769
16.1826388888889,-0.332525229096891
16.1840277777778,-0.43154423706801
16.1854166666667,-0.39770496127226
16.1868055555556,-0.409491128634425
16.1881944444444,-0.387856723482957
16.1895833333333,-0.35382749803233
16.1909722222222,-0.326874875493981
16.1923611111111,-0.307504269575408
16.19375,-0.396447454778516
16.1951388888889,-0.433580162496942
16.1965277777778,-0.441756199245913
16.1979166666667,-0.432891285668342
16.1993055555556,-0.412216650635932
16.2006944444444,-0.383720351810016
16.2020833333333,-0.440561512886179
16.2034722222222,-0.405921123014758
16.2048611111111,-0.364465364325493
16.20625,-0.361370670336951
16.2076388888889,-0.362254200041343
16.2090277777778,-0.3115854743935
16.2104166666667,-0.334438250996774
16.2118055555556,-0.402469898567192
16.2131944444444,-0.424838105780873
16.2145833333333,-0.34393311733116
16.2159722222222,-0.353879048500289
16.2173611111111,-0.364182539549852
16.21875,-0.365811459996141
16.2201388888889,-0.441912711172361
16.2215277777778,-0.446343345249071
16.2229166666667,-0.427454930462378
16.2243055555556,-0.35198600961558
16.2256944444444,-0.330525454866553
16.2270833333333,-0.330810405355047
16.2284722222222,-0.408729401993974
16.2298611111111,-0.365918946993152
16.23125,-0.347174562932732
16.2326388888889,-0.385055333202656
16.2340277777778,-0.427940689627035
16.2354166666667,-0.405221045911685
16.2368055555556,-0.38817136094013
16.2381944444444,-0.388706412430929
16.2395833333333,-0.451474226260536
16.2409722222222,-0.453995180326353
16.2423611111111,-0.503237551784176
16.24375,-0.511699140171999
16.2451388888889,-0.509108989426835
16.2465277777778,-0.410309700824574
16.2479166666667,-0.436557923224474
16.2493055555556,-0.455815458273446
16.2506944444444,-0.476866288565607
16.2520833333333,-0.459427118115002
16.2534722222222,-0.420378644329227
16.2548611111111,-0.40943105759429
16.25625,-0.393540387830041
16.2576388888889,-0.433567690756332
16.2590277777778,-0.386210739846205
16.2604166666667,-0.398471661435233
16.2618055555556,-0.425269314111552
16.2631944444444,-0.445824207314708
16.2645833333333,-0.443894568366093
16.2659722222222,-0.450754552963338
16.2673611111111,-0.485640723665657
16.26875,-0.452205996873119
16.2701388888889,-0.472064421887953
16.2715277777778,-0.421914143301163
16.2729166666667,-0.446288960174532
16.2743055555556,-0.368464719826856
16.2756944444444,-0.417171617282709
16.2770833333333,-0.440426405743854
16.2784722222222,-0.389395908172048
16.2798611111111,-0.418004191466536
16.28125,-0.399752561207746
16.2826388888889,-0.395311812937025
16.2840277777778,-0.445361744523997
16.2854166666667,-0.512517950487709
16.2868055555556,-0.480653369324084
16.2881944444444,-0.47187218421944
16.2895833333333,-0.490071422177427
16.2909722222222,-0.405680216722071
16.2923611111111,-0.40023125631139
16.29375,-0.437853031790747
16.2951388888889,-0.401982460839605
16.2965277777778,-0.408444090507042
16.2979166666667,-0.423585137592804
16.2993055555556,-0.352965028395917
16.3006944444444,-0.353583105555287
16.3020833333333,-0.370797053236485
16.3034722222222,-0.372266650518479
16.3048611111111,-0.397914240166295
16.30625,-0.405451065034296
16.3076388888889,-0.441938237686794
16.3090277777778,-0.424163643015379
16.3104166666667,-0.392749724369124
16.3118055555556,-0.364037061197626
16.3131944444444,-0.465979073101496
16.3145833333333,-0.439018079123792
16.3159722222222,-0.461454138628587
16.3173611111111,-0.450891923231239
16.31875,-0.424187137840723
16.3201388888889,-0.447083718611897
16.3215277777778,-0.436217037112375
16.3229166666667,-0.413135333683747
16.3243055555556,-0.41765975546668
16.3256944444444,-0.468776245910308
16.3270833333333,-0.483243021022308
16.3284722222222,-0.46370947497383
16.3298611111111,-0.452808263291818
16.33125,-0.420755856729171
16.3326388888889,-0.432965811145896
16.3340277777778,-0.413104299847535
16.3354166666667,-0.427014898920106
16.3368055555556,-0.507813152775913
16.3381944444444,-0.436964425011537
16.3395833333333,-0.412704597605133
16.3409722222222,-0.445368987279968
16.3423611111111,-0.410404252086027
16.34375,-0.284746297851072
16.3451388888889,-0.399599984282384
16.3465277777778,-0.356728116947853
16.3479166666667,-0.365856993092204
16.3493055555556,-0.343435723364905
16.3506944444444,-0.357794180713196
16.3520833333333,-0.401102512732833
16.3534722222222,-0.261269732154988
16.3548611111111,-0.330312444748612
16.35625,-0.420383759870119
16.3576388888889,-0.406197547407455
16.3590277777778,-0.390105273013502
16.3604166666667,-0.370597752763828
16.3618055555556,-0.396225726066904
16.3631944444444,-0.405276402400064
16.3645833333333,-0.424796426615753
16.3659722222222,-0.420196074207368
16.3673611111111,-0.417270775809907
16.36875,-0.378061395774446
16.3701388888889,-0.354517352959962
16.3715277777778,-0.378366688090501
16.3729166666667,-0.386993700821616
16.3743055555556,-0.397646299181458
16.3756944444444,-0.370896737068725
16.3770833333333,-0.426120651483223
16.3784722222222,-0.47461534297901
16.3798611111111,-0.436518414845869
16.38125,-0.414893068287168
16.3826388888889,-0.43729914236466
16.3840277777778,-0.428319043492208
16.3854166666667,-0.387375686579488
16.3868055555556,-0.413644351565089
16.3881944444444,-0.451352825999717
16.3895833333333,-0.444717704386215
16.3909722222222,-0.399006055128191
16.3923611111111,-0.433798980314912
16.39375,-0.444808267743954
16.3951388888889,-0.483237757681667
16.3965277777778,-0.493180852873196
16.3979166666667,-0.467925510076436
16.3993055555556,-0.518512251239336
16.4006944444444,-0.454717141493146
16.4020833333333,-0.480442227186968
16.4034722222222,-0.45921915333172
16.4048611111111,-0.510450891645704
16.40625,-0.486890102590301
16.4076388888889,-0.475147042482651
16.4090277777778,-0.501955017535812
16.4104166666667,-0.434209079206552
16.4118055555556,-0.430781737649892
16.4131944444444,-0.476955699913971
16.4145833333333,-0.469061165682495
16.4159722222222,-0.499799907175201
16.4173611111111,-0.515609129919055
16.41875,-0.51605302697172
16.4201388888889,-0.50387944349783
16.4215277777778,-0.506683776861236
16.4229166666667,-0.508577725910709
16.4243055555556,-0.452325836609939
16.4256944444444,-0.452753398406619
16.4270833333333,-0.49264800313509
16.4284722222222,-0.459238922698826
16.4298611111111,-0.436972053936699
16.43125,-0.374291940695247
16.4326388888889,-0.405164941952069
16.4340277777778,-0.44679908090878
16.4354166666667,-0.461261066069917
16.4368055555556,-0.453123365307082
16.4381944444444,-0.368631968692312
16.4395833333333,-0.389915018000932
16.4409722222222,-0.389974616850106
16.4423611111111,-0.361263053028051
16.44375,-0.386917936439979
16.4451388888889,-0.432836327767396
16.4465277777778,-0.480859211575305
16.4479166666667,-0.403935565072067
16.4493055555556,-0.331622664568075
16.4506944444444,-0.333749957085747
16.4520833333333,-0.308188842549739
16.4534722222222,-0.354140482378291
16.4548611111111,-0.365235107817079
16.45625,-0.36261459644664
16.4576388888889,-0.340246933438181
16.4590277777778,-0.234113672568802
16.4604166666667,-0.344575033135811
16.4618055555556,-0.413970365882383
16.4631944444444,-0.319557387283848
16.4645833333333,-0.272287563765899
16.4659722222222,-0.303495713470546
16.4673611111111,-0.269767612746046
16.46875,-0.331809131930824
16.4701388888889,-0.391226728361946
16.4715277777778,-0.354564665448393
16.4729166666667,-0.416351343318335
16.4743055555556,-0.443276097511192
16.4756944444444,-0.505503677654247
16.4770833333333,-0.412187184267734
16.4784722222222,-0.353924808395921
16.4798611111111,-0.362551606760364
16.48125,-0.386800365176254
16.4826388888889,-0.40696594883569
16.4840277777778,-0.385192062127203
16.4854166666667,-0.488403570916629
16.4868055555556,-0.416088898570984
16.4881944444444,-0.425851282338621
16.4895833333333,-0.412806496300199
16.4909722222222,-0.414077577164858
16.4923611111111,-0.424443673658119
16.49375,-0.398092762017123
16.4951388888889,-0.39780669044902
16.4965277777778,-0.435512564043232
16.4979166666667,-0.47522973145728
16.4993055555556,-0.517466890760081
16.5006944444444,-0.445194493506693
16.5020833333333,-0.478898940754487
16.5034722222222,-0.476571498695864
16.5048611111111,-0.47950147479357
16.50625,-0.525035776259658
16.5076388888889,-0.507595416214007
16.5090277777778,-0.500111317946433
16.5104166666667,-0.458162421404837
16.5118055555556,-0.423246456965917
16.5131944444444,-0.340959132234357
16.5145833333333,-0.391122140146607
16.5159722222222,-0.429250904151543
16.5173611111111,-0.335321668127173
16.51875,-0.404706277477307
16.5201388888889,-0.377621357744007
16.5215277777778,-0.391475147246607
16.5229166666667,-0.370105755870626
16.5243055555556,-0.403084671550072
16.5256944444444,-0.453859624725318
16.5270833333333,-0.386133507569014
16.5284722222222,-0.422625391435848
16.5298611111111,-0.414357295108349
16.53125,-0.434876813233024
16.5326388888889,-0.448563976771873
16.5340277777778,-0.473203590301599
16.5354166666667,-0.488484021626651
16.5368055555556,-0.49999425513793
16.5381944444444,-0.435631080606005
16.5395833333333,-0.427084364914768
16.5409722222222,-0.382908686779403
16.5423611111111,-0.348878971151464
16.54375,-0.428353109463783
16.5451388888889,-0.430534983449232
16.5465277777778,-0.379277119687874
16.5479166666667,-0.414681601267165
16.5493055555556,-0.438242797648428
16.5506944444444,-0.432257949529758
16.5520833333333,-0.421182842938646
16.5534722222222,-0.376956721528906
16.5548611111111,-0.428056857861504
16.55625,-0.446383316765152
16.5576388888889,-0.454336603637618
16.5590277777778,-0.420872998042923
16.5604166666667,-0.409810215225985
16.5618055555556,-0.50160594715098
16.5631944444444,-0.54061634826294
16.5645833333333,-0.550246998821555
16.5659722222222,-0.478496735150908
16.5673611111111,-0.500014789495792
16.56875,-0.464729583283387
16.5701388888889,-0.417501921243221
16.5715277777778,-0.473012764639351
16.5729166666667,-0.444971504903557
16.5743055555556,-0.411740963078168
16.5756944444444,-0.355153296408479
16.5770833333333,-0.39106780285352
16.5784722222222,-0.378509124740528
16.5798611111111,-0.430809698988784
16.58125,-0.421535148170709
16.5826388888889,-0.385474312588691
16.5840277777778,-0.355352882247167
16.5854166666667,-0.445215119103793
16.5868055555556,-0.429758739389897
16.5881944444444,-0.444113608283429
16.5895833333333,-0.479901290785723
16.5909722222222,-0.471280418396913
16.5923611111111,-0.474700663495214
16.59375,-0.441703230550043
16.5951388888889,-0.482378993253422
16.5965277777778,-0.46115782557404
16.5979166666667,-0.424292947324561
16.5993055555556,-0.401785231337171
16.6006944444444,-0.400549094899914
16.6020833333333,-0.422061330850017
16.6034722222222,-0.384546965544241
16.6048611111111,-0.340113238167516
16.60625,-0.371358397970932
16.6076388888889,-0.419321128929654
16.6090277777778,-0.394768908929759
16.6104166666667,-0.448383440996647
16.6118055555556,-0.455260215943427
16.6131944444444,-0.404657923656513
16.6145833333333,-0.394943975432159
16.6159722222222,-0.405641665701751
16.6173611111111,-0.380900609606553
16.61875,-0.408377218715471
16.6201388888889,-0.461814385722585
16.6215277777778,-0.403392312467502
16.6229166666667,-0.42927627271306
16.6243055555556,-0.412327145299521
16.6256944444444,-0.36413933570888
16.6270833333333,-0.336900339687697
16.6284722222222,-0.341972486898243
16.6298611111111,-0.405068841393842
16.63125,-0.412359689744576
16.6326388888889,-0.426225110725094
16.6340277777778,-0.451362644280005
16.6354166666667,-0.376197537407235
16.6368055555556,-0.388559198533905
16.6381944444444,-0.322170708138188
16.6395833333333,-0.351042454637422
16.6409722222222,-0.372757140040713
16.6423611111111,-0.44916779692709
16.64375,-0.438934352129065
16.6451388888889,-0.393836209966523
16.6465277777778,-0.445417070294538
16.6479166666667,-0.403968149922297
16.6493055555556,-0.414146865060468
16.6506944444444,-0.375862521994335
16.6520833333333,-0.443221819329936
16.6534722222222,-0.406023187923641
16.6548611111111,-0.438666909527723
16.65625,-0.413585798973551
16.6576388888889,-0.391206064552846
16.6590277777778,-0.418507270074063
16.6604166666667,-0.441083367778814
16.6618055555556,-0.432255507447999
16.6631944444444,-0.40335800458833
16.6645833333333,-0.412552727007318
16.6659722222222,-0.464964816851685
16.6673611111111,-0.420454841892226
16.66875,-0.389152543912708
16.6701388888889,-0.384901145712513
16.6715277777778,-0.354171053869968
16.6729166666667,-0.346481283468306
16.6743055555556,-0.342384819250549
16.6756944444444,-0.353992937020978
16.6770833333333,-0.415078128550529
16.6784722222222,-0.446001572750184
16.6798611111111,-0.363661544287492
16.68125,-0.399211466520733
16.6826388888889,-0.355169082070777
16.6840277777778,-0.332276023056741
16.6854166666667,-0.354664465719789
16.6868055555556,-0.26559826303514
16.6881944444444,-0.316818879122436
16.6895833333333,-0.334338696018689
16.6909722222222,-0.332552005304798
16.6923611111111,-0.429516070305717
16.69375,-0.410940974913485
16.6951388888889,-0.391196379425669
16.6965277777778,-0.463184883671487
16.6979166666667,-0.384564938397257
16.6993055555556,-0.460164706567992
16.7006944444444,-0.407988622238452
16.7020833333333,-0.364619998470102
16.7034722222222,-0.473664882106963
16.7048611111111,-0.51174058590819
16.70625,-0.469473340139194
16.7076388888889,-0.454478715778033
16.7090277777778,-0.494254593488277
16.7104166666667,-0.472828931925063
16.7118055555556,-0.450720428301935
16.7131944444444,-0.444313789986835
16.7145833333333,-0.440028656983958
16.7159722222222,-0.437646043334625
16.7173611111111,-0.449668414364566
16.71875,-0.463248492610595
16.7201388888889,-0.46723520215016
16.7215277777778,-0.441443897961167
16.7229166666667,-0.398176945492575
16.7243055555556,-0.425957409685134
16.7256944444444,-0.351234658911683
16.7270833333333,-0.365129941962533
16.7284722222222,-0.36403617660862
16.7298611111111,-0.478350485843377
16.73125,-0.51322673494819
16.7326388888889,-0.444781625329709
16.7340277777778,-0.478373306220751
16.7354166666667,-0.482908837887068
16.7368055555556,-0.438127780679296
16.7381944444444,-0.491905509469335
16.7395833333333,-0.566086585344042
16.7409722222222,-0.498612728464081
16.7423611111111,-0.497206024754952
16.74375,-0.418488809964255
16.7451388888889,-0.461749072302727
16.7465277777778,-0.496486364378461
16.7479166666667,-0.478067177709531
16.7493055555556,-0.465906098526777
16.7506944444444,-0.438145885276839
16.7520833333333,-0.434796734367299
16.7534722222222,-0.44591297804305
16.7548611111111,-0.463015301945665
16.75625,-0.439390437021625
16.7576388888889,-0.478657529503934
16.7590277777778,-0.462774558380099
16.7604166666667,-0.463899430119551
16.7618055555556,-0.383868526413385
16.7631944444444,-0.417163910928462
16.7645833333333,-0.405365592066625
16.7659722222222,-0.422699953176906
16.7673611111111,-0.409464244704749
16.76875,-0.388071644244057
16.7701388888889,-0.443966652941355
16.7715277777778,-0.424355511912534
16.7729166666667,-0.411914957913316
16.7743055555556,-0.398343901441338
16.7756944444444,-0.432393415064911
16.7770833333333,-0.466038436683319
16.7784722222222,-0.507742796118456
16.7798611111111,-0.523988883163199
16.78125,-0.456424476897035
16.7826388888889,-0.425840640617917
16.7840277777778,-0.465879756279553
16.7854166666667,-0.430915230361029
16.7868055555556,-0.482155260790845
16.7881944444444,-0.45477379461983
16.7895833333333,-0.462322486615501
16.7909722222222,-0.476865160881693
16.7923611111111,-0.489317835571858
16.79375,-0.422447895242985
16.7951388888889,-0.432791817715343
16.7965277777778,-0.423886734389416
16.7979166666667,-0.353919817407673
16.7993055555556,-0.391016784525824
16.8006944444444,-0.407192699440948
16.8020833333333,-0.448899030653556
16.8034722222222,-0.472002244568949
16.8048611111111,-0.481963939021756
16.80625,-0.455970779356205
16.8076388888889,-0.420718045108875
16.8090277777778,-0.443382798635578
16.8104166666667,-0.43955818366296
16.8118055555556,-0.402862150637798
16.8131944444444,-0.436938118525257
16.8145833333333,-0.394637433311277
16.8159722222222,-0.369397281561347
16.8173611111111,-0.31956018534353
16.81875,-0.396311941291188
16.8201388888889,-0.39947022933798
16.8215277777778,-0.401598738964573
16.8229166666667,-0.401498705564458
16.8243055555556,-0.341698073025614
16.8256944444444,-0.388564388068063
16.8270833333333,-0.432066464333964
16.8284722222222,-0.455334173746457
16.8298611111111,-0.462303438557933
16.83125,-0.453941439037548
16.8326388888889,-0.432116288775907
16.8340277777778,-0.387326530509882
16.8354166666667,-0.444239959515526
16.8368055555556,-0.404229992650286
16.8381944444444,-0.41338193425341
16.8395833333333,-0.403298814721308
16.8409722222222,-0.446791863291036
16.8423611111111,-0.429214004250593
16.84375,-0.494537345766204
16.8451388888889,-0.434266004770579
16.8465277777778,-0.416991828182737
16.8479166666667,-0.467428962417313
16.8493055555556,-0.42042247607106
16.8506944444444,-0.41000406319139
16.8520833333333,-0.364347679521006
16.8534722222222,-0.436949128375077
16.8548611111111,-0.449411965603259
16.85625,-0.48412612094425
16.8576388888889,-0.450333618622911
16.8590277777778,-0.380117193541132
16.8604166666667,-0.417701314167245
16.8618055555556,-0.436354651074234
16.8631944444444,-0.417680166577429
16.8645833333333,-0.477217926133248
16.8659722222222,-0.481732834593195
16.8673611111111,-0.464915307397997
16.86875,-0.446389077053315
16.8701388888889,-0.432295457486617
16.8715277777778,-0.430989019408759
16.8729166666667,-0.457799949248781
16.8743055555556,-0.44631392706202
16.8756944444444,-0.48771245235014
16.8770833333333,-0.437951367156193
16.8784722222222,-0.388972195976538
16.8798611111111,-0.47932258453462
16.88125,-0.464960158412776
16.8826388888889,-0.535813735275804
16.8840277777778,-0.466462941669955
16.8854166666667,-0.475766820870649
16.8868055555556,-0.487349020385723
16.8881944444444,-0.474949099325296
16.8895833333333,-0.495535882493747
16.8909722222222,-0.511374097218786
16.8923611111111,-0.522834002758119
16.89375,-0.520799125916764
16.8951388888889,-0.496422122142227
16.8965277777778,-0.547463869077693
16.8979166666667,-0.551561389482272
16.8993055555556,-0.547286965982638
16.9006944444444,-0.557662158054631
16.9020833333333,-0.571710260527193
16.9034722222222,-0.504993241301316
16.9048611111111,-0.488201751699744
16.90625,-0.49756076753619
16.9076388888889,-0.5224253822926
16.9090277777778,-0.552065372472622
16.9104166666667,-0.537440915621834
16.9118055555556,-0.545575081537846
16.9131944444444,-0.549923762060182
16.9145833333333,-0.523192433663882
16.9159722222222,-0.493482792382076
16.9173611111111,-0.512846468121274
16.91875,-0.446750655177484
16.9201388888889,-0.383379064296755
16.9215277777778,-0.41132745546228
16.9229166666667,-0.416146392206687
16.9243055555556,-0.465557344082206
16.9256944444444,-0.495102135421365
16.9270833333333,-0.439599102501966
16.9284722222222,-0.445187846734376
16.9298611111111,-0.494046293801407
16.93125,-0.469520365663161
16.9326388888889,-0.55414982678629
16.9340277777778,-0.493082000920887
16.9354166666667,-0.492098751545002
16.9368055555556,-0.474150510238582
16.9381944444444,-0.538511129394942
16.9395833333333,-0.492387048944136
16.9409722222222,-0.43549068982593
16.9423611111111,-0.430791534733529
16.94375,-0.501856316627854
16.9451388888889,-0.48822545761441
16.9465277777778,-0.484291281695496
16.9479166666667,-0.5170526590167
16.9493055555556,-0.509937551850435
16.9506944444444,-0.475964191660227
16.9520833333333,-0.473492283205502
16.9534722222222,-0.475497117505484
16.9548611111111,-0.473091287495227
16.95625,-0.508612005791916
16.9576388888889,-0.491509434391149
16.9590277777778,-0.483182525427026
16.9604166666667,-0.434221766283861
16.9618055555556,-0.462916619570625
16.9631944444444,-0.504853295188748
16.9645833333333,-0.497744948150343
16.9659722222222,-0.4878861752833
16.9673611111111,-0.430077539195222
16.96875,-0.441379275180156
16.9701388888889,-0.487877396699546
16.9715277777778,-0.44445759920114
16.9729166666667,-0.402958928669526
16.9743055555556,-0.48160407997103
16.9756944444444,-0.393961250694803
16.9770833333333,-0.447496721579859
16.9784722222222,-0.467137020364388
16.9798611111111,-0.451916325786851
16.98125,-0.411377325810545
16.9826388888889,-0.377874779865783
16.9840277777778,-0.405288194675621
16.9854166666667,-0.452438508641032
16.9868055555556,-0.438314178589407
16.9881944444444,-0.378853961752188
16.9895833333333,-0.40567213073128
16.9909722222222,-0.483478562428496
16.9923611111111,-0.4794492593552
16.99375,-0.418011688151521
16.9951388888889,-0.335387812065242
16.9965277777778,-0.319165977288908
16.9979166666667,-0.33655287332909
16.9993055555556,-0.345571485632412
17.0006944444444,-0.364068812029441
17.0020833333333,-0.415846921862243
17.0034722222222,-0.454351838669216
17.0048611111111,-0.406468166323298
17.00625,-0.399583160931204
17.0076388888889,-0.465972478891173
17.0090277777778,-0.491807185298506
17.0104166666667,-0.363301552064894
17.0118055555556,-0.450221635953179
17.0131944444444,-0.43271958553479
17.0145833333333,-0.41398611716246
17.0159722222222,-0.322419510375763
17.0173611111111,-0.378356029454704
17.01875,-0.406532384841566
17.0201388888889,-0.361672552692137
17.0215277777778,-0.40647130746524
17.0229166666667,-0.36053910888654
17.0243055555556,-0.352110621118886
17.0256944444444,-0.324572852274879
17.0270833333333,-0.399199798947148
17.0284722222222,-0.395915836950385
17.0298611111111,-0.418075719706088
17.03125,-0.389765400446186
17.0326388888889,-0.364235416036364
17.0340277777778,-0.394952232653608
17.0354166666667,-0.441346404408952
17.0368055555556,-0.374916440193997
17.0381944444444,-0.377924926669254
17.0395833333333,-0.301271210619506
17.0409722222222,-0.375038689517931
17.0423611111111,-0.360046811701106
17.04375,-0.34002861277123
17.0451388888889,-0.358528758046899
17.0465277777778,-0.336592668948807
17.0479166666667,-0.338352073962929
17.0493055555556,-0.330374886054899
17.0506944444444,-0.246846452717763
17.0520833333333,-0.338301398052818
17.0534722222222,-0.259758264255694
17.0548611111111,-0.289645313021568
17.05625,-0.302836336992916
17.0576388888889,-0.250813991305494
17.0590277777778,-0.290741344221691
17.0604166666667,-0.335180598096097
17.0618055555556,-0.23388189101301
17.0631944444444,-0.262420135804553
17.0645833333333,-0.35417534901287
17.0659722222222,-0.327458156145167
17.0673611111111,-0.358336186579708
17.06875,-0.341717195243721
17.0701388888889,-0.369762985705586
17.0715277777778,-0.322178052160281
17.0729166666667,-0.343464512749311
17.0743055555556,-0.349685964629277
17.0756944444444,-0.384675117773988
17.0770833333333,-0.355817167186191
17.0784722222222,-0.386043411564525
17.0798611111111,-0.398666917425575
17.08125,-0.39238610762719
17.0826388888889,-0.387652168603316
17.0840277777778,-0.419205949302138
17.0854166666667,-0.431105310126945
17.0868055555556,-0.415501020749735
17.0881944444444,-0.364618942470085
17.0895833333333,-0.373994059258326
17.0909722222222,-0.363163272006172
17.0923611111111,-0.352257919517412
17.09375,-0.378908425273935
17.0951388888889,-0.361951821197159
17.0965277777778,-0.348483618392619
17.0979166666667,-0.339975228332082
17.0993055555556,-0.39257635968545
17.1006944444444,-0.398024867042097
17.1020833333333,-0.429137989830736
17.1034722222222,-0.394146521138571
17.1048611111111,-0.355469626063651
17.10625,-0.352478067271569
17.1076388888889,-0.406024853958634
17.1090277777778,-0.379184311915862
17.1104166666667,-0.418949490287424
17.1118055555556,-0.40147717839682
17.1131944444444,-0.454411939984225
17.1145833333333,-0.470846304501202
17.1159722222222,-0.415561518809263
17.1173611111111,-0.416195749273643
17.11875,-0.411811380379881
17.1201388888889,-0.376606236874081
17.1215277777778,-0.410488013126576
17.1229166666667,-0.384394371012685
17.1243055555556,-0.342113509583754
17.1256944444444,-0.340817843852206
17.1270833333333,-0.351229839689889
17.1284722222222,-0.364208859688127
17.1298611111111,-0.289829195233878
17.13125,-0.362677363463588
17.1326388888889,-0.322959898977959
17.1340277777778,-0.327253845937579
17.1354166666667,-0.331999183625757
17.1368055555556,-0.324394680192352
17.1381944444444,-0.291276213813289
17.1395833333333,-0.365240792781363
17.1409722222222,-0.386516125287524
17.1423611111111,-0.336809947187067
17.14375,-0.293911391660956
17.1451388888889,-0.368856202929101
17.1465277777778,-0.353920913554844
17.1479166666667,-0.337207960940156
17.1493055555556,-0.343593566633112
17.1506944444444,-0.336487540033365
17.1520833333333,-0.452951794779373
17.1534722222222,-0.400051673078093
17.1548611111111,-0.333725107587746
17.15625,-0.368828932766264
17.1576388888889,-0.326223594220524
17.1590277777778,-0.315438401418731
17.1604166666667,-0.347285970994909
17.1618055555556,-0.379446225997197
17.1631944444444,-0.395008883550154
17.1645833333333,-0.367469324712532
17.1659722222222,-0.354463578227803
17.1673611111111,-0.362695351817218
17.16875,-0.365286930239497
17.1701388888889,-0.351687393162573
17.1715277777778,-0.355741859190839
17.1729166666667,-0.385103160812732
17.1743055555556,-0.399105714142654
17.1756944444444,-0.353606693575072
17.1770833333333,-0.392359523540901
17.1784722222222,-0.386233861029732
17.1798611111111,-0.331513645890633
17.18125,-0.366676768170482
17.1826388888889,-0.408170393027525
17.1840277777778,-0.434853312205599
17.1854166666667,-0.399417765128683
17.1868055555556,-0.375050893507496
17.1881944444444,-0.341938608062357
17.1895833333333,-0.340183630089496
17.1909722222222,-0.393359631912647
17.1923611111111,-0.38284048448455
17.19375,-0.386394709527489
17.1951388888889,-0.357157467906921
17.1965277777778,-0.409005118258518
17.1979166666667,-0.35815236324268
17.1993055555556,-0.371408548397387
17.2006944444444,-0.425477752287279
17.2020833333333,-0.314626555660371
17.2034722222222,-0.372989748571621
17.2048611111111,-0.362807343844037
17.20625,-0.391958651978038
17.2076388888889,-0.313923736899379
17.2090277777778,-0.306011419216975
17.2104166666667,-0.260939617832112
17.2118055555556,-0.261736864194509
17.2131944444444,-0.365424065138346
17.2145833333333,-0.345270352723928
17.2159722222222,-0.379899861778961
17.2173611111111,-0.406192193645584
17.21875,-0.422131433311637
17.2201388888889,-0.333339657443458
17.2215277777778,-0.332953025435489
17.2229166666667,-0.378337069272257
17.2243055555556,-0.434162748578868
17.2256944444444,-0.424520112291222
17.2270833333333,-0.416648013325776
17.2284722222222,-0.376775359618614
17.2298611111111,-0.447637914257841
17.23125,-0.436164031114289
17.2326388888889,-0.384156327362932
17.2340277777778,-0.410297100468145
17.2354166666667,-0.389749925001815
17.2368055555556,-0.347352899074938
17.2381944444444,-0.326085480767623
17.2395833333333,-0.379235209762702
17.2409722222222,-0.426801363055217
17.2423611111111,-0.39577625741956
17.24375,-0.436946118057063
17.2451388888889,-0.431518853579405
17.2465277777778,-0.463581918830038
17.2479166666667,-0.453140348609253
17.2493055555556,-0.457490505093696
17.2506944444444,-0.488311072962533
17.2520833333333,-0.463442520220153
17.2534722222222,-0.445577974502903
17.2548611111111,-0.449277591158545
17.25625,-0.427867470974063
17.2576388888889,-0.375685700063041
17.2590277777778,-0.398129563074624
17.2604166666667,-0.386494445195517
17.2618055555556,-0.362702268907341
17.2631944444444,-0.376602259866718
17.2645833333333,-0.372495844532889
17.2659722222222,-0.408269230199483
17.2673611111111,-0.394264718130177
17.26875,-0.398451471819293
17.2701388888889,-0.327327573888378
17.2715277777778,-0.365304567827593
17.2729166666667,-0.398197030103027
17.2743055555556,-0.339549157157991
17.2756944444444,-0.366257034098405
17.2770833333333,-0.395683403986664
17.2784722222222,-0.369268894199823
17.2798611111111,-0.32936906814524
17.28125,-0.377126261210964
17.2826388888889,-0.332615966731282
17.2840277777778,-0.330761255661154
17.2854166666667,-0.348639995835363
17.2868055555556,-0.312249072810079
17.2881944444444,-0.328921271566517
17.2895833333333,-0.328798971063234
17.2909722222222,-0.331988807157367
17.2923611111111,-0.30665019379714
17.29375,-0.339009560730156
17.2951388888889,-0.37910218435309
17.2965277777778,-0.364230213620737
17.2979166666667,-0.337458512457105
17.2993055555556,-0.281143624812112
17.3006944444444,-0.366335037811038
17.3020833333333,-0.327426827821851
17.3034722222222,-0.393443121762371
17.3048611111111,-0.407964179422525
17.30625,-0.435416075295218
17.3076388888889,-0.413389546584584
17.3090277777778,-0.372048824881117
17.3104166666667,-0.355702589647363
17.3118055555556,-0.408558643955975
17.3131944444444,-0.408790851290631
17.3145833333333,-0.374658952895997
17.3159722222222,-0.371310550035569
17.3173611111111,-0.375372160683997
17.31875,-0.461970897683036
17.3201388888889,-0.460029168692701
17.3215277777778,-0.421687308190266
17.3229166666667,-0.408753237022483
17.3243055555556,-0.388209496355555
17.3256944444444,-0.390054454590853
17.3270833333333,-0.364436230667183
17.3284722222222,-0.372195767001002
17.3298611111111,-0.38257028676486
17.33125,-0.34515685168669
17.3326388888889,-0.362263510901118
17.3340277777778,-0.345094400060455
17.3354166666667,-0.314990910192991
17.3368055555556,-0.346906605821239
17.3381944444444,-0.430028888154025
17.3395833333333,-0.393110418995266
17.3409722222222,-0.38299626203891
17.3423611111111,-0.380139108802599
17.34375,-0.440369822230185
17.3451388888889,-0.403515579212221
17.3465277777778,-0.319792422540321
17.3479166666667,-0.416463022838482
17.3493055555556,-0.38150100345461
17.3506944444444,-0.35150234188737
17.3520833333333,-0.340484308069742
17.3534722222222,-0.305602747758342
17.3548611111111,-0.308887364481452
17.35625,-0.302775299554683
17.3576388888889,-0.297463809923149
17.3590277777778,-0.297883140284065
17.3604166666667,-0.344321851371349
17.3618055555556,-0.318034511893793
17.3631944444444,-0.337520138471768
17.3645833333333,-0.406748156355258
17.3659722222222,-0.361889366664086
17.3673611111111,-0.325985886523136
17.36875,-0.370406490814402
17.3701388888889,-0.361398173293697
17.3715277777778,-0.368033626217639
17.3729166666667,-0.41027668790642
17.3743055555556,-0.381429809420389
17.3756944444444,-0.283292593891518
17.3770833333333,-0.388859108527246
17.3784722222222,-0.355782657051054
17.3798611111111,-0.351191501918143
17.38125,-0.320149275586847
17.3826388888889,-0.407514655978584
17.3840277777778,-0.462709462929666
17.3854166666667,-0.416023706572562
17.3868055555556,-0.401251034602726
17.3881944444444,-0.438286668999374
17.3895833333333,-0.431185475533772
17.3909722222222,-0.334965404755523
17.3923611111111,-0.312783317642838
17.39375,-0.378778505269772
17.3951388888889,-0.37556158415826
17.3965277777778,-0.393001742426386
17.3979166666667,-0.382413476206003
17.3993055555556,-0.393449257582747
17.4006944444444,-0.389474263016436
17.4020833333333,-0.358330916849181
17.4034722222222,-0.338715580205388
17.4048611111111,-0.379547474779497
17.40625,-0.434586978775458
17.4076388888889,-0.50611892430736
17.4090277777778,-0.458955813889977
17.4104166666667,-0.416885515477942
17.4118055555556,-0.445556252192263
17.4131944444444,-0.416020408888224
17.4145833333333,-0.416777421521716
17.4159722222222,-0.441533264331826
17.4173611111111,-0.459850202508933
17.41875,-0.415802997626625
17.4201388888889,-0.464727614886386
17.4215277777778,-0.516878987946322
17.4229166666667,-0.47156373185388
17.4243055555556,-0.484035229987793
17.4256944444444,-0.452941965532255
17.4270833333333,-0.429066556991979
17.4284722222222,-0.408557551422235
17.4298611111111,-0.332903648692787
17.43125,-0.349577398197462
17.4326388888889,-0.397690866659238
17.4340277777778,-0.399459277051203
17.4354166666667,-0.438473823029698
17.4368055555556,-0.434469001143822
17.4381944444444,-0.421946651484566
17.4395833333333,-0.403209921767084
17.4409722222222,-0.342827851413159
17.4423611111111,-0.397662556527072
17.44375,-0.332785646347351
17.4451388888889,-0.351939722647658
17.4465277777778,-0.419412660039371
17.4479166666667,-0.449190608020913
17.4493055555556,-0.460634538663518
17.4506944444444,-0.424296316975752
17.4520833333333,-0.463029343391163
17.4534722222222,-0.44373723506277
17.4548611111111,-0.455583871226703
17.45625,-0.429953827997818
17.4576388888889,-0.41712336112535
17.4590277777778,-0.460589535051022
17.4604166666667,-0.477877651393727
17.4618055555556,-0.458929962952832
17.4631944444444,-0.422483746916258
17.4645833333333,-0.395279019683345
17.4659722222222,-0.38889215099025
17.4673611111111,-0.396789061190418
17.46875,-0.39653424760905
17.4701388888889,-0.422957383200972
17.4715277777778,-0.410102285313748
17.4729166666667,-0.35441997748048
17.4743055555556,-0.313906799921343
17.4756944444444,-0.266858631381136
17.4770833333333,-0.30378529202679
17.4784722222222,-0.282206393905937
17.4798611111111,-0.363607773369177
17.48125,-0.369053162052565
17.4826388888889,-0.395704623294266
17.4840277777778,-0.342799698009213
17.4854166666667,-0.38236157511806
17.4868055555556,-0.404224914412947
17.4881944444444,-0.424156516138796
17.4895833333333,-0.428964537729404
17.4909722222222,-0.465744406312961
17.4923611111111,-0.473993198970568
17.49375,-0.461730578443431
17.4951388888889,-0.433414294266338
17.4965277777778,-0.425313590346861
17.4979166666667,-0.42262752367573
17.4993055555556,-0.44891425958001
17.5006944444444,-0.508622967010542
17.5020833333333,-0.525266747753872
17.5034722222222,-0.53099520939968
17.5048611111111,-0.498628480439189
17.50625,-0.474775759315145
17.5076388888889,-0.436048014194529
17.5090277777778,-0.45714064308939
17.5104166666667,-0.496025241255016
17.5118055555556,-0.492020833409262
17.5131944444444,-0.49162051018782
17.5145833333333,-0.465495287496238
17.5159722222222,-0.506582405069321
17.5173611111111,-0.474788558565318
17.51875,-0.437152536219181
17.5201388888889,-0.453889791172093
17.5215277777778,-0.443795455307575
17.5229166666667,-0.492218620489867
17.5243055555556,-0.437376239621407
17.5256944444444,-0.426226194680285
17.5270833333333,-0.459943740211474
17.5284722222222,-0.485583690309939
17.5298611111111,-0.46112160537548
17.53125,-0.410773507796382
17.5326388888889,-0.432701788192903
17.5340277777778,-0.419026968344664
17.5354166666667,-0.429550967165827
17.5368055555556,-0.487765976874589
17.5381944444444,-0.492186299249984
17.5395833333333,-0.490060636393333
17.5409722222222,-0.512135765412536
17.5423611111111,-0.48328654004475
17.54375,-0.455740381312537
17.5451388888889,-0.463672598540032
17.5465277777778,-0.518696979441183
17.5479166666667,-0.466633669012778
17.5493055555556,-0.483283822611287
17.5506944444444,-0.498428964463521
17.5520833333333,-0.474242836264973
17.5534722222222,-0.465797437324714
17.5548611111111,-0.446793424878433
17.55625,-0.42914701033941
17.5576388888889,-0.425890258762631
17.5590277777778,-0.45337087140736
17.5604166666667,-0.486940606801661
17.5618055555556,-0.421566946158903
17.5631944444444,-0.480728229707221
17.5645833333333,-0.445362150222827
17.5659722222222,-0.430200885434259
17.5673611111111,-0.4256130190473
17.56875,-0.446588974593382
17.5701388888889,-0.49190623660346
17.5715277777778,-0.486216101674819
17.5729166666667,-0.479082728926936
17.5743055555556,-0.501557345823067
17.5756944444444,-0.478088155019786
17.5770833333333,-0.456487313707684
17.5784722222222,-0.464406836962848
17.5798611111111,-0.458453068160672
17.58125,-0.454121619279974
17.5826388888889,-0.468160424866845
17.5840277777778,-0.439821632209309
17.5854166666667,-0.484595584829414
17.5868055555556,-0.517890901001441
17.5881944444444,-0.499338916587751
17.5895833333333,-0.458570312374624
17.5909722222222,-0.471161990943163
17.5923611111111,-0.475998560216443
17.59375,-0.493294088932647
17.5951388888889,-0.45058755024748
17.5965277777778,-0.502183303172622
17.5979166666667,-0.480593641184025
17.5993055555556,-0.452509802068893
17.6006944444444,-0.450079241019757
17.6020833333333,-0.436015918623743
17.6034722222222,-0.446184281759425
17.6048611111111,-0.471671099637465
17.60625,-0.466847503627153
17.6076388888889,-0.446534218155839
17.6090277777778,-0.419168647403672
17.6104166666667,-0.42315699944661
17.6118055555556,-0.416332935121514
17.6131944444444,-0.439748752371591
17.6145833333333,-0.425647385360083
17.6159722222222,-0.414978094695518
17.6173611111111,-0.448048558045269
17.61875,-0.435734408390201
17.6201388888889,-0.443384214044319
17.6215277777778,-0.496071282963982
17.6229166666667,-0.501768525272726
17.6243055555556,-0.497750818931193
17.6256944444444,-0.473877255675151
17.6270833333333,-0.483709372491819
17.6284722222222,-0.407186131019051
17.6298611111111,-0.388337416577265
17.63125,-0.44137103027958
17.6326388888889,-0.420297693066463
17.6340277777778,-0.42890187231397
17.6354166666667,-0.440013359287605
17.6368055555556,-0.473925833317917
17.6381944444444,-0.46206038868355
17.6395833333333,-0.465547373028114
17.6409722222222,-0.414701268140427
17.6423611111111,-0.453069003789219
17.64375,-0.390418273359175
17.6451388888889,-0.433699915636031
17.6465277777778,-0.443637549792395
17.6479166666667,-0.456292588636329
17.6493055555556,-0.452785829346457
17.6506944444444,-0.477094193978094
17.6520833333333,-0.489634411872677
17.6534722222222,-0.489730154364432
17.6548611111111,-0.46438381257898
17.65625,-0.419512864510865
17.6576388888889,-0.454859171868339
17.6590277777778,-0.474918818725687
17.6604166666667,-0.483562351595966
17.6618055555556,-0.476996937415038
17.6631944444444,-0.470271288234409
17.6645833333333,-0.506205243047254
17.6659722222222,-0.468783044513353
17.6673611111111,-0.504165025299285
17.66875,-0.448506867964313
17.6701388888889,-0.441011321729924
17.6715277777778,-0.390628031189228
17.6729166666667,-0.460341234383268
17.6743055555556,-0.489105466934031
17.6756944444444,-0.424021728399916
17.6770833333333,-0.451197926162253
17.6784722222222,-0.418688971767138
17.6798611111111,-0.417112640344122
17.68125,-0.364531749257267
17.6826388888889,-0.313519805164693
17.6840277777778,-0.348984382645382
17.6854166666667,-0.394148289307959
17.6868055555556,-0.393095871801206
17.6881944444444,-0.425052218629545
17.6895833333333,-0.439883648502972
17.6909722222222,-0.428900049015675
17.6923611111111,-0.416058143692548
17.69375,-0.415818101912977
17.6951388888889,-0.43882500183562
17.6965277777778,-0.48042693765624
17.6979166666667,-0.504882044444678
17.6993055555556,-0.429144267282159
17.7006944444444,-0.431535052246034
17.7020833333333,-0.434930787933713
17.7034722222222,-0.429878251507869
17.7048611111111,-0.429429031855056
17.70625,-0.447345453141005
17.7076388888889,-0.430856123205315
17.7090277777778,-0.427139299966089
17.7104166666667,-0.363328974815975
17.7118055555556,-0.398281712299312
17.7131944444444,-0.429164028881696
17.7145833333333,-0.400834352246639
17.7159722222222,-0.416350618449288
17.7173611111111,-0.415645419709323
17.71875,-0.405918955523706
17.7201388888889,-0.461059877580361
17.7215277777778,-0.424251772056775
17.7229166666667,-0.429634440842325
17.7243055555556,-0.466872534376011
17.7256944444444,-0.413365320069265
17.7270833333333,-0.411613894823109
17.7284722222222,-0.409473844297282
17.7298611111111,-0.382735023106863
17.73125,-0.405038797820035
17.7326388888889,-0.451719368655241
17.7340277777778,-0.459861933119041
17.7354166666667,-0.423732190526989
17.7368055555556,-0.473660260372903
17.7381944444444,-0.458510841027898
17.7395833333333,-0.447506143767624
17.7409722222222,-0.439518264916326
17.7423611111111,-0.429750153579266
17.74375,-0.448945952971896
17.7451388888889,-0.416203690158993
17.7465277777778,-0.378096637742388
17.7479166666667,-0.446502830790005
17.7493055555556,-0.463360809222094
17.7506944444444,-0.412432327541413
17.7520833333333,-0.463972833710329
17.7534722222222,-0.452038358303836
17.7548611111111,-0.456959570590946
17.75625,-0.48439263845688
17.7576388888889,-0.476741121458404
17.7590277777778,-0.406525577860733
17.7604166666667,-0.444601963495503
17.7618055555556,-0.40177226179462
17.7631944444444,-0.468661933579053
17.7645833333333,-0.501543560037475
17.7659722222222,-0.421854703411041
17.7673611111111,-0.463306263259573
17.76875,-0.473033880403682
17.7701388888889,-0.44881505677156
17.7715277777778,-0.420823287380019
17.7729166666667,-0.411690580862482
17.7743055555556,-0.468378884890025
17.7756944444444,-0.407017079247168
17.7770833333333,-0.365949439637652
17.7784722222222,-0.41304044997926
17.7798611111111,-0.368494038895789
17.78125,-0.381573644452232
17.7826388888889,-0.375105236868171
17.7840277777778,-0.377913357920428
17.7854166666667,-0.41090971185395
17.7868055555556,-0.390920043722027
17.7881944444444,-0.413377365169681
17.7895833333333,-0.398764337771144
17.7909722222222,-0.342407151390173
17.7923611111111,-0.339650171280205
17.79375,-0.322890552187205
17.7951388888889,-0.370560416496007
17.7965277777778,-0.34166034387999
17.7979166666667,-0.41116835333148
17.7993055555556,-0.349426412189369
17.8006944444444,-0.352633666097109
17.8020833333333,-0.38249903554074
17.8034722222222,-0.361674858520808
17.8048611111111,-0.379514121191309
17.80625,-0.411715482720268
17.8076388888889,-0.356480401792278
17.8090277777778,-0.335318402776113
17.8104166666667,-0.331841540790508
17.8118055555556,-0.291585240227591
17.8131944444444,-0.323140704648802
17.8145833333333,-0.353161823372376
17.8159722222222,-0.403384105161531
17.8173611111111,-0.35693446891331
17.81875,-0.385396597190172
17.8201388888889,-0.402133701945396
17.8215277777778,-0.37660522748974
17.8229166666667,-0.337342178022462
17.8243055555556,-0.325083374547275
17.8256944444444,-0.32217491703876
17.8270833333333,-0.353903095389517
17.8284722222222,-0.354753877889869
17.8298611111111,-0.332945391090179
17.83125,-0.387775660432984
17.8326388888889,-0.364185108586425
17.8340277777778,-0.402709446017123
17.8354166666667,-0.405528261995728
17.8368055555556,-0.376634527011533
17.8381944444444,-0.379588335212473
17.8395833333333,-0.314938007120701
17.8409722222222,-0.332776796087473
17.8423611111111,-0.419854272460125
17.84375,-0.415189573690201
17.8451388888889,-0.413051046692972
17.8465277777778,-0.345743502228305
17.8479166666667,-0.371765013237175
17.8493055555556,-0.372032920619892
17.8506944444444,-0.393288289572123
17.8520833333333,-0.391264360114984
17.8534722222222,-0.456417205804547
17.8548611111111,-0.422273211939633
17.85625,-0.36618415150788
17.8576388888889,-0.362235574184546
17.8590277777778,-0.441989580958656
17.8604166666667,-0.465047330296192
17.8618055555556,-0.507443934962271
17.8631944444444,-0.489865020628968
17.8645833333333,-0.457389497631438
17.8659722222222,-0.428454506706325
17.8673611111111,-0.426921848135288
17.86875,-0.425466831246698
17.8701388888889,-0.446458262842478
17.8715277777778,-0.453310896810951
17.8729166666667,-0.4249369817972
17.8743055555556,-0.390619548297586
17.8756944444444,-0.390480143520611
17.8770833333333,-0.447914159445726
17.8784722222222,-0.469235129134719
17.8798611111111,-0.499194087072235
17.88125,-0.423400621655083
17.8826388888889,-0.426019038055161
17.8840277777778,-0.426342328263992
17.8854166666667,-0.528949661623503
17.8868055555556,-0.502667058718247
17.8881944444444,-0.480125327487316
17.8895833333333,-0.426065947286351
17.8909722222222,-0.466380126275028
17.8923611111111,-0.471254167884709
17.89375,-0.439195711034173
17.8951388888889,-0.446590419639655
17.8965277777778,-0.46183530526028
17.8979166666667,-0.493923446697203
17.8993055555556,-0.504117136597353
17.9006944444444,-0.460532394048574
17.9020833333333,-0.48886193678756
17.9034722222222,-0.522922529756169
17.9048611111111,-0.522718719191281
17.90625,-0.52090902698735
17.9076388888889,-0.506374297246091
17.9090277777778,-0.503225675043546
17.9104166666667,-0.523714560267082
17.9118055555556,-0.517342246541489
17.9131944444444,-0.456970652518843
17.9145833333333,-0.434629277775531
17.9159722222222,-0.473073009858285
17.9173611111111,-0.453988344854949
17.91875,-0.424487610477766
17.9201388888889,-0.437850093465999
17.9215277777778,-0.468624771346129
17.9229166666667,-0.475165520730132
17.9243055555556,-0.438722306145914
17.9256944444444,-0.501703275479167
17.9270833333333,-0.486010047171873
17.9284722222222,-0.467202021444933
17.9298611111111,-0.470615208248952
17.93125,-0.46497613174761
17.9326388888889,-0.458567923767399
17.9340277777778,-0.517543802970277
17.9354166666667,-0.490894247748232
17.9368055555556,-0.481751319067438
17.9381944444444,-0.507009555652596
17.9395833333333,-0.502964730615327
17.9409722222222,-0.481304893495926
17.9423611111111,-0.49617888745242
17.94375,-0.516696849844601
17.9451388888889,-0.563918837821744
17.9465277777778,-0.507652533934076
17.9479166666667,-0.47912815160268
17.9493055555556,-0.481019674136411
17.9506944444444,-0.523430163746251
17.9520833333333,-0.532288862007208
17.9534722222222,-0.514281273534715
17.9548611111111,-0.508319160739166
17.95625,-0.488996732193393
17.9576388888889,-0.495344556645052
17.9590277777778,-0.56447891112679
17.9604166666667,-0.52808514328853
17.9618055555556,-0.531087798614181
17.9631944444444,-0.589427402122037
17.9645833333333,-0.582991871533414
17.9659722222222,-0.56882950894315
17.9673611111111,-0.539060565039605
17.96875,-0.515868521598608
17.9701388888889,-0.537748011144685
17.9715277777778,-0.555462890132377
17.9729166666667,-0.538066724568858
17.9743055555556,-0.538385767919641
17.9756944444444,-0.523350885586293
17.9770833333333,-0.537157292031653
17.9784722222222,-0.465551633922616
17.9798611111111,-0.450626381878144
17.98125,-0.451517178819155
17.9826388888889,-0.49616013045511
17.9840277777778,-0.513744810338971
17.9854166666667,-0.464192100342724
17.9868055555556,-0.47902097409709
17.9881944444444,-0.399217853752149
17.9895833333333,-0.449153076222668
17.9909722222222,-0.443405663721843
17.9923611111111,-0.46529461321357
17.99375,-0.419968503994325
17.9951388888889,-0.449945448758922
17.9965277777778,-0.435206048002611
17.9979166666667,-0.449450227080641
17.9993055555556,-0.42560586875519
18.0006944444444,-0.382264537127613
18.0020833333333,-0.425064979777884
18.0034722222222,-0.417359162433925
18.0048611111111,-0.400587896664869
18.00625,-0.356839080893258
18.0076388888889,-0.379834812806626
18.0090277777778,-0.406263073001411
18.0104166666667,-0.429525845381702
18.0118055555556,-0.434396110657818
18.0131944444444,-0.398339163655091
18.0145833333333,-0.417239865716495
18.0159722222222,-0.436685944580588
18.0173611111111,-0.377666599913709
18.01875,-0.366863227551695
18.0201388888889,-0.382979030099307
18.0215277777778,-0.412335948177895
18.0229166666667,-0.436570405903196
18.0243055555556,-0.368331264962009
18.0256944444444,-0.347158229701061
18.0270833333333,-0.334170916942635
18.0284722222222,-0.356845489658914
18.0298611111111,-0.336494002148354
18.03125,-0.36693660730527
18.0326388888889,-0.358991996204155
18.0340277777778,-0.357381940986253
18.0354166666667,-0.373611200165401
18.0368055555556,-0.383540766305878
18.0381944444444,-0.36780512252703
18.0395833333333,-0.421397336117075
18.0409722222222,-0.357164693207016
18.0423611111111,-0.42048931747797
18.04375,-0.414059216278533
18.0451388888889,-0.422366926516872
18.0465277777778,-0.400310606014079
18.0479166666667,-0.418704934217907
18.0493055555556,-0.404108774179001
18.0506944444444,-0.431492190282979
18.0520833333333,-0.451395830519962
18.0534722222222,-0.438211492043812
18.0548611111111,-0.416994149309184
18.05625,-0.425047682454255
18.0576388888889,-0.387209603192539
18.0590277777778,-0.401301063845717
18.0604166666667,-0.385102808630364
18.0618055555556,-0.352680788185297
18.0631944444444,-0.359083965590586
18.0645833333333,-0.414820577102557
18.0659722222222,-0.385620883102393
18.0673611111111,-0.408035702672469
18.06875,-0.35995833040043
18.0701388888889,-0.380692512129791
18.0715277777778,-0.402744099941757
18.0729166666667,-0.436355970812784
18.0743055555556,-0.436436691223719
18.0756944444444,-0.425057765989273
18.0770833333333,-0.438441490080933
18.0784722222222,-0.413945022301992
18.0798611111111,-0.372821284126602
18.08125,-0.421236046250007
18.0826388888889,-0.331216339139774
18.0840277777778,-0.282702921889975
18.0854166666667,-0.318401846432368
18.0868055555556,-0.354936583104389
18.0881944444444,-0.333164581070026
18.0895833333333,-0.364533409833649
18.0909722222222,-0.353822845140159
18.0923611111111,-0.353951427039273
18.09375,-0.341926545348748
18.0951388888889,-0.343646378516301
18.0965277777778,-0.328120758991242
18.0979166666667,-0.324758696650078
18.0993055555556,-0.324117371227719
18.1006944444444,-0.350079534088138
18.1020833333333,-0.309240725937095
18.1034722222222,-0.299873850258739
18.1048611111111,-0.3279697920375
18.10625,-0.32033821610881
18.1076388888889,-0.304658766254163
18.1090277777778,-0.263555414463917
18.1104166666667,-0.327339681587509
18.1118055555556,-0.354063385025986
18.1131944444444,-0.388968205394768
18.1145833333333,-0.381738907644666
18.1159722222222,-0.364235347447671
18.1173611111111,-0.393223146804693
18.11875,-0.422887208829899
18.1201388888889,-0.398001627449843
18.1215277777778,-0.35692865977997
18.1229166666667,-0.276454648312105
18.1243055555556,-0.283533150644596
18.1256944444444,-0.339075501863712
18.1270833333333,-0.253408935591657
18.1284722222222,-0.213248869200098
18.1298611111111,-0.320901641885672
18.13125,-0.292091480415158
18.1326388888889,-0.301654529171614
18.1340277777778,-0.277368643333664
18.1354166666667,-0.325835934915947
18.1368055555556,-0.353521956562185
18.1381944444444,-0.372299746166721
18.1395833333333,-0.376404280642224
18.1409722222222,-0.399990178232521
18.1423611111111,-0.355759661464115
18.14375,-0.411414098471406
18.1451388888889,-0.361938410515959
18.1465277777778,-0.376301677876619
18.1479166666667,-0.313884450974156
18.1493055555556,-0.356385296285843
18.1506944444444,-0.310849730236276
18.1520833333333,-0.311263114627807
18.1534722222222,-0.31264497580823
18.1548611111111,-0.366865991355015
18.15625,-0.330737003028812
18.1576388888889,-0.301357667617741
18.1590277777778,-0.35717252093841
18.1604166666667,-0.350060307150112
18.1618055555556,-0.326566239168328
18.1631944444444,-0.284708627574298
18.1645833333333,-0.282959544021031
18.1659722222222,-0.320473358743834
18.1673611111111,-0.279284929908395
18.16875,-0.29964732212382
18.1701388888889,-0.267909705149859
18.1715277777778,-0.27889630881331
18.1729166666667,-0.250970658722034
18.1743055555556,-0.274617189068016
18.1756944444444,-0.292231823957716
18.1770833333333,-0.265286409755433
18.1784722222222,-0.207703389338692
18.1798611111111,-0.166201285223038
18.18125,-0.158755268520441
18.1826388888889,-0.190879800623061
18.1840277777778,-0.223535537061786
18.1854166666667,-0.272357415473507
18.1868055555556,-0.350828443129677
18.1881944444444,-0.350093021129214
18.1895833333333,-0.290154916860687
18.1909722222222,-0.280947064394514
18.1923611111111,-0.28952166379448
18.19375,-0.309293352217737
18.1951388888889,-0.28685895287272
18.1965277777778,-0.293825176988362
18.1979166666667,-0.292645154188078
18.1993055555556,-0.319135111505397
18.2006944444444,-0.260430262601433
18.2020833333333,-0.274977248209368
18.2034722222222,-0.257400043019997
18.2048611111111,-0.260235869731829
18.20625,-0.337180274005298
18.2076388888889,-0.263612935020723
18.2090277777778,-0.334371034081907
18.2104166666667,-0.343248836596271
18.2118055555556,-0.267975488546258
18.2131944444444,-0.322674622301857
18.2145833333333,-0.307740399297292
18.2159722222222,-0.303892255239293
18.2173611111111,-0.290340421904883
18.21875,-0.309867283309694
18.2201388888889,-0.318433047380724
18.2215277777778,-0.320363023873908
18.2229166666667,-0.296801519233129
18.2243055555556,-0.32174690264371
18.2256944444444,-0.363210155140325
18.2270833333333,-0.303890559021286
18.2284722222222,-0.360262164408569
18.2298611111111,-0.397882663620147
18.23125,-0.378393784818627
18.2326388888889,-0.358425792604263
18.2340277777778,-0.35236639718536
18.2354166666667,-0.324869491095367
18.2368055555556,-0.313349974518652
18.2381944444444,-0.319603684011276
18.2395833333333,-0.283517747486166
18.2409722222222,-0.336188096449164
18.2423611111111,-0.341586400419308
18.24375,-0.32307601025372
18.2451388888889,-0.383732863666014
18.2465277777778,-0.344566199491883
18.2479166666667,-0.336920827631415
18.2493055555556,-0.32352022445796
18.2506944444444,-0.362654404809527
18.2520833333333,-0.34067918151511
18.2534722222222,-0.339991253366143
18.2548611111111,-0.345101051427881
18.25625,-0.30223070990749
18.2576388888889,-0.301720874228554
18.2590277777778,-0.393120026490321
18.2604166666667,-0.387938834192618
18.2618055555556,-0.400767382305105
18.2631944444444,-0.437889216980843
18.2645833333333,-0.428845951855168
18.2659722222222,-0.417727669755137
18.2673611111111,-0.421302591865256
18.26875,-0.419595077149162
18.2701388888889,-0.412664520377516
18.2715277777778,-0.387409589759887
18.2729166666667,-0.356256958979017
18.2743055555556,-0.396687157489803
18.2756944444444,-0.347032741333061
18.2770833333333,-0.39079024788991
18.2784722222222,-0.387101617852966
18.2798611111111,-0.398613707605283
18.28125,-0.396376351285202
18.2826388888889,-0.389930656588516
18.2840277777778,-0.402766374945341
18.2854166666667,-0.36975821317549
18.2868055555556,-0.386328331195275
18.2881944444444,-0.3863160356523
18.2895833333333,-0.386140671360707
18.2909722222222,-0.393473104928954
18.2923611111111,-0.352154627417059
18.29375,-0.342050358717164
18.2951388888889,-0.36027764196012
18.2965277777778,-0.391755478658692
18.2979166666667,-0.379942326099054
18.2993055555556,-0.40235833247493
18.3006944444444,-0.372028836401451
18.3020833333333,-0.350575086034708
18.3034722222222,-0.348977542594069
18.3048611111111,-0.356967376993852
18.30625,-0.348436865240998
18.3076388888889,-0.382978270207396
18.3090277777778,-0.335309864771808
18.3104166666667,-0.344048396843671
18.3118055555556,-0.369313661700257
18.3131944444444,-0.388490275709821
18.3145833333333,-0.416979817060947
18.3159722222222,-0.352817158485627
18.3173611111111,-0.348403102018137
18.31875,-0.300100152405963
18.3201388888889,-0.299435573512842
18.3215277777778,-0.320371447651077
18.3229166666667,-0.282060037277039
18.3243055555556,-0.26259155283876
18.3256944444444,-0.275097026543007
18.3270833333333,-0.266105528829035
18.3284722222222,-0.324451498814112
18.3298611111111,-0.322503872658774
18.33125,-0.297872081133653
18.3326388888889,-0.321599489556589
18.3340277777778,-0.348449543972874
18.3354166666667,-0.311514393081175
18.3368055555556,-0.355241675172755
18.3381944444444,-0.327368736911811
18.3395833333333,-0.306900458045141
18.3409722222222,-0.350988152453017
18.3423611111111,-0.289136666901753
18.34375,-0.35654916042415
18.3451388888889,-0.336779397331592
18.3465277777778,-0.301119984013561
18.3479166666667,-0.334736472417648
18.3493055555556,-0.391422521239385
18.3506944444444,-0.348112869641668
18.3520833333333,-0.309692276952581
18.3534722222222,-0.33908119034537
18.3548611111111,-0.331101281264955
18.35625,-0.369674626685389
18.3576388888889,-0.42010682897802
18.3590277777778,-0.413853996128244
18.3604166666667,-0.38726688201465
18.3618055555556,-0.338466182804058
18.3631944444444,-0.341065368973127
18.3645833333333,-0.307120755435883
18.3659722222222,-0.361044465413946
18.3673611111111,-0.302745644045229
18.36875,-0.301863691756833
18.3701388888889,-0.354135025242462
18.3715277777778,-0.395389557952491
18.3729166666667,-0.392069782564133
18.3743055555556,-0.412747723400747
18.3756944444444,-0.38127796004346
18.3770833333333,-0.360313706144211
18.3784722222222,-0.363198476552099
18.3798611111111,-0.341783325069463
18.38125,-0.374826848504992
18.3826388888889,-0.344461571850116
18.3840277777778,-0.340797760385025
18.3854166666667,-0.364448895117711
18.3868055555556,-0.364863363423482
18.3881944444444,-0.367665157010223
18.3895833333333,-0.403423544233918
18.3909722222222,-0.335187002380726
18.3923611111111,-0.340378452778946
18.39375,-0.355352196664187
18.3951388888889,-0.373732777552193
18.3965277777778,-0.348561172866285
18.3979166666667,-0.390187931322659
18.3993055555556,-0.430813863993936
18.4006944444444,-0.421287943636768
18.4020833333333,-0.387929291175945
18.4034722222222,-0.382683860986267
18.4048611111111,-0.364160113323574
18.40625,-0.348466312389665
18.4076388888889,-0.349560153396962
18.4090277777778,-0.323825384305922
18.4104166666667,-0.365301987675245
18.4118055555556,-0.324645716141426
18.4131944444444,-0.29628489698534
18.4145833333333,-0.330861073709292
18.4159722222222,-0.37351626402452
18.4173611111111,-0.339038749480911
18.41875,-0.347914621401042
18.4201388888889,-0.330542598564377
18.4215277777778,-0.378944283105686
18.4229166666667,-0.37542403803995
18.4243055555556,-0.337035555272717
18.4256944444444,-0.359812575639715
18.4270833333333,-0.363540874102205
18.4284722222222,-0.409665980877566
18.4298611111111,-0.396502846088475
18.43125,-0.424277380752362
18.4326388888889,-0.404937203269357
18.4340277777778,-0.443106569690957
18.4354166666667,-0.382936073534763
18.4368055555556,-0.42292776636772
18.4381944444444,-0.376923861380701
18.4395833333333,-0.328881105399966
18.4409722222222,-0.34845897954785
18.4423611111111,-0.393154842484998
18.44375,-0.399086688906412
18.4451388888889,-0.409123450570785
18.4465277777778,-0.410571096906413
18.4479166666667,-0.343211155577301
18.4493055555556,-0.371920442093058
18.4506944444444,-0.354540752619425
18.4520833333333,-0.339545870480301
18.4534722222222,-0.349913390950147
18.4548611111111,-0.319474825676906
18.45625,-0.321996481610902
18.4576388888889,-0.376855579049111
18.4590277777778,-0.359988186859571
18.4604166666667,-0.347836820682304
18.4618055555556,-0.327261241832616
18.4631944444444,-0.342535766302706
18.4645833333333,-0.312317241602501
18.4659722222222,-0.319814224049955
18.4673611111111,-0.33756021319844
18.46875,-0.325664907662894
18.4701388888889,-0.315406846409609
18.4715277777778,-0.341369451081629
18.4729166666667,-0.356913757384496
18.4743055555556,-0.34969241109152
18.4756944444444,-0.353492799377314
18.4770833333333,-0.311502308983084
18.4784722222222,-0.32663332964914
18.4798611111111,-0.326512776263717
18.48125,-0.330578582017685
18.4826388888889,-0.313974013324575
18.4840277777778,-0.371612465078555
18.4854166666667,-0.397311453129274
18.4868055555556,-0.386829329636348
18.4881944444444,-0.385964729797864
18.4895833333333,-0.340210308481761
18.4909722222222,-0.321966170952696
18.4923611111111,-0.315119328595367
18.49375,-0.283735317650391
18.4951388888889,-0.327413762966571
18.4965277777778,-0.314836346574266
18.4979166666667,-0.318957352789614
18.4993055555556,-0.306612766730303
18.5006944444444,-0.33279098085543
18.5020833333333,-0.34097293163294
18.5034722222222,-0.336885331893855
18.5048611111111,-0.335839433123802
18.50625,-0.329930041688773
18.5076388888889,-0.325951849401205
18.5090277777778,-0.324883638771002
18.5104166666667,-0.345557495458829
18.5118055555556,-0.375109685129774
18.5131944444444,-0.322030107323803
18.5145833333333,-0.310369444640296
18.5159722222222,-0.328322383365016
18.5173611111111,-0.346758300000989
18.51875,-0.323611739457068
18.5201388888889,-0.310214427842034
18.5215277777778,-0.298658124355099
18.5229166666667,-0.33552890301873
18.5243055555556,-0.338417140897042
18.5256944444444,-0.352754383753775
18.5270833333333,-0.327527195629875
18.5284722222222,-0.310308065958442
18.5298611111111,-0.355544385356017
18.53125,-0.320232435136753
18.5326388888889,-0.342225907860158
18.5340277777778,-0.348542067566139
18.5354166666667,-0.309445385031715
18.5368055555556,-0.334750609988187
18.5381944444444,-0.311434345438667
18.5395833333333,-0.306768463861266
18.5409722222222,-0.296360529121594
18.5423611111111,-0.261349285204268
18.54375,-0.280332129701401
18.5451388888889,-0.223539596595593
18.5465277777778,-0.319395406485531
18.5479166666667,-0.29297862844816
18.5493055555556,-0.304618182439446
18.5506944444444,-0.372092653248524
18.5520833333333,-0.351721678222049
18.5534722222222,-0.333855630905404
18.5548611111111,-0.371527283126254
18.55625,-0.37145355239419
18.5576388888889,-0.326355106494891
18.5590277777778,-0.359193482973523
18.5604166666667,-0.313318164061542
18.5618055555556,-0.317195001674554
18.5631944444444,-0.292519943170854
18.5645833333333,-0.305377004476776
18.5659722222222,-0.354690063693118
18.5673611111111,-0.388381710982416
18.56875,-0.340067217991949
18.5701388888889,-0.321377599798348
18.5715277777778,-0.289616191249106
18.5729166666667,-0.313482765337017
18.5743055555556,-0.299961355038831
18.5756944444444,-0.277155088081763
18.5770833333333,-0.236511304914085
18.5784722222222,-0.216196608757711
18.5798611111111,-0.185037822572604
18.58125,-0.218396007801333
18.5826388888889,-0.252807086908294
18.5840277777778,-0.270987713023582
18.5854166666667,-0.251701786656934
18.5868055555556,-0.228570550658162
18.5881944444444,-0.23111207254854
18.5895833333333,-0.247374233566897
18.5909722222222,-0.26802054314925
18.5923611111111,-0.253823905798392
18.59375,-0.263108733396497
18.5951388888889,-0.261285453020494
18.5965277777778,-0.260278848225
18.5979166666667,-0.289470978198188
18.5993055555556,-0.333316522948671
18.6006944444444,-0.303731835211093
18.6020833333333,-0.319268952219198
18.6034722222222,-0.365834258350766
18.6048611111111,-0.337953595876082
18.60625,-0.340085948764149
18.6076388888889,-0.293772420417352
18.6090277777778,-0.301277150522467
18.6104166666667,-0.263075971509192
18.6118055555556,-0.244705331673755
18.6131944444444,-0.266783533282084
18.6145833333333,-0.23376210997853
18.6159722222222,-0.253257425908975
18.6173611111111,-0.237920571459897
18.61875,-0.252261970829529
18.6201388888889,-0.268777515728398
18.6215277777778,-0.259840185357857
18.6229166666667,-0.223969805812695
18.6243055555556,-0.221569203202405
18.6256944444444,-0.23418962716828
18.6270833333333,-0.237784001870182
18.6284722222222,-0.248760947563873
18.6298611111111,-0.301729935507616
18.63125,-0.270351602884188
18.6326388888889,-0.270470460040757
18.6340277777778,-0.326248130616326
18.6354166666667,-0.30590633051569
18.6368055555556,-0.293283194442239
18.6381944444444,-0.259158761661817
18.6395833333333,-0.264763937737281
18.6409722222222,-0.287475702406807
18.6423611111111,-0.289064704578166
18.64375,-0.31748120996573
18.6451388888889,-0.291036081202947
18.6465277777778,-0.257731054965517
18.6479166666667,-0.239585214896005
18.6493055555556,-0.306091990773603
18.6506944444444,-0.299517666955942
18.6520833333333,-0.294660495503236
18.6534722222222,-0.288176133715772
18.6548611111111,-0.263779962468939
18.65625,-0.258903611601958
18.6576388888889,-0.297336323646733
18.6590277777778,-0.358267146448864
18.6604166666667,-0.355836650099541
18.6618055555556,-0.329489472361457
18.6631944444444,-0.320871606159292
18.6645833333333,-0.306588834319332
18.6659722222222,-0.307990096997101
18.6673611111111,-0.268476395602428
18.66875,-0.317679930393515
18.6701388888889,-0.35083417385927
18.6715277777778,-0.345704988696227
18.6729166666667,-0.285706809385021
18.6743055555556,-0.325879666130591
18.6756944444444,-0.330366563467037
18.6770833333333,-0.328461428978676
18.6784722222222,-0.312578466242039
18.6798611111111,-0.31880284224926
18.68125,-0.28745817496703
18.6826388888889,-0.312147259725781
18.6840277777778,-0.354307149887611
18.6854166666667,-0.275380100957324
18.6868055555556,-0.339367207588306
18.6881944444444,-0.335137795898351
18.6895833333333,-0.348564310594723
18.6909722222222,-0.377839506364829
18.6923611111111,-0.340574669949681
18.69375,-0.368154487289414
18.6951388888889,-0.352918061914149
18.6965277777778,-0.351608988346584
18.6979166666667,-0.327102942491025
18.6993055555556,-0.358388702840969
18.7006944444444,-0.353829076645268
18.7020833333333,-0.380750703980855
18.7034722222222,-0.313953981439727
18.7048611111111,-0.310744877104396
18.70625,-0.330783881457365
18.7076388888889,-0.296067457242544
18.7090277777778,-0.331592880643252
18.7104166666667,-0.329848083871186
18.7118055555556,-0.262642098312791
18.7131944444444,-0.309848652131694
18.7145833333333,-0.221661560202144
18.7159722222222,-0.204548709356087
18.7173611111111,-0.208243253486965
18.71875,-0.237543688474056
18.7201388888889,-0.287066029035867
18.7215277777778,-0.281255900015595
18.7229166666667,-0.278935959958647
18.7243055555556,-0.258575300772482
18.7256944444444,-0.282287032443412
18.7270833333333,-0.296883340256323
18.7284722222222,-0.316528788355999
18.7298611111111,-0.342332189098936
18.73125,-0.253105202677257
18.7326388888889,-0.238557851166729
18.7340277777778,-0.228357924612595
18.7354166666667,-0.271678113478703
18.7368055555556,-0.313807450127121
18.7381944444444,-0.357185598001017
18.7395833333333,-0.313137279331702
18.7409722222222,-0.302760157805215
18.7423611111111,-0.336112449333474
18.74375,-0.312246176423965
18.7451388888889,-0.288694307706127
18.7465277777778,-0.291038923377775
18.7479166666667,-0.322915834424524
18.7493055555556,-0.31377887922762
18.7506944444444,-0.239662337627534
18.7520833333333,-0.251837856177794
18.7534722222222,-0.282291881608392
18.7548611111111,-0.302988211083297
18.75625,-0.31694027149199
18.7576388888889,-0.312657094469808
18.7590277777778,-0.324622994322078
18.7604166666667,-0.303366184362205
18.7618055555556,-0.306753300293713
18.7631944444444,-0.3232677144717
18.7645833333333,-0.300326898863532
18.7659722222222,-0.318206137740175
18.7673611111111,-0.29086571380397
18.76875,-0.301093166292536
18.7701388888889,-0.325103118659141
18.7715277777778,-0.34544956210442
18.7729166666667,-0.30025892708431
18.7743055555556,-0.322658916516652
18.7756944444444,-0.316715639351087
18.7770833333333,-0.302426638241897
18.7784722222222,-0.309873165295489
18.7798611111111,-0.274080232975175
18.78125,-0.290074306322086
18.7826388888889,-0.289518364420225
18.7840277777778,-0.269668242486369
18.7854166666667,-0.290055466898773
18.7868055555556,-0.264885493448795
18.7881944444444,-0.269244192878279
18.7895833333333,-0.278549435513253
18.7909722222222,-0.305421297815381
18.7923611111111,-0.249485035462415
18.79375,-0.221922492092811
18.7951388888889,-0.301794939217806
18.7965277777778,-0.30937668475158
18.7979166666667,-0.29140218724351
18.7993055555556,-0.28842152432358
18.8006944444444,-0.264584911553339
18.8020833333333,-0.263301222900322
18.8034722222222,-0.366910990409358
18.8048611111111,-0.309916343422762
18.80625,-0.263921515795769
18.8076388888889,-0.229447142990663
18.8090277777778,-0.251849226614012
18.8104166666667,-0.26524919815844
18.8118055555556,-0.286841103933005
18.8131944444444,-0.280558556344884
18.8145833333333,-0.265371593897119
18.8159722222222,-0.295820421987814
18.8173611111111,-0.305464045289638
18.81875,-0.297482640918727
18.8201388888889,-0.315193465155253
18.8215277777778,-0.323453083654673
18.8229166666667,-0.352682798232808
18.8243055555556,-0.322345365811132
18.8256944444444,-0.330460532980538
18.8270833333333,-0.349878224912336
18.8284722222222,-0.363648369572843
18.8298611111111,-0.344146383335601
18.83125,-0.358772009910594
18.8326388888889,-0.304786190420041
18.8340277777778,-0.291316493794818
18.8354166666667,-0.305034608199796
18.8368055555556,-0.292140937617927
18.8381944444444,-0.293320206011541
18.8395833333333,-0.282729821431015
18.8409722222222,-0.304987691434495
18.8423611111111,-0.319286887133433
18.84375,-0.311266728337706
18.8451388888889,-0.299583052792772
18.8465277777778,-0.314581816354113
18.8479166666667,-0.320526037274221
18.8493055555556,-0.337570523991035
18.8506944444444,-0.293176234884509
18.8520833333333,-0.282809369670272
18.8534722222222,-0.28413398774468
18.8548611111111,-0.284573750199971
18.85625,-0.281944691582682
18.8576388888889,-0.318935200291175
18.8590277777778,-0.304229297841622
18.8604166666667,-0.28707637313069
18.8618055555556,-0.254224856619226
18.8631944444444,-0.232659703895948
18.8645833333333,-0.225685562638164
18.8659722222222,-0.257963385637698
18.8673611111111,-0.255599255380816
18.86875,-0.262254821633103
18.8701388888889,-0.319517363802124
18.8715277777778,-0.305566025401577
18.8729166666667,-0.342594270669595
18.8743055555556,-0.291381120428485
18.8756944444444,-0.291588066156303
18.8770833333333,-0.285526500067553
18.8784722222222,-0.309763898356651
18.8798611111111,-0.323630970190382
18.88125,-0.313029569259921
18.8826388888889,-0.310633763337436
18.8840277777778,-0.319658968200384
18.8854166666667,-0.323381102965861
18.8868055555556,-0.330331802573331
18.8881944444444,-0.297264111759025
18.8895833333333,-0.275762020572154
18.8909722222222,-0.302390236707666
18.8923611111111,-0.299321308587137
18.89375,-0.290216482292241
18.8951388888889,-0.304258396701819
18.8965277777778,-0.307142451589553
18.8979166666667,-0.261530900984165
18.8993055555556,-0.303022277240453
18.9006944444444,-0.27326013833257
18.9020833333333,-0.28559213254207
18.9034722222222,-0.287163546955914
18.9048611111111,-0.269060041252586
18.90625,-0.298878968192491
18.9076388888889,-0.317027157429071
18.9090277777778,-0.290227727487727
18.9104166666667,-0.350256428274229
18.9118055555556,-0.33404308765559
18.9131944444444,-0.362381666730953
18.9145833333333,-0.333838444590414
18.9159722222222,-0.287956050863625
18.9173611111111,-0.28997826476049
18.91875,-0.33845809565934
18.9201388888889,-0.376783898135873
18.9215277777778,-0.338994267619801
18.9229166666667,-0.316153011876858
18.9243055555556,-0.299670477766508
18.9256944444444,-0.35094513548769
18.9270833333333,-0.301760914796227
18.9284722222222,-0.346345567415656
18.9298611111111,-0.377086431178767
18.93125,-0.356316769183368
18.9326388888889,-0.322363627192508
18.9340277777778,-0.344416187983823
18.9354166666667,-0.347725352428441
18.9368055555556,-0.314948025726856
18.9381944444444,-0.342744138915769
18.9395833333333,-0.334526743766671
18.9409722222222,-0.310822215097306
18.9423611111111,-0.273562302958155
18.94375,-0.292409027754681
18.9451388888889,-0.281144346321494
18.9465277777778,-0.282199450439605
18.9479166666667,-0.357231951666679
18.9493055555556,-0.349920446860151
18.9506944444444,-0.29521579229183
18.9520833333333,-0.27283696591209
18.9534722222222,-0.299940469100777
18.9548611111111,-0.316848304188777
18.95625,-0.328433102555585
18.9576388888889,-0.330291724461332
18.9590277777778,-0.25082551722748
18.9604166666667,-0.231507313646245
18.9618055555556,-0.240552746564423
18.9631944444444,-0.237124281747489
18.9645833333333,-0.249588353572023
18.9659722222222,-0.306855217712184
18.9673611111111,-0.304124047713581
18.96875,-0.261328904461175
18.9701388888889,-0.223391438729141
18.9715277777778,-0.266000395676033
18.9729166666667,-0.263519433573101
18.9743055555556,-0.240492421886685
18.9756944444444,-0.235883526681958
18.9770833333333,-0.259511063916977
18.9784722222222,-0.21195877050609
18.9798611111111,-0.182129402671352
18.98125,-0.18484581636102
18.9826388888889,-0.208616275076751
18.9840277777778,-0.185734131089354
18.9854166666667,-0.190727497606931
18.9868055555556,-0.213781729631319
18.9881944444444,-0.211449822629677
18.9895833333333,-0.205496103979478
18.9909722222222,-0.206352491105301
18.9923611111111,-0.216226935620106
18.99375,-0.173433010844231
18.9951388888889,-0.191092864443539
18.9965277777778,-0.223052976571376
18.9979166666667,-0.17524737576032
18.9993055555556,-0.194205963117377
19.0006944444444,-0.122838568926354
19.0020833333333,-0.122410885337164
19.0034722222222,-0.132906403307791
19.0048611111111,-0.139861105837713
19.00625,-0.158247635572613
19.0076388888889,-0.135341719556947
19.0090277777778,-0.132085657200065
19.0104166666667,-0.187056291651134
19.0118055555556,-0.117265435500002
19.0131944444444,-0.164570384900418
19.0145833333333,-0.192487377318689
19.0159722222222,-0.202565098001085
19.0173611111111,-0.212810261478001
19.01875,-0.158678337720841
19.0201388888889,-0.175510704519085
19.0215277777778,-0.161904455031846
19.0229166666667,-0.17334866153715
19.0243055555556,-0.179922556791431
19.0256944444444,-0.181715518021208
19.0270833333333,-0.214604091275107
19.0284722222222,-0.247668635031953
19.0298611111111,-0.263989664609489
19.03125,-0.232354949150267
19.0326388888889,-0.251661428816748
19.0340277777778,-0.221429277664248
19.0354166666667,-0.206000444396658
19.0368055555556,-0.193993176121378
19.0381944444444,-0.256269060529268
19.0395833333333,-0.204792235691934
19.0409722222222,-0.203300022207062
19.0423611111111,-0.184118530596828
19.04375,-0.211303130703334
19.0451388888889,-0.196064948303758
19.0465277777778,-0.21021836539932
19.0479166666667,-0.245713775737075
19.0493055555556,-0.213004678056119
19.0506944444444,-0.209971903688693
19.0520833333333,-0.221030646836357
19.0534722222222,-0.228227761512571
19.0548611111111,-0.226743524332655
19.05625,-0.223850282215263
19.0576388888889,-0.245655375628395
19.0590277777778,-0.236207087016125
19.0604166666667,-0.206681049007207
19.0618055555556,-0.192384700746652
19.0631944444444,-0.181999796069769
19.0645833333333,-0.165312729244058
19.0659722222222,-0.142604073056043
19.0673611111111,-0.175079596124161
19.06875,-0.153721577074897
19.0701388888889,-0.14724183340429
19.0715277777778,-0.152422880399576
19.0729166666667,-0.191270751737938
19.0743055555556,-0.229251752687128
19.0756944444444,-0.19191874137552
19.0770833333333,-0.209352671141894
19.0784722222222,-0.20508618457241
19.0798611111111,-0.21398106188733
19.08125,-0.184942543878657
19.0826388888889,-0.162318740906878
19.0840277777778,-0.205158515861803
19.0854166666667,-0.219060330783836
19.0868055555556,-0.200170326816802
19.0881944444444,-0.191514199783636
19.0895833333333,-0.169869123186115
19.0909722222222,-0.189301055052068
19.0923611111111,-0.172572578070722
19.09375,-0.128169033658537
19.0951388888889,-0.172738573239824
19.0965277777778,-0.148888456165732
19.0979166666667,-0.112702631714534
19.0993055555556,-0.113298216327358
19.1006944444444,-0.131304797244234
19.1020833333333,-0.132835343442067
19.1034722222222,-0.124687828615377
19.1048611111111,-0.154173230504399
19.10625,-0.149883171149376
19.1076388888889,-0.147388464218266
19.1090277777778,-0.142623162466152
19.1104166666667,-0.154371002512683
19.1118055555556,-0.186470798331883
19.1131944444444,-0.188251587790351
19.1145833333333,-0.184453814517282
19.1159722222222,-0.160215533179598
19.1173611111111,-0.191179219919375
19.11875,-0.229589565085135
19.1201388888889,-0.242502765117109
19.1215277777778,-0.217791471710288
19.1229166666667,-0.17463642047599
19.1243055555556,-0.188190919658507
19.1256944444444,-0.182851101090134
19.1270833333333,-0.198684470799334
19.1284722222222,-0.159525411467395
19.1298611111111,-0.154804476999048
19.13125,-0.169185020077509
19.1326388888889,-0.124237916972897
19.1340277777778,-0.131561113851754
19.1354166666667,-0.13122702094613
19.1368055555556,-0.136294588060693
19.1381944444444,-0.151650927295045
19.1395833333333,-0.151526254043011
19.1409722222222,-0.156227652533569
19.1423611111111,-0.126328095205162
19.14375,-0.129414730213929
19.1451388888889,-0.116137757357154
19.1465277777778,-0.119722136540782
19.1479166666667,-0.150692540549558
19.1493055555556,-0.133691673002741
19.1506944444444,-0.115080203669577
19.1520833333333,-0.103771428625427
19.1534722222222,-0.0895185805191149
19.1548611111111,-0.0869418502763809
19.15625,-0.0802564867538113
19.1576388888889,-0.104403023855168
19.1590277777778,-0.13683684043722
19.1604166666667,-0.125998037331011
19.1618055555556,-0.131338644710258
19.1631944444444,-0.107425719139546
19.1645833333333,-0.085331621915546
19.1659722222222,-0.131951913040665
19.1673611111111,-0.147077335624204
19.16875,-0.0758793671174352
19.1701388888889,-0.0874723580278642
19.1715277777778,-0.0921810208852987
19.1729166666667,-0.0888494395710561
19.1743055555556,-0.0564175084936635
19.1756944444444,-0.0710781603536019
19.1770833333333,-0.0816232735903051
19.1784722222222,-0.0853413415810934
19.1798611111111,-0.0834023777613081
19.18125,-0.0795705231365123
19.1826388888889,-0.0823650292575076
19.1840277777778,-0.0819906082909704
19.1854166666667,-0.0787034720633383
19.1868055555556,-0.0804677722675225
19.1881944444444,-0.0831969298982122
19.1895833333333,-0.0593614772186327
19.1909722222222,-0.0559185144995684
19.1923611111111,-0.0899136039503758
19.19375,-0.117828774996675
19.1951388888889,-0.125401415994659
19.1965277777778,-0.124897035694004
19.1979166666667,-0.0966604722984544
19.1993055555556,-0.0997204800141162
19.2006944444444,-0.103879575755441
19.2020833333333,-0.101636065805554
19.2034722222222,-0.0942158092012125
19.2048611111111,-0.111211846636315
19.20625,-0.140970517015312
19.2076388888889,-0.104636385792578
19.2090277777778,-0.114111226207727
19.2104166666667,-0.126391870187916
19.2118055555556,-0.139019525608368
19.2131944444444,-0.157627549373102
19.2145833333333,-0.142626101897538
19.2159722222222,-0.10531914412842
19.2173611111111,-0.124261122271789
19.21875,-0.122447141982015
19.2201388888889,-0.13443686819071
19.2215277777778,-0.0949981710012214
19.2229166666667,-0.121807918369418
19.2243055555556,-0.148178091647352
19.2256944444444,-0.151445568637774
19.2270833333333,-0.171023169979236
19.2284722222222,-0.125168387216766
19.2298611111111,-0.108282224064446
19.23125,-0.13282969747675
19.2326388888889,-0.106679596778031
19.2340277777778,-0.106251356135009
19.2354166666667,-0.0894543561837457
19.2368055555556,-0.0962583571601636
19.2381944444444,-0.116975646445165
19.2395833333333,-0.121531908935008
19.2409722222222,-0.125978269574584
19.2423611111111,-0.129116725292025
19.24375,-0.0856353227748657
19.2451388888889,-0.0702555371567164
19.2465277777778,-0.110316153996597
19.2479166666667,-0.113870836043703
19.2493055555556,-0.0992695843366279
19.2506944444444,-0.0975310776337351
19.2520833333333,-0.120662276743051
19.2534722222222,-0.120888426711948
19.2548611111111,-0.0905593700622227
19.25625,-0.105342336162629
19.2576388888889,-0.129324788584627
19.2590277777778,-0.117427147489957
19.2604166666667,-0.0865588588016001
19.2618055555556,-0.0785184928384911
19.2631944444444,-0.067838336573057
19.2645833333333,-0.105214709671767
19.2659722222222,-0.104849293454996
19.2673611111111,-0.105505578520811
19.26875,-0.0926950205796988
19.2701388888889,-0.0974008236193554
19.2715277777778,-0.102332956956779
19.2729166666667,-0.101665929940194
19.2743055555556,-0.104573501745257
19.2756944444444,-0.0860329124981915
19.2770833333333,-0.0751755615097058
19.2784722222222,-0.0769674425477725
19.2798611111111,-0.0321539848343214
19.28125,-0.025366188244801
19.2826388888889,-0.0198622938547467
19.2840277777778,-0.0402981873849136
19.2854166666667,-0.0421890034904731
19.2868055555556,-0.0359204239514215
19.2881944444444,-0.049606722791818
19.2895833333333,-0.0661165038502223
19.2909722222222,-0.0436501118041465
19.2923611111111,-0.0595155714180419
19.29375,-0.060544836756703
19.2951388888889,-0.0246388745128941
19.2965277777778,-0.0587760413660089
19.2979166666667,-0.0783520990690214
19.2993055555556,-0.0637001009504649
19.3006944444444,-0.0534445208410487
19.3020833333333,-0.0703457080705457
19.3034722222222,-0.0858433487642866
19.3048611111111,-0.0742839374809325
19.30625,-0.0789023007417268
19.3076388888889,-0.0476318809986635
19.3090277777778,-0.082666064680157
19.3104166666667,-0.127026899651861
19.3118055555556,-0.113607004715429
19.3131944444444,-0.104033161896945
19.3145833333333,-0.100984680654345
19.3159722222222,-0.0783980037882832
19.3173611111111,-0.128514393182995
19.31875,-0.106141979632167
19.3201388888889,-0.113994158380949
19.3215277777778,-0.124175974846798
19.3229166666667,-0.115731486219601
19.3243055555556,-0.0907679545450172
19.3256944444444,-0.0921776984150705
19.3270833333333,-0.0957654832225139
19.3284722222222,-0.0993019650940677
19.3298611111111,-0.0959010853280705
19.33125,-0.125654871280529
19.3326388888889,-0.117503953662486
19.3340277777778,-0.120401367440818
19.3354166666667,-0.123688948812743
19.3368055555556,-0.100664970801613
19.3381944444444,-0.0813556813243028
19.3395833333333,-0.0625373423189734
19.3409722222222,-0.0568351228036585
19.3423611111111,-0.0117969916497311
19.34375,-0.0414720465975184
19.3451388888889,-0.0510811212911082
19.3465277777778,-0.0455642622293986
19.3479166666667,-0.0380350266444544
19.3493055555556,-0.0503863648062972
19.3506944444444,-0.0639911546681916
19.3520833333333,-0.0687038319423441
19.3534722222222,-0.0298885290794125
19.3548611111111,-0.0396316108851398
19.35625,-0.0910818006358628
19.3576388888889,-0.0353944047558618
19.3590277777778,-0.0582033846714696
19.3604166666667,-0.0473299606368092
19.3618055555556,-0.0698891290191421
19.3631944444444,-0.0771804019786854
19.3645833333333,-0.0849281856249933
19.3659722222222,-0.0744807170994228
19.3673611111111,-0.0812999885890887
19.36875,-0.0677122179700099
19.3701388888889,-0.0721226535040146
19.3715277777778,-0.0589191377051741
19.3729166666667,-0.0859137155234031
19.3743055555556,-0.103735378296107
19.3756944444444,-0.0727423657582285
19.3770833333333,-0.0876755217303753
19.3784722222222,-0.116085959803227
19.3798611111111,-0.103333441813796
19.38125,-0.105019272302838
19.3826388888889,-0.0890340669672825
19.3840277777778,-0.0647342838892739
19.3854166666667,-0.072979487497707
19.3868055555556,-0.0725821820373099
19.3881944444444,-0.0656675627475322
19.3895833333333,-0.0645365294899795
19.3909722222222,-0.0620985608325362
19.3923611111111,-0.100651092041441
19.39375,-0.116436746508294
19.3951388888889,-0.114078420186901
19.3965277777778,-0.121552784647025
19.3979166666667,-0.121242785943296
19.3993055555556,-0.106520688326042
19.4006944444444,-0.0882887849019739
19.4020833333333,-0.090098599525843
19.4034722222222,-0.105143752446477
19.4048611111111,-0.145324539455765
19.40625,-0.135178727875971
19.4076388888889,-0.107979142289247
19.4090277777778,-0.111884611608807
19.4104166666667,-0.122732098478563
19.4118055555556,-0.126485719909116
19.4131944444444,-0.120952964531691
19.4145833333333,-0.103896375587096
19.4159722222222,-0.102057820456246
19.4173611111111,-0.106702100017071
19.41875,-0.104940147748022
19.4201388888889,-0.0830089987617312
19.4215277777778,-0.0549066988265359
19.4229166666667,-0.0379088935840343
19.4243055555556,-0.0740949194466796
19.4256944444444,-0.0788669144392616
19.4270833333333,-0.0747796912340405
19.4284722222222,-0.0718335055235955
19.4298611111111,-0.0796715582224314
19.43125,-0.0650873232328627
19.4326388888889,-0.103086845788191
19.4340277777778,-0.0925087188703817
19.4354166666667,-0.103140278359041
19.4368055555556,-0.0906196678075521
19.4381944444444,-0.100355887587393
19.4395833333333,-0.141526837470599
19.4409722222222,-0.143882651220234
19.4423611111111,-0.142991856084761
19.44375,-0.147861127820036
19.4451388888889,-0.0950563594075356
19.4465277777778,-0.0899887122063092
19.4479166666667,-0.123474703262755
19.4493055555556,-0.113785194832601
19.4506944444444,-0.11665963036009
19.4520833333333,-0.129919502701132
19.4534722222222,-0.0930454120299661
19.4548611111111,-0.101447813689291
19.45625,-0.0964253577626387
19.4576388888889,-0.122813404092526
19.4590277777778,-0.149916116645936
19.4604166666667,-0.156145459369906
19.4618055555556,-0.138880418813213
19.4631944444444,-0.182389646187771
19.4645833333333,-0.203973520383142
19.4659722222222,-0.157119452746076
19.4673611111111,-0.112917335377848
19.46875,-0.131428768614962
19.4701388888889,-0.141229754087131
19.4715277777778,-0.114387512342221
19.4729166666667,-0.143623432561556
19.4743055555556,-0.120568950416095
19.4756944444444,-0.11955764729548
19.4770833333333,-0.133258284171179
19.4784722222222,-0.153941701307541
19.4798611111111,-0.143954945671476
19.48125,-0.158365734582221
19.4826388888889,-0.117454247646992
19.4840277777778,-0.125159376894042
19.4854166666667,-0.129704940611836
19.4868055555556,-0.131558075424221
19.4881944444444,-0.1133702966747
19.4895833333333,-0.120798340879463
19.4909722222222,-0.103162215700421
19.4923611111111,-0.101530180952105
19.49375,-0.146144647909346
19.4951388888889,-0.130043841546713
19.4965277777778,-0.129124427928851
19.4979166666667,-0.104800847594889
19.4993055555556,-0.112306218649687
19.5006944444444,-0.0903985626893247
19.5020833333333,-0.0649753575908697
19.5034722222222,-0.0884269907198567
19.5048611111111,-0.0657423044630366
19.50625,-0.110454675492074
19.5076388888889,-0.111900772868315
19.5090277777778,-0.104304912477157
19.5104166666667,-0.107832341476337
19.5118055555556,-0.100891792183728
19.5131944444444,-0.116104934461606
19.5145833333333,-0.106508335189973
19.5159722222222,-0.0768316045059829
19.5173611111111,-0.0694486564674945
19.51875,-0.0905786548741542
19.5201388888889,-0.0852659604415475
19.5215277777778,-0.0746065519069552
19.5229166666667,-0.0439253725983693
19.5243055555556,-0.0475231155517784
19.5256944444444,-0.092807316115632
19.5270833333333,-0.108218989066488
19.5284722222222,-0.0903816455558186
19.5298611111111,-0.0610432765543922
19.53125,-0.0664734735033104
19.5326388888889,-0.0610058592963177
19.5340277777778,-0.053280188242156
19.5354166666667,-0.0586382242534002
19.5368055555556,-0.0799024054872115
19.5381944444444,-0.0946226237871064
19.5395833333333,-0.0983420701881807
19.5409722222222,-0.0916494522405048
19.5423611111111,-0.0642258113266718
19.54375,-0.0982051805240388
19.5451388888889,-0.060361357133042
19.5465277777778,-0.0971254252604233
19.5479166666667,-0.0840180917940111
19.5493055555556,-0.0876029116908188
19.5506944444444,-0.10331741512694
19.5520833333333,-0.0715421950021298
19.5534722222222,-0.0702741642260958
19.5548611111111,-0.0660693630253685
19.55625,-0.063944425702388
19.5576388888889,-0.0703757873286107
19.5590277777778,-0.0559828385172673
19.5604166666667,-0.093059742628234
19.5618055555556,-0.0829739958368861
19.5631944444444,-0.072087097973444
19.5645833333333,-0.0695455071527791
19.5659722222222,-0.0801168662395718
19.5673611111111,-0.0887107263314211
19.56875,-0.0808183920603648
19.5701388888889,-0.0966159503390634
19.5715277777778,-0.100531655610911
19.5729166666667,-0.080490430854593
19.5743055555556,-0.0748929967528763
19.5756944444444,-0.111249160302332
19.5770833333333,-0.0776009198409899
19.5784722222222,-0.0765769486591832
19.5798611111111,-0.113424203188014
19.58125,-0.141963969179925
19.5826388888889,-0.141353236691622
19.5840277777778,-0.118394538310788
19.5854166666667,-0.139185945748731
19.5868055555556,-0.159009359641869
19.5881944444444,-0.145318669418677
19.5895833333333,-0.162060814396301
19.5909722222222,-0.135232604942397
19.5923611111111,-0.156163645833869
19.59375,-0.159911885950344
19.5951388888889,-0.164382626300299
19.5965277777778,-0.203647386643273
19.5979166666667,-0.208814563052461
19.5993055555556,-0.179429260816972
19.6006944444444,-0.173888689789195
19.6020833333333,-0.196172599595133
19.6034722222222,-0.187588620609931
19.6048611111111,-0.176239228909936
19.60625,-0.192926573537273
19.6076388888889,-0.158103094451284
19.6090277777778,-0.134554031414755
19.6104166666667,-0.130640646351307
19.6118055555556,-0.163082253996437
19.6131944444444,-0.157042392507055
19.6145833333333,-0.122621214703412
19.6159722222222,-0.122661387737163
19.6173611111111,-0.116356004429562
19.61875,-0.131538323512851
19.6201388888889,-0.138936126709902
19.6215277777778,-0.132478212041241
19.6229166666667,-0.172956227098833
19.6243055555556,-0.156934323347396
19.6256944444444,-0.170841998125232
19.6270833333333,-0.16691760776425
19.6284722222222,-0.175386167003602
19.6298611111111,-0.17153035448014
19.63125,-0.179435347319567
19.6326388888889,-0.191938548013418
19.6340277777778,-0.219813933044035
19.6354166666667,-0.21541181659738
19.6368055555556,-0.203734939964768
19.6381944444444,-0.200565612284011
19.6395833333333,-0.197976003451117
19.6409722222222,-0.199067364493722
19.6423611111111,-0.201887589206811
19.64375,-0.171777016679908
19.6451388888889,-0.141968167362059
19.6465277777778,-0.157213312910111
19.6479166666667,-0.165941373682263
19.6493055555556,-0.169026334233245
19.6506944444444,-0.161367530689252
19.6520833333333,-0.153909962409345
19.6534722222222,-0.123817906930425
19.6548611111111,-0.122067091876808
19.65625,-0.145531473082997
19.6576388888889,-0.166260735358789
19.6590277777778,-0.181629164889157
19.6604166666667,-0.116989116350744
19.6618055555556,-0.079619464286843
19.6631944444444,-0.0768684905107335
19.6645833333333,-0.0420020749601784
19.6659722222222,-0.0493370173859856
19.6673611111111,-0.0947128535264628
19.66875,-0.079096288758068
19.6701388888889,-0.111464998693721
19.6715277777778,-0.132204969793231
19.6729166666667,-0.129044072099599
19.6743055555556,-0.131913550631501
19.6756944444444,-0.120735841416751
19.6770833333333,-0.113791059817564
19.6784722222222,-0.10472253073144
19.6798611111111,-0.130541835576712
19.68125,-0.13039711625858
19.6826388888889,-0.116506542994453
19.6840277777778,-0.113302902907902
19.6854166666667,-0.128808478262195
19.6868055555556,-0.155014769087703
19.6881944444444,-0.156691602323608
19.6895833333333,-0.15695547201725
19.6909722222222,-0.127544303217517
19.6923611111111,-0.14260978247228
19.69375,-0.124614624986767
19.6951388888889,-0.109845169965514
19.6965277777778,-0.0963399111639308
19.6979166666667,-0.094771115257134
19.6993055555556,-0.107599113638043
19.7006944444444,-0.120987459690406
19.7020833333333,-0.119668773776821
19.7034722222222,-0.150869013760627
19.7048611111111,-0.110184011926438
19.70625,-0.110907540106264
19.7076388888889,-0.0996042593303832
19.7090277777778,-0.0959255244386751
19.7104166666667,-0.0922017243144442
19.7118055555556,-0.0723761271997768
19.7131944444444,-0.082725220115452
19.7145833333333,-0.0815161557415029
19.7159722222222,-0.104482895534097
19.7173611111111,-0.069004822851544
19.71875,-0.0741576593238163
19.7201388888889,-0.0825602646217963
19.7215277777778,-0.0916675799120059
19.7229166666667,-0.0578711358199529
19.7243055555556,-0.0592818959538475
19.7256944444444,-0.0691306419030878
19.7270833333333,-0.0953926278008795
19.7284722222222,-0.0850712989645353
19.7298611111111,-0.0785749697732076
19.73125,-0.0652718999521486
19.7326388888889,-0.0660280684788173
19.7340277777778,-0.0392146681205555
19.7354166666667,-0.0748472742768581
19.7368055555556,-0.0727687378437803
19.7381944444444,-0.0738687723276663
19.7395833333333,-0.0413574599226741
19.7409722222222,-0.066101520847236
19.7423611111111,-0.0765380918576955
19.74375,-0.0898951712796482
19.7451388888889,-0.0737246605614232
19.7465277777778,-0.078657745071441
19.7479166666667,-0.0946935434875991
19.7493055555556,-0.122581732111583
19.7506944444444,-0.103005817246055
19.7520833333333,-0.115955310080745
19.7534722222222,-0.0697088372813587
19.7548611111111,-0.0580747163814726
19.75625,-0.0654791762270849
19.7576388888889,-0.0964998537659171
19.7590277777778,-0.1204301256859
19.7604166666667,-0.138548804745804
19.7618055555556,-0.155755702495293
19.7631944444444,-0.168415460271314
19.7645833333333,-0.124323609919903
19.7659722222222,-0.0878091565365222
19.7673611111111,-0.0738524104187381
19.76875,-0.0813358403191339
19.7701388888889,-0.0722198837977592
19.7715277777778,-0.0550475663618383
19.7729166666667,-0.0635821864073014
19.7743055555556,-0.100161378614819
19.7756944444444,-0.0869280560208069
19.7770833333333,-0.0863182552919113
19.7784722222222,-0.106416486268037
19.7798611111111,-0.113012820266991
19.78125,-0.106495967719829
19.7826388888889,-0.0975366842930432
19.7840277777778,-0.0825970629227377
19.7854166666667,-0.0888981800632953
19.7868055555556,-0.0867159079277326
19.7881944444444,-0.070169223736369
19.7895833333333,-0.06335391202544
19.7909722222222,-0.0841131418602366
19.7923611111111,-0.101333513646168
19.79375,-0.0981825854968155
19.7951388888889,-0.104224179796754
19.7965277777778,-0.0966170218957741
19.7979166666667,-0.0973275528213919
19.7993055555556,-0.0786149377482054
19.8006944444444,-0.0657528905295574
19.8020833333333,-0.0561121521266233
19.8034722222222,-0.0516893328613802
19.8048611111111,-0.10315274912316
19.80625,-0.113518717292489
19.8076388888889,-0.110281189987119
19.8090277777778,-0.102682425084849
19.8104166666667,-0.0821342940050195
19.8118055555556,-0.0850470682673567
19.8131944444444,-0.100787626723123
19.8145833333333,-0.100449527316248
19.8159722222222,-0.0869856661233557
19.8173611111111,-0.0733663428626327
19.81875,-0.0785006721288041
19.8201388888889,-0.0748316650996345
19.8215277777778,-0.0955581739008209
19.8229166666667,-0.140452309279323
19.8243055555556,-0.140947970523104
19.8256944444444,-0.109120934811556
19.8270833333333,-0.111267633390574
19.8284722222222,-0.116271858353311
19.8298611111111,-0.0975813606110288
19.83125,-0.0847629259020756
19.8326388888889,-0.0722476205378295
19.8340277777778,-0.0804018810361651
19.8354166666667,-0.0878444554015344
19.8368055555556,-0.0974659876379211
19.8381944444444,-0.110258249688467
19.8395833333333,-0.13310222548522
19.8409722222222,-0.139760688908039
19.8423611111111,-0.153676883704265
19.84375,-0.160124967576703
19.8451388888889,-0.161268964484583
19.8465277777778,-0.181687285401084
19.8479166666667,-0.168456493959323
19.8493055555556,-0.189144907754002
19.8506944444444,-0.157770522506116
19.8520833333333,-0.130546709662291
19.8534722222222,-0.129086075340367
19.8548611111111,-0.178721164360549
19.85625,-0.166354341781636
19.8576388888889,-0.174494296703326
19.8590277777778,-0.18150181390827
19.8604166666667,-0.17437098291389
19.8618055555556,-0.161532934356333
19.8631944444444,-0.153864035151951
19.8645833333333,-0.157377957190075
19.8659722222222,-0.160000553862647
19.8673611111111,-0.163808721130179
19.86875,-0.168430781301868
19.8701388888889,-0.126682985166953
19.8715277777778,-0.105729781148683
19.8729166666667,-0.128138616585039
19.8743055555556,-0.169696474389233
19.8756944444444,-0.166520067961654
19.8770833333333,-0.165606462716006
19.8784722222222,-0.193456819871266
19.8798611111111,-0.181167957186488
19.88125,-0.185616107978128
19.8826388888889,-0.169957099005456
19.8840277777778,-0.150954298024422
19.8854166666667,-0.16838376816087
19.8868055555556,-0.150272831043905
19.8881944444444,-0.177941083236132
19.8895833333333,-0.16776380804638
19.8909722222222,-0.154631259795149
19.8923611111111,-0.162352551265257
19.89375,-0.150410396604368
19.8951388888889,-0.148558720781163
19.8965277777778,-0.143507191798274
19.8979166666667,-0.142608628840861
19.8993055555556,-0.131149775694671
19.9006944444444,-0.140840011129234
19.9020833333333,-0.129042519139591
19.9034722222222,-0.136218255972541
19.9048611111111,-0.121647626219081
19.90625,-0.122557579527195
19.9076388888889,-0.144031542252477
19.9090277777778,-0.114723588430907
19.9104166666667,-0.083560431138866
19.9118055555556,-0.113662421149269
19.9131944444444,-0.0867727001494856
19.9145833333333,-0.0915307821886703
19.9159722222222,-0.126272718031183
19.9173611111111,-0.0932986193542669
19.91875,-0.1033181329638
19.9201388888889,-0.0863467770547053
19.9215277777778,-0.108810518790166
19.9229166666667,-0.0987431967734688
19.9243055555556,-0.0760724917286924
19.9256944444444,-0.0796532400949722
19.9270833333333,-0.0655985685347316
19.9284722222222,-0.0605098923286423
19.9298611111111,-0.107145773780716
19.93125,-0.0924349490707644
19.9326388888889,-0.0828953318401132
19.9340277777778,-0.0716841139845593
19.9354166666667,-0.0573370446584605
19.9368055555556,-0.0887219623899544
19.9381944444444,-0.08866019569045
19.9395833333333,-0.066408388526334
19.9409722222222,-0.0920288194812242
19.9423611111111,-0.0879559622016526
19.94375,-0.0563789055095422
19.9451388888889,-0.0653667839533785
19.9465277777778,-0.0692159289887123
19.9479166666667,-0.0690570356375117
19.9493055555556,-0.0677140555009442
19.9506944444444,-0.0582391643879865
19.9520833333333,-0.046134802160504
19.9534722222222,-0.0581223286965767
19.9548611111111,-0.0568749576057705
19.95625,-0.0716769416978953
19.9576388888889,-0.118513055986715
19.9590277777778,-0.126800622897081
19.9604166666667,-0.139717809716892
19.9618055555556,-0.108602643242334
19.9631944444444,-0.0977587459741389
19.9645833333333,-0.0969157231660495
19.9659722222222,-0.112343901495708
19.9673611111111,-0.101154335984352
19.96875,-0.106756775676736
19.9701388888889,-0.109182793978404
19.9715277777778,-0.118049664127019
19.9729166666667,-0.0945863861317291
19.9743055555556,-0.0963620553446668
19.9756944444444,-0.105052762903084
19.9770833333333,-0.113829715191215
19.9784722222222,-0.117073415865556
19.9798611111111,-0.0983633153840409
19.98125,-0.0982550454066118
19.9826388888889,-0.0977294863336201
19.9840277777778,-0.121515202879436
19.9854166666667,-0.128028314196717
19.9868055555556,-0.112689073722579
19.9881944444444,-0.109644258249412
19.9895833333333,-0.113809432536875
19.9909722222222,-0.125453642325296
19.9923611111111,-0.104508406148526
19.99375,-0.109154987929561
19.9951388888889,-0.0965967325293258
19.9965277777778,-0.105641776700693
19.9979166666667,-0.123178398487296
19.9993055555556,-0.159528138058998
20.0006944444444,-0.130554661346022
20.0020833333333,-0.132680663516578
20.0034722222222,-0.132625503745452
20.0048611111111,-0.138986503924914
20.00625,-0.150251869091945
20.0076388888889,-0.171853828009472
20.0090277777778,-0.149937416511067
20.0104166666667,-0.122829340816736
20.0118055555556,-0.114824666210167
20.0131944444444,-0.102804762438266
20.0145833333333,-0.0904290329443873
20.0159722222222,-0.0440191610251712
20.0173611111111,-0.0730358999569616
20.01875,-0.0513993035955307
20.0201388888889,-0.0629035801692475
20.0215277777778,-0.0714158541866191
20.0229166666667,-0.0949793637569691
20.0243055555556,-0.0730359999629877
20.0256944444444,-0.0222048322331202
20.0270833333333,-0.0639812498826516
20.0284722222222,-0.0729745332398025
20.0298611111111,-0.0719293214737473
20.03125,-0.0668419983650617
20.0326388888889,-0.0813487571141565
20.0340277777778,-0.0885877002314653
20.0354166666667,-0.0827419002694333
20.0368055555556,-0.0933487734093255
20.0381944444444,-0.0972959107850235
20.0395833333333,-0.0919568676831747
20.0409722222222,-0.0753519305601653
20.0423611111111,-0.0958759850082064
20.04375,-0.103435258106488
20.0451388888889,-0.108122662885429
20.0465277777778,-0.15730627601547
20.0479166666667,-0.136355637339695
20.0493055555556,-0.14029326575577
20.0506944444444,-0.114391963301162
20.0520833333333,-0.111960806619643
20.0534722222222,-0.0963470900239669
20.0548611111111,-0.11374953422465
20.05625,-0.113473080522487
20.0576388888889,-0.101349225354558
20.0590277777778,-0.0750596776581278
20.0604166666667,-0.0720167995509783
20.0618055555556,-0.0661044400694277
20.0631944444444,-0.0656739232242646
20.0645833333333,-0.0862930966026211
20.0659722222222,-0.101397046179277
20.0673611111111,-0.0938782428813119
20.06875,-0.0745155209785129
20.0701388888889,-0.0856678469308951
20.0715277777778,-0.0909083823597366
20.0729166666667,-0.0954360718436614
20.0743055555556,-0.0601390560468127
20.0756944444444,-0.0751606889907541
20.0770833333333,-0.048118472967284
20.0784722222222,-0.0758841274628601
20.0798611111111,-0.0866580518808796
20.08125,-0.0878894422888935
20.0826388888889,-0.0861298004772449
20.0840277777778,-0.0569274566478189
20.0854166666667,-0.0156360689288151
20.0868055555556,-0.0522433469571328
20.0881944444444,-0.0579161089722269
20.0895833333333,-0.0955233234496522
20.0909722222222,-0.106009303923395
20.0923611111111,-0.0795856714254383
20.09375,-0.077510680004835
20.0951388888889,-0.0748342975788185
20.0965277777778,-0.0898940730466772
20.0979166666667,-0.109516125442496
20.0993055555556,-0.116864292987519
20.1006944444444,-0.103747974750277
20.1020833333333,-0.101653193842732
20.1034722222222,-0.10292808537823
20.1048611111111,-0.103689007960547
20.10625,-0.07347556283045
20.1076388888889,-0.0976622768338937
20.1090277777778,-0.117690292883831
20.1104166666667,-0.112771672297057
20.1118055555556,-0.122399303520206
20.1131944444444,-0.0774888293103235
20.1145833333333,-0.0862898766502252
20.1159722222222,-0.0805286102167135
20.1173611111111,-0.0438641762810513
20.11875,-0.0516895721899307
20.1201388888889,-0.0728168911073949
20.1215277777778,-0.0699051194976905
20.1229166666667,-0.0567147020243307
20.1243055555556,-0.0533783060988964
20.1256944444444,-0.0380548972357804
20.1270833333333,-0.0633618562470797
20.1284722222222,-0.0997328502734248
20.1298611111111,-0.0873393788940784
20.13125,-0.110777117166754
20.1326388888889,-0.108883248492279
20.1340277777778,-0.102530148259304
20.1354166666667,-0.0797335912348663
20.1368055555556,-0.106507721483109
20.1381944444444,-0.110104194059885
20.1395833333333,-0.133741472848722
20.1409722222222,-0.140040954575308
20.1423611111111,-0.121667860477813
20.14375,-0.142576769442282
20.1451388888889,-0.131172860745696
20.1465277777778,-0.160121650901183
20.1479166666667,-0.117259221511469
20.1493055555556,-0.125851610690245
20.1506944444444,-0.126524798195088
20.1520833333333,-0.131772584646637
20.1534722222222,-0.124843045273423
20.1548611111111,-0.12158990499765
20.15625,-0.12679551361842
20.1576388888889,-0.118732697672901
20.1590277777778,-0.0921806583213092
20.1604166666667,-0.0723284236713308
20.1618055555556,-0.0924395174300437
20.1631944444444,-0.0914811078675533
20.1645833333333,-0.12238762156754
20.1659722222222,-0.127669565910902
20.1673611111111,-0.128827774886571
20.16875,-0.111636024206529
20.1701388888889,-0.135410521906991
20.1715277777778,-0.110758285606436
20.1729166666667,-0.103911579968018
20.1743055555556,-0.125506163996218
20.1756944444444,-0.112979093604913
20.1770833333333,-0.12383875688162
20.1784722222222,-0.135437270867969
20.1798611111111,-0.115327540766943
20.18125,-0.114849931944749
20.1826388888889,-0.101289268727052
20.1840277777778,-0.130164339837912
20.1854166666667,-0.126172565666698
20.1868055555556,-0.12792138667725
20.1881944444444,-0.122647011446564
20.1895833333333,-0.113295050811369
20.1909722222222,-0.113307322506661
20.1923611111111,-0.122158484720222
20.19375,-0.13341529354751
20.1951388888889,-0.132296181453037
20.1965277777778,-0.124530592134299
20.1979166666667,-0.12922016248057
20.1993055555556,-0.0982780922207341
20.2006944444444,-0.117605257957784
20.2020833333333,-0.124650171662955
20.2034722222222,-0.129865370827898
20.2048611111111,-0.121768137811228
20.20625,-0.128270279927483
20.2076388888889,-0.133112116150065
20.2090277777778,-0.125636667631441
20.2104166666667,-0.0876660827921392
20.2118055555556,-0.107298625182817
20.2131944444444,-0.107090405765042
20.2145833333333,-0.144424491476769
20.2159722222222,-0.126737889860422
20.2173611111111,-0.123476419957019
20.21875,-0.13617190715929
20.2201388888889,-0.109843643932213
20.2215277777778,-0.103481573298571
20.2229166666667,-0.100413014814789
20.2243055555556,-0.110161952398932
20.2256944444444,-0.116274169839054
20.2270833333333,-0.104236994049751
20.2284722222222,-0.120717672751487
20.2298611111111,-0.12196223006404
20.23125,-0.103842821363445
20.2326388888889,-0.0936058737108352
20.2340277777778,-0.0929303147996992
20.2354166666667,-0.0961869926879207
20.2368055555556,-0.101333265119135
20.2381944444444,-0.0977969929721677
20.2395833333333,-0.0979283038123551
20.2409722222222,-0.0921772482689456
20.2423611111111,-0.0905118026023503
20.24375,-0.0962652247723217
20.2451388888889,-0.108676969172729
20.2465277777778,-0.111799343227908
20.2479166666667,-0.11879727486653
20.2493055555556,-0.117180064433259
20.2506944444444,-0.100229104606423
20.2520833333333,-0.0688380610668378
20.2534722222222,-0.137014747364969
20.2548611111111,-0.13667212138791
20.25625,-0.163792274361565
20.2576388888889,-0.129298351092633
20.2590277777778,-0.143320923138856
20.2604166666667,-0.115722224582283
20.2618055555556,-0.115896438687808
20.2631944444444,-0.128199120277771
20.2645833333333,-0.13775992505746
20.2659722222222,-0.127469695869566
20.2673611111111,-0.0824108098775495
20.26875,-0.120933749084766
20.2701388888889,-0.115949186049813
20.2715277777778,-0.121227552545644
20.2729166666667,-0.138710063230568
20.2743055555556,-0.126892136072984
20.2756944444444,-0.15363745964818
20.2770833333333,-0.141671727410162
20.2784722222222,-0.155000535954584
20.2798611111111,-0.128912122222565
20.28125,-0.0839380882576641
20.2826388888889,-0.113994142434671
20.2840277777778,-0.11538431049777
20.2854166666667,-0.0957662075382084
20.2868055555556,-0.103465419298503
20.2881944444444,-0.126957584866547
20.2895833333333,-0.149938776000519
20.2909722222222,-0.138521148442386
20.2923611111111,-0.122475425628873
20.29375,-0.112692019540832
20.2951388888889,-0.0919803152779106
20.2965277777778,-0.119651111667842
20.2979166666667,-0.117294000926431
20.2993055555556,-0.108427290302003
20.3006944444444,-0.0790073156058476
20.3020833333333,-0.0947783889033149
20.3034722222222,-0.103904987184102
20.3048611111111,-0.0777571687648309
20.30625,-0.0675936429842142
20.3076388888889,-0.100007187724482
20.3090277777778,-0.0631147273706726
20.3104166666667,-0.0750365991072389
20.3118055555556,-0.0621814386725773
20.3131944444444,-0.035937350073291
20.3145833333333,-0.0740425303818881
20.3159722222222,-0.042851015915051
20.3173611111111,-0.0828637007685444
20.31875,-0.075646899732485
20.3201388888889,-0.0668046623076909
20.3215277777778,-0.0727015262535588
20.3229166666667,-0.101677830658636
20.3243055555556,-0.0704193004062165
20.3256944444444,-0.0611889483311913
20.3270833333333,-0.0813324082636088
20.3284722222222,-0.137015499212085
20.3298611111111,-0.136256869306026
20.33125,-0.123859812513553
20.3326388888889,-0.117663833783411
20.3340277777778,-0.103838595010224
20.3354166666667,-0.114719960159865
20.3368055555556,-0.115512054779455
20.3381944444444,-0.0965043882005695
20.3395833333333,-0.0989385838606201
20.3409722222222,-0.111142108379965
20.3423611111111,-0.114105337317818
20.34375,-0.112365826161284
20.3451388888889,-0.139897678707689
20.3465277777778,-0.15730831933846
20.3479166666667,-0.136143191997081
20.3493055555556,-0.139820876525234
20.3506944444444,-0.153592663769171
20.3520833333333,-0.134367339940834
20.3534722222222,-0.0966558207344899
20.3548611111111,-0.113355290628618
20.35625,-0.107422943648264
20.3576388888889,-0.0774021765336635
20.3590277777778,-0.0750632909480139
20.3604166666667,-0.110408772252838
20.3618055555556,-0.113233648056978
20.3631944444444,-0.112392882173413
20.3645833333333,-0.106979566485552
20.3659722222222,-0.10537205852119
20.3673611111111,-0.115589072572351
20.36875,-0.110866527232863
20.3701388888889,-0.0644285084104276
20.3715277777778,-0.0371557294164642
20.3729166666667,-0.0357640416002818
20.3743055555556,-0.105876371733234
20.3756944444444,-0.139091143031123
20.3770833333333,-0.155926149501712
20.3784722222222,-0.153631995748221
20.3798611111111,-0.113414671832594
20.38125,-0.0788856814998012
20.3826388888889,-0.080602659192504
20.3840277777778,-0.0844042905989818
20.3854166666667,-0.0934732484204533
20.3868055555556,-0.112758575292254
20.3881944444444,-0.073540679683219
20.3895833333333,-0.0547646548950484
20.3909722222222,-0.0761131679681676
20.3923611111111,-0.0854455107421508
20.39375,-0.0916484763783739
20.3951388888889,-0.0485887304418111
20.3965277777778,-0.0201995408043286
20.3979166666667,-0.00503348884473409
20.3993055555556,-0.0105666824535285
20.4006944444444,0.0133368768996861
20.4020833333333,-0.0202352889759656
20.4034722222222,-0.0431720161260065
20.4048611111111,-0.0452197884851363
20.40625,-0.0524075350569417
20.4076388888889,-0.041358903564898
20.4090277777778,-0.00707847466141665
20.4104166666667,0.0284342883623503
20.4118055555556,-0.0211249181934359
20.4131944444444,-0.0226357409091715
20.4145833333333,-0.00571965034570213
20.4159722222222,0.00290967115815698
20.4173611111111,0.0199805775929207
20.41875,-0.030331713093629
20.4201388888889,-0.0255866205761459
20.4215277777778,-0.0269404654140639
20.4229166666667,-0.0290208405502523
20.4243055555556,-0.0180144861270675
20.4256944444444,-0.0234232337885088
20.4270833333333,-0.0372775078427463
20.4284722222222,-0.00577138176623124
20.4298611111111,-0.0110024154666495
20.43125,-0.0193570588562475
20.4326388888889,-0.0135960433658997
20.4340277777778,0.00082729899447481
20.4354166666667,0.0106690496726629
20.4368055555556,0.0115262097771129
20.4381944444444,0.0256646699817471
20.4395833333333,0.0237017089500908
20.4409722222222,0.000807412422183136
20.4423611111111,0.00106344573430547
20.44375,-0.0361428219070493
20.4451388888889,-0.0470057809066666
20.4465277777778,-0.0496583554437815
20.4479166666667,-0.0349140940067452
20.4493055555556,0.0387249603901515
20.4506944444444,0.0289931690990579
20.4520833333333,-0.013695842137431
20.4534722222222,-0.0202439110986524
20.4548611111111,-0.0236525073532904
20.45625,-0.0610658225806559
20.4576388888889,-0.0487487514830353
20.4590277777778,-0.0541837935034633
20.4604166666667,-0.0508011532090401
20.4618055555556,-0.0256580010825259
20.4631944444444,0.000195791279092572
20.4645833333333,-0.0358914769162213
20.4659722222222,0.0358711424897787
20.4673611111111,-0.0241802149706107
20.46875,-0.0101661410744336
20.4701388888889,0.017973219789104
20.4715277777778,0.00932406188649737
20.4729166666667,-0.0129582022947407
20.4743055555556,-0.0108958944048329
20.4756944444444,0.00242012207375136
20.4770833333333,-0.0147983800403771
20.4784722222222,-0.0473160239073147
20.4798611111111,0.00603318197818423
20.48125,-0.0544313742954588
20.4826388888889,-0.0358213998154805
20.4840277777778,-0.0453179866846243
20.4854166666667,-0.0695534326989759
20.4868055555556,-0.0934314510168793
20.4881944444444,-0.040650259930938
20.4895833333333,-0.0592788910565569
20.4909722222222,-0.0704425601449496
20.4923611111111,0.00264552507247185
20.49375,-0.0374200271737685
20.4951388888889,-0.0829978395562024
20.4965277777778,-0.0706651395082791
20.4979166666667,-0.0334899529015133
20.4993055555556,-0.0103860201274329
20.5006944444444,-0.0324630527604243
20.5020833333333,-0.0213790785432282
20.5034722222222,-0.00118456523019159
20.5048611111111,0.0130626199751489
20.50625,-0.0502281635885411
20.5076388888889,-0.00699924834457258
20.5090277777778,-0.0695294760347391
20.5104166666667,-0.0491092141308757
20.5118055555556,-0.0418478782038592
20.5131944444444,-0.0334782474180554
20.5145833333333,-0.0436262569177979
20.5159722222222,-0.0627206425849438
20.5173611111111,-0.0457510434069086
20.51875,-0.0287783203865282
20.5201388888889,-0.0264207730791116
20.5215277777778,-0.0267687711756451
20.5229166666667,-0.0174845033567518
20.5243055555556,-0.0339074660456057
20.5256944444444,-0.0123959776335484
20.5270833333333,-0.00552089572806301
20.5284722222222,-0.000598283014907539
20.5298611111111,-0.0101287617434655
20.53125,-0.0181277097412013
20.5326388888889,-0.00324585962349066
20.5340277777778,-0.0132984088128018
20.5354166666667,-0.0113950329525135
20.5368055555556,-0.0208944521323248
20.5381944444444,-0.0512431692084118
20.5395833333333,-0.0832044303150759
20.5409722222222,-0.0849633454349934
20.5423611111111,-0.111745155062196
20.54375,-0.0987244998506615
20.5451388888889,-0.10694520819887
20.5465277777778,-0.07469426651994
20.5479166666667,-0.074651435155418
20.5493055555556,-0.0736392556283957
20.5506944444444,-0.0550677917080936
20.5520833333333,-0.0725951980107065
20.5534722222222,-0.0795192478890742
20.5548611111111,-0.0488631568976133
20.55625,-0.0469660120401315
20.5576388888889,-0.0579261981937364
20.5590277777778,-0.0717774651745199
20.5604166666667,-0.0795460401683168
20.5618055555556,-0.0855265543717222
20.5631944444444,-0.0485184319007131
20.5645833333333,-0.0239115844997306
20.5659722222222,-0.06729070855257
20.5673611111111,-0.0950603606026788
20.56875,-0.0970922291250741
20.5701388888889,-0.0914390076384018
20.5715277777778,-0.0903649961245079
20.5729166666667,-0.0813233971691479
20.5743055555556,-0.0666469878138299
20.5756944444444,-0.0773555005234267
20.5770833333333,-0.0542423527683433
20.5784722222222,-0.0661286942675109
20.5798611111111,-0.088338736364171
20.58125,-0.0963821657582105
20.5826388888889,-0.0752038782350346
20.5840277777778,-0.0695612770482849
20.5854166666667,-0.0701485171509734
20.5868055555556,-0.0307431618149076
20.5881944444444,-0.059649754802871
20.5895833333333,-0.0509146432519266
20.5909722222222,-0.0429531945367615
20.5923611111111,-0.0413705996144189
20.59375,-0.0391428297462561
20.5951388888889,-0.0551043003847176
20.5965277777778,-0.0832777832390821
20.5979166666667,-0.034654949750631
20.5993055555556,-0.0125653868787451
20.6006944444444,-0.0195507787150283
20.6020833333333,-0.0401702556710135
20.6034722222222,-0.0227674285260962
20.6048611111111,-0.0273987093657201
20.60625,-0.039414756259113
20.6076388888889,-0.0498188236828608
20.6090277777778,-0.0409073976436133
20.6104166666667,-0.0549641971474718
20.6118055555556,-0.0495636865276234
20.6131944444444,-0.0457029312752551
20.6145833333333,-0.0374313517985994
20.6159722222222,-0.0391892840680315
20.6173611111111,-0.0499136382339997
20.61875,-0.0644673744080443
20.6201388888889,-0.0564733895017879
20.6215277777778,-0.0662997422372077
20.6229166666667,-0.0497333828162245
20.6243055555556,-0.0595225103977228
20.6256944444444,-0.0802284520614018
20.6270833333333,-0.0778243699676802
20.6284722222222,-0.0722854705770483
20.6298611111111,-0.0524956286765804
20.63125,-0.0453112875012627
20.6326388888889,-0.0320805787279776
20.6340277777778,-0.0538097921463115
20.6354166666667,-0.0418605471675171
20.6368055555556,-0.0714648343924799
20.6381944444444,-0.0944000149511593
20.6395833333333,-0.106815105106782
20.6409722222222,-0.0866506882661622
20.6423611111111,-0.0889042798352398
20.64375,-0.0890218353722621
20.6451388888889,-0.0802269800894287
20.6465277777778,-0.0606245032629974
20.6479166666667,-0.0666826925553815
20.6493055555556,-0.0763570995305295
20.6506944444444,-0.0656193479330744
20.6520833333333,-0.0727990959119289
20.6534722222222,-0.0811463066117878
20.6548611111111,-0.115710924066084
20.65625,-0.100443971478813
20.6576388888889,-0.0674443259466837
20.6590277777778,-0.0375799877971453
20.6604166666667,-0.00532274061025563
20.6618055555556,0.0377496178117766
20.6631944444444,0.00659538999946652
20.6645833333333,0.00694639288556651
20.6659722222222,0.010418510943402
20.6673611111111,-0.0573785512046022
20.66875,-0.0948678412950124
20.6701388888889,-0.0838393122821254
20.6715277777778,-0.0954005351822645
20.6729166666667,-0.125228762692333
20.6743055555556,-0.136922474538699
20.6756944444444,-0.132151445815476
20.6770833333333,-0.12638654341755
20.6784722222222,-0.142164092349814
20.6798611111111,-0.133262653135573
20.68125,-0.129044244472823
20.6826388888889,-0.10390690956336
20.6840277777778,-0.100309978537429
20.6854166666667,-0.102491710602652
20.6868055555556,-0.116948580830489
20.6881944444444,-0.127822220366043
20.6895833333333,-0.105407126924788
20.6909722222222,-0.10462773399199
20.6923611111111,-0.104459277312475
20.69375,-0.113382286610146
20.6951388888889,-0.115941193590092
20.6965277777778,-0.117136464694541
20.6979166666667,-0.0724014341581202
20.6993055555556,-0.0823608670211794
20.7006944444444,-0.109243060610129
20.7020833333333,-0.149671752424412
20.7034722222222,-0.157882814110046
20.7048611111111,-0.147219406443135
20.70625,-0.15192072124415
20.7076388888889,-0.145989320595653
20.7090277777778,-0.143358625693054
20.7104166666667,-0.141306059056304
20.7118055555556,-0.135151636454574
20.7131944444444,-0.127827126523816
20.7145833333333,-0.105812115793673
20.7159722222222,-0.0716650372671139
20.7173611111111,-0.0980815525533895
20.71875,-0.136255473601881
20.7201388888889,-0.129344725679864
20.7215277777778,-0.142703380061442
20.7229166666667,-0.145333836012889
20.7243055555556,-0.157817920387407
20.7256944444444,-0.121419218700599
20.7270833333333,-0.141096930850702
20.7284722222222,-0.147068065869152
20.7298611111111,-0.136351975176069
20.73125,-0.124736096917679
20.7326388888889,-0.129154294327506
20.7340277777778,-0.147373710153108
20.7354166666667,-0.115523065809149
20.7368055555556,-0.132448136135886
20.7381944444444,-0.166995253121805
20.7395833333333,-0.15979382732049
20.7409722222222,-0.152449199579279
20.7423611111111,-0.160403326921684
20.74375,-0.153422524502206
20.7451388888889,-0.142517913134274
20.7465277777778,-0.131239269113076
20.7479166666667,-0.133485112656235
20.7493055555556,-0.109807579516345
20.7506944444444,-0.123035823461698
20.7520833333333,-0.149601898147652
20.7534722222222,-0.146291293214649
20.7548611111111,-0.131125253628351
20.75625,-0.166696083633855
20.7576388888889,-0.148371675895055
20.7590277777778,-0.118623214549328
20.7604166666667,-0.133361856496925
20.7618055555556,-0.103885707850063
20.7631944444444,-0.119590973973056
20.7645833333333,-0.12412939406352
20.7659722222222,-0.160527461226343
20.7673611111111,-0.150852102619373
20.76875,-0.142255502241586
20.7701388888889,-0.127580406092632
20.7715277777778,-0.12362900490429
20.7729166666667,-0.115758002417978
20.7743055555556,-0.117197634821733
20.7756944444444,-0.134073499914355
20.7770833333333,-0.134846799084001
20.7784722222222,-0.101660785209076
20.7798611111111,-0.0933775161032801
20.78125,-0.134155547455943
20.7826388888889,-0.111842914366373
20.7840277777778,-0.132961770392589
20.7854166666667,-0.134741663105546
20.7868055555556,-0.144285206510397
20.7881944444444,-0.143205491998336
20.7895833333333,-0.170400413099518
20.7909722222222,-0.163818696703226
20.7923611111111,-0.134866994528507
20.79375,-0.13665233336041
20.7951388888889,-0.124060132860994
20.7965277777778,-0.139527891987642
20.7979166666667,-0.167779652523681
20.7993055555556,-0.142304098162375
20.8006944444444,-0.110199806918807
20.8020833333333,-0.114792588184961
20.8034722222222,-0.138569871990792
20.8048611111111,-0.112436459265243
20.80625,-0.125431040995053
20.8076388888889,-0.142710829559654
20.8090277777778,-0.168374063884342
20.8104166666667,-0.140774478324881
20.8118055555556,-0.133339653998422
20.8131944444444,-0.135359633043114
20.8145833333333,-0.121883524583538
20.8159722222222,-0.152414414352649
20.8173611111111,-0.150820172141906
20.81875,-0.151141437976825
20.8201388888889,-0.158374933429525
20.8215277777778,-0.169447557621784
20.8229166666667,-0.159763030911329
20.8243055555556,-0.141780911409516
20.8256944444444,-0.14022960074481
20.8270833333333,-0.161609669207953
20.8284722222222,-0.158108940462757
20.8298611111111,-0.162751675597113
20.83125,-0.205670243528802
20.8326388888889,-0.198703529049172
20.8340277777778,-0.167391717392801
20.8354166666667,-0.161163020766813
20.8368055555556,-0.160545452739607
20.8381944444444,-0.160147092707732
20.8395833333333,-0.16090245835984
20.8409722222222,-0.183722518860086
20.8423611111111,-0.199324652119477
20.84375,-0.210010078928022
20.8451388888889,-0.192343136267578
20.8465277777778,-0.184582085144746
20.8479166666667,-0.190349930043866
20.8493055555556,-0.163257252671143
20.8506944444444,-0.166744911455139
20.8520833333333,-0.176665080233563
20.8534722222222,-0.182256102646072
20.8548611111111,-0.163889807132556
20.85625,-0.166144713140023
20.8576388888889,-0.148329870317166
20.8590277777778,-0.163138373344655
20.8604166666667,-0.172071691321927
20.8618055555556,-0.162068592209131
20.8631944444444,-0.117780100726442
20.8645833333333,-0.124651100588571
20.8659722222222,-0.164407541138519
20.8673611111111,-0.162174188438191
20.86875,-0.166417124348811
20.8701388888889,-0.166522762200057
20.8715277777778,-0.167127101604996
20.8729166666667,-0.170134524729419
20.8743055555556,-0.156447944846437
20.8756944444444,-0.171564900973173
20.8770833333333,-0.137808615869468
20.8784722222222,-0.107743125282082
20.8798611111111,-0.0736411234904171
20.88125,-0.0698995201885179
20.8826388888889,-0.078858346245424
20.8840277777778,-0.0818776769964494
20.8854166666667,-0.0943974948433823
20.8868055555556,-0.0841230742796567
20.8881944444444,-0.105124538959955
20.8895833333333,-0.105646778789344
20.8909722222222,-0.0907220567545454
20.8923611111111,-0.0867605066039752
20.89375,-0.0978013644782413
20.8951388888889,-0.0910298079874881
20.8965277777778,-0.0933408656894334
20.8979166666667,-0.0884170217556064
20.8993055555556,-0.093531657015951
20.9006944444444,-0.0939735111298763
20.9020833333333,-0.0925021240072399
20.9034722222222,-0.0832049314418192
20.9048611111111,-0.0577065401790789
20.90625,-0.0693831631538912
20.9076388888889,-0.0690421579338726
20.9090277777778,-0.0673762905206422
20.9104166666667,-0.0651585683013276
20.9118055555556,-0.0497485393126783
20.9131944444444,-0.0537033583937951
20.9145833333333,-0.0556281538568354
20.9159722222222,-0.070493195649795
20.9173611111111,-0.0487169720170915
20.91875,-0.0465107629773013
20.9201388888889,-0.0464471012349989
20.9215277777778,-0.0405672113436054
20.9229166666667,-0.0191559659765191
20.9243055555556,0.0155390730902637
20.9256944444444,-0.0116466794601882
20.9270833333333,-0.0154262028374266
20.9284722222222,-0.0109355379255893
20.9298611111111,-0.00229275766342821
20.93125,-0.0236737721699569
20.9326388888889,-0.024876212656372
20.9340277777778,-0.0303952045793481
20.9354166666667,-0.0334631400155485
20.9368055555556,-0.0305388691741825
20.9381944444444,-0.0625169241397373
20.9395833333333,-0.0671848763219461
20.9409722222222,-0.0320268214935419
20.9423611111111,0.00804242236237434
20.94375,0.00823363052152261
20.9451388888889,-0.0311070190002834
20.9465277777778,-0.0513108179653026
20.9479166666667,-0.0585171212911433
20.9493055555556,-0.0740507822248316
20.9506944444444,-0.0804407132389752
20.9520833333333,-0.0422689283632332
20.9534722222222,-0.0525381416593462
20.9548611111111,-0.0301128695119126
20.95625,-0.0234514247615707
20.9576388888889,-0.0655555764671897
20.9590277777778,-0.0300831682837674
20.9604166666667,-0.049947275720105
20.9618055555556,-0.0577039059816506
20.9631944444444,-0.0554755996142955
20.9645833333333,-0.0626462226506641
20.9659722222222,-0.0452872558409231
20.9673611111111,-0.0559874813582119
20.96875,-0.064117693688015
20.9701388888889,-0.0776214719536718
20.9715277777778,-0.061107394269409
20.9729166666667,-0.0688132052770676
20.9743055555556,-0.0817754768275573
20.9756944444444,-0.0559693511804818
20.9770833333333,-0.0471337698975739
20.9784722222222,-0.0508271598390773
20.9798611111111,-0.0487315901141992
20.98125,-0.0425486509861822
20.9826388888889,-0.067109372343914
20.9840277777778,-0.0570448661057229
20.9854166666667,-0.038427906401486
20.9868055555556,-0.0261062861995074
20.9881944444444,-0.0419710275661987
20.9895833333333,-0.0397135424334324
20.9909722222222,-0.0293889808945071
20.9923611111111,-0.0238525808822707
20.99375,-0.0111174237585265
20.9951388888889,-0.0369277383816152
20.9965277777778,-0.0154878695050249
20.9979166666667,-0.0340191704074158
20.9993055555556,-0.0373331506707502
21.0006944444444,-0.0403038414525908
21.0020833333333,-0.0422140125930858
21.0034722222222,-0.0627813782583213
21.0048611111111,-0.046328498269431
21.00625,-0.0490609005039514
21.0076388888889,-0.040766471518619
21.0090277777778,-0.0219751194668465
21.0104166666667,-0.02924743216978
21.0118055555556,-0.0230230476449913
21.0131944444444,-0.01415828286393
21.0145833333333,-0.0205973137938774
21.0159722222222,-0.0179551876695557
21.0173611111111,-0.0473564462999143
21.01875,-0.0367426445277167
21.0201388888889,-0.0601919304220668
21.0215277777778,-0.0649667739772684
21.0229166666667,-0.0618203941137039
21.0243055555556,-0.0623158277696631
21.0256944444444,-0.0392795109793745
21.0270833333333,-0.0394385141336989
21.0284722222222,-0.0670781339833894
21.0298611111111,-0.0500314561788564
21.03125,-0.0349263528898729
21.0326388888889,-0.0385246834594487
21.0340277777778,-0.0368537726111653
21.0354166666667,-0.0374522305797723
21.0368055555556,-0.0394074114538725
21.0381944444444,-0.0386584758574227
21.0395833333333,-0.0454784856304621
21.0409722222222,-0.0298373606633121
21.0423611111111,-0.0097224180840461
21.04375,-0.0352794395109818
21.0451388888889,-0.0749122903529651
21.0465277777778,-0.0750494676073154
21.0479166666667,-0.0793236505665141
21.0493055555556,-0.0896149579109317
21.0506944444444,-0.0813366958426942
21.0520833333333,-0.082238246944872
21.0534722222222,-0.0563025203515981
21.0548611111111,-0.0620831928897364
21.05625,-0.0746999547195808
21.0576388888889,-0.0520231163900829
21.0590277777778,-0.0648796704317938
21.0604166666667,-0.078924198753716
21.0618055555556,-0.080240787807961
21.0631944444444,-0.0747732468274563
21.0645833333333,-0.0241300116531843
21.0659722222222,-0.0313735597708849
21.0673611111111,-0.0726088461461926
21.06875,-0.0615950023323729
21.0701388888889,-0.0608203486819646
21.0715277777778,-0.0404955101340322
21.0729166666667,-0.0470395434537282
21.0743055555556,-0.0602474706492572
21.0756944444444,-0.0564542624108149
21.0770833333333,-0.06605513798316
21.0784722222222,-0.0399902068177596
21.0798611111111,-0.0325994020183686
21.08125,-0.0481439103821561
21.0826388888889,-0.0514008854300275
21.0840277777778,-0.0483596671842032
21.0854166666667,-0.0245091924467611
21.0868055555556,-0.0347203493925826
21.0881944444444,-0.0194376980896126
21.0895833333333,-0.00906023515901835
21.0909722222222,-0.0245267046948287
21.0923611111111,-0.0819492286822947
21.09375,-0.0554872766754016
21.0951388888889,-0.055018573840293
21.0965277777778,-0.0657540187926561
21.0979166666667,-0.0638324443175259
21.0993055555556,-0.0697647177794916
21.1006944444444,-0.064926141552402
21.1020833333333,-0.0826378445022337
21.1034722222222,-0.0962170934051886
21.1048611111111,-0.072543238205642
21.10625,-0.0355614533083031
21.1076388888889,-0.0450939601472151
21.1090277777778,-0.0646389809161473
21.1104166666667,-0.0850688914703914
21.1118055555556,-0.0659431595852951
21.1131944444444,-0.0563526405697969
21.1145833333333,-0.0546477486268912
21.1159722222222,-0.0494901545495767
21.1173611111111,-0.0504882436178837
21.11875,-0.0634220801441976
21.1201388888889,-0.0627000174163386
21.1215277777778,-0.0619644925302489
21.1229166666667,-0.0595599484148625
21.1243055555556,-0.0495769526404729
21.1256944444444,-0.0859633791485453
21.1270833333333,-0.0771768096355458
21.1284722222222,-0.0541674749749369
21.1298611111111,-0.0555211103084347
21.13125,-0.0715420715256952
21.1326388888889,-0.0630063157350842
21.1340277777778,-0.0557259787631702
21.1354166666667,-0.060801965734169
21.1368055555556,-0.0721718815198053
21.1381944444444,-0.071326216645555
21.1395833333333,-0.0667160654276023
21.1409722222222,-0.0590999674885774
21.1423611111111,-0.0569566502302398
21.14375,-0.0546406329102735
21.1451388888889,-0.0613882288430489
21.1465277777778,-0.0636439689729892
21.1479166666667,-0.0558488332900467
21.1493055555556,-0.0413750718628772
21.1506944444444,-0.0252213034456388
21.1520833333333,-0.035704541158868
21.1534722222222,-0.0420644415185073
21.1548611111111,-0.0493356107924306
21.15625,-0.0490219719297012
21.1576388888889,-0.0356747810894029
21.1590277777778,-0.0345560275998016
21.1604166666667,-0.0320335257583575
21.1618055555556,-0.0420267080889718
21.1631944444444,-0.0607981174139343
21.1645833333333,-0.0585066140711989
21.1659722222222,-0.0792494364579872
21.1673611111111,-0.0747774420074216
21.16875,-0.0740946954642384
21.1701388888889,-0.0697620476437765
21.1715277777778,-0.047833181646693
21.1729166666667,-0.0661209542266969
21.1743055555556,-0.0757995592851756
21.1756944444444,-0.0337773525570199
21.1770833333333,-0.0320659167449204
21.1784722222222,-0.0369532890684158
21.1798611111111,-0.0374932732411313
21.18125,-0.0417397842980162
21.1826388888889,-0.0365482628808316
21.1840277777778,-0.0649938332566949
21.1854166666667,-0.0616879254675658
21.1868055555556,-0.0748728529108671
21.1881944444444,-0.066741996443354
21.1895833333333,-0.0412105696006969
21.1909722222222,-0.0415981279047418
21.1923611111111,-0.0311990301621529
21.19375,-0.0387884130460851
21.1951388888889,-0.0157242160499793
21.1965277777778,-0.00478369682831584
21.1979166666667,-0.0376891954301343
21.1993055555556,-0.0531292079411073
21.2006944444444,-0.0509928253913423
21.2020833333333,-0.0631588531342467
21.2034722222222,-0.0506138077014224
21.2048611111111,-0.0715197291782617
21.20625,-0.0936401792537519
21.2076388888889,-0.0729789076601687
21.2090277777778,-0.0699685685976336
21.2104166666667,-0.0474884767083134
21.2118055555556,-0.0166494176392982
21.2131944444444,-0.043219793175234
21.2145833333333,-0.039452307308382
21.2159722222222,-0.0369753362095821
21.2173611111111,-0.0145919038595819
21.21875,-0.0235286215126003
21.2201388888889,-0.0493591512966185
21.2215277777778,-0.0536560307256889
21.2229166666667,-0.0401775897063389
21.2243055555556,-0.0147485895817605
21.2256944444444,-0.000920037997087269
21.2270833333333,-0.00362507080661918
21.2284722222222,-0.0203504097238494
21.2298611111111,-0.00842893890361348
21.23125,-0.0213693059335055
21.2326388888889,-0.0315039592340346
21.2340277777778,-0.0363246049053547
21.2354166666667,-0.0386950441738763
21.2368055555556,-0.0344134246546438
21.2381944444444,-0.0292173325896833
21.2395833333333,-0.0153452213211871
21.2409722222222,0.00958954104243078
21.2423611111111,-0.00649710084713299
21.24375,-0.0177196924368806
21.2451388888889,-0.0352047118479207
21.2465277777778,-0.0458209075545187
21.2479166666667,-0.060246153632717
21.2493055555556,-0.0729407941957411
21.2506944444444,-0.0655114864701314
21.2520833333333,-0.0858873787517213
21.2534722222222,-0.0969864185726284
21.2548611111111,-0.095237652613281
21.25625,-0.0832189068593299
21.2576388888889,-0.0645931717472182
21.2590277777778,-0.0340377839657691
21.2604166666667,-0.0449325341304774
21.2618055555556,-0.0302670005357204
21.2631944444444,-0.0121372596143857
21.2645833333333,-0.0228632440323
21.2659722222222,-0.0318604043371876
21.2673611111111,-0.00820764392796137
21.26875,0.000426214369361554
21.2701388888889,-0.00357292238815209
21.2715277777778,-0.0149654371769969
21.2729166666667,-0.0421950398166387
21.2743055555556,-0.0435472617092096
21.2756944444444,-0.0415067015952153
21.2770833333333,-0.0699241941444714
21.2784722222222,-0.0752008433088272
21.2798611111111,-0.0789717241158785
21.28125,-0.0808688315958154
21.2826388888889,-0.0769672919987189
21.2840277777778,-0.0959574169447308
21.2854166666667,-0.0953749642400491
21.2868055555556,-0.0859671914737719
21.2881944444444,-0.0779854219224109
21.2895833333333,-0.0896344243136043
21.2909722222222,-0.088976076485653
21.2923611111111,-0.0731625469665462
21.29375,-0.0602759629261931
21.2951388888889,-0.0752625055049395
21.2965277777778,-0.0946456444271851
21.2979166666667,-0.0864618356492534
21.2993055555556,-0.0854240331256852
21.3006944444444,-0.0851848554814958
21.3020833333333,-0.0728982214513668
21.3034722222222,-0.0862424558948782
21.3048611111111,-0.0730261660995795
21.30625,-0.0771644807380178
21.3076388888889,-0.0799074919815788
21.3090277777778,-0.0949635892622459
21.3104166666667,-0.0927465594512169
21.3118055555556,-0.0969213224934854
21.3131944444444,-0.110923083802661
21.3145833333333,-0.0965089073346058
21.3159722222222,-0.0788938094570314
21.3173611111111,-0.139690137639381
21.31875,-0.140472792550167
21.3201388888889,-0.132429220122754
21.3215277777778,-0.11708663304617
21.3229166666667,-0.116640321130183
21.3243055555556,-0.102236464871774
21.3256944444444,-0.109265454981509
21.3270833333333,-0.0861049295221865
21.3284722222222,-0.0875612917984718
21.3298611111111,-0.0819157896313483
21.33125,-0.122487661802092
21.3326388888889,-0.14084713264877
21.3340277777778,-0.13880934259452
21.3354166666667,-0.139412314491286
21.3368055555556,-0.139526570386575
21.3381944444444,-0.131604864307341
21.3395833333333,-0.114529702185866
21.3409722222222,-0.10771264615346
21.3423611111111,-0.0948407464638382
21.34375,-0.0744132342141358
21.3451388888889,-0.0812070460349236
21.3465277777778,-0.108612876272932
21.3479166666667,-0.0770463756547715
21.3493055555556,-0.103044518449176
21.3506944444444,-0.115483989695868
21.3520833333333,-0.118378032801739
21.3534722222222,-0.0873283713833104
21.3548611111111,-0.0935961020416565
21.35625,-0.0916230548911532
21.3576388888889,-0.1018223166053
21.3590277777778,-0.101967556231907
21.3604166666667,-0.109676441908365
21.3618055555556,-0.113660713328015
21.3631944444444,-0.0964968593140193
21.3645833333333,-0.129146896626187
21.3659722222222,-0.134334824878706
21.3673611111111,-0.123089950072045
21.36875,-0.13864642778882
21.3701388888889,-0.159536321046122
21.3715277777778,-0.131005127707837
21.3729166666667,-0.101319803701368
21.3743055555556,-0.10728493928731
21.3756944444444,-0.123684250665184
21.3770833333333,-0.127511389647085
21.3784722222222,-0.123909762345809
21.3798611111111,-0.142170201063147
21.38125,-0.121375807744516
21.3826388888889,-0.109798445360657
21.3840277777778,-0.113635317050678
21.3854166666667,-0.138413583018802
21.3868055555556,-0.128834166354064
21.3881944444444,-0.138745158927167
21.3895833333333,-0.149620385513318
21.3909722222222,-0.144692574798563
21.3923611111111,-0.0824880553283366
21.39375,-0.0943793139041126
21.3951388888889,-0.134634771982585
21.3965277777778,-0.140013533569558
21.3979166666667,-0.114751562353958
21.3993055555556,-0.125726761635878
21.4006944444444,-0.124423850929185
21.4020833333333,-0.129006303484404
21.4034722222222,-0.132404544475566
21.4048611111111,-0.121275908016907
21.40625,-0.133929010644681
21.4076388888889,-0.119121862537384
21.4090277777778,-0.115450454185996
21.4104166666667,-0.0986093391893271
21.4118055555556,-0.0846473072847376
21.4131944444444,-0.0815897747677893
21.4145833333333,-0.0821203620114808
21.4159722222222,-0.0801514506616048
21.4173611111111,-0.0683420050451429
21.41875,-0.0895866843502427
21.4201388888889,-0.0808465036290961
21.4215277777778,-0.0957136042341701
21.4229166666667,-0.0694142879042526
21.4243055555556,-0.0626379682028264
21.4256944444444,-0.0439308729095621
21.4270833333333,-0.0713414797404929
21.4284722222222,-0.0927476006120529
21.4298611111111,-0.0794267636795545
21.43125,-0.0844702548679154
21.4326388888889,-0.091141442816873
21.4340277777778,-0.0852781761684061
21.4354166666667,-0.0886407590382585
21.4368055555556,-0.0523652697302518
21.4381944444444,-0.0500937874805021
21.4395833333333,-0.013965470568151
21.4409722222222,-0.0413761460109252
21.4423611111111,-0.0376354026302657
21.44375,-0.00612460639181334
21.4451388888889,-0.0134550176654847
21.4465277777778,-0.0391318721398201
21.4479166666667,-0.0524398187899708
21.4493055555556,-0.0819129793394379
21.4506944444444,-0.064373504702598
21.4520833333333,-0.0526726646304375
21.4534722222222,-0.053998354768474
21.4548611111111,-0.106413753870114
21.45625,-0.103273446479578
21.4576388888889,-0.0895748600689897
21.4590277777778,-0.0608941989959631
21.4604166666667,-0.0677088678433211
21.4618055555556,-0.0727359428391157
21.4631944444444,-0.0628281130292263
21.4645833333333,-0.0509803850397086
21.4659722222222,-0.0394027802033081
21.4673611111111,-0.0563722792324285
21.46875,-0.0685331853681678
21.4701388888889,-0.058321165436517
21.4715277777778,-0.0568908116069928
21.4729166666667,-0.0550461381735629
21.4743055555556,-0.057308822397495
21.4756944444444,-0.0628754041781393
21.4770833333333,-0.0442382976058724
21.4784722222222,-0.0545127434558509
21.4798611111111,-0.0422593173163548
21.48125,-0.0455421141358288
21.4826388888889,-0.033572144477781
21.4840277777778,-0.0381072838498337
21.4854166666667,-0.0400528444939775
21.4868055555556,-0.0423215175591929
21.4881944444444,-0.0140973207459132
21.4895833333333,-0.00658455721390078
21.4909722222222,-0.0193797365336968
21.4923611111111,-0.0378645654397077
21.49375,-0.0490232943666271
21.4951388888889,-0.024885912381168
21.4965277777778,-0.0302508540230802
21.4979166666667,-0.0678941042206675
21.4993055555556,-0.0739044741952912
21.5006944444444,-0.077685334472288
21.5020833333333,-0.0673854131003193
21.5034722222222,-0.0469268616189439
21.5048611111111,-0.0635501250091167
21.50625,-0.0638011348832752
21.5076388888889,-0.0684242925058477
21.5090277777778,-0.0633151444743516
21.5104166666667,-0.0493195235464823
21.5118055555556,-0.0903590965181676
21.5131944444444,-0.069933968696734
21.5145833333333,-0.0504451920570473
21.5159722222222,-0.0568185496548027
21.5173611111111,-0.133989870141269
21.51875,-0.148644110920769
21.5201388888889,-0.111574103111064
21.5215277777778,-0.0719232296838408
21.5229166666667,-0.0767396096447288
21.5243055555556,-0.0662596313313563
21.5256944444444,-0.0792169409033778
21.5270833333333,-0.0849910495284183
21.5284722222222,-0.103237108905292
21.5298611111111,-0.0595614200515753
21.53125,-0.0632604026162613
21.5326388888889,-0.0982446702267213
21.5340277777778,-0.0588868317240386
21.5354166666667,-0.0569571801238871
21.5368055555556,-0.0724919440924173
21.5381944444444,-0.0772947686978371
21.5395833333333,-0.0899555861893909
21.5409722222222,-0.0798831488326994
21.5423611111111,-0.0652340293718548
21.54375,-0.0692901000181677
21.5451388888889,-0.0480711030266522
21.5465277777778,-0.0616968144727768
21.5479166666667,-0.0887700553723742
21.5493055555556,-0.0781239899322814
21.5506944444444,-0.105661222385148
21.5520833333333,-0.0924471686288042
21.5534722222222,-0.0764390180727568
21.5548611111111,-0.0537642024978032
21.55625,-0.101184187083319
21.5576388888889,-0.125778756473405
21.5590277777778,-0.118392424182878
21.5604166666667,-0.112191431860712
21.5618055555556,-0.107023095592692
21.5631944444444,-0.10646087825506
21.5645833333333,-0.1321091600795
21.5659722222222,-0.120284022489889
21.5673611111111,-0.112515757798834
21.56875,-0.115377326772993
21.5701388888889,-0.103987525841581
21.5715277777778,-0.106917884510204
21.5729166666667,-0.103608612289918
21.5743055555556,-0.110592082362777
21.5756944444444,-0.123087635727245
21.5770833333333,-0.123205260538468
21.5784722222222,-0.105115347124252
21.5798611111111,-0.09358480120107
21.58125,-0.0875343287864173
21.5826388888889,-0.122454655742571
21.5840277777778,-0.129953724859419
21.5854166666667,-0.121490928982496
21.5868055555556,-0.128417709935368
21.5881944444444,-0.128299030670712
21.5895833333333,-0.13316005115671
21.5909722222222,-0.113289387146166
21.5923611111111,-0.104180885017048
21.59375,-0.112230750708091
21.5951388888889,-0.0958961357253391
21.5965277777778,-0.0944336249796077
21.5979166666667,-0.105454501977586
21.5993055555556,-0.0939876266338476
21.6006944444444,-0.0943184653743868
21.6020833333333,-0.0934187429250688
21.6034722222222,-0.09379360563083
21.6048611111111,-0.11537115985579
21.60625,-0.139266713102489
21.6076388888889,-0.106399449984741
21.6090277777778,-0.07399978010427
21.6104166666667,-0.062999013425799
21.6118055555556,-0.0885689832629459
21.6131944444444,-0.0927967890181768
21.6145833333333,-0.0894188159558159
21.6159722222222,-0.102057693213234
21.6173611111111,-0.0905298548830078
21.61875,-0.0795515593760734
21.6201388888889,-0.0640362785615036
21.6215277777778,-0.0421867185982519
21.6229166666667,-0.0338915466192201
21.6243055555556,-0.0748717288233976
21.6256944444444,-0.0681624560557833
21.6270833333333,-0.0882942358296907
21.6284722222222,-0.0857061557753411
21.6298611111111,-0.0648980594030664
21.63125,-0.0662174666651242
21.6326388888889,-0.0845247689287224
21.6340277777778,-0.096308422764241
21.6354166666667,-0.0795119269914284
21.6368055555556,-0.0539632303086195
21.6381944444444,-0.0635483689019916
21.6395833333333,-0.0588173835995329
21.6409722222222,-0.0827897525986298
21.6423611111111,-0.0636973467400726
21.64375,-0.0880431788427669
21.6451388888889,-0.0731310125870489
21.6465277777778,-0.0470951341495554
21.6479166666667,-0.046426532392926
21.6493055555556,-0.0365495289372318
21.6506944444444,-0.0473563930084769
21.6520833333333,-0.0820872039169447
21.6534722222222,-0.0746851617378348
21.6548611111111,-0.0628195982562272
21.65625,-0.0627981578623929
21.6576388888889,-0.0560748412437726
21.6590277777778,-0.0720752177826121
21.6604166666667,-0.0686399822849174
21.6618055555556,-0.0718177040011311
21.6631944444444,-0.0997133743171676
21.6645833333333,-0.069152426407104
21.6659722222222,-0.0722996625409737
21.6673611111111,-0.0976349173914627
21.66875,-0.0976628391546015
21.6701388888889,-0.0946981554649463
21.6715277777778,-0.0873367250825698
21.6729166666667,-0.0739650772810299
21.6743055555556,-0.0812965943735779
21.6756944444444,-0.0917167868065522
21.6770833333333,-0.0774088675152891
21.6784722222222,-0.0870285573249634
21.6798611111111,-0.0647379221435349
21.68125,-0.0592930743332122
21.6826388888889,-0.041204693498806
21.6840277777778,-0.0134513399525718
21.6854166666667,-0.0350205252386453
21.6868055555556,-0.000615365447533935
21.6881944444444,-0.020863805155389
21.6895833333333,-0.0600322663251836
21.6909722222222,-0.0808195792033556
21.6923611111111,-0.0688681661820752
21.69375,-0.0787765251483176
21.6951388888889,-0.0614600367108761
21.6965277777778,-0.0769019777687353
21.6979166666667,-0.0432258669799339
21.6993055555556,-0.0403084289025267
21.7006944444444,-0.0463708041313375
21.7020833333333,-0.0537584874625226
21.7034722222222,-0.0399378947794821
21.7048611111111,-0.0481660225251759
21.70625,-0.0852456817169679
21.7076388888889,-0.0917063375302374
21.7090277777778,-0.101433715768019
21.7104166666667,-0.0769518675975431
21.7118055555556,-0.0647496270301253
21.7131944444444,-0.0346448351075312
21.7145833333333,-0.0443682241078309
21.7159722222222,-0.0345259916652008
21.7173611111111,-0.0592063250749108
21.71875,-0.051359813457991
21.7201388888889,-0.0574033995491315
21.7215277777778,-0.0770359744662502
21.7229166666667,-0.0575715053843672
21.7243055555556,-0.0381091334183489
21.7256944444444,-0.0367819748795479
21.7270833333333,-0.0364198265102407
21.7284722222222,-0.0411373620588131
21.7298611111111,-0.0401963629545304
21.73125,-0.0462727123653183
21.7326388888889,-0.0292193565134293
21.7340277777778,-0.0530680812178458
21.7354166666667,-0.0449801774280179
21.7368055555556,-0.0398458285529109
21.7381944444444,-0.069938393511567
21.7395833333333,-0.039064846685204
21.7409722222222,-0.0383213611378961
21.7423611111111,-0.035578370425814
21.74375,-0.0301650285744873
21.7451388888889,-0.000597348156194332
21.7465277777778,-0.0481082331025638
21.7479166666667,-0.0735045973942626
21.7493055555556,-0.063499751590465
21.7506944444444,-0.0388561143262683
21.7520833333333,-0.0583209539109034
21.7534722222222,-0.0876681587242494
21.7548611111111,-0.0808207168541649
21.75625,-0.0396900503932869
21.7576388888889,-0.0357223885263342
21.7590277777778,-0.0540667766145563
21.7604166666667,-0.00990292816596917
21.7618055555556,-0.0227653613775138
21.7631944444444,-0.0109654165341349
21.7645833333333,-0.00693647539544292
21.7659722222222,-0.0352345737156882
21.7673611111111,-0.0174551398397266
21.76875,-0.0149704160643156
21.7701388888889,-0.0338653397597759
21.7715277777778,-0.0145992074026883
21.7729166666667,-0.0320400475952293
21.7743055555556,-0.0513245153918044
21.7756944444444,-0.0767838435169938
21.7770833333333,-0.0662152028712813
21.7784722222222,-0.0616931072912257
21.7798611111111,-0.0625361889137232
21.78125,-0.0518132738916506
21.7826388888889,-0.053364456160823
21.7840277777778,-0.07192551112055
21.7854166666667,-0.0586577179689057
21.7868055555556,-0.0629530547358882
21.7881944444444,-0.0344373512880211
21.7895833333333,-0.0266772238381393
21.7909722222222,0.000660446176608625
21.7923611111111,-0.00176402149389787
21.79375,-0.0155014277140962
21.7951388888889,-0.0444521838406336
21.7965277777778,-0.0566215893490194
21.7979166666667,-0.0404798623640306
21.7993055555556,-0.0299099162558973
21.8006944444444,-0.0310264838184861
21.8020833333333,-0.0477826059812246
21.8034722222222,-0.0116597603168108
21.8048611111111,-0.0191668647290389
21.80625,-0.0119190561494674
21.8076388888889,0.00138944109671878
21.8090277777778,-0.00451548291567326
21.8104166666667,-0.00451922664399189
21.8118055555556,0.000916712332124796
21.8131944444444,-0.0165720159326592
21.8145833333333,-0.0137906187170999
21.8159722222222,-0.00868689956582253
21.8173611111111,-0.0289732686281193
21.81875,-0.0492288926540887
21.8201388888889,-0.0343579592166013
21.8215277777778,-0.0166469805090189
21.8229166666667,-0.0151018722782049
21.8243055555556,-0.0051357930733773
21.8256944444444,-0.018363612611351
21.8270833333333,-0.00862353657221295
21.8284722222222,-0.0112507599082815
21.8298611111111,-0.0370177607672545
21.83125,0.000545136039400807
21.8326388888889,-0.0109570050236776
21.8340277777778,8.24229400333593e-05
21.8354166666667,-0.0023777406231737
21.8368055555556,-0.0139794046874868
21.8381944444444,0.00085314522087248
21.8395833333333,0.000923199784968092
21.8409722222222,-0.0130952871705284
21.8423611111111,-0.0396080118780626
21.84375,-0.0311077735000415
21.8451388888889,-0.0285217449440259
21.8465277777778,-0.0198371942088615
21.8479166666667,-0.0262102942086153
21.8493055555556,-0.0310185861992375
21.8506944444444,-0.0372103554277406
21.8520833333333,-0.0328627434777789
21.8534722222222,-0.0346792441857506
21.8548611111111,-0.0350455627424072
21.85625,-0.0461944298971778
21.8576388888889,-0.0370520971740951
21.8590277777778,-0.0539206064152934
21.8604166666667,-0.0815162857247433
21.8618055555556,-0.0639402700066209
21.8631944444444,-0.0858800556938191
21.8645833333333,-0.089424224520432
21.8659722222222,-0.0670305202900933
21.8673611111111,-0.0212243487696155
21.86875,-0.0377894449840369
21.8701388888889,-0.0410017138989247
21.8715277777778,-0.067746238347879
21.8729166666667,-0.098766771239827
21.8743055555556,-0.114606998059436
21.8756944444444,-0.102112801404319
21.8770833333333,-0.0827693361943225
21.8784722222222,-0.0961925864992178
21.8798611111111,-0.0965968965504731
21.88125,-0.114276395660977
21.8826388888889,-0.0752454304464178
21.8840277777778,-0.0630629778269624
21.8854166666667,-0.0498390288997495
21.8868055555556,-0.0537157644583595
21.8881944444444,-0.0516006410003381
21.8895833333333,-0.0661411703312717
21.8909722222222,-0.0262259534996085
21.8923611111111,-0.0536184057675207
21.89375,-0.082133106164438
21.8951388888889,-0.0773600756037675
21.8965277777778,-0.0703475260304787
21.8979166666667,-0.0682042895400936
21.8993055555556,-0.0669122095280771
21.9006944444444,-0.0477836302618819
21.9020833333333,-0.0133597377725669
21.9034722222222,-0.0173854872743422
21.9048611111111,-0.0282517480060358
21.90625,-0.00724617035360432
21.9076388888889,-0.00880880140853088
21.9090277777778,-0.00362967077662518
21.9104166666667,-0.0300707255424498
21.9118055555556,0.00657949663905387
21.9131944444444,0.0211620180289741
21.9145833333333,0.00531732508572742
21.9159722222222,-0.00154503656831958
21.9173611111111,-0.0273266268388993
21.91875,-0.0417945188405266
21.9201388888889,-0.0242542337815543
21.9215277777778,-0.0313981633091593
21.9229166666667,-0.0281657833574455
21.9243055555556,-0.0107289846018054
21.9256944444444,-0.00537174629341371
21.9270833333333,-0.0149183140723785
21.9284722222222,-0.0186023096620222
21.9298611111111,-0.00702407440429309
21.93125,-0.0376498687312016
21.9326388888889,-0.0989201616016616
21.9340277777778,-0.0565174809557843
21.9354166666667,-0.0617992726887994
21.9368055555556,-0.0840089679288167
21.9381944444444,-0.0768762801458267
21.9395833333333,-0.0620467797666546
21.9409722222222,-0.068587908592727
21.9423611111111,-0.0895560745676557
21.94375,-0.0311460938562767
21.9451388888889,0.0107441864240184
21.9465277777778,-0.0116428856187186
21.9479166666667,-0.0297060177427502
21.9493055555556,-0.0341487185699279
21.9506944444444,-0.052484236229254
21.9520833333333,-0.038319060863441
21.9534722222222,-0.05723339826139
21.9548611111111,-0.0732654028142925
21.95625,-0.088526392808928
21.9576388888889,-0.105422797484934
21.9590277777778,-0.0486099008770374
21.9604166666667,-0.0677280357901593
21.9618055555556,-0.0619117616889733
21.9631944444444,-0.0634866692597636
21.9645833333333,-0.0432966841756205
21.9659722222222,-0.0580289090301203
21.9673611111111,-0.0387933101498069
21.96875,-0.0336294726254415
21.9701388888889,-0.0186897721285875
21.9715277777778,-0.0260628227976482
21.9729166666667,-0.030955154553896
21.9743055555556,-0.051116993685129
21.9756944444444,-0.0280023915338421
21.9770833333333,-0.0238086220856766
21.9784722222222,-0.0250868716951721
21.9798611111111,-0.0233395619427749
21.98125,-0.0338189909666786
21.9826388888889,-0.0409691944990662
21.9840277777778,-0.0649987169117339
21.9854166666667,-0.0166945594087149
21.9868055555556,-0.0381871495510794
21.9881944444444,-0.0512153807208544
21.9895833333333,-0.0369854083807429
21.9909722222222,-0.0430094303387048
21.9923611111111,-0.065108441928341
21.99375,-0.0624235409967811
21.9951388888889,-0.0551874509236568
21.9965277777778,-0.0413394103020538
21.9979166666667,-0.0278679745976677
21.9993055555556,-0.0305805378083688
22.0006944444444,-0.0401934809865533
22.0020833333333,-0.0462497487522309
22.0034722222222,-0.0554344913074948
22.0048611111111,-0.0855000178163368
22.00625,-0.0599742479682003
22.0076388888889,-0.0657533271231885
22.0090277777778,-0.0875636540207385
22.0104166666667,-0.079915267879942
22.0118055555556,-0.0992324616158366
22.0131944444444,-0.0889464649829467
22.0145833333333,-0.0934753413894734
22.0159722222222,-0.0999499373672578
22.0173611111111,-0.106099055908062
22.01875,-0.120808117563259
22.0201388888889,-0.0870136701274218
22.0215277777778,-0.0615376079303034
22.0229166666667,-0.0343956376193211
22.0243055555556,-0.0566358293987681
22.0256944444444,-0.0487220880368173
22.0270833333333,-0.0812686851127466
22.0284722222222,-0.0972528391943137
22.0298611111111,-0.0935760998174591
22.03125,-0.135045722294178
22.0326388888889,-0.118036419788964
22.0340277777778,-0.0934406090387354
22.0354166666667,-0.0804247569920571
22.0368055555556,-0.0837937512037494
22.0381944444444,-0.0784888253481449
22.0395833333333,-0.103423623925916
22.0409722222222,-0.109971418023932
22.0423611111111,-0.105667119843884
22.04375,-0.0967780945373178
22.0451388888889,-0.0979771038215261
22.0465277777778,-0.102595978640588
22.0479166666667,-0.0968287700063751
22.0493055555556,-0.0729198232453047
22.0506944444444,-0.0815882996007135
22.0520833333333,-0.0928361460199403
22.0534722222222,-0.0892902749477241
22.0548611111111,-0.0932546366977658
22.05625,-0.0919708321255545
22.0576388888889,-0.125318322236416
22.0590277777778,-0.12852184207756
22.0604166666667,-0.096900398865689
22.0618055555556,-0.0944740812593231
22.0631944444444,-0.125030474109134
22.0645833333333,-0.105796751967653
22.0659722222222,-0.11431281345755
22.0673611111111,-0.121399465217438
22.06875,-0.124008041772959
22.0701388888889,-0.130011473369095
22.0715277777778,-0.125679108935669
22.0729166666667,-0.119604958147977
22.0743055555556,-0.124661019621045
22.0756944444444,-0.120481937322653
22.0770833333333,-0.11459731528515
22.0784722222222,-0.13359830315614
22.0798611111111,-0.138209429844058
22.08125,-0.15882975056541
22.0826388888889,-0.131516942559543
22.0840277777778,-0.138546445632907
22.0854166666667,-0.133069727193245
22.0868055555556,-0.0763748086812857
22.0881944444444,-0.0882214882357597
22.0895833333333,-0.116035371998862
22.0909722222222,-0.121391084354476
22.0923611111111,-0.10830795210978
22.09375,-0.116219921023727
22.0951388888889,-0.129942273352274
22.0965277777778,-0.125985766731485
22.0979166666667,-0.113237750618822
22.0993055555556,-0.111888992237953
22.1006944444444,-0.122045072823708
22.1020833333333,-0.0986671544397501
22.1034722222222,-0.143413293877393
22.1048611111111,-0.167747358442364
22.10625,-0.161036984072347
22.1076388888889,-0.127745291493163
22.1090277777778,-0.130787654755484
22.1104166666667,-0.127815442913007
22.1118055555556,-0.13979811061314
22.1131944444444,-0.135629048171423
22.1145833333333,-0.141827884908297
22.1159722222222,-0.14624416316727
22.1173611111111,-0.135304802817757
22.11875,-0.125498123614884
22.1201388888889,-0.115922540126454
22.1215277777778,-0.134841951116234
22.1229166666667,-0.132926208794565
22.1243055555556,-0.113656643992001
22.1256944444444,-0.122216593289957
22.1270833333333,-0.159541199150884
22.1284722222222,-0.182800072795244
22.1298611111111,-0.164953495108748
22.13125,-0.148262324368221
22.1326388888889,-0.144425479648016
22.1340277777778,-0.131772865044066
22.1354166666667,-0.136373971544442
22.1368055555556,-0.141472362546219
22.1381944444444,-0.14512859349188
22.1395833333333,-0.142460967306691
22.1409722222222,-0.145926306834124
22.1423611111111,-0.145211784767406
22.14375,-0.137185718186391
22.1451388888889,-0.129089557496189
22.1465277777778,-0.088363868718904
22.1479166666667,-0.10889928849905
22.1493055555556,-0.12580262940984
22.1506944444444,-0.124085180694818
22.1520833333333,-0.132146769617595
22.1534722222222,-0.110001063032452
22.1548611111111,-0.103073654188076
22.15625,-0.116692751682088
22.1576388888889,-0.119036632233912
22.1590277777778,-0.117993564983426
22.1604166666667,-0.101663625545496
22.1618055555556,-0.116768738266286
22.1631944444444,-0.125505290527509
22.1645833333333,-0.126766483635751
22.1659722222222,-0.133844243685876
22.1673611111111,-0.115083838451411
22.16875,-0.137126986545662
22.1701388888889,-0.151338264222296
22.1715277777778,-0.163856860836634
22.1729166666667,-0.167081247347392
22.1743055555556,-0.142976252346624
22.1756944444444,-0.143806222562117
22.1770833333333,-0.143597478457468
22.1784722222222,-0.11419516216688
22.1798611111111,-0.137095932367371
22.18125,-0.13939451617875
22.1826388888889,-0.157619010254221
22.1840277777778,-0.156992954472193
22.1854166666667,-0.138448617927921
22.1868055555556,-0.125105670452908
22.1881944444444,-0.148324014159097
22.1895833333333,-0.148085317109973
22.1909722222222,-0.1404789306754
22.1923611111111,-0.136131420736759
22.19375,-0.155451580367965
22.1951388888889,-0.147600073631291
22.1965277777778,-0.143191717364445
22.1979166666667,-0.147481950624889
22.1993055555556,-0.142089746864317
22.2006944444444,-0.142271502072711
22.2020833333333,-0.136935245027421
22.2034722222222,-0.121932585187125
22.2048611111111,-0.103055127042706
22.20625,-0.0960999366152052
22.2076388888889,-0.102359618307883
22.2090277777778,-0.114833127290632
22.2104166666667,-0.0996925653079251
22.2118055555556,-0.107948822063931
22.2131944444444,-0.107438380025373
22.2145833333333,-0.114203696135212
22.2159722222222,-0.114324336757735
22.2173611111111,-0.122163262845991
22.21875,-0.11315924055188
22.2201388888889,-0.109365691996499
22.2215277777778,-0.112336048393363
22.2229166666667,-0.106417398819372
22.2243055555556,-0.110794472983844
22.2256944444444,-0.120763492723699
22.2270833333333,-0.111550640222279
22.2284722222222,-0.105696942793293
22.2298611111111,-0.0849125594252121
22.23125,-0.0748447763016881
22.2326388888889,-0.077058177786306
22.2340277777778,-0.107251464239647
22.2354166666667,-0.119027309520909
22.2368055555556,-0.125135725138695
22.2381944444444,-0.105626457625144
22.2395833333333,-0.0681563715869584
22.2409722222222,-0.0957888502027435
22.2423611111111,-0.104515035132721
22.24375,-0.100440665602632
22.2451388888889,-0.0882526836927756
22.2465277777778,-0.0746898022825265
22.2479166666667,-0.0791642072600148
22.2493055555556,-0.104459852499731
22.2506944444444,-0.111605736570397
22.2520833333333,-0.109257395280625
22.2534722222222,-0.112342474492557
22.2548611111111,-0.121960488039952
22.25625,-0.120542835693777
22.2576388888889,-0.116246982005116
22.2590277777778,-0.127302848991369
22.2604166666667,-0.128653573354595
22.2618055555556,-0.13937495627068
22.2631944444444,-0.134364049592704
22.2645833333333,-0.124519333881074
22.2659722222222,-0.14268020404722
22.2673611111111,-0.13931040725876
22.26875,-0.146609569600258
22.2701388888889,-0.152612211709682
22.2715277777778,-0.137817053501738
22.2729166666667,-0.137346594395398
22.2743055555556,-0.131653843184395
22.2756944444444,-0.139785585207567
22.2770833333333,-0.122465496263281
22.2784722222222,-0.113936945896019
22.2798611111111,-0.116684918793851
22.28125,-0.111971805279302
22.2826388888889,-0.114238603115469
22.2840277777778,-0.1316682386028
22.2854166666667,-0.110581136473143
22.2868055555556,-0.100534191441174
22.2881944444444,-0.0905687782395264
22.2895833333333,-0.0995267500904645
22.2909722222222,-0.104177296356637
22.2923611111111,-0.107475656919546
22.29375,-0.115089418863501
22.2951388888889,-0.0847152913264071
22.2965277777778,-0.0821716407736589
22.2979166666667,-0.0909066120083805
22.2993055555556,-0.0894643333971138
22.3006944444444,-0.0887987920355456
22.3020833333333,-0.100733269397057
22.3034722222222,-0.0717161427953522
22.3048611111111,-0.0682156566607556
22.30625,-0.0672065251325613
22.3076388888889,-0.0650601395919749
22.3090277777778,-0.0781003757189974
22.3104166666667,-0.0912600355509717
22.3118055555556,-0.0762619838192678
22.3131944444444,-0.0809759725911379
22.3145833333333,-0.07963465426955
22.3159722222222,-0.0546706482301164
22.3173611111111,-0.0627846254516339
22.31875,-0.0903589027543795
22.3201388888889,-0.115192870810945
22.3215277777778,-0.0857843249898016
22.3229166666667,-0.0237544380428111
22.3243055555556,0.00606362727873992
22.3256944444444,-0.0523377929108774
22.3270833333333,-0.0605420737716239
22.3284722222222,-0.0873796283519956
22.3298611111111,-0.0912561257215758
22.33125,-0.0969062700408842
22.3326388888889,-0.0812372515596016
22.3340277777778,-0.0824082164825236
22.3354166666667,-0.0925389256334556
22.3368055555556,-0.119635703712834
22.3381944444444,-0.0970085246768401
22.3395833333333,-0.12048402379048
22.3409722222222,-0.132319159062441
22.3423611111111,-0.111715615429818
22.34375,-0.117609324314103
22.3451388888889,-0.102975188806052
22.3465277777778,-0.103317905804076
22.3479166666667,-0.0941865859237097
22.3493055555556,-0.119955048044031
22.3506944444444,-0.107270005975324
22.3520833333333,-0.124248950668036
22.3534722222222,-0.123980123251133
22.3548611111111,-0.113697719198708
22.35625,-0.123880217259241
22.3576388888889,-0.105318463881862
22.3590277777778,-0.11056555230298
22.3604166666667,-0.108374393081789
22.3618055555556,-0.135238419987855
22.3631944444444,-0.182219444143485
22.3645833333333,-0.130276027211731
22.3659722222222,-0.162756180297115
22.3673611111111,-0.126820682160856
22.36875,-0.0888040898485242
22.3701388888889,-0.0966357849658166
22.3715277777778,-0.115655585791539
22.3729166666667,-0.0965572989702191
22.3743055555556,-0.106584102485621
22.3756944444444,-0.102733640132568
22.3770833333333,-0.080607398660312
22.3784722222222,-0.0992479283724383
22.3798611111111,-0.100292108496343
22.38125,-0.0838959789845565
22.3826388888889,-0.0826781414309673
22.3840277777778,-0.0815173388552158
22.3854166666667,-0.0868719935740852
22.3868055555556,-0.0587825397548143
22.3881944444444,-0.0373090691256279
22.3895833333333,-0.0431091081569444
22.3909722222222,-0.0554236538057957
22.3923611111111,-0.0799127775359895
22.39375,-0.0640442768810564
22.3951388888889,-0.0785541851262238
22.3965277777778,-0.0797001976021906
22.3979166666667,-0.0759941076091284
22.3993055555556,-0.0739983679850677
22.4006944444444,-0.0735369969281989
22.4020833333333,-0.0663824823041809
22.4034722222222,-0.0753731363808953
22.4048611111111,-0.0644492819951947
22.40625,-0.073981934132714
22.4076388888889,-0.108976477157717
22.4090277777778,-0.095052324725695
22.4104166666667,-0.0769560198066256
22.4118055555556,-0.0572456286832974
22.4131944444444,-0.0364336166343153
22.4145833333333,-0.0248078611593521
22.4159722222222,-0.0400280113390102
22.4173611111111,-0.0611250773756368
22.41875,-0.0603505182235648
22.4201388888889,-0.0514727079124522
22.4215277777778,-0.0601465581522288
22.4229166666667,-0.0612342990389744
22.4243055555556,-0.0734431413973267
22.4256944444444,-0.0699806246863719
22.4270833333333,-0.0709780518212639
22.4284722222222,-0.0608482940843386
22.4298611111111,-0.0758523769573174
22.43125,-0.0691051251632679
22.4326388888889,-0.07730850945897
22.4340277777778,-0.0949996566227609
22.4354166666667,-0.0541519014386835
22.4368055555556,-0.0229209811098951
22.4381944444444,-0.057972966002584
22.4395833333333,-0.0815853687547763
22.4409722222222,-0.0728021882416926
22.4423611111111,-0.0831172592013006
22.44375,-0.0956684621102338
22.4451388888889,-0.10270262737908
22.4465277777778,-0.108457408941934
22.4479166666667,-0.0897671529752263
22.4493055555556,-0.0414861206023944
22.4506944444444,-0.0599460214555387
22.4520833333333,-0.10630382273109
22.4534722222222,-0.122196716290582
22.4548611111111,-0.103529513990448
22.45625,-0.0940530432958829
22.4576388888889,-0.109039353341766
22.4590277777778,-0.106720452656176
22.4604166666667,-0.0977408560212416
22.4618055555556,-0.0974822528675698
22.4631944444444,-0.0932783702032157
22.4645833333333,-0.071368527301978
22.4659722222222,-0.0737622557973737
22.4673611111111,-0.0840168058108563
22.46875,-0.0770432200280315
22.4701388888889,-0.074073752969321
22.4715277777778,-0.0719744710214534
22.4729166666667,-0.0729967239061823
22.4743055555556,-0.0640827631369316
22.4756944444444,-0.0780130599884574
22.4770833333333,-0.0719096952565273
22.4784722222222,-0.0801944498651256
22.4798611111111,-0.0724474185212966
22.48125,-0.0645013692605888
22.4826388888889,-0.0390861123359581
22.4840277777778,-0.0522054107701412
22.4854166666667,-0.0575194114458533
22.4868055555556,-0.0351727900872503
22.4881944444444,-0.0718946395187917
22.4895833333333,-0.0579565383344572
22.4909722222222,-0.0466927103818677
22.4923611111111,-0.0312213887655496
22.49375,-0.00845884118191088
22.4951388888889,-0.0171643161824715
22.4965277777778,-0.0260867841313152
22.4979166666667,-0.0486865135921034
22.4993055555556,-0.054019687907276
22.5006944444444,-0.0565854255625071
22.5020833333333,-0.0394777673259283
22.5034722222222,-0.0365410211437029
22.5048611111111,-0.0602981249947094
22.50625,-0.0570472066562307
22.5076388888889,-0.0731263214807165
22.5090277777778,-0.0909162590887524
22.5104166666667,-0.0663544421625258
22.5118055555556,-0.0607965793386834
22.5131944444444,-0.0527206136439734
22.5145833333333,-0.0514879342847474
22.5159722222222,-0.0604329542511532
22.5173611111111,-0.0759311505174039
22.51875,-0.0854046277867483
22.5201388888889,-0.0827700070169583
22.5215277777778,-0.0705368446446474
22.5229166666667,-0.0495606451736172
22.5243055555556,-0.0355893653883555
22.5256944444444,-0.0463395686093316
22.5270833333333,-0.063250686249019
22.5284722222222,-0.0626290317098677
22.5298611111111,-0.0664838497992919
22.53125,-0.0582527380711131
22.5326388888889,-0.0462135333237426
22.5340277777778,-0.0339175055497842
22.5354166666667,-0.0448482205425286
22.5368055555556,-0.0917423703150737
22.5381944444444,-0.0439299735460873
22.5395833333333,-0.0308093211823101
22.5409722222222,-0.0407581459767069
22.5423611111111,-0.0478213177553778
22.54375,-0.0468369171372837
22.5451388888889,-0.0491403623490176
22.5465277777778,-0.0561226004344356
22.5479166666667,-0.0612782994237917
22.5493055555556,-0.0469655734825843
22.5506944444444,-0.0533429762506125
22.5520833333333,-0.0170862271747147
22.5534722222222,0.000379684530794681
22.5548611111111,-0.00771802861422857
22.55625,0.00685899384120649
22.5576388888889,0.0229593478412036
22.5590277777778,-0.00807837687960549
22.5604166666667,0.0125258932666125
22.5618055555556,0.0242133642702884
22.5631944444444,-0.0152130582648125
22.5645833333333,-0.00476663647358023
22.5659722222222,-0.0179071194770948
22.5673611111111,-0.0225051579334588
22.56875,-0.0248192428942512
22.5701388888889,0.0370303738039177
22.5715277777778,0.00778725167725448
22.5729166666667,0.0492719971688483
22.5743055555556,0.0360020446729417
22.5756944444444,0.0216261407315957
22.5770833333333,0.00296587016065348
22.5784722222222,0.000673366224049416
22.5798611111111,0.00871526586768952
22.58125,0.0317389629217738
22.5826388888889,0.0318032920638497
22.5840277777778,0.0307729565482794
22.5854166666667,-0.00634101310170675
22.5868055555556,-0.00813037611230215
22.5881944444444,0.0353863596116264
22.5895833333333,0.0512287033891671
22.5909722222222,0.0392848444409761
22.5923611111111,0.0678308966388686
22.59375,0.0490304328806001
22.5951388888889,0.00718615647948881
22.5965277777778,-0.0197441461918554
22.5979166666667,-0.00990025192738754
22.5993055555556,0.001915590206694
22.6006944444444,0.0134102048734791
22.6020833333333,0.0144410101373532
22.6034722222222,0.019477224239418
22.6048611111111,0.0161670932395017
22.60625,0.0153408836990287
22.6076388888889,0.00736962766058608
22.6090277777778,0.0243387207801385
22.6104166666667,0.027066017243663
22.6118055555556,0.0257198769839361
22.6131944444444,0.0414936449511906
22.6145833333333,0.0102982630826144
22.6159722222222,0.00621114587982551
22.6173611111111,0.00204347918724392
22.61875,0.036111709531731
22.6201388888889,0.0427076587483588
22.6215277777778,0.0377647540589881
22.6229166666667,-0.00635641931709519
22.6243055555556,0.00878212559231948
22.6256944444444,0.0460483925113317
22.6270833333333,0.0285978299191495
22.6284722222222,0.027299999729056
22.6298611111111,0.020577987968045
22.63125,-5.29185902417773e-05
22.6326388888889,0.014299617888772
22.6340277777778,0.0108652000758706
22.6354166666667,-0.0209689906079644
22.6368055555556,-0.0214257476187618
22.6381944444444,-0.00210714581023182
22.6395833333333,-0.00328866704839571
22.6409722222222,9.4854415334706e-05
22.6423611111111,0.00269058230652477
22.64375,-0.0286096767524075
22.6451388888889,-0.0272371555268372
22.6465277777778,0.0201917637260647
22.6479166666667,0.00763383665302156
22.6493055555556,0.000835233843237201
22.6506944444444,-0.015271000465998
22.6520833333333,-0.00396980932414475
22.6534722222222,-0.00986736046366383
22.6548611111111,0.0202189533516305
22.65625,0.0214756666576772
22.6576388888889,0.0241978770815557
22.6590277777778,0.0103480330519727
22.6604166666667,-0.00238596917326013
22.6618055555556,-0.011821395329492
22.6631944444444,-0.010504300360263
22.6645833333333,0.0377167645279693
22.6659722222222,0.0164175166088195
22.6673611111111,0.0413389901264923
22.66875,0.0628669681931787
22.6701388888889,0.0214512480572106
22.6715277777778,0.0358430361025032
22.6729166666667,0.0288677719087563
22.6743055555556,0.021997881107257
22.6756944444444,0.00190776399018484
22.6770833333333,0.0193674138882616
22.6784722222222,0.047268356996725
22.6798611111111,0.0444052748526654
22.68125,0.0483331266093028
22.6826388888889,0.0261311515472283
22.6840277777778,0.0125031324841107
22.6854166666667,0.0278658100454455
22.6868055555556,0.0315774552206373
22.6881944444444,0.0415544971720685
22.6895833333333,0.0170822538668992
22.6909722222222,0.0441569318281564
22.6923611111111,0.020759558394327
22.69375,0.0254561282363857
22.6951388888889,0.00397561813649761
22.6965277777778,-0.0233210799200567
22.6979166666667,-0.0264956880869651
22.6993055555556,-0.00492627276449616
22.7006944444444,0.00168236329995678
22.7020833333333,0.0288117684998945
22.7034722222222,0.0214215624433622
22.7048611111111,-0.00802524735341936
22.70625,-0.0431246487727217
22.7076388888889,-0.0131108894503266
22.7090277777778,-0.0192993341900826
22.7104166666667,-0.012596343025279
22.7118055555556,-0.0333173186867018
22.7131944444444,0.00353819706132972
22.7145833333333,0.00378207473275131
22.7159722222222,0.0143888265888131
22.7173611111111,0.0188568270406974
22.71875,0.0212371485178717
22.7201388888889,0.0209278616182427
22.7215277777778,0.00100262059817257
22.7229166666667,-0.0273634944907741
22.7243055555556,-0.0203249952676808
22.7256944444444,-0.0198507569937027
22.7270833333333,-0.0331645852835608
22.7284722222222,-0.0208356088876962
22.7298611111111,-0.0511753435063331
22.73125,-0.0246532773690244
22.7326388888889,-0.0144062018502804
22.7340277777778,-0.0258370792014817
22.7354166666667,-0.0333325579827683
22.7368055555556,-0.00934744986746929
22.7381944444444,-0.0354046229843596
22.7395833333333,0.0142242703474417
22.7409722222222,0.00771639816332442
22.7423611111111,0.0155389958734207
22.74375,0.00619120274636408
22.7451388888889,0.00975962796775941
22.7465277777778,0.00997967425634229
22.7479166666667,0.000530032128404989
22.7493055555556,0.00880802905648187
22.7506944444444,0.00103114939967425
22.7520833333333,0.0166518378715859
22.7534722222222,0.00286790174109893
22.7548611111111,-0.00598661540666715
22.75625,-0.0316561018803066
22.7576388888889,-0.00253617587657877
22.7590277777778,0.0318099142787753
22.7604166666667,0.00635834498401406
22.7618055555556,-0.00949171781958659
22.7631944444444,0.00696857490900714
22.7645833333333,0.00566034122179932
22.7659722222222,0.0238152330058569
22.7673611111111,0.017039302976016
22.76875,0.0226193287835498
22.7701388888889,0.00645968023370713
22.7715277777778,-0.0101884285939142
22.7729166666667,-0.00949944983378904
22.7743055555556,-0.00690546908774648
22.7756944444444,0.00945058019627911
22.7770833333333,-0.014312222941578
22.7784722222222,-0.00683171665150598
22.7798611111111,-0.00856728359436815
22.78125,-0.00370308627056823
22.7826388888889,-0.0461198823696253
22.7840277777778,-0.0018337169230195
22.7854166666667,0.0153159381885412
22.7868055555556,-0.00958203316254997
22.7881944444444,-0.0224576181258479
22.7895833333333,-0.0297584657693159
22.7909722222222,-0.0144492125265738
22.7923611111111,-0.024398491885134
22.79375,-0.0179079318983267
22.7951388888889,-0.0138333154045354
22.7965277777778,0.0244715250993662
22.7979166666667,0.0172018899973873
22.7993055555556,0.0165383020181492
22.8006944444444,-0.0219485747487123
22.8020833333333,-0.00157710288621444
22.8034722222222,0.0143932269119325
22.8048611111111,0.0216274634770922
22.80625,0.00793950372006041
22.8076388888889,0.0124077364396601
22.8090277777778,0.0130939132021847
22.8104166666667,0.010703739985985
22.8118055555556,0.0152944972663966
22.8131944444444,0.00176070469546331
22.8145833333333,0.0160836477314888
22.8159722222222,0.0276435756985609
22.8173611111111,0.0287456492826522
22.81875,0.0148685048883122
22.8201388888889,0.0135791067568768
22.8215277777778,0.0211131393500224
22.8229166666667,0.0227937518478674
22.8243055555556,0.00793049632882754
22.8256944444444,0.0076828516427484
22.8270833333333,7.91068874541762e-05
22.8284722222222,0.0140260194810773
22.8298611111111,0.0182532680031153
22.83125,0.0146599985648011
22.8326388888889,0.0191690979839541
22.8340277777778,0.0177038167191883
22.8354166666667,0.0389995557048283
22.8368055555556,0.0210836691328186
22.8381944444444,0.00472001450237475
22.8395833333333,0.00707493654074976
22.8409722222222,0.00973357189091096
22.8423611111111,0.00777291829045631
22.84375,-0.00198239381548156
22.8451388888889,0.0235798969539528
22.8465277777778,0.0107349152512199
22.8479166666667,0.0203232817337287
22.8493055555556,0.0109247130995501
22.8506944444444,0.013401189461127
22.8520833333333,0.0236467623900065
22.8534722222222,0.0438985182431823
22.8548611111111,0.0428157510597173
22.85625,0.0204094870230454
22.8576388888889,0.0193391957197712
22.8590277777778,0.021965025455384
22.8604166666667,0.0177812852031616
22.8618055555556,0.00526647151584324
22.8631944444444,-0.0135773596195396
22.8645833333333,0.0189781661517369
22.8659722222222,0.00540111944048765
22.8673611111111,0.0190993756075197
22.86875,0.0149680066762665
22.8701388888889,0.0045827731414699
22.8715277777778,-0.0263932764629029
22.8729166666667,-0.0208173623593537
22.8743055555556,-0.0219007758841614
22.8756944444444,-0.00684322656747722
22.8770833333333,0.0114724952679938
22.8784722222222,0.012169312565072
22.8798611111111,0.000906351732687248
22.88125,-0.000998226965828485
22.8826388888889,0.0124600125457098
22.8840277777778,0.0173632093286461
22.8854166666667,0.0023502347435696
22.8868055555556,-0.0184484061349262
22.8881944444444,0.00467139792781562
22.8895833333333,0.00185303672488022
22.8909722222222,0.0171311614363504
22.8923611111111,0.00602740191404707
22.89375,0.0268119854079131
22.8951388888889,0.0498238722653653
22.8965277777778,0.0243942753978058
22.8979166666667,0.0464294092321192
22.8993055555556,-0.0084865157401521
22.9006944444444,-0.0111608489450604
22.9020833333333,0.0036084354792822
22.9034722222222,0.0056171487891731
22.9048611111111,-0.0157309996103146
22.90625,-0.011915538683602
22.9076388888889,0.000630010518116465
22.9090277777778,-0.00283133362387007
22.9104166666667,-0.0056716083045324
22.9118055555556,0.0173761913827064
22.9131944444444,0.021472183866365
22.9145833333333,0.0106233489697188
22.9159722222222,0.0198312527181691
22.9173611111111,0.0304198402829055
22.91875,0.0262277765646338
22.9201388888889,-0.00410654127776186
22.9215277777778,-0.00391763479010001
22.9229166666667,0.00541574199082012
22.9243055555556,0.0204789803649204
22.9256944444444,0.0217590571692927
22.9270833333333,0.0401368943549234
22.9284722222222,0.0796965102135566
22.9298611111111,0.0581353465386816
22.93125,0.0411687394290029
22.9326388888889,0.0486293380236062
22.9340277777778,0.0355372157891726
22.9354166666667,0.0320540452501177
22.9368055555556,0.0143592076023436
22.9381944444444,0.00591908144099712
22.9395833333333,0.031777048030837
22.9409722222222,0.047436649187704
22.9423611111111,0.067996913373808
22.94375,0.0637816733656089
22.9451388888889,0.0698930237848445
22.9465277777778,0.0688449987406542
22.9479166666667,0.0783603270519631
22.9493055555556,0.070746546883081
22.9506944444444,0.0263194967623009
22.9520833333333,0.0705647188584582
22.9534722222222,0.0972030948290974
22.9548611111111,0.0792807266462868
22.95625,0.0553459220776547
22.9576388888889,0.013352777304149
22.9590277777778,-0.00824928243656215
22.9604166666667,-0.000487557746313506
22.9618055555556,-0.0166098658203192
22.9631944444444,-0.0302362551127084
22.9645833333333,-0.0363042664437828
22.9659722222222,0.0252093757371318
22.9673611111111,0.00582179751579443
22.96875,0.00373530877653247
22.9701388888889,0.0397075989181677
22.9715277777778,0.0359993007604802
22.9729166666667,0.00416855679431564
22.9743055555556,-0.0154093934251596
22.9756944444444,-0.0274091263109864
22.9770833333333,-0.0369137571234061
22.9784722222222,-0.0403605264044133
22.9798611111111,-0.0509009055657481
22.98125,-0.0178494931459372
22.9826388888889,-0.0267879893521388
22.9840277777778,-0.0190784101752251
22.9854166666667,0.0157868131975158
22.9868055555556,-0.0369403048137666
22.9881944444444,-0.0161308212517948
22.9895833333333,-0.0108601000326403
22.9909722222222,-0.0341265732554163
22.9923611111111,-0.0220244893293723
22.99375,-0.00106506363865173
22.9951388888889,0.0127417036038011
22.9965277777778,-0.031146608239059
22.9979166666667,-0.023224107691742
22.9993055555556,0.0329939153338116
23.0006944444444,0.0387037113401115
23.0020833333333,0.0201988424586365
23.0034722222222,-0.00387183650246324
23.0048611111111,-0.011232947341567
23.00625,-0.0120408785085655
23.0076388888889,0.0176832239288403
23.0090277777778,0.0138873721613335
23.0104166666667,0.0188911266275603
23.0118055555556,0.0165520696650701
23.0131944444444,0.0605712798719515
23.0145833333333,0.0539184068105219
23.0159722222222,0.0561612844644079
23.0173611111111,0.0465620836430074
23.01875,0.0361947059677828
23.0201388888889,0.0217371531637069
23.0215277777778,0.0663776886827614
23.0229166666667,0.0492231714032578
23.0243055555556,0.0725872597308725
23.0256944444444,0.0558352070264773
23.0270833333333,0.054680933026937
23.0284722222222,0.0763192345657727
23.0298611111111,0.0597385025787007
23.03125,0.0771367491237103
23.0326388888889,0.083608796865975
23.0340277777778,0.0680899615263391
23.0354166666667,0.0679591320493459
23.0368055555556,0.0739555875817599
23.0381944444444,0.0620399526008016
23.0395833333333,0.0499855939363211
23.0409722222222,0.0423993374010857
23.0423611111111,0.053569174675398
23.04375,0.0764228433302792
23.0451388888889,0.0789302407983088
23.0465277777778,0.072728545119856
23.0479166666667,0.0553807710786489
23.0493055555556,0.0450188916510553
23.0506944444444,0.0505822651285323
23.0520833333333,0.0351894728387108
23.0534722222222,0.0420205979896796
23.0548611111111,0.0567717368924949
23.05625,0.0234945074071851
23.0576388888889,0.0387944370622079
23.0590277777778,0.0826466492553545
23.0604166666667,0.0745253616653674
23.0618055555556,0.0966745688837224
23.0631944444444,0.0618243402356596
23.0645833333333,0.0469837861594156
23.0659722222222,0.024480319205686
23.0673611111111,0.0391008283615988
23.06875,0.0753648840554631
23.0701388888889,0.074790072603047
23.0715277777778,0.0590413817816674
23.0729166666667,0.0379342845483021
23.0743055555556,0.00543867639364666
23.0756944444444,0.0317358992298092
23.0770833333333,0.0708365262973472
23.0784722222222,0.0767514301884578
23.0798611111111,0.0619978637591517
23.08125,0.0822457678114035
23.0826388888889,0.0816663300111883
23.0840277777778,0.0699806275391324
23.0854166666667,0.0572176039331858
23.0868055555556,0.0308658819567854
23.0881944444444,0.025513954706631
23.0895833333333,0.0891169577152473
23.0909722222222,0.0647363194975227
23.0923611111111,0.0662538755804485
23.09375,0.0947733788313808
23.0951388888889,0.0461085877962638
23.0965277777778,0.0599697073081191
23.0979166666667,0.0633872093275215
23.0993055555556,0.0833059780131856
23.1006944444444,0.10107164072753
23.1020833333333,0.0979866095949199
23.1034722222222,0.0730272480692791
23.1048611111111,0.053164815013379
23.10625,0.0590722162956052
23.1076388888889,0.0577989240525695
23.1090277777778,0.0337066822250232
23.1104166666667,0.0210990588387609
23.1118055555556,0.0213117641713829
23.1131944444444,0.0294695836135964
23.1145833333333,0.0177159650970965
23.1159722222222,-0.00704264387141452
23.1173611111111,0.0201651102554505
23.11875,0.0136431981942765
23.1201388888889,0.0125453371152285
23.1215277777778,-0.019292997049855
23.1229166666667,-0.0112878075076175
23.1243055555556,0.00479657246129587
23.1256944444444,-0.00172959934234912
23.1270833333333,0.00187425144471457
23.1284722222222,0.000831123536941845
23.1298611111111,-0.025860059828978
23.13125,-0.0175629997315088
23.1326388888889,-0.00667594583733498
23.1340277777778,0.00790429380379743
23.1354166666667,0.0333867574307669
23.1368055555556,0.0199660581627457
23.1381944444444,0.0201757010706246
23.1395833333333,0.0378000479461065
23.1409722222222,0.0187543007337539
23.1423611111111,-0.00885194716209099
23.14375,0.0181208264708467
23.1451388888889,0.0265165674879651
23.1465277777778,0.0159540253083267
23.1479166666667,0.0222738762452623
23.1493055555556,0.0324869976813891
23.1506944444444,0.0315846227855799
23.1520833333333,0.034471338511946
23.1534722222222,0.020492513078643
23.1548611111111,0.0536322485478373
23.15625,0.0577261841451808
23.1576388888889,0.0698116716680599
23.1590277777778,0.0454799127200974
23.1604166666667,0.0344605772102746
23.1618055555556,0.0497063045917697
23.1631944444444,0.0693688690450264
23.1645833333333,0.068655660307433
23.1659722222222,0.057447147301825
23.1673611111111,0.0587323621350316
23.16875,0.0305828298781204
23.1701388888889,0.0289295436180292
23.1715277777778,0.0280896980228809
23.1729166666667,0.00849604178544414
23.1743055555556,0.0397259991585019
23.1756944444444,0.0572025502932468
23.1770833333333,0.0520471623726482
23.1784722222222,0.0524826017377918
23.1798611111111,0.0499608476452745
23.18125,0.0625902342804068
23.1826388888889,0.0625149682747624
23.1840277777778,0.0674251381279148
23.1854166666667,0.0626957050992964
23.1868055555556,0.0862139806775518
23.1881944444444,0.0466028643659091
23.1895833333333,0.0585038083874776
23.1909722222222,0.0392605918696872
23.1923611111111,0.0423148176226427
23.19375,0.0657271195204545
23.1951388888889,0.0555547938801004
23.1965277777778,0.0105386935646742
23.1979166666667,-0.00143773129452863
23.1993055555556,0.0133894732885122
23.2006944444444,0.00531978083382912
23.2020833333333,0.00911023562084953
23.2034722222222,-0.00875325333613533
23.2048611111111,-0.00970365978948388
23.20625,0.0323578829365432
23.2076388888889,0.0632484780686969
23.2090277777778,0.0182410553752036
23.2104166666667,0.00687624780847763
23.2118055555556,0.00980138425189362
23.2131944444444,0.0252437616525818
23.2145833333333,0.0272217725081365
23.2159722222222,0.0139662662536715
23.2173611111111,0.0330978298585512
23.21875,0.0280668751377269
23.2201388888889,0.00913557943265858
23.2215277777778,0.00546366442064537
23.2229166666667,0.0269872364686107
23.2243055555556,0.0230517958030384
23.2256944444444,0.00456896175996267
23.2270833333333,0.00388540459778799
23.2284722222222,0.00255555913595551
23.2298611111111,0.00749057340280106
23.23125,-0.0291516873141665
23.2326388888889,-0.0279396050114706
23.2340277777778,0.0126754926993975
23.2354166666667,0.0096477979777662
23.2368055555556,-0.00218207061982054
23.2381944444444,-0.00484330253053162
23.2395833333333,-0.0138619105290241
23.2409722222222,-0.0162194716105302
23.2423611111111,-0.0258762562473092
23.24375,-0.00580998266195072
23.2451388888889,0.0316215033628951
23.2465277777778,0.000501203612632637
23.2479166666667,0.00532144195802813
23.2493055555556,-0.0101630176190246
23.2506944444444,0.00756022564859737
23.2520833333333,0.0049312931106697
23.2534722222222,0.00849439900842757
23.2548611111111,0.0122721463560411
23.25625,0.0161086599278426
23.2576388888889,0.0249964611435801
23.2590277777778,0.0302286543848904
23.2604166666667,0.00408945161214994
23.2618055555556,0.0102810921667407
23.2631944444444,-0.00450845897016803
23.2645833333333,0.0119992861116594
23.2659722222222,0.0400939456527623
23.2673611111111,0.0433931564200536
23.26875,0.0322096001670173
23.2701388888889,0.00280807180503257
23.2715277777778,-0.0133688624242677
23.2729166666667,-0.00786648285372802
23.2743055555556,0.00928273046012748
23.2756944444444,-0.0173192420257572
23.2770833333333,-0.0427539885957264
23.2784722222222,-0.0278873570082811
23.2798611111111,-0.0116780929567674
23.28125,0.0259764935581584
23.2826388888889,-0.00810253896808352
23.2840277777778,-0.0207886420661071
23.2854166666667,-0.0410784808398322
23.2868055555556,-0.0598197934037783
23.2881944444444,-0.0365007859177125
23.2895833333333,-0.0511687463539434
23.2909722222222,-0.0593064405681679
23.2923611111111,-0.0558169740776517
23.29375,-0.0362282947675364
23.2951388888889,-0.0251759965977259
23.2965277777778,-0.0874446161811161
23.2979166666667,-0.0724796767833464
23.2993055555556,-0.0462349396406406
23.3006944444444,-0.0644348627162447
23.3020833333333,-0.0569049435853735
23.3034722222222,-0.0272373594348306
23.3048611111111,-0.0421316566224118
23.30625,-0.0349929620910338
23.3076388888889,-0.0284616572384015
23.3090277777778,-0.0323971035577101
23.3104166666667,-0.0365257908771244
23.3118055555556,-0.0400134022345498
23.3131944444444,-0.0419037316173817
23.3145833333333,-0.0500110304709344
23.3159722222222,-0.0539387092379693
23.3173611111111,-0.0481941243336333
23.31875,-0.0395823181004964
23.3201388888889,-0.0151181728967759
23.3215277777778,-0.00229334059336348
23.3229166666667,0.000277681821937795
23.3243055555556,0.00337857792917167
23.3256944444444,-0.00464581082452297
23.3270833333333,-0.0321898994720092
23.3284722222222,-0.0121020937556918
23.3298611111111,0.028968082985003
23.33125,0.0649729136663782
23.3326388888889,0.0596483475635295
23.3340277777778,0.0320562571259383
23.3354166666667,0.00217818418895148
23.3368055555556,0.00959755139299811
23.3381944444444,0.0314479980270899
23.3395833333333,0.0352395030514461
23.3409722222222,0.0333191653932979
23.3423611111111,0.0152791885374673
23.34375,0.00800665829647055
23.3451388888889,0.0133715724446492
23.3465277777778,0.0174915872563448
23.3479166666667,0.0454140014350956
23.3493055555556,0.0224784105710569
23.3506944444444,0.0173849071801027
23.3520833333333,0.0278907140148796
23.3534722222222,0.0668917332426202
23.3548611111111,0.0686936270208582
23.35625,0.0473802322882029
23.3576388888889,0.0155275541420595
23.3590277777778,0.0284250443268876
23.3604166666667,0.0466217148699422
23.3618055555556,0.0599438373266741
23.3631944444444,0.0669559857613937
23.3645833333333,0.0929740859882958
23.3659722222222,0.0432853748763391
23.3673611111111,0.0628649210020334
23.36875,0.0626014402247307
23.3701388888889,0.0721288825727051
23.3715277777778,0.0756969570558089
23.3729166666667,0.079587978466846
23.3743055555556,0.0640030037069862
23.3756944444444,0.0620123225344772
23.3770833333333,0.076676106799213
23.3784722222222,0.0827811183322598
23.3798611111111,0.0853349519792788
23.38125,0.0864389428376752
23.3826388888889,0.065383555634285
23.3840277777778,0.0517423803488243
23.3854166666667,0.0530529146233126
23.3868055555556,0.0232738353340785
23.3881944444444,0.044340045865149
23.3895833333333,0.0468790231744892
23.3909722222222,0.0538248810858074
23.3923611111111,0.0369090203633505
23.39375,0.00524160269060198
23.3951388888889,0.00446520262624445
23.3965277777778,0.0376788596722642
23.3979166666667,0.0345704352086834
23.3993055555556,0.0429420525644151
23.4006944444444,0.0390151248104278
23.4020833333333,0.0418353555974166
23.4034722222222,0.0637550796623124
23.4048611111111,0.0349140553236211
23.40625,0.0647444201496339
23.4076388888889,0.120972087350314
23.4090277777778,0.0705465612514901
23.4104166666667,0.0575485083002189
23.4118055555556,0.0386466007206431
23.4131944444444,0.0598215649448761
23.4145833333333,0.0478722740056321
23.4159722222222,0.0230149162506877
23.4173611111111,0.0281686033441267
23.41875,0.0148249402763584
23.4201388888889,0.0330989319042859
23.4215277777778,0.0448553456982816
23.4229166666667,0.0611041552483124
23.4243055555556,0.0566847978745012
23.4256944444444,0.0617239734517859
23.4270833333333,0.0668167228793734
23.4284722222222,0.0516467701816394
23.4298611111111,0.0377622373365622
23.43125,0.0407227561733953
23.4326388888889,0.0427101166164843
23.4340277777778,0.0576536090331372
23.4354166666667,0.0466180797881252
23.4368055555556,0.0294695510993207
23.4381944444444,0.0193469071508297
23.4395833333333,0.0365795902096362
23.4409722222222,0.0535865988864183
23.4423611111111,0.0490310055155183
23.44375,0.0252504269787591
23.4451388888889,0.0248544306436629
23.4465277777778,0.0259796150069895
23.4479166666667,0.0460728501835207
23.4493055555556,0.0553480154960074
23.4506944444444,0.0657071641070606
23.4520833333333,0.0374063791349895
23.4534722222222,0.0147065284139372
23.4548611111111,0.0252598666143422
23.45625,-0.00626303467043131
23.4576388888889,0.013745476916997
23.4590277777778,0.00732827013860956
23.4604166666667,-0.00440673520721717
23.4618055555556,-0.0311796909207366
23.4631944444444,-0.0383318687838815
23.4645833333333,-0.00418468512536823
23.4659722222222,-0.0172768739937666
23.4673611111111,-0.017257523184975
23.46875,-0.0201858925550191
23.4701388888889,-0.0140764535249285
23.4715277777778,0.00260905341890756
23.4729166666667,-0.00989942569008588
23.4743055555556,-0.00241930561603611
23.4756944444444,-0.00445288753783578
23.4770833333333,-0.00255414781089751
23.4784722222222,0.00668678598815763
23.4798611111111,0.00833098314821323
23.48125,-0.00241280853043952
23.4826388888889,0.0117775779080415
23.4840277777778,0.02027941054445
23.4854166666667,-0.0147672560323434
23.4868055555556,-0.0203617808456044
23.4881944444444,-0.012663474681337
23.4895833333333,-0.0275434078119588
23.4909722222222,-0.0436373701254969
23.4923611111111,-0.0306405032076098
23.49375,-0.0137097868369019
23.4951388888889,0.00121407538873925
23.4965277777778,-0.0140174919338334
23.4979166666667,-0.0210487655706205
23.4993055555556,-0.0132709240438516
23.5006944444444,-0.0290961314447352
23.5020833333333,-0.0375625430376654
23.5034722222222,-0.00611016923316283
23.5048611111111,-0.00640127252923507
23.50625,-0.0196426488809496
23.5076388888889,-0.00123412075365803
23.5090277777778,0.029364588181859
23.5104166666667,-0.00448256576908029
23.5118055555556,-0.0293530863041656
23.5131944444444,0.00133955032299706
23.5145833333333,-0.0467139528807617
23.5159722222222,-0.0571266281098164
23.5173611111111,-0.0534261589565901
23.51875,-0.0559926919843297
23.5201388888889,-0.0469163795581404
23.5215277777778,-0.0458112330111164
23.5229166666667,-0.0408973244851622
23.5243055555556,-0.0554706410207755
23.5256944444444,-0.0566567557493163
23.5270833333333,-0.0546819252472329
23.5284722222222,-0.0799215109913947
23.5298611111111,-0.0626649638529594
23.53125,-0.0448219128485935
23.5326388888889,-0.0375132477046302
23.5340277777778,-0.0560184788100252
23.5354166666667,-0.0563475691667097
23.5368055555556,-0.0391829674727486
23.5381944444444,-0.0289934401536053
23.5395833333333,-0.0506481746075413
23.5409722222222,-0.0580675295411028
23.5423611111111,-0.0592221534124412
23.54375,-0.072688210876098
23.5451388888889,-0.0427361245366894
23.5465277777778,-0.026069202971701
23.5479166666667,-0.0221188044286014
23.5493055555556,-0.0133939175128717
23.5506944444444,-0.0145524685347223
23.5520833333333,-0.00849187722052739
23.5534722222222,-0.00638613776287347
23.5548611111111,-0.0171875639919898
23.55625,-0.0371247439016597
23.5576388888889,-0.00397745534173387
23.5590277777778,0.0224197308431056
23.5604166666667,0.0164305122238945
23.5618055555556,0.0148952292254782
23.5631944444444,0.0389076271183355
23.5645833333333,0.0433202173251451
23.5659722222222,0.0491335737304898
23.5673611111111,0.0716610830736797
23.56875,0.0489447909938829
23.5701388888889,0.0384921073774779
23.5715277777778,0.0423877310290519
23.5729166666667,0.0329904420882808
23.5743055555556,0.0624869348005848
23.5756944444444,0.047876080299133
23.5770833333333,0.0447038695367703
23.5784722222222,0.0498519041570356
23.5798611111111,0.0453513573049411
23.58125,0.0335438134637457
23.5826388888889,0.0351500737965793
23.5840277777778,0.0523056276614764
23.5854166666667,0.0622967515906671
23.5868055555556,0.0422010707064978
23.5881944444444,0.0379415358703459
23.5895833333333,0.0350083279666671
23.5909722222222,0.0283399635649342
23.5923611111111,0.0494216894977864
23.59375,0.0485162640568848
23.5951388888889,0.0399811271075725
23.5965277777778,0.028128367154979
23.5979166666667,0.020236407280332
23.5993055555556,0.0326478771440441
23.6006944444444,0.0512231142103369
23.6020833333333,0.0419610179668847
23.6034722222222,0.0600207403661183
23.6048611111111,0.0639366171673999
23.60625,0.0473118286618238
23.6076388888889,0.0359988131168584
23.6090277777778,0.060461056838341
23.6104166666667,0.053842805131533
23.6118055555556,0.0384775909856073
23.6131944444444,0.0327841954619246
23.6145833333333,0.0227277372678859
23.6159722222222,0.0145797431655291
23.6173611111111,0.0234599515112768
23.61875,0.0159063351631652
23.6201388888889,0.0103293162057538
23.6215277777778,0.00943550550191538
23.6229166666667,0.0298561460662496
23.6243055555556,0.0525084210871743
23.6256944444444,0.064235515353391
23.6270833333333,0.0363417363630307
23.6284722222222,0.0636060975495403
23.6298611111111,0.0795440822864396
23.63125,0.066499749464488
23.6326388888889,0.0655201907250858
23.6340277777778,0.0606756039008706
23.6354166666667,0.0780172391763601
23.6368055555556,0.0703044409993936
23.6381944444444,0.0643092360198165
23.6395833333333,0.0654773656897675
23.6409722222222,0.0858169887420699
23.6423611111111,0.0923314568783453
23.64375,0.0968597164741054
23.6451388888889,0.071784795075624
23.6465277777778,0.0715907437157412
23.6479166666667,0.0488676750818933
23.6493055555556,0.0561899917191451
23.6506944444444,0.0436328318144697
23.6520833333333,0.0475182712913669
23.6534722222222,0.0132607803613946
23.6548611111111,0.0300875524028937
23.65625,0.0321867331451929
23.6576388888889,0.048098029300655
23.6590277777778,0.0241238283015166
23.6604166666667,0.0176452925717189
23.6618055555556,0.0156789844844058
23.6631944444444,0.031175908841285
23.6645833333333,0.0375717195736813
23.6659722222222,0.030183868208727
23.6673611111111,-0.00741887853919568
23.66875,0.0264426907279585
23.6701388888889,0.0344372315692119
23.6715277777778,0.00832119356909499
23.6729166666667,0.000719022929831701
23.6743055555556,-0.0036503822626233
23.6756944444444,-0.00624710229193738
23.6770833333333,-0.0109383641355519
23.6784722222222,-0.0049000936289885
23.6798611111111,0.0102801828088817
23.68125,0.0153673823525805
23.6826388888889,0.00720830596602585
23.6840277777778,0.0115517601670264
23.6854166666667,0.0172361042982244
23.6868055555556,0.0042212436796285
23.6881944444444,0.00104732759740014
23.6895833333333,0.00511086333864727
23.6909722222222,0.0285042496886494
23.6923611111111,0.0261020408090974
23.69375,0.0241201971883866
23.6951388888889,0.0201303577515269
23.6965277777778,0.0332797883111588
23.6979166666667,0.0389425930679392
23.6993055555556,0.0253378323395825
23.7006944444444,-0.00759710783345867
23.7020833333333,0.00871068343036201
23.7034722222222,0.0366246707011709
23.7048611111111,0.0492885740225886
23.70625,0.0335374689106815
23.7076388888889,0.0268221053183951
23.7090277777778,0.04927682171971
23.7104166666667,0.0481432051976229
23.7118055555556,0.023557604453652
23.7131944444444,0.0348156917014713
23.7145833333333,0.0794937099666285
23.7159722222222,0.068931026340919
23.7173611111111,0.003242551552339
23.71875,0.0344563404731216
23.7201388888889,0.052380371772299
23.7215277777778,0.0553869153062683
23.7229166666667,0.0441294394349697
23.7243055555556,0.0424134795482917
23.7256944444444,0.0544691927653793
23.7270833333333,0.0616384413349823
23.7284722222222,0.0597842679458307
23.7298611111111,0.0335886048580124
23.73125,0.052356245303142
23.7326388888889,0.048141299850825
23.7340277777778,0.0483855830458055
23.7354166666667,0.0331104338647252
23.7368055555556,0.0479391399179201
23.7381944444444,0.0496621304127897
23.7395833333333,0.0687709895273257
23.7409722222222,0.0996780598332171
23.7423611111111,0.10793176959836
23.74375,0.11560505169971
23.7451388888889,0.0865634556917469
23.7465277777778,0.0880103848893091
23.7479166666667,0.0480220255924415
23.7493055555556,0.0707323400835427
23.7506944444444,0.0310520460895583
23.7520833333333,0.072831017196634
23.7534722222222,0.0804077752431504
23.7548611111111,0.0686951230803828
23.75625,0.066523371132539
23.7576388888889,0.0738119809795423
23.7590277777778,0.0775050976937676
23.7604166666667,0.0513799290948539
23.7618055555556,0.0278626921271055
23.7631944444444,0.0115863690705896
23.7645833333333,0.0428109181580327
23.7659722222222,0.0235273863845064
23.7673611111111,0.0341596290280818
23.76875,0.0378968332334981
23.7701388888889,0.0505184147902581
23.7715277777778,0.0482300293178643
23.7729166666667,0.0337844054956146
23.7743055555556,0.0333445349389111
23.7756944444444,0.064545341859119
23.7770833333333,0.106492980735141
23.7784722222222,0.0899775294629865
23.7798611111111,0.0885845317939658
23.78125,0.0851931164288805
23.7826388888889,0.0992147102093637
23.7840277777778,0.111618472642079
23.7854166666667,0.113519087995053
23.7868055555556,0.0887238222832624
23.7881944444444,0.0812715682871242
23.7895833333333,0.0765115506881068
23.7909722222222,0.0924707357336069
23.7923611111111,0.081388838565649
23.79375,0.0825403780102288
23.7951388888889,0.0430066395980871
23.7965277777778,0.0644360905104815
23.7979166666667,0.0376923738752468
23.7993055555556,0.032339485248683
23.8006944444444,0.0421795889818125
23.8020833333333,0.0302466270810414
23.8034722222222,0.0448230611595339
23.8048611111111,0.051355879247842
23.80625,0.0633439594691596
23.8076388888889,0.0485330147340412
23.8090277777778,0.0121938659414398
23.8104166666667,0.064056854437567
23.8118055555556,0.0731906272464572
23.8131944444444,0.0370770876053533
23.8145833333333,0.0286748403550291
23.8159722222222,0.0246592395584735
23.8173611111111,0.0373094671925366
23.81875,0.0257632582661038
23.8201388888889,0.0204976119329637
23.8215277777778,0.0137988085354905
23.8229166666667,0.0479807564633181
23.8243055555556,0.0414307323991921
23.8256944444444,0.0500560040109318
23.8270833333333,0.0577922487245395
23.8284722222222,0.0511492693130048
23.8298611111111,0.0212439557503393
23.83125,0.0240196425241895
23.8326388888889,0.0465080085361125
23.8340277777778,0.0666949968833364
23.8354166666667,0.0753886297448073
23.8368055555556,0.0556593548391282
23.8381944444444,0.0562300743338669
23.8395833333333,0.0590743015603065
23.8409722222222,0.0552371693815386
23.8423611111111,0.0632449247893525
23.84375,0.0426991172196681
23.8451388888889,0.0508918519056742
23.8465277777778,0.0626079923290587
23.8479166666667,0.040943809158605
23.8493055555556,0.0163964445392013
23.8506944444444,0.0309406353990213
23.8520833333333,0.0513793895150422
23.8534722222222,0.0567622026757745
23.8548611111111,0.0629409137134049
23.85625,0.0628328095770537
23.8576388888889,0.0697875280853137
23.8590277777778,0.0681821523222186
23.8604166666667,0.054468474976399
23.8618055555556,0.0651110297604106
23.8631944444444,0.0376842840517525
23.8645833333333,0.0231271638916963
23.8659722222222,0.0483922541101034
23.8673611111111,0.0441509308202179
23.86875,0.0725820380215179
23.8701388888889,0.0769892758620351
23.8715277777778,0.084199055412409
23.8729166666667,0.0717063770006797
23.8743055555556,0.0737065591513915
23.8756944444444,0.0705460158730111
23.8770833333333,0.0525315557421498
23.8784722222222,0.0433176843049583
23.8798611111111,0.0195066822616255
23.88125,0.035797588894684
23.8826388888889,0.037839552489005
23.8840277777778,0.0327421293271446
23.8854166666667,0.0368779097185735
23.8868055555556,0.0538500919480323
23.8881944444444,0.0826922543348658
23.8895833333333,0.0909929645093999
23.8909722222222,0.0899704563873107
23.8923611111111,0.0574779442672949
23.89375,0.0154526720039774
23.8951388888889,0.00384285831080392
23.8965277777778,-0.0231543203347106
23.8979166666667,-0.0133625142497932
23.8993055555556,0.00803347410200432
23.9006944444444,-0.0217183974820132
23.9020833333333,0.011095663421135
23.9034722222222,0.015005555397554
23.9048611111111,0.00410540541878837
23.90625,0.0268613661865136
23.9076388888889,0.0311547263846664
23.9090277777778,0.0421969553448176
23.9104166666667,0.00957046949623211
23.9118055555556,-0.0130658270557191
23.9131944444444,-0.0343182837005394
23.9145833333333,-0.0232311938111167
23.9159722222222,-0.0275206229459263
23.9173611111111,-0.0121725095629973
23.91875,-0.0238999033768377
23.9201388888889,-0.0159488987877165
23.9215277777778,-0.0541795224527354
23.9229166666667,-0.0125693955943692
23.9243055555556,-0.00881878662531945
23.9256944444444,-0.028620729143802
23.9270833333333,0.007152135624976
23.9284722222222,0.0108991862169042
23.9298611111111,-0.00813194984912306
23.93125,-0.03222555095512
23.9326388888889,-0.0315584493106971
23.9340277777778,-0.015830412744687
23.9354166666667,0.000196657417508284
23.9368055555556,0.00714596912127924
23.9381944444444,-0.0222233166004403
23.9395833333333,-0.023931541952677
23.9409722222222,0.00860786864676893
23.9423611111111,-0.0213806807002006
23.94375,0.0365841231420682
23.9451388888889,-0.00136395461645182
23.9465277777778,-0.0050677309258372
23.9479166666667,-0.0055720049043845
23.9493055555556,0.0238772123613164
23.9506944444444,-0.00447063508413505
23.9520833333333,0.0256034259088199
23.9534722222222,0.0271510002175294
23.9548611111111,0.0272553045731557
23.95625,0.0362199246684901
23.9576388888889,0.0162770794032891
23.9590277777778,0.0227789204023705
23.9604166666667,0.0151617841327898
23.9618055555556,-0.0221414731787877
23.9631944444444,-0.0250304865786651
23.9645833333333,-0.0282019014867366
23.9659722222222,-0.0170246404309388
23.9673611111111,-0.0105461906816869
23.96875,0.011273716570899
23.9701388888889,-0.000439706147299683
23.9715277777778,-0.0198231616509786
23.9729166666667,-0.0332480594102936
23.9743055555556,-0.00996380677785025
23.9756944444444,-0.00628021704083589
23.9770833333333,-0.00831205044325962
23.9784722222222,-0.0138786845541469
23.9798611111111,0.00346540334317223
23.98125,-0.013023064074403
23.9826388888889,-0.0296111674277347
23.9840277777778,-0.0393812387328101
23.9854166666667,-0.01254873031101
23.9868055555556,-0.0449993171240125
23.9881944444444,-0.0710190011058241
23.9895833333333,-0.0862152707187895
23.9909722222222,-0.0650377426778164
23.9923611111111,-0.0371468881110849
23.99375,-0.0611333109459102
23.9951388888889,-0.0819932679155248
23.9965277777778,-0.0970695759779313
23.9979166666667,-0.0671283832765055
23.9993055555556,-0.0969883324589409
