"wake_aligned_time_hours","value"
0.000694444444444444,-0.126713683924375
0.00208333333333333,-0.119279935790634
0.00347222222222222,-0.130868480256741
0.00486111111111111,-0.171121377736466
0.00625,-0.177657068087665
0.00763888888888889,-0.162875661271644
0.00902777777777778,-0.130315686071929
0.0104166666666667,-0.150134161215149
0.0118055555555556,-0.154242227338859
0.0131944444444444,-0.125440021696023
0.0145833333333333,-0.136091522425235
0.0159722222222222,-0.124152493356207
0.0173611111111111,-0.123314346075321
0.01875,-0.129308562262722
0.0201388888888889,-0.123813247278708
0.0215277777777778,-0.102432006952055
0.0229166666666667,-0.0993708619722448
0.0243055555555556,-0.0830862905404149
0.0256944444444444,-0.0734022397084029
0.0270833333333333,-0.0767586290026601
0.0284722222222222,-0.12225025059702
0.0298611111111111,-0.13517404271081
0.03125,-0.0818407157954313
0.0326388888888889,-0.0584946624452166
0.0340277777777778,-0.064664988207638
0.0354166666666667,-0.0319203702248194
0.0368055555555556,-0.024344868383932
0.0381944444444444,-0.0186565307946949
0.0395833333333333,-0.0181446764752413
0.0409722222222222,-0.0214936298560082
0.0423611111111111,-0.035167983156696
0.04375,-0.0248021454053421
0.0451388888888889,-0.0247338631578984
0.0465277777777778,-0.0126449896629094
0.0479166666666667,0.0194514872291902
0.0493055555555556,-0.00585728810045472
0.0506944444444444,-0.0613787892276519
0.0520833333333333,-0.0238296803248722
0.0534722222222222,-0.00125582349536608
0.0548611111111111,0.0102820515757835
0.05625,0.00152527687492032
0.0576388888888889,-0.0347495289879543
0.0590277777777778,-0.0250727529965
0.0604166666666667,-0.0166430700160089
0.0618055555555556,-0.00793632829518062
0.0631944444444444,0.00281077744825879
0.0645833333333333,0.0161707327354066
0.0659722222222222,-0.0311339268446661
0.0673611111111111,-0.00615711135189554
0.06875,-0.020178744907577
0.0701388888888889,0.00734519834111506
0.0715277777777778,0.0535047107029641
0.0729166666666667,0.0101711447448117
0.0743055555555556,-0.0193245361389088
0.0756944444444444,-0.010279926428755
0.0770833333333333,-0.00895736257781591
0.0784722222222222,0.00375225626320567
0.0798611111111111,1.50644017505059e-05
0.08125,0.0187689575789712
0.0826388888888889,0.0144114953684622
0.0840277777777778,-0.00914758255518538
0.0854166666666667,-0.00948055524266427
0.0868055555555556,0.00382698455072145
0.0881944444444445,-0.00757096734076775
0.0895833333333333,0.000821924104180369
0.0909722222222222,0.0058595256005169
0.0923611111111111,-0.0291174275172079
0.09375,-0.0106507690964821
0.0951388888888889,-0.0129095937689327
0.0965277777777778,-0.00615232177203428
0.0979166666666667,0.0157798668857343
0.0993055555555555,0.0120435205337688
0.100694444444444,0.0076822800324272
0.102083333333333,0.0127131312768413
0.103472222222222,-0.0026852148731275
0.104861111111111,0.00925296544530933
0.10625,0.0395986983747626
0.107638888888889,0.060400875409789
0.109027777777778,0.0418993860970198
0.110416666666667,0.0125368993368756
0.111805555555556,0.01491481472047
0.113194444444444,0.0209336609494024
0.114583333333333,-0.0126026168196476
0.115972222222222,0.0109229021606259
0.117361111111111,0.0244624789762511
0.11875,0.0241060405620591
0.120138888888889,0.0239497570023594
0.121527777777778,0.0243362129595934
0.122916666666667,0.0132867210378577
0.124305555555556,-0.00157996788363891
0.125694444444444,0.00442007211484301
0.127083333333333,0.0146455445393729
0.128472222222222,0.0235787788589536
0.129861111111111,0.00559429560314505
0.13125,0.00068919153175397
0.132638888888889,0.00184254480399706
0.134027777777778,0.0123071455683872
0.135416666666667,0.00791712266943554
0.136805555555556,-8.01308766252652e-05
0.138194444444444,0.00666917038969397
0.139583333333333,0.0172631411446697
0.140972222222222,0.0170757078526813
0.142361111111111,-0.0251147083637957
0.14375,-0.0369218896716466
0.145138888888889,-0.0250590352656297
0.146527777777778,-0.00939765419012633
0.147916666666667,0.0128277290055732
0.149305555555556,-0.0116269251836665
0.150694444444444,-0.0239067298574924
0.152083333333333,0.00120679343611428
0.153472222222222,-0.0141287149828016
0.154861111111111,-0.0170996852817948
0.15625,-0.0428490098831678
0.157638888888889,-0.0361832463464634
0.159027777777778,-0.0230938578876685
0.160416666666667,-0.00698899855612713
0.161805555555556,0.0472665471678351
0.163194444444444,0.032515881689032
0.164583333333333,0.0320855307935433
0.165972222222222,-0.00628960590131109
0.167361111111111,-0.0127913968083217
0.16875,-0.0304340069293474
0.170138888888889,-0.0132097831209774
0.171527777777778,0.0238011716038485
0.172916666666667,0.0115921491399928
0.174305555555556,0.0298104517410762
0.175694444444444,0.0268961373153052
0.177083333333333,0.0407483099097367
0.178472222222222,0.0429048413611147
0.179861111111111,0.0402921710621119
0.18125,0.039590436019923
0.182638888888889,0.0219796320976893
0.184027777777778,0.0133987793298854
0.185416666666667,0.0362675437808905
0.186805555555556,0.0793560278338567
0.188194444444444,0.0635390661085435
0.189583333333333,0.0214414709717067
0.190972222222222,0.0218290813576778
0.192361111111111,0.0294889728554391
0.19375,0.0291187593138826
0.195138888888889,0.00972765173543038
0.196527777777778,0.0324113188927187
0.197916666666667,0.0376158183889709
0.199305555555556,0.0531777258894811
0.200694444444444,0.058855258798079
0.202083333333333,0.0511238907162757
0.203472222222222,0.039801221790869
0.204861111111111,0.0602815525671779
0.20625,0.0484412944332274
0.207638888888889,0.0205374414927052
0.209027777777778,0.0337941279142841
0.210416666666667,0.0299826622503219
0.211805555555556,0.0419900195904848
0.213194444444444,0.0523438720816486
0.214583333333333,0.0804062166806043
0.215972222222222,0.0677202467534231
0.217361111111111,0.0109233443696768
0.21875,-0.0031371018968729
0.220138888888889,0.00676753369865317
0.221527777777778,0.014254943021926
0.222916666666667,0.0252935072519562
0.224305555555556,-0.0106058885803081
0.225694444444444,-0.0168549137482559
0.227083333333333,-0.00950655477211204
0.228472222222222,-0.0032935324333512
0.229861111111111,-0.000879434735582283
0.23125,0.01961340755944
0.232638888888889,0.00680754694265171
0.234027777777778,0.00299523272431908
0.235416666666667,-0.00191372068658
0.236805555555556,0.00371674197811647
0.238194444444444,-0.00938923937951715
0.239583333333333,-0.010677998117257
0.240972222222222,0.0294391396143343
0.242361111111111,0.0278891963385113
0.24375,0.00770558214427588
0.245138888888889,0.0351987139337978
0.246527777777778,0.00180007435478098
0.247916666666667,0.0196145673106675
0.249305555555556,0.0478533535717947
0.250694444444444,0.044564972234381
0.252083333333333,0.0308678004148364
0.253472222222222,0.0284245432238611
0.254861111111111,0.0428038116387316
0.25625,0.0287570994413167
0.257638888888889,0.0313783622975013
0.259027777777778,0.0702332595894165
0.260416666666667,0.0718393391882293
0.261805555555556,0.0800363909786983
0.263194444444444,0.0482007546600666
0.264583333333333,0.0149074661451451
0.265972222222222,0.0271500974589726
0.267361111111111,0.0436252053890585
0.26875,0.031632516372341
0.270138888888889,-0.0107752345311673
0.271527777777778,0.0158881284052503
0.272916666666667,0.0329605871701818
0.274305555555556,-0.0160786046069373
0.275694444444444,-0.00950418436907274
0.277083333333333,-0.00494322821782331
0.278472222222222,-0.000257592132090075
0.279861111111111,-0.00149115843680524
0.28125,0.00780339030022065
0.282638888888889,0.0189166800108674
0.284027777777778,0.0118801761829174
0.285416666666667,0.020399058892458
0.286805555555556,0.00299458811198807
0.288194444444444,0.0073486964574153
0.289583333333333,0.000953722041819601
0.290972222222222,0.021035299968572
0.292361111111111,-0.0440251594297445
0.29375,-0.00981786365911988
0.295138888888889,-0.0380777696748923
0.296527777777778,-0.0513680459298793
0.297916666666667,-0.0388963271321404
0.299305555555556,-0.0201445100455425
0.300694444444444,-0.0442616641663293
0.302083333333333,-0.0842757658590916
0.303472222222222,-0.0703200301611666
0.304861111111111,-0.0586780790630722
0.30625,-0.0594692463104295
0.307638888888889,-0.0333041362259476
0.309027777777778,-0.0615184810197596
0.310416666666667,-0.0551165693374525
0.311805555555556,-0.0468652779623008
0.313194444444444,0.0098627546878126
0.314583333333333,0.0666254707995221
0.315972222222222,0.0281721202256542
0.317361111111111,-0.00088509157765558
0.31875,-0.00946480610324755
0.320138888888889,-0.034842630392213
0.321527777777778,-0.0266558413100706
0.322916666666667,-0.0430046440402731
0.324305555555556,-0.0183664930902506
0.325694444444444,0.00571831878648287
0.327083333333333,-0.00765696800226261
0.328472222222222,-0.0290531126026
0.329861111111111,-0.0195897133318733
0.33125,-0.0527682526158909
0.332638888888889,-0.0581965785259502
0.334027777777778,-0.0484817091573016
0.335416666666667,-0.0233164931934873
0.336805555555556,-0.040034987108192
0.338194444444444,-0.0381001608386456
0.339583333333333,-0.0206314261165603
0.340972222222222,-0.0370034583389543
0.342361111111111,-0.0673109523337527
0.34375,-0.0639964531225021
0.345138888888889,-0.0714830093600492
0.346527777777778,-0.0600256029781996
0.347916666666667,-0.0566253203017289
0.349305555555556,-0.0306455915079082
0.350694444444444,-0.0163352989986142
0.352083333333333,0.00271140813003173
0.353472222222222,0.0123122994615891
0.354861111111111,0.000739752671862302
0.35625,-0.00748105411682048
0.357638888888889,-0.0105805086709436
0.359027777777778,0.0306907181676369
0.360416666666667,0.0337066352616951
0.361805555555556,0.038038412691004
0.363194444444444,0.0344530217856702
0.364583333333333,0.0356865973996671
0.365972222222222,0.0295019805018589
0.367361111111111,-0.0219930566616572
0.36875,-0.00834283962471889
0.370138888888889,-0.00495843161964586
0.371527777777778,-0.0249988763370981
0.372916666666667,-0.0253904330438055
0.374305555555556,-0.0410981272177084
0.375694444444444,-0.0280661397002905
0.377083333333333,-0.0148580572617582
0.378472222222222,0.0143425848216909
0.379861111111111,0.0130652607373531
0.38125,-0.0159267530183365
0.382638888888889,0.0192076020042393
0.384027777777778,0.00263268079140183
0.385416666666667,-0.00924418605897074
0.386805555555556,-0.0138721059222187
0.388194444444444,-0.0155682910585053
0.389583333333333,-0.0178521750181002
0.390972222222222,-0.0190198382305879
0.392361111111111,-0.0179086484227526
0.39375,-0.0139268918600049
0.395138888888889,-0.00280588694624773
0.396527777777778,0.0187892376314497
0.397916666666667,0.00638455544355661
0.399305555555556,-0.0276911937067864
0.400694444444444,-0.0274799785595291
0.402083333333333,-0.0208208677987926
0.403472222222222,-0.0257007871293114
0.404861111111111,-0.0305552389470785
0.40625,-0.0274336882761839
0.407638888888889,-0.0327347910159482
0.409027777777778,0.0164107370168263
0.410416666666667,0.00512377535530392
0.411805555555556,-0.0401802099742265
0.413194444444444,-0.0142971642063674
0.414583333333333,-0.0415841197727802
0.415972222222222,-0.0300234964238036
0.417361111111111,-0.0482717909836417
0.41875,-0.0732153619963943
0.420138888888889,-0.0995209350909254
0.421527777777778,-0.0869143079459392
0.422916666666667,-0.0746908585777378
0.424305555555556,-0.0505826921890514
0.425694444444444,-0.067131796043695
0.427083333333333,-0.0363185888896722
0.428472222222222,-0.0319449043014123
0.429861111111111,-0.0450856567084544
0.43125,-0.0260087957898825
0.432638888888889,-0.0492852027055556
0.434027777777778,-0.0461371069389339
0.435416666666667,-0.0347548755579096
0.436805555555556,-0.0311061471548433
0.438194444444444,-0.0536686530846022
0.439583333333333,-0.0482925240598513
0.440972222222222,-0.0449806630367399
0.442361111111111,-0.052644437151625
0.44375,-0.0360071628925011
0.445138888888889,-0.041989136224643
0.446527777777778,-0.0848080097099145
0.447916666666667,-0.130212501041114
0.449305555555556,-0.0674495170999787
0.450694444444444,-0.0650554556691438
0.452083333333333,-0.07351304298711
0.453472222222222,-0.0780694541716375
0.454861111111111,-0.117905826438044
0.45625,-0.100173730408184
0.457638888888889,-0.0509226198268651
0.459027777777778,-0.0612351984360186
0.460416666666667,-0.0833140795312575
0.461805555555556,-0.0998966054154374
0.463194444444444,-0.0744018435418041
0.464583333333333,-0.109582622150044
0.465972222222222,-0.0910080912208377
0.467361111111111,-0.0905447107163172
0.46875,-0.0843750660996873
0.470138888888889,-0.0804540839612552
0.471527777777778,-0.090380808543491
0.472916666666667,-0.0952095750880239
0.474305555555556,-0.0539279444658853
0.475694444444444,-0.0628295747181597
0.477083333333333,-0.0500832111894573
0.478472222222222,-0.0429577562118296
0.479861111111111,-0.0766902944290326
0.48125,-0.0846320767438489
0.482638888888889,-0.101294559601308
0.484027777777778,-0.0991028379343371
0.485416666666667,-0.0923296806219432
0.486805555555556,-0.115386796875739
0.488194444444444,-0.0610928599417804
0.489583333333333,-0.0866493001958563
0.490972222222222,-0.0639241972537302
0.492361111111111,-0.0702916892080192
0.49375,-0.0804831529391272
0.495138888888889,-0.0685229892909145
0.496527777777778,-0.114766464006352
0.497916666666667,-0.0858458450910213
0.499305555555556,-0.0945634007742655
0.500694444444444,-0.138002147836561
0.502083333333333,-0.123835965095559
0.503472222222222,-0.127298168376378
0.504861111111111,-0.129611188022656
0.50625,-0.122931521918447
0.507638888888889,-0.116196236440522
0.509027777777778,-0.14175023608488
0.510416666666667,-0.135286378078147
0.511805555555556,-0.127017706997436
0.513194444444444,-0.139995630786082
0.514583333333333,-0.148416550759507
0.515972222222222,-0.180298963315633
0.517361111111111,-0.143580812763302
0.51875,-0.134827533287082
0.520138888888889,-0.106296898229608
0.521527777777778,-0.143781260686974
0.522916666666667,-0.143804626615247
0.524305555555556,-0.175014194831625
0.525694444444444,-0.120398740397818
0.527083333333333,-0.152950719955724
0.528472222222222,-0.170788690481118
0.529861111111111,-0.15488662528911
0.53125,-0.14445552929685
0.532638888888889,-0.144090805268641
0.534027777777778,-0.135992131545903
0.535416666666667,-0.128654690760649
0.536805555555556,-0.132084009826605
0.538194444444444,-0.132977736076508
0.539583333333333,-0.131866746002821
0.540972222222222,-0.128207866746357
0.542361111111111,-0.130132024509738
0.54375,-0.148921266159332
0.545138888888889,-0.141699992619164
0.546527777777778,-0.142741746002156
0.547916666666667,-0.108614410256263
0.549305555555556,-0.148448271535776
0.550694444444444,-0.156545287964851
0.552083333333333,-0.150725154811166
0.553472222222222,-0.107848613218628
0.554861111111111,-0.101528823068361
0.55625,-0.153356927769042
0.557638888888889,-0.150792177407227
0.559027777777778,-0.166164586453948
0.560416666666667,-0.128887613903011
0.561805555555556,-0.155970750918651
0.563194444444444,-0.150117666569866
0.564583333333333,-0.118891804904281
0.565972222222222,-0.0873272279064932
0.567361111111111,-0.0836738462991048
0.56875,-0.103081867040233
0.570138888888889,-0.0796043519527074
0.571527777777778,-0.0731126412005564
0.572916666666667,-0.0639780993841656
0.574305555555556,-0.0826998414073971
0.575694444444444,-0.0777856721676011
0.577083333333333,-0.0711526432707205
0.578472222222222,-0.0772159093033273
0.579861111111111,-0.0861939598811114
0.58125,-0.100760957958078
0.582638888888889,-0.107243887455151
0.584027777777778,-0.11622866797071
0.585416666666667,-0.0864787588013531
0.586805555555556,-0.0903638622984197
0.588194444444444,-0.099846066859929
0.589583333333333,-0.0766323047839877
0.590972222222222,-0.140300004045815
0.592361111111111,-0.120299724271335
0.59375,-0.0932991715136726
0.595138888888889,-0.122168008123349
0.596527777777778,-0.123668406100701
0.597916666666667,-0.120513501081613
0.599305555555556,-0.105007517916072
0.600694444444444,-0.0739948495376667
0.602083333333333,-0.0838441715820235
0.603472222222222,-0.121704372883519
0.604861111111111,-0.0884256827286045
0.60625,-0.0717944910168734
0.607638888888889,-0.0650439664630731
0.609027777777778,-0.0728061300409369
0.610416666666667,-0.0628848413770616
0.611805555555556,-0.0232534689414679
0.613194444444444,-0.0466061499644304
0.614583333333333,-0.0808065291477789
0.615972222222222,-0.0919752465516022
0.617361111111111,-0.0711956821218217
0.61875,-0.0646830388790586
0.620138888888889,-0.074156146220616
0.621527777777778,-0.072876709810606
0.622916666666667,-0.0609293449875603
0.624305555555556,-0.069244886337849
0.625694444444444,-0.0603136422794006
0.627083333333333,-0.0797266255145172
0.628472222222222,-0.0871029245939283
0.629861111111111,-0.0792577842267749
0.63125,-0.0956858594466397
0.632638888888889,-0.0857079070492546
0.634027777777778,-0.0548490551516072
0.635416666666667,-0.0482189494089117
0.636805555555556,-0.0461463031236782
0.638194444444444,-0.0958531373257244
0.639583333333333,-0.0762681412454068
0.640972222222222,-0.0597503555795953
0.642361111111111,-0.0369618286321616
0.64375,-0.000496863748682402
0.645138888888889,0.00446548075060378
0.646527777777778,-0.0289994409667013
0.647916666666667,-0.0911535613149349
0.649305555555556,-0.0860237319200775
0.650694444444444,-0.0624415308538213
0.652083333333333,-0.0539420275070992
0.653472222222222,-0.0853767483892185
0.654861111111111,-0.0786103159106236
0.65625,-0.0706101435065785
0.657638888888889,-0.115517657493284
0.659027777777778,-0.13689028417078
0.660416666666667,-0.0997278355702371
0.661805555555556,-0.105670235489326
0.663194444444444,-0.0988600483961569
0.664583333333333,-0.0745776222390759
0.665972222222222,-0.0557355335695754
0.667361111111111,-0.0830912267954128
0.66875,-0.077565944318779
0.670138888888889,-0.075154125189289
0.671527777777778,-0.084527364083934
0.672916666666667,-0.088103732602422
0.674305555555556,-0.0900338446365372
0.675694444444444,-0.111863254926938
0.677083333333333,-0.0472068848921913
0.678472222222222,-0.0574096642774263
0.679861111111111,-0.0576074911565632
0.68125,-0.0990638542901766
0.682638888888889,-0.0987120336721433
0.684027777777778,-0.105120482803296
0.685416666666667,-0.103644647778815
0.686805555555556,-0.0968641335573295
0.688194444444444,-0.0814298076217245
0.689583333333333,-0.0613772515705982
0.690972222222222,-0.0419703074172138
0.692361111111111,-0.0472729623895473
0.69375,-0.0720776907709845
0.695138888888889,-0.111347716969608
0.696527777777778,-0.114995991420171
0.697916666666667,-0.102150117375383
0.699305555555556,-0.0933052932368763
0.700694444444444,-0.0971736298313089
0.702083333333333,-0.0690445080282968
0.703472222222222,-0.086667934898811
0.704861111111111,-0.0705440335854997
0.70625,-0.0732944163224174
0.707638888888889,-0.0801537584103686
0.709027777777778,-0.0655924355837797
0.710416666666667,-0.0800291024088465
0.711805555555556,-0.10884168127004
0.713194444444444,-0.115094557490632
0.714583333333333,-0.102817245692464
0.715972222222222,-0.107464805910854
0.717361111111111,-0.0995443153835614
0.71875,-0.131330402041402
0.720138888888889,-0.137034614184003
0.721527777777778,-0.15431757430054
0.722916666666667,-0.144236441807036
0.724305555555556,-0.112864261750778
0.725694444444444,-0.129691485303091
0.727083333333333,-0.164093840806014
0.728472222222222,-0.159242310620387
0.729861111111111,-0.158006429085228
0.73125,-0.134157849813145
0.732638888888889,-0.085698390014029
0.734027777777778,-0.119411432432362
0.735416666666667,-0.121914510958264
0.736805555555556,-0.123130579890581
0.738194444444444,-0.162595763415265
0.739583333333333,-0.112453944355168
0.740972222222222,-0.0870210824105361
0.742361111111111,-0.097436263963646
0.74375,-0.0975813713073278
0.745138888888889,-0.0918056649457578
0.746527777777778,-0.110892177604844
0.747916666666667,-0.0841099797977557
0.749305555555556,-0.0908353547636713
0.750694444444444,-0.0527798205437483
0.752083333333333,-0.0682493256183148
0.753472222222222,-0.0873390559499902
0.754861111111111,-0.130349932427562
0.75625,-0.130645449717194
0.757638888888889,-0.12635325086138
0.759027777777778,-0.129857700804594
0.760416666666667,-0.153366987738845
0.761805555555556,-0.131626580567496
0.763194444444444,-0.135346440672588
0.764583333333333,-0.131878335309021
0.765972222222222,-0.131046253197751
0.767361111111111,-0.119889058236336
0.76875,-0.15604751174858
0.770138888888889,-0.16383156746717
0.771527777777778,-0.166728149934045
0.772916666666667,-0.154614197647679
0.774305555555556,-0.136653208959523
0.775694444444444,-0.143264862008096
0.777083333333333,-0.134648738695695
0.778472222222222,-0.124754695907407
0.779861111111111,-0.112087413405966
0.78125,-0.131188029483066
0.782638888888889,-0.135783129520096
0.784027777777778,-0.112837966594947
0.785416666666667,-0.0972603751714066
0.786805555555556,-0.113075629502074
0.788194444444444,-0.0970479998348343
0.789583333333333,-0.120601133003459
0.790972222222222,-0.131580721447102
0.792361111111111,-0.13560099257346
0.79375,-0.11935607453617
0.795138888888889,-0.10944434988728
0.796527777777778,-0.117565153157178
0.797916666666667,-0.114833032322378
0.799305555555556,-0.113196581206936
0.800694444444444,-0.108046564858815
0.802083333333333,-0.118918281994136
0.803472222222222,-0.112921197161699
0.804861111111111,-0.123226165091162
0.80625,-0.1279591102183
0.807638888888889,-0.113442543152431
0.809027777777778,-0.109895627492938
0.810416666666667,-0.0874672037746681
0.811805555555556,-0.0887447989842123
0.813194444444444,-0.0646507892902405
0.814583333333333,-0.0675094083889737
0.815972222222222,-0.0450158994411491
0.817361111111111,-0.0435729874696435
0.81875,-0.0391908110121317
0.820138888888889,-0.0425530716224961
0.821527777777778,-0.0787221226160585
0.822916666666667,-0.0879760410843392
0.824305555555556,-0.0938885647775237
0.825694444444444,-0.0219074529113383
0.827083333333333,-0.00157486044303071
0.828472222222222,-0.036975392202717
0.829861111111111,-0.0714207456854158
0.83125,-0.0899660542108989
0.832638888888889,-0.100268592952269
0.834027777777778,-0.123267201385362
0.835416666666667,-0.119006925094448
0.836805555555556,-0.12638505680533
0.838194444444444,-0.131935413657028
0.839583333333333,-0.0753802895637719
0.840972222222222,-0.0837929208810797
0.842361111111111,-0.0908138218487509
0.84375,-0.107554247051304
0.845138888888889,-0.130340613146214
0.846527777777778,-0.139853394619443
0.847916666666667,-0.119363531835602
0.849305555555556,-0.113819212697382
0.850694444444444,-0.0871228269292775
0.852083333333333,-0.0595218265132507
0.853472222222222,-0.0591465868582985
0.854861111111111,-0.0645827464533858
0.85625,-0.0677587363354158
0.857638888888889,-0.0582259804787499
0.859027777777778,-0.0713711989301992
0.860416666666667,-0.0718230124396605
0.861805555555556,-0.100294184834427
0.863194444444444,-0.0604799192925484
0.864583333333333,-0.0840640321474966
0.865972222222222,-0.0998881429621142
0.867361111111111,-0.0923555424141957
0.86875,-0.0596354865185019
0.870138888888889,-0.0640929281986322
0.871527777777778,-0.0449817050124369
0.872916666666667,-0.105280494876234
0.874305555555556,-0.122043122485065
0.875694444444444,-0.0918748612973885
0.877083333333333,-0.0957323053035402
0.878472222222222,-0.110804691971741
0.879861111111111,-0.121326950180079
0.88125,-0.0861394641831795
0.882638888888889,-0.0895942368682152
0.884027777777778,-0.0883991733565164
0.885416666666667,-0.112738750287826
0.886805555555556,-0.0922750027949036
0.888194444444444,-0.108201652899777
0.889583333333333,-0.131460778023138
0.890972222222222,-0.137166991817644
0.892361111111111,-0.140025089169648
0.89375,-0.138656757151582
0.895138888888889,-0.120627553412642
0.896527777777778,-0.127812062338781
0.897916666666667,-0.139517473325601
0.899305555555556,-0.157547594296953
0.900694444444444,-0.157610975750386
0.902083333333333,-0.142313807151862
0.903472222222222,-0.15626566899534
0.904861111111111,-0.136110161495607
0.90625,-0.134006417602377
0.907638888888889,-0.135166864342225
0.909027777777778,-0.137776156044193
0.910416666666667,-0.109144712482463
0.911805555555556,-0.0817062192347497
0.913194444444444,-0.0832618959052813
0.914583333333333,-0.0556742485192352
0.915972222222222,-0.0607824229604225
0.917361111111111,-0.00346179137791068
0.91875,-0.0234418658742741
0.920138888888889,-0.0394886871564529
0.921527777777778,-0.0540305190842804
0.922916666666667,-0.0388492234524148
0.924305555555556,-0.0341777786967382
0.925694444444444,-0.0380367887173672
0.927083333333333,-0.0407722492385711
0.928472222222222,-0.0365283652159859
0.929861111111111,-0.0266850375241866
0.93125,-0.0107679363458693
0.932638888888889,-0.0403899990228277
0.934027777777778,-0.0647416385096365
0.935416666666667,-0.0213171161380063
0.936805555555556,-0.00232215350885662
0.938194444444444,-0.000554079552784297
0.939583333333333,-0.0244680040685681
0.940972222222222,-0.0128321090648505
0.942361111111111,0.0289291383346445
0.94375,0.0213504580033253
0.945138888888889,0.0421314236159976
0.946527777777778,0.0365460037175405
0.947916666666667,0.000110687589409795
0.949305555555556,0.0361596233415565
0.950694444444444,0.0479602818025911
0.952083333333333,0.0807294527917615
0.953472222222222,0.0719201531231154
0.954861111111111,0.0466493693802608
0.95625,0.00470123374431762
0.957638888888889,0.0495596739557206
0.959027777777778,0.0699863804276663
0.960416666666667,0.0417896864016413
0.961805555555556,0.0336631042168034
0.963194444444444,0.0296073324933739
0.964583333333333,0.0247327513872933
0.965972222222222,0.0237011028838646
0.967361111111111,0.0239062697843435
0.96875,0.0173209002043534
0.970138888888889,0.0306702726213202
0.971527777777778,0.0096820595565898
0.972916666666667,0.00391357738922731
0.974305555555556,0.0155936557679685
0.975694444444444,-0.0155303839996009
0.977083333333333,0.038264595225891
0.978472222222222,0.00586796274127238
0.979861111111111,-0.0111536365822022
0.98125,0.0240845816641297
0.982638888888889,-0.0120936847722107
0.984027777777778,0.0163402814294244
0.985416666666667,0.0533920826925595
0.986805555555556,0.0614014709850824
0.988194444444444,0.0303189313927857
0.989583333333333,0.0165224175627592
0.990972222222222,-0.00485861890227991
0.992361111111111,-0.0436738738861017
0.99375,-0.048902576806888
0.995138888888889,-0.0489870033299681
0.996527777777778,0.0290744873236908
0.997916666666667,0.0839716142358597
0.999305555555556,0.058599345379155
1.00069444444444,0.0156243747004046
1.00208333333333,0.000996254738393529
1.00347222222222,0.0290617923521057
1.00486111111111,0.00314313058194305
1.00625,0.0230141684396894
1.00763888888889,0.0363519160999441
1.00902777777778,-0.00133933325653182
1.01041666666667,-0.026763471890019
1.01180555555556,-0.0200368169889558
1.01319444444444,0.0108372405229654
1.01458333333333,0.0266722360755815
1.01597222222222,0.00574196128673179
1.01736111111111,0.008413113839517
1.01875,0.0157711082334478
1.02013888888889,-0.000224012258790103
1.02152777777778,0.0224843462265712
1.02291666666667,0.00868807026824718
1.02430555555556,0.0241261703610758
1.02569444444444,0.0190917435283804
1.02708333333333,0.0306329313839563
1.02847222222222,-0.00303299333258404
1.02986111111111,-0.0277237567021519
1.03125,-0.00851733923558326
1.03263888888889,0.00621012781509351
1.03402777777778,0.0446976590095393
1.03541666666667,0.0462302511616497
1.03680555555556,0.030719565287022
1.03819444444444,0.0779928147363257
1.03958333333333,0.0726331326529294
1.04097222222222,0.0949855375278565
1.04236111111111,0.116194860425368
1.04375,0.103269599717659
1.04513888888889,0.109350125135898
1.04652777777778,0.0517221222818378
1.04791666666667,0.0448620750826011
1.04930555555556,0.00793895786291705
1.05069444444444,0.0327859818026035
1.05208333333333,0.0253237123283704
1.05347222222222,0.0327385314125735
1.05486111111111,0.0306620995447175
1.05625,0.047660587999109
1.05763888888889,0.0560763287065002
1.05902777777778,0.0823043315051955
1.06041666666667,0.0687404817328067
1.06180555555556,0.0532493687870393
1.06319444444444,0.0347690633271273
1.06458333333333,0.0133925900233827
1.06597222222222,0.0338849962789496
1.06736111111111,0.0699906535974489
1.06875,0.0480174809651715
1.07013888888889,0.0730806069081357
1.07152777777778,0.0737092712388872
1.07291666666667,0.0654826963282081
1.07430555555556,0.0706436451745828
1.07569444444444,0.0973521757718991
1.07708333333333,0.0972050578283355
1.07847222222222,0.0998677799591052
1.07986111111111,0.118467188666272
1.08125,0.0623449992230029
1.08263888888889,0.0209581231940051
1.08402777777778,0.02851510348017
1.08541666666667,0.0783916247485782
1.08680555555556,0.105749791663801
1.08819444444444,0.0841649934277699
1.08958333333333,0.0454341421718388
1.09097222222222,0.0192148739421052
1.09236111111111,0.0334736939924082
1.09375,0.0298332747701907
1.09513888888889,0.0626450662897814
1.09652777777778,0.0582342923830322
1.09791666666667,0.0493677809129641
1.09930555555556,0.0504764220192783
1.10069444444444,0.0442226833374661
1.10208333333333,0.0624072806823465
1.10347222222222,0.057885415677474
1.10486111111111,-0.00206444194182151
1.10625,0.0360082328883493
1.10763888888889,-0.0073620743029147
1.10902777777778,-0.0129746044272736
1.11041666666667,0.0297190958431315
1.11180555555556,0.0279981149154963
1.11319444444444,0.0530171006512419
1.11458333333333,0.0288576713635568
1.11597222222222,0.0401279573099924
1.11736111111111,0.0529814457339493
1.11875,0.0633772641042138
1.12013888888889,0.0658531333536443
1.12152777777778,0.00842554457311729
1.12291666666667,0.0594965822795075
1.12430555555556,0.066871028974573
1.12569444444444,0.0337073288290485
1.12708333333333,0.0391195006053169
1.12847222222222,0.0691205114320163
1.12986111111111,0.0764330413371198
1.13125,0.0957932134865099
1.13263888888889,0.0874376923387517
1.13402777777778,0.0922046868421723
1.13541666666667,0.0543948683072021
1.13680555555556,0.0220380439903677
1.13819444444444,0.0010989633879033
1.13958333333333,-0.0555247085823847
1.14097222222222,-0.0114769974679285
1.14236111111111,0.0209869494613954
1.14375,-0.00247653669708297
1.14513888888889,0.0252946308952685
1.14652777777778,0.0242038767431129
1.14791666666667,0.0629058108186969
1.14930555555556,0.0187416165590377
1.15069444444444,-0.011256092431857
1.15208333333333,-0.00533619472055639
1.15347222222222,0.0285675735797028
1.15486111111111,0.0455779887037544
1.15625,0.0378736471033387
1.15763888888889,0.0566940987979926
1.15902777777778,0.00433642237824751
1.16041666666667,-0.0121536537712727
1.16180555555556,-0.0013070149670328
1.16319444444444,-0.0423763560381583
1.16458333333333,0.0312090666954657
1.16597222222222,0.0321033855958074
1.16736111111111,-0.0107746942067921
1.16875,0.0110580595448482
1.17013888888889,0.0193251924431876
1.17152777777778,0.0118649486534408
1.17291666666667,-0.0163161070400338
1.17430555555556,-0.0103578268544104
1.17569444444444,-0.0202964460198268
1.17708333333333,-0.0251868465128025
1.17847222222222,-0.0321594047101298
1.17986111111111,-0.0363564969036504
1.18125,-0.0428152393762399
1.18263888888889,-0.0362783723548088
1.18402777777778,-0.0301814061130118
1.18541666666667,-0.0524953190639788
1.18680555555556,-0.0204005472823007
1.18819444444444,-0.0327763264573157
1.18958333333333,0.0328971370057408
1.19097222222222,0.0512702970805724
1.19236111111111,0.0395859927388376
1.19375,0.012794729471571
1.19513888888889,0.0030874043160968
1.19652777777778,0.00490231626735034
1.19791666666667,0.0271941223584168
1.19930555555556,0.0331610481153387
1.20069444444444,0.0442117016317863
1.20208333333333,0.0650193521810113
1.20347222222222,0.080782856354819
1.20486111111111,0.090374537298473
1.20625,0.0627961880464528
1.20763888888889,0.0186366157545594
1.20902777777778,0.030996454599249
1.21041666666667,0.0567176446024594
1.21180555555556,0.0455283095468373
1.21319444444444,0.0297770206560891
1.21458333333333,-0.00195349841837672
1.21597222222222,0.015566710618093
1.21736111111111,0.0198771809044321
1.21875,0.0537736999710197
1.22013888888889,0.0572769959931447
1.22152777777778,0.0432284899926322
1.22291666666667,0.00964044712562838
1.22430555555556,0.0138723748133577
1.22569444444444,0.0316286676147285
1.22708333333333,0.057965965423383
1.22847222222222,0.0290100542882078
1.22986111111111,0.0568433841939268
1.23125,0.0699294551327504
1.23263888888889,0.0517323041968733
1.23402777777778,0.0852207910639214
1.23541666666667,0.117997464834985
1.23680555555556,0.0720064722017057
1.23819444444444,0.0728215510568306
1.23958333333333,0.0458907733533447
1.24097222222222,-0.0219531432639943
1.24236111111111,-0.0135153853034331
1.24375,0.01564575449995
1.24513888888889,0.0231976167431241
1.24652777777778,0.0346054528630812
1.24791666666667,0.0582482338530399
1.24930555555556,0.080837953649107
1.25069444444444,0.071742321966388
1.25208333333333,0.0784459379042691
1.25347222222222,-0.0145714046989756
1.25486111111111,-0.00851478333014275
1.25625,0.0277090387634593
1.25763888888889,0.0299280512504275
1.25902777777778,0.0351657430515767
1.26041666666667,0.0044610196159482
1.26180555555556,-0.0471531460491212
1.26319444444444,-0.0063634840456719
1.26458333333333,-0.0143841716497988
1.26597222222222,-0.0284567733218297
1.26736111111111,0.0313341803569924
1.26875,0.0343423420378509
1.27013888888889,0.00108923391342342
1.27152777777778,-0.0112320491378638
1.27291666666667,8.23484478820496e-07
1.27430555555556,0.0147558085787895
1.27569444444444,0.0065656290499938
1.27708333333333,0.00946653776205
1.27847222222222,0.0301626514182151
1.27986111111111,-0.0292624965328734
1.28125,-0.0121778571972047
1.28263888888889,0.0160832601949091
1.28402777777778,-0.0124355742553154
1.28541666666667,-0.0420833344292835
1.28680555555556,-0.0460834314849529
1.28819444444444,-0.0291121151672673
1.28958333333333,0.0165785617110086
1.29097222222222,0.0372164229415285
1.29236111111111,0.0553315591259887
1.29375,0.0762645496619947
1.29513888888889,0.037942131286658
1.29652777777778,0.00435831550899889
1.29791666666667,0.0141590793834316
1.29930555555556,-0.0330895784660339
1.30069444444444,0.0402290615558444
1.30208333333333,0.0583276560733841
1.30347222222222,0.0269464358170429
1.30486111111111,0.0287821380284352
1.30625,0.0435013211496135
1.30763888888889,0.0407919929524832
1.30902777777778,0.0546371437343648
1.31041666666667,0.0520173115277252
1.31180555555556,0.0496998025328833
1.31319444444444,0.0213260337241981
1.31458333333333,0.0403863298077828
1.31597222222222,0.0225442766774799
1.31736111111111,0.00545859343887204
1.31875,0.00911915798458039
1.32013888888889,0.0426382348897891
1.32152777777778,0.0419174523322677
1.32291666666667,0.0375471478422903
1.32430555555556,0.0220933265430409
1.32569444444444,0.029788681633787
1.32708333333333,0.0166111561290228
1.32847222222222,0.0138766790041823
1.32986111111111,-0.00839210419172026
1.33125,0.035423336657467
1.33263888888889,0.0227655953872121
1.33402777777778,0.00430135118956244
1.33541666666667,0.0258639579835535
1.33680555555556,0.0392144656938275
1.33819444444444,0.00843859704699036
1.33958333333333,-0.0499411035824086
1.34097222222222,-0.0714539832522765
1.34236111111111,0.0064448728758253
1.34375,-0.00504161496578869
1.34513888888889,-0.00561603905530938
1.34652777777778,-0.049578582475071
1.34791666666667,-0.00942569438933267
1.34930555555556,-0.0396906475332664
1.35069444444444,-0.055272999439367
1.35208333333333,-0.0292833932412899
1.35347222222222,-0.0288436050057916
1.35486111111111,0.0112435987938494
1.35625,0.028426575002315
1.35763888888889,0.0288818905912464
1.35902777777778,-0.00118893634157561
1.36041666666667,0.0319420250800041
1.36180555555556,0.0526073318966902
1.36319444444444,0.0686829660977031
1.36458333333333,0.0169819333117654
1.36597222222222,0.103813387862601
1.36736111111111,0.0302208031992714
1.36875,0.000232925498516768
1.37013888888889,0.0859933000782079
1.37152777777778,0.143119033544044
1.37291666666667,0.11529510222779
1.37430555555556,0.106513225852921
1.37569444444444,0.10069124101781
1.37708333333333,0.116445854311388
1.37847222222222,0.0845486234818538
1.37986111111111,0.0216256387618989
1.38125,0.0504286751204256
1.38263888888889,0.0700740766295476
1.38402777777778,0.145083208765169
1.38541666666667,0.15156838041275
1.38680555555556,0.169687186863054
1.38819444444444,0.155586018064011
1.38958333333333,0.120052586942582
1.39097222222222,0.157941871267833
1.39236111111111,0.213068948840501
1.39375,0.14741635674516
1.39513888888889,0.127944514068718
1.39652777777778,0.144857547072428
1.39791666666667,0.15480173254473
1.39930555555556,0.178634077255014
1.40069444444444,0.222680288746903
1.40208333333333,0.252829536892469
1.40347222222222,0.229617044567768
1.40486111111111,0.153271241894364
1.40625,0.144286646559838
1.40763888888889,0.113105978132898
1.40902777777778,0.10201783994587
1.41041666666667,0.0708458446048933
1.41180555555556,0.153267027377269
1.41319444444444,0.170838435744053
1.41458333333333,0.113003879252227
1.41597222222222,0.0855998098747153
1.41736111111111,0.119516579080511
1.41875,0.163839191805527
1.42013888888889,0.181212858273247
1.42152777777778,0.205488540618875
1.42291666666667,0.10843197051251
1.42430555555556,0.0773191835060854
1.42569444444444,0.109994107720765
1.42708333333333,0.208093637274131
1.42847222222222,0.220297429185442
1.42986111111111,0.187569927752321
1.43125,0.186280992073826
1.43263888888889,0.193257989135499
1.43402777777778,0.22321204710048
1.43541666666667,0.217388320106603
1.43680555555556,0.207505869568162
1.43819444444444,0.151004715975288
1.43958333333333,0.173646787140421
1.44097222222222,0.225373667440352
1.44236111111111,0.171142750007528
1.44375,0.113150772514886
1.44513888888889,0.159563072983226
1.44652777777778,0.184996056739547
1.44791666666667,0.235915219761189
1.44930555555556,0.17993035915891
1.45069444444444,0.10987313297946
1.45208333333333,0.0748278420910291
1.45347222222222,0.106498722664661
1.45486111111111,0.147105071511853
1.45625,0.191275652259007
1.45763888888889,0.171399118385423
1.45902777777778,0.217276660096068
1.46041666666667,0.281103347189801
1.46180555555556,0.233352831014441
1.46319444444444,0.214760966065045
1.46458333333333,0.201834648420348
1.46597222222222,0.138332698838051
1.46736111111111,0.12336733997517
1.46875,0.209464823279683
1.47013888888889,0.206820829089455
1.47152777777778,0.171430126885814
1.47291666666667,0.200561841763218
1.47430555555556,0.145463391693982
1.47569444444444,0.14646890813432
1.47708333333333,0.187099310431601
1.47847222222222,0.195041777837768
1.47986111111111,0.177079975459662
1.48125,0.123355397406451
1.48263888888889,0.140214781503802
1.48402777777778,0.149070500596078
1.48541666666667,0.164304624548843
1.48680555555556,0.151393087658869
1.48819444444444,0.1630591967542
1.48958333333333,0.110667419353913
1.49097222222222,0.097756649584737
1.49236111111111,0.12584297066177
1.49375,0.180925617342255
1.49513888888889,0.139735796545751
1.49652777777778,0.20273699897911
1.49791666666667,0.151527594856331
1.49930555555556,0.238238183298322
1.50069444444444,0.273716208850853
1.50208333333333,0.241222083193986
1.50347222222222,0.218162222847304
1.50486111111111,0.233304176245035
1.50625,0.26495190090533
1.50763888888889,0.205066783503751
1.50902777777778,0.221249875456391
1.51041666666667,0.184367143271627
1.51180555555556,0.160513206187662
1.51319444444444,0.18207546116211
1.51458333333333,0.257621605892706
1.51597222222222,0.28802788974245
1.51736111111111,0.228112587391426
1.51875,0.245687365289807
1.52013888888889,0.270677735644016
1.52152777777778,0.273118657610417
1.52291666666667,0.268091462024999
1.52430555555556,0.228765242058138
1.52569444444444,0.217279446567106
1.52708333333333,0.219367072415273
1.52847222222222,0.2443724282402
1.52986111111111,0.268120214433592
1.53125,0.16917951368477
1.53263888888889,0.217394240662495
1.53402777777778,0.262258919177942
1.53541666666667,0.272304397537098
1.53680555555556,0.271425319462007
1.53819444444444,0.221456504116369
1.53958333333333,0.236236574975997
1.54097222222222,0.259357809944042
1.54236111111111,0.273076980393324
1.54375,0.270081352436004
1.54513888888889,0.295504802746106
1.54652777777778,0.239241906233157
1.54791666666667,0.264869950581503
1.54930555555556,0.307526850688979
1.55069444444444,0.262466697929328
1.55208333333333,0.23591782920528
1.55347222222222,0.234062695430269
1.55486111111111,0.264896571430895
1.55625,0.300688301917051
1.55763888888889,0.234774395141365
1.55902777777778,0.223264670099254
1.56041666666667,0.251541790148969
1.56180555555556,0.224242915108176
1.56319444444444,0.184426104566034
1.56458333333333,0.174223873218141
1.56597222222222,0.245442802653576
1.56736111111111,0.2445395095721
1.56875,0.23015299284515
1.57013888888889,0.280076744017655
1.57152777777778,0.270044699980844
1.57291666666667,0.260520511407002
1.57430555555556,0.240471531863689
1.57569444444444,0.240188381205576
1.57708333333333,0.249418048267948
1.57847222222222,0.236525335536415
1.57986111111111,0.228068560087889
1.58125,0.229048871313512
1.58263888888889,0.222772876558029
1.58402777777778,0.252302213959003
1.58541666666667,0.273124305004753
1.58680555555556,0.277605962911625
1.58819444444444,0.222925637677159
1.58958333333333,0.230082206457267
1.59097222222222,0.262153162553285
1.59236111111111,0.352842255558533
1.59375,0.412765200839585
1.59513888888889,0.307669235404404
1.59652777777778,0.310134097596163
1.59791666666667,0.289562828571596
1.59930555555556,0.328964338924118
1.60069444444444,0.333696217538823
1.60208333333333,0.29789952082842
1.60347222222222,0.336331412043875
1.60486111111111,0.300161361469945
1.60625,0.348559406224304
1.60763888888889,0.42071841279592
1.60902777777778,0.367707755543611
1.61041666666667,0.262889327720665
1.61180555555556,0.314552256769795
1.61319444444444,0.269909374235433
1.61458333333333,0.228099326766112
1.61597222222222,0.269134928494316
1.61736111111111,0.303749835769852
1.61875,0.276849302922834
1.62013888888889,0.324348029046376
1.62152777777778,0.287665795187444
1.62291666666667,0.267073004714085
1.62430555555556,0.329345717591475
1.62569444444444,0.344757856178659
1.62708333333333,0.39551368549542
1.62847222222222,0.347711963428043
1.62986111111111,0.30284554743742
1.63125,0.352404139117005
1.63263888888889,0.360855434709579
1.63402777777778,0.392177298783158
1.63541666666667,0.416686882159486
1.63680555555556,0.414226457184589
1.63819444444444,0.338409651791686
1.63958333333333,0.305589463036781
1.64097222222222,0.284628087921959
1.64236111111111,0.302188090488212
1.64375,0.342985904516705
1.64513888888889,0.247940903534597
1.64652777777778,0.275363330385067
1.64791666666667,0.306433230954164
1.64930555555556,0.328118733894745
1.65069444444444,0.293740177096023
1.65208333333333,0.247755925938547
1.65347222222222,0.287061720162973
1.65486111111111,0.356001606520768
1.65625,0.354310837895242
1.65763888888889,0.286557102902674
1.65902777777778,0.290861096728841
1.66041666666667,0.315896044423954
1.66180555555556,0.325993003357844
1.66319444444444,0.379806225857457
1.66458333333333,0.364338427377359
1.66597222222222,0.327303136043874
1.66736111111111,0.280957100598789
1.66875,0.331353989549073
1.67013888888889,0.282066846199941
1.67152777777778,0.379326555807961
1.67291666666667,0.343760646339414
1.67430555555556,0.428323116799454
1.67569444444444,0.421081605240671
1.67708333333333,0.362680088070817
1.67847222222222,0.358080748559467
1.67986111111111,0.4267475412079
1.68125,0.383630652327388
1.68263888888889,0.404037022623591
1.68402777777778,0.459068606921305
1.68541666666667,0.432866263271233
1.68680555555556,0.515564978535219
1.68819444444444,0.521524355463058
1.68958333333333,0.478414402591616
1.69097222222222,0.413313036638951
1.69236111111111,0.467122585866744
1.69375,0.525654383338776
1.69513888888889,0.498576725747371
1.69652777777778,0.510148231998335
1.69791666666667,0.47445333610082
1.69930555555556,0.486572718467547
1.70069444444444,0.430020270003436
1.70208333333333,0.420124058947424
1.70347222222222,0.48447416177226
1.70486111111111,0.491232923859469
1.70625,0.49436840065667
1.70763888888889,0.478733765548979
1.70902777777778,0.494567825665416
1.71041666666667,0.437347167921735
1.71180555555556,0.445150309259622
1.71319444444444,0.359822014688515
1.71458333333333,0.486795281218915
1.71597222222222,0.47070263894691
1.71736111111111,0.493371922694131
1.71875,0.457081323413608
1.72013888888889,0.451481703469957
1.72152777777778,0.479151932307771
1.72291666666667,0.475209069046457
1.72430555555556,0.445536957333838
1.72569444444444,0.471598288178739
1.72708333333333,0.443658627922403
1.72847222222222,0.434150652288338
1.72986111111111,0.445645438058361
1.73125,0.471378413877877
1.73263888888889,0.510477432672971
1.73402777777778,0.426400633245766
1.73541666666667,0.444727171388913
1.73680555555556,0.484930256275773
1.73819444444444,0.479287026801533
1.73958333333333,0.469347377159331
1.74097222222222,0.449351659865549
1.74236111111111,0.451396286710506
1.74375,0.453729104012274
1.74513888888889,0.444765627349556
1.74652777777778,0.439311423142128
1.74791666666667,0.403051290474742
1.74930555555556,0.438762699280053
1.75069444444444,0.443054127319934
1.75208333333333,0.390053624434584
1.75347222222222,0.439304108687373
1.75486111111111,0.431218866370426
1.75625,0.458348635258747
1.75763888888889,0.486718471045612
1.75902777777778,0.414211517093917
1.76041666666667,0.412303999231602
1.76180555555556,0.377553716565508
1.76319444444444,0.393072061510604
1.76458333333333,0.388268317811929
1.76597222222222,0.369710121148372
1.76736111111111,0.28539659123811
1.76875,0.357017381889349
1.77013888888889,0.400390754989327
1.77152777777778,0.351181146904293
1.77291666666667,0.400162493214481
1.77430555555556,0.43199023011175
1.77569444444444,0.361197636414902
1.77708333333333,0.439911392213953
1.77847222222222,0.402171695899634
1.77986111111111,0.439825388789344
1.78125,0.430819136037813
1.78263888888889,0.423786485858552
1.78402777777778,0.414716255477369
1.78541666666667,0.445524487515279
1.78680555555556,0.435736115469318
1.78819444444444,0.390381448091065
1.78958333333333,0.405207513735407
1.79097222222222,0.378069325173066
1.79236111111111,0.339023154156151
1.79375,0.382165724392806
1.79513888888889,0.34573300578661
1.79652777777778,0.302855010362808
1.79791666666667,0.375276297670182
1.79930555555556,0.3718814631822
1.80069444444444,0.336441287322252
1.80208333333333,0.451875430543063
1.80347222222222,0.434866586603862
1.80486111111111,0.462931541067727
1.80625,0.47349660712865
1.80763888888889,0.504039140785447
1.80902777777778,0.430656381144687
1.81041666666667,0.435408632276232
1.81180555555556,0.394931234567776
1.81319444444444,0.411195696859511
1.81458333333333,0.394356052479874
1.81597222222222,0.472435184163978
1.81736111111111,0.417466239533859
1.81875,0.536462632805002
1.82013888888889,0.532989807708672
1.82152777777778,0.508276331145858
1.82291666666667,0.468172599584366
1.82430555555556,0.561979507847025
1.82569444444444,0.584001767442708
1.82708333333333,0.593158037411127
1.82847222222222,0.542653253723546
1.82986111111111,0.501739866627939
1.83125,0.534610390277967
1.83263888888889,0.517751493817204
1.83402777777778,0.520068170769621
1.83541666666667,0.513224166593795
1.83680555555556,0.513826138022103
1.83819444444444,0.557799368877781
1.83958333333333,0.552232653713215
1.84097222222222,0.551065407899532
1.84236111111111,0.557743520209375
1.84375,0.48026788871039
1.84513888888889,0.513817786011849
1.84652777777778,0.545733418138966
1.84791666666667,0.559012278623979
1.84930555555556,0.633694367682685
1.85069444444444,0.658065456018248
1.85208333333333,0.639430658753338
1.85347222222222,0.5897829709375
1.85486111111111,0.582049130692936
1.85625,0.619638344948917
1.85763888888889,0.631105544044635
1.85902777777778,0.607750558548679
1.86041666666667,0.572933609649291
1.86180555555556,0.58762647994983
1.86319444444444,0.549846341338611
1.86458333333333,0.576690352656448
1.86597222222222,0.614161625536012
1.86736111111111,0.57749787416312
1.86875,0.60629269982188
1.87013888888889,0.582739420870276
1.87152777777778,0.507278418760735
1.87291666666667,0.556989937060165
1.87430555555556,0.570633438924352
1.87569444444444,0.567328647260132
1.87708333333333,0.552605456003348
1.87847222222222,0.49538308597541
1.87986111111111,0.521245480138125
1.88125,0.476248817359757
1.88263888888889,0.532647341021588
1.88402777777778,0.55946466522584
1.88541666666667,0.583021548466394
1.88680555555556,0.545372500657047
1.88819444444444,0.5474996699266
1.88958333333333,0.511905326022481
1.89097222222222,0.520336766559796
1.89236111111111,0.568807661603261
1.89375,0.600473913165255
1.89513888888889,0.623494355378652
1.89652777777778,0.575145561080615
1.89791666666667,0.542672350140599
1.89930555555556,0.510586756208168
1.90069444444444,0.586828959688521
1.90208333333333,0.630763688742663
1.90347222222222,0.57679244582177
1.90486111111111,0.560156104797885
1.90625,0.64051211232946
1.90763888888889,0.684719449232016
1.90902777777778,0.629902181027645
1.91041666666667,0.643272760889152
1.91180555555556,0.598294313179167
1.91319444444444,0.678461531885356
1.91458333333333,0.649225893923186
1.91597222222222,0.587762063194173
1.91736111111111,0.593112286250097
1.91875,0.539621864637662
1.92013888888889,0.493375939259224
1.92152777777778,0.500957398088014
1.92291666666667,0.58714742725155
1.92430555555556,0.602965301742415
1.92569444444444,0.563528610812942
1.92708333333333,0.547745524798791
1.92847222222222,0.531012840387832
1.92986111111111,0.52818515444109
1.93125,0.535887496139803
1.93263888888889,0.57636851749847
1.93402777777778,0.576218709036983
1.93541666666667,0.563338683769136
1.93680555555556,0.554805396561327
1.93819444444444,0.60635384408038
1.93958333333333,0.604113244479461
1.94097222222222,0.547461690836006
1.94236111111111,0.540594254544828
1.94375,0.505417161154992
1.94513888888889,0.559941633457931
1.94652777777778,0.552749310896724
1.94791666666667,0.573281893211239
1.94930555555556,0.517262075053672
1.95069444444444,0.506090757983844
1.95208333333333,0.421989770107767
1.95347222222222,0.492524691860894
1.95486111111111,0.501915933809729
1.95625,0.494079469620309
1.95763888888889,0.403499396858557
1.95902777777778,0.43086843607907
1.96041666666667,0.541347395660817
1.96180555555556,0.590910980894768
1.96319444444444,0.566008312236195
1.96458333333333,0.460651904458852
1.96597222222222,0.495491577078606
1.96736111111111,0.592089216830276
1.96875,0.571277024087465
1.97013888888889,0.567171684391941
1.97152777777778,0.572620843435466
1.97291666666667,0.47852721421524
1.97430555555556,0.504566982930084
1.97569444444444,0.546012166341108
1.97708333333333,0.521140217130142
1.97847222222222,0.500622741213406
1.97986111111111,0.531104554619788
1.98125,0.52412708345227
1.98263888888889,0.576710577949395
1.98402777777778,0.549976839736577
1.98541666666667,0.546535204328606
1.98680555555556,0.526010499388878
1.98819444444444,0.466718098164179
1.98958333333333,0.464462879004562
1.99097222222222,0.514281708525709
1.99236111111111,0.573576427264717
1.99375,0.57730068865766
1.99513888888889,0.553163850080498
1.99652777777778,0.531190031107122
1.99791666666667,0.508095724919663
1.99930555555556,0.447799260236091
2.00069444444444,0.482984315835429
2.00208333333333,0.542562188686141
2.00347222222222,0.541179877744728
2.00486111111111,0.585807873933258
2.00625,0.619341158220937
2.00763888888889,0.680635536786753
2.00902777777778,0.587955931573029
2.01041666666667,0.650935613974156
2.01180555555556,0.634193663769763
2.01319444444444,0.645633294491956
2.01458333333333,0.67846224307198
2.01597222222222,0.739354204352769
2.01736111111111,0.669385797955454
2.01875,0.621180084292929
2.02013888888889,0.659779424950567
2.02152777777778,0.623788682267778
2.02291666666667,0.639018308145808
2.02430555555556,0.687491220821143
2.02569444444444,0.66694621120013
2.02708333333333,0.582987085620458
2.02847222222222,0.635422872663916
2.02986111111111,0.629562233526341
2.03125,0.642339180278866
2.03263888888889,0.635012445544838
2.03402777777778,0.60651632054602
2.03541666666667,0.609459593836119
2.03680555555556,0.671794668942099
2.03819444444444,0.625842039434906
2.03958333333333,0.608021865092843
2.04097222222222,0.60744039398028
2.04236111111111,0.621682046733939
2.04375,0.566827542859275
2.04513888888889,0.592119908152763
2.04652777777778,0.58446233224644
2.04791666666667,0.609809875976104
2.04930555555556,0.631806346991085
2.05069444444444,0.627940898444521
2.05208333333333,0.535599657383671
2.05347222222222,0.566888579145691
2.05486111111111,0.530473440042546
2.05625,0.482787395989166
2.05763888888889,0.596148526896854
2.05902777777778,0.468153375357966
2.06041666666667,0.474652562081426
2.06180555555556,0.549872918611996
2.06319444444444,0.483635282899176
2.06458333333333,0.484220449409785
2.06597222222222,0.468707492800867
2.06736111111111,0.452893400179623
2.06875,0.488232205210374
2.07013888888889,0.548898984483338
2.07152777777778,0.542714451154437
2.07291666666667,0.484745148543163
2.07430555555556,0.558137956197346
2.07569444444444,0.564704523858758
2.07708333333333,0.542204455798433
2.07847222222222,0.527558166708916
2.07986111111111,0.518745013718184
2.08125,0.529331111207641
2.08263888888889,0.565619186645815
2.08402777777778,0.473730380368644
2.08541666666667,0.491340111255039
2.08680555555556,0.423492628521815
2.08819444444444,0.475746611084843
2.08958333333333,0.437864729915209
2.09097222222222,0.476290160439699
2.09236111111111,0.528804054545848
2.09375,0.498124401592031
2.09513888888889,0.484449678791025
2.09652777777778,0.488432677087975
2.09791666666667,0.481403828756075
2.09930555555556,0.468291082782055
2.10069444444444,0.443701887933364
2.10208333333333,0.453160050360612
2.10347222222222,0.485957203590534
2.10486111111111,0.40765284635833
2.10625,0.416315297953942
2.10763888888889,0.43335401424502
2.10902777777778,0.494938550579941
2.11041666666667,0.438439216798553
2.11180555555556,0.353904646836447
2.11319444444444,0.438011687372884
2.11458333333333,0.484115295311259
2.11597222222222,0.518057013910519
2.11736111111111,0.512240575281057
2.11875,0.523210613832382
2.12013888888889,0.519838283047671
2.12152777777778,0.479409969208758
2.12291666666667,0.434125647162867
2.12430555555556,0.575328238742383
2.12569444444444,0.569580054539051
2.12708333333333,0.552376565193507
2.12847222222222,0.417721736391356
2.12986111111111,0.419032763030584
2.13125,0.404349297003741
2.13263888888889,0.431961406530971
2.13402777777778,0.466500445055009
2.13541666666667,0.492126325568804
2.13680555555556,0.505136857071691
2.13819444444444,0.487618956506084
2.13958333333333,0.544999074048156
2.14097222222222,0.562460295514897
2.14236111111111,0.494710720975157
2.14375,0.503034574275386
2.14513888888889,0.539897736952014
2.14652777777778,0.603354641962663
2.14791666666667,0.47452349872255
2.14930555555556,0.585526245127711
2.15069444444444,0.530704914509748
2.15208333333333,0.565635346764802
2.15347222222222,0.56094624332507
2.15486111111111,0.519272681961488
2.15625,0.497768727389312
2.15763888888889,0.595055557978245
2.15902777777778,0.493005024685192
2.16041666666667,0.459746157217774
2.16180555555556,0.508623341359328
2.16319444444444,0.459420885785331
2.16458333333333,0.467559479340462
2.16597222222222,0.468459189796185
2.16736111111111,0.484198495680536
2.16875,0.468687632394036
2.17013888888889,0.445170248477109
2.17152777777778,0.514715938392459
2.17291666666667,0.500979082112936
2.17430555555556,0.45485318106914
2.17569444444444,0.450020144596843
2.17708333333333,0.580498856168247
2.17847222222222,0.556588794130726
2.17986111111111,0.609989184483347
2.18125,0.508835127399448
2.18263888888889,0.553841254463526
2.18402777777778,0.563569414958077
2.18541666666667,0.588370834452821
2.18680555555556,0.591915074519138
2.18819444444444,0.52895315070569
2.18958333333333,0.552196728084459
2.19097222222222,0.514946038414757
2.19236111111111,0.551529835397792
2.19375,0.50902782547827
2.19513888888889,0.597925535024437
2.19652777777778,0.507136234239172
2.19791666666667,0.507281826442587
2.19930555555556,0.463874573931748
2.20069444444444,0.424095323307534
2.20208333333333,0.446473285127874
2.20347222222222,0.497176394405442
2.20486111111111,0.5392095518874
2.20625,0.553814357473311
2.20763888888889,0.57435227922674
2.20902777777778,0.471425069020442
2.21041666666667,0.479480080945174
2.21180555555556,0.530744262578936
2.21319444444444,0.466186869305489
2.21458333333333,0.486141229640541
2.21597222222222,0.382334297047117
2.21736111111111,0.373285630231798
2.21875,0.423638634907821
2.22013888888889,0.461732965041799
2.22152777777778,0.409860511023316
2.22291666666667,0.411311996664923
2.22430555555556,0.384818351425161
2.22569444444444,0.36233430188493
2.22708333333333,0.408951861201778
2.22847222222222,0.41697487647828
2.22986111111111,0.420422988380227
2.23125,0.36414316005192
2.23263888888889,0.380895961677017
2.23402777777778,0.380780622477493
2.23541666666667,0.356224165577035
2.23680555555556,0.429764310664443
2.23819444444444,0.39754337773121
2.23958333333333,0.365780201873731
2.24097222222222,0.472721716546365
2.24236111111111,0.452439161609366
2.24375,0.414447796161287
2.24513888888889,0.456479124319974
2.24652777777778,0.492136817854304
2.24791666666667,0.416058844550827
2.24930555555556,0.462417922395931
2.25069444444444,0.463850949530988
2.25208333333333,0.54548046709154
2.25347222222222,0.514500894653271
2.25486111111111,0.441741195103752
2.25625,0.520611582186926
2.25763888888889,0.525830296831162
2.25902777777778,0.37412088029303
2.26041666666667,0.415551160282561
2.26180555555556,0.497938342755041
2.26319444444444,0.516656222076737
2.26458333333333,0.502895801266343
2.26597222222222,0.497841824779552
2.26736111111111,0.505590380155392
2.26875,0.482581532872697
2.27013888888889,0.465792519264493
2.27152777777778,0.495505983738738
2.27291666666667,0.478808139043028
2.27430555555556,0.410734051451253
2.27569444444444,0.369138582357485
2.27708333333333,0.467782667658999
2.27847222222222,0.341993097897005
2.27986111111111,0.425037580278491
2.28125,0.549735478592996
2.28263888888889,0.452448900752604
2.28402777777778,0.382066140008671
2.28541666666667,0.354092951142103
2.28680555555556,0.367431037184904
2.28819444444444,0.422871897707853
2.28958333333333,0.345573109289304
2.29097222222222,0.364084677486853
2.29236111111111,0.354095975227402
2.29375,0.329195808296201
2.29513888888889,0.325085712324104
2.29652777777778,0.374445350835205
2.29791666666667,0.315189238034099
2.29930555555556,0.395247454712591
2.30069444444444,0.336622458265705
2.30208333333333,0.341022689094679
2.30347222222222,0.353992756083864
2.30486111111111,0.307466023985177
2.30625,0.283766836555941
2.30763888888889,0.34230838172269
2.30902777777778,0.353256473924636
2.31041666666667,0.330616910090108
2.31180555555556,0.357526844319161
2.31319444444444,0.408838401655117
2.31458333333333,0.34512972823099
2.31597222222222,0.370601613768736
2.31736111111111,0.351630775740018
2.31875,0.386458946619131
2.32013888888889,0.420402443372801
2.32152777777778,0.498077367726153
2.32291666666667,0.546460595627126
2.32430555555556,0.484785474351897
2.32569444444444,0.366125662867063
2.32708333333333,0.318516438018898
2.32847222222222,0.384231541714728
2.32986111111111,0.328210415661399
2.33125,0.358214170056646
2.33263888888889,0.350248335876882
2.33402777777778,0.350030907840612
2.33541666666667,0.283116740171256
2.33680555555556,0.345657497943782
2.33819444444444,0.32698716037822
2.33958333333333,0.320877572318727
2.34097222222222,0.288187618977315
2.34236111111111,0.374860843357454
2.34375,0.347016384464783
2.34513888888889,0.365479698093804
2.34652777777778,0.371496453911972
2.34791666666667,0.349940396561004
2.34930555555556,0.327951165342541
2.35069444444444,0.320901482682169
2.35208333333333,0.341265389825528
2.35347222222222,0.304746200258719
2.35486111111111,0.300014611453506
2.35625,0.284087913689907
2.35763888888889,0.336602066294843
2.35902777777778,0.326853121458571
2.36041666666667,0.309234081335986
2.36180555555556,0.298503185825707
2.36319444444444,0.420134784238015
2.36458333333333,0.439472507829474
2.36597222222222,0.438387155773431
2.36736111111111,0.420442805067868
2.36875,0.39574507221323
2.37013888888889,0.32612564201003
2.37152777777778,0.317650901745854
2.37291666666667,0.35019083736589
2.37430555555556,0.318345117473337
2.37569444444444,0.337386344035214
2.37708333333333,0.311050479716915
2.37847222222222,0.336565951590574
2.37986111111111,0.342738860111877
2.38125,0.364268061053222
2.38263888888889,0.362634707430407
2.38402777777778,0.338866087233235
2.38541666666667,0.351233584841493
2.38680555555556,0.352901536881247
2.38819444444444,0.367850081295961
2.38958333333333,0.403195480008054
2.39097222222222,0.367888666689318
2.39236111111111,0.436061903210647
2.39375,0.353416037904362
2.39513888888889,0.316771391254449
2.39652777777778,0.341175994752879
2.39791666666667,0.294792070561507
2.39930555555556,0.331078738256666
2.40069444444444,0.407353918737659
2.40208333333333,0.343476653645985
2.40347222222222,0.369781291815154
2.40486111111111,0.379781809416168
2.40625,0.412641665814528
2.40763888888889,0.423514930704978
2.40902777777778,0.391744081267843
2.41041666666667,0.424701619382825
2.41180555555556,0.32090006190308
2.41319444444444,0.328655785643242
2.41458333333333,0.403925183399447
2.41597222222222,0.382428222688538
2.41736111111111,0.358773838786891
2.41875,0.477122506401519
2.42013888888889,0.483630692734182
2.42152777777778,0.516952267454501
2.42291666666667,0.522885474773504
2.42430555555556,0.412094920492122
2.42569444444444,0.403382863371035
2.42708333333333,0.457135193279921
2.42847222222222,0.435218871118411
2.42986111111111,0.42598089162799
2.43125,0.439711158923131
2.43263888888889,0.358309342055465
2.43402777777778,0.361400678760806
2.43541666666667,0.406659474618609
2.43680555555556,0.455286862084285
2.43819444444444,0.454134910911516
2.43958333333333,0.415960749764411
2.44097222222222,0.344793472318798
2.44236111111111,0.406550174292124
2.44375,0.456831274977246
2.44513888888889,0.378997482804502
2.44652777777778,0.402426226140907
2.44791666666667,0.431517459043212
2.44930555555556,0.489034087239323
2.45069444444444,0.407760685488102
2.45208333333333,0.459516766757699
2.45347222222222,0.446330370017251
2.45486111111111,0.434834091896694
2.45625,0.406750819262781
2.45763888888889,0.447181594134443
2.45902777777778,0.443938509061425
2.46041666666667,0.421395964271617
2.46180555555556,0.448267883741893
2.46319444444444,0.452153116319803
2.46458333333333,0.427086422657446
2.46597222222222,0.435818042276559
2.46736111111111,0.4634014777173
2.46875,0.50321959772427
2.47013888888889,0.465362764763511
2.47152777777778,0.443646721264944
2.47291666666667,0.421843191615586
2.47430555555556,0.440026787163581
2.47569444444444,0.492730183241063
2.47708333333333,0.438472685495474
2.47847222222222,0.427638293063789
2.47986111111111,0.399523903071019
2.48125,0.370690683883744
2.48263888888889,0.410492653364276
2.48402777777778,0.447990853101125
2.48541666666667,0.457770009361254
2.48680555555556,0.437762386417131
2.48819444444444,0.443183142805384
2.48958333333333,0.423261181446645
2.49097222222222,0.44654366511793
2.49236111111111,0.40202328094074
2.49375,0.437356690273675
2.49513888888889,0.386385179122226
2.49652777777778,0.417661811468205
2.49791666666667,0.457512449324546
2.49930555555556,0.515521057948244
2.50069444444444,0.365758175699786
2.50208333333333,0.421045646367318
2.50347222222222,0.369892153270835
2.50486111111111,0.398744947132938
2.50625,0.370072947161807
2.50763888888889,0.373460278493703
2.50902777777778,0.363255759469192
2.51041666666667,0.355962217550962
2.51180555555556,0.382369019871723
2.51319444444444,0.318913849963762
2.51458333333333,0.29252804022225
2.51597222222222,0.277604037478947
2.51736111111111,0.357394095811124
2.51875,0.271128127732331
2.52013888888889,0.32867732401383
2.52152777777778,0.297765386462903
2.52291666666667,0.256150805765087
2.52430555555556,0.311822399028215
2.52569444444444,0.274010019873327
2.52708333333333,0.29613527011789
2.52847222222222,0.323063923871562
2.52986111111111,0.304858021235972
2.53125,0.292558683803902
2.53263888888889,0.323753707060486
2.53402777777778,0.371708973386038
2.53541666666667,0.362543507326105
2.53680555555556,0.388053029651525
2.53819444444444,0.410542543875966
2.53958333333333,0.436818800894901
2.54097222222222,0.384016268549791
2.54236111111111,0.409690104842779
2.54375,0.338096142995055
2.54513888888889,0.312766105212902
2.54652777777778,0.34710311575416
2.54791666666667,0.33956995394479
2.54930555555556,0.362289827021349
2.55069444444444,0.372543705319794
2.55208333333333,0.424040078510677
2.55347222222222,0.390404093085745
2.55486111111111,0.367249967879143
2.55625,0.445029575770945
2.55763888888889,0.470970993059709
2.55902777777778,0.424807403233093
2.56041666666667,0.452966766282279
2.56180555555556,0.540992341518325
2.56319444444444,0.510743332313234
2.56458333333333,0.471688425853333
2.56597222222222,0.50943922896651
2.56736111111111,0.487244438962927
2.56875,0.458802050366979
2.57013888888889,0.480766999063983
2.57152777777778,0.449692465739703
2.57291666666667,0.389137595686382
2.57430555555556,0.435526866395473
2.57569444444444,0.446250147389492
2.57708333333333,0.533961389404517
2.57847222222222,0.486950873154981
2.57986111111111,0.471782027363599
2.58125,0.551329966381857
2.58263888888889,0.511647397279924
2.58402777777778,0.469276183177122
2.58541666666667,0.472988601062198
2.58680555555556,0.511332010137756
2.58819444444444,0.478120876606092
2.58958333333333,0.49788571068915
2.59097222222222,0.519947672525582
2.59236111111111,0.52528055834876
2.59375,0.59150312032526
2.59513888888889,0.576478648567496
2.59652777777778,0.622816611497985
2.59791666666667,0.530486129714781
2.59930555555556,0.492148106963282
2.60069444444444,0.49204954463809
2.60208333333333,0.525889905245865
2.60347222222222,0.510849078594064
2.60486111111111,0.402213460278605
2.60625,0.413894920830637
2.60763888888889,0.463586153687076
2.60902777777778,0.455861826496821
2.61041666666667,0.509557655989959
2.61180555555556,0.562584595116447
2.61319444444444,0.505837188925548
2.61458333333333,0.480809086037632
2.61597222222222,0.432519632155931
2.61736111111111,0.384189760713806
2.61875,0.456676789890453
2.62013888888889,0.434629440323882
2.62152777777778,0.378158141767521
2.62291666666667,0.307090628346851
2.62430555555556,0.30542137147712
2.62569444444444,0.363000744639112
2.62708333333333,0.37203962273684
2.62847222222222,0.370780516551307
2.62986111111111,0.418173210341467
2.63125,0.443343554798817
2.63263888888889,0.463317577313961
2.63402777777778,0.385692531521588
2.63541666666667,0.397136209270488
2.63680555555556,0.4183538904375
2.63819444444444,0.398250951299042
2.63958333333333,0.414414334172171
2.64097222222222,0.409093566202664
2.64236111111111,0.425401512973988
2.64375,0.460510030471317
2.64513888888889,0.449404891248525
2.64652777777778,0.441926200557382
2.64791666666667,0.461431563001903
2.64930555555556,0.433045267345273
2.65069444444444,0.395013829789897
2.65208333333333,0.419484438162002
2.65347222222222,0.450667285904114
2.65486111111111,0.441912643636394
2.65625,0.455388253388047
2.65763888888889,0.458831224288
2.65902777777778,0.52892611430452
2.66041666666667,0.444073160486138
2.66180555555556,0.503612969951518
2.66319444444444,0.481089847686298
2.66458333333333,0.444330461388393
2.66597222222222,0.511008242982896
2.66736111111111,0.49320726591636
2.66875,0.409555249931787
2.67013888888889,0.354050498001558
2.67152777777778,0.518218680974148
2.67291666666667,0.514519357486908
2.67430555555556,0.566576747455037
2.67569444444444,0.461989901109071
2.67708333333333,0.522795345662345
2.67847222222222,0.463783499945826
2.67986111111111,0.451063854437746
2.68125,0.495288995733105
2.68263888888889,0.470661714936944
2.68402777777778,0.470711298203786
2.68541666666667,0.49561759300615
2.68680555555556,0.521513791285937
2.68819444444444,0.535038229822762
2.68958333333333,0.534042475472823
2.69097222222222,0.559301293830455
2.69236111111111,0.550901541837281
2.69375,0.500480362017043
2.69513888888889,0.474847215259794
2.69652777777778,0.513388455078608
2.69791666666667,0.437110693422813
2.69930555555556,0.486911222886701
2.70069444444444,0.500159663273679
2.70208333333333,0.385382589349088
2.70347222222222,0.358907976902352
2.70486111111111,0.368030940160582
2.70625,0.358301744853032
2.70763888888889,0.391542590637113
2.70902777777778,0.404255130129393
2.71041666666667,0.422876593235986
2.71180555555556,0.435883474617597
2.71319444444444,0.368320808402512
2.71458333333333,0.370993017235861
2.71597222222222,0.404252797192257
2.71736111111111,0.366074448617514
2.71875,0.40342983033439
2.72013888888889,0.404040832163681
2.72152777777778,0.397186254261445
2.72291666666667,0.452236738815997
2.72430555555556,0.436743825287254
2.72569444444444,0.439909518225399
2.72708333333333,0.384776259748277
2.72847222222222,0.326393057289677
2.72986111111111,0.352940957497624
2.73125,0.408764306765593
2.73263888888889,0.391296865430646
2.73402777777778,0.393739881419832
2.73541666666667,0.430369136291164
2.73680555555556,0.392050119350627
2.73819444444444,0.390773966089559
2.73958333333333,0.371130650189371
2.74097222222222,0.374559607939363
2.74236111111111,0.366763273347537
2.74375,0.467470222261039
2.74513888888889,0.392587953933159
2.74652777777778,0.382180441842437
2.74791666666667,0.396720090655518
2.74930555555556,0.385510145476944
2.75069444444444,0.423513324888455
2.75208333333333,0.388487665060604
2.75347222222222,0.417584831551539
2.75486111111111,0.456751284228392
2.75625,0.458853745333232
2.75763888888889,0.43747485848811
2.75902777777778,0.433361003137716
2.76041666666667,0.466216250749791
2.76180555555556,0.486037383041802
2.76319444444444,0.445549094322815
2.76458333333333,0.560657370095619
2.76597222222222,0.425094412054397
2.76736111111111,0.478934167772883
2.76875,0.510703608033722
2.77013888888889,0.471159067429714
2.77152777777778,0.445429593134786
2.77291666666667,0.37864853700765
2.77430555555556,0.451224223559377
2.77569444444444,0.419239000925626
2.77708333333333,0.426725052010835
2.77847222222222,0.416131164838184
2.77986111111111,0.380494783927118
2.78125,0.393750708474689
2.78263888888889,0.422635726899926
2.78402777777778,0.309361423119129
2.78541666666667,0.345079626881908
2.78680555555556,0.395357433486747
2.78819444444444,0.410075471253579
2.78958333333333,0.442288594970415
2.79097222222222,0.434129903633893
2.79236111111111,0.532939772874676
2.79375,0.446088232627062
2.79513888888889,0.479162297150972
2.79652777777778,0.373518382250151
2.79791666666667,0.472675272535606
2.79930555555556,0.429640306135071
2.80069444444444,0.364984692043911
2.80208333333333,0.349457035237135
2.80347222222222,0.331170928185721
2.80486111111111,0.441826744689148
2.80625,0.432993829068618
2.80763888888889,0.413519501288123
2.80902777777778,0.441055703245052
2.81041666666667,0.416182799945404
2.81180555555556,0.391041513227294
2.81319444444444,0.4133706125673
2.81458333333333,0.41110852785344
2.81597222222222,0.404723320258829
2.81736111111111,0.412089742036584
2.81875,0.342491509801282
2.82013888888889,0.35279203253318
2.82152777777778,0.352953003164605
2.82291666666667,0.397483353896719
2.82430555555556,0.35710875227609
2.82569444444444,0.391602228086004
2.82708333333333,0.341684487190006
2.82847222222222,0.359384969298719
2.82986111111111,0.355169755349837
2.83125,0.324797283497635
2.83263888888889,0.394655618300789
2.83402777777778,0.390255093222031
2.83541666666667,0.385762288609426
2.83680555555556,0.278157215034385
2.83819444444444,0.24887689613342
2.83958333333333,0.270061636752387
2.84097222222222,0.298174307221901
2.84236111111111,0.295555383173959
2.84375,0.397755799811343
2.84513888888889,0.430914526584572
2.84652777777778,0.422025161206478
2.84791666666667,0.387246802121421
2.84930555555556,0.361603492554557
2.85069444444444,0.336059282490006
2.85208333333333,0.324657756031475
2.85347222222222,0.374866695960952
2.85486111111111,0.4126577800757
2.85625,0.338414077064113
2.85763888888889,0.340916944891171
2.85902777777778,0.3628523325932
2.86041666666667,0.373032323249286
2.86180555555556,0.375418815308774
2.86319444444444,0.34401726113077
2.86458333333333,0.354070904831231
2.86597222222222,0.393051256210124
2.86736111111111,0.300223057850997
2.86875,0.272920262123437
2.87013888888889,0.215731655833081
2.87152777777778,0.238346046388049
2.87291666666667,0.256331464079027
2.87430555555556,0.355421304519237
2.87569444444444,0.355443825768501
2.87708333333333,0.285374719919566
2.87847222222222,0.270200856403618
2.87986111111111,0.272918957678969
2.88125,0.273330815860138
2.88263888888889,0.26481983421802
2.88402777777778,0.276107237150416
2.88541666666667,0.205991490773152
2.88680555555556,0.214503167854491
2.88819444444444,0.231239681182258
2.88958333333333,0.194854840722918
2.89097222222222,0.233930181670212
2.89236111111111,0.242891259105903
2.89375,0.243810420244243
2.89513888888889,0.252555293026665
2.89652777777778,0.219350012691248
2.89791666666667,0.271681395056413
2.89930555555556,0.271805879742173
2.90069444444444,0.227460600059834
2.90208333333333,0.155264473580714
2.90347222222222,0.226189220004854
2.90486111111111,0.215584185316496
2.90625,0.180918117131577
2.90763888888889,0.265836351935753
2.90902777777778,0.230316315047998
2.91041666666667,0.221934863075846
2.91180555555556,0.293260324742634
2.91319444444444,0.269845795037947
2.91458333333333,0.301459068147105
2.91597222222222,0.263522580524444
2.91736111111111,0.275763475703771
2.91875,0.232923026826014
2.92013888888889,0.27221273148919
2.92152777777778,0.286137475241265
2.92291666666667,0.257621897016169
2.92430555555556,0.222006985769883
2.92569444444444,0.271593364520812
2.92708333333333,0.290594805610843
2.92847222222222,0.358072380812672
2.92986111111111,0.361735174115075
2.93125,0.347832823089366
2.93263888888889,0.289538682981374
2.93402777777778,0.254260553856096
2.93541666666667,0.278714968343515
2.93680555555556,0.244074178098945
2.93819444444444,0.135113879987255
2.93958333333333,0.268309606295697
2.94097222222222,0.332032365395608
2.94236111111111,0.323372591730017
2.94375,0.326093812830764
2.94513888888889,0.314016847099237
2.94652777777778,0.222276034354323
2.94791666666667,0.348022275254344
2.94930555555556,0.332060380581562
2.95069444444444,0.342645370582994
2.95208333333333,0.354545101749385
2.95347222222222,0.283475343427285
2.95486111111111,0.362158553493391
2.95625,0.352873747663672
2.95763888888889,0.317708136297955
2.95902777777778,0.302813625667413
2.96041666666667,0.273000582903883
2.96180555555556,0.323501559868374
2.96319444444444,0.313319598504165
2.96458333333333,0.27943180152219
2.96597222222222,0.364659322070573
2.96736111111111,0.344277966080199
2.96875,0.347987137611288
2.97013888888889,0.384618822903386
2.97152777777778,0.338090574604693
2.97291666666667,0.34272551355079
2.97430555555556,0.33584972140438
2.97569444444444,0.364514007770086
2.97708333333333,0.279123065043282
2.97847222222222,0.242841817307291
2.97986111111111,0.242425340619758
2.98125,0.267713243459703
2.98263888888889,0.330540768798581
2.98402777777778,0.268333517847242
2.98541666666667,0.229316376316244
2.98680555555556,0.200728898468425
2.98819444444444,0.260712063592922
2.98958333333333,0.192054134481521
2.99097222222222,0.255462910609253
2.99236111111111,0.319243794778591
2.99375,0.342587461825212
2.99513888888889,0.218909718181492
2.99652777777778,0.199854262449542
2.99791666666667,0.216926527690008
2.99930555555556,0.135774504948797
3.00069444444444,0.13361425673448
3.00208333333333,0.190767278918519
3.00347222222222,0.324346522688589
3.00486111111111,0.277622296734548
3.00625,0.346261580902333
3.00763888888889,0.385213155769532
3.00902777777778,0.360902553104199
3.01041666666667,0.372835786045667
3.01180555555556,0.353678049851649
3.01319444444444,0.325256254124
3.01458333333333,0.367598983025703
3.01597222222222,0.44303483777872
3.01736111111111,0.412428644716526
3.01875,0.314396078071519
3.02013888888889,0.396463428014998
3.02152777777778,0.350042307179438
3.02291666666667,0.325372374113662
3.02430555555556,0.37138750685265
3.02569444444444,0.322210306244342
3.02708333333333,0.20971746233119
3.02847222222222,0.173630265575607
3.02986111111111,0.172353245353524
3.03125,0.149307657425691
3.03263888888889,0.205309671143199
3.03402777777778,0.178858696730395
3.03541666666667,0.195971688376709
3.03680555555556,0.141783883456552
3.03819444444444,0.172517358179534
3.03958333333333,0.178412675925416
3.04097222222222,0.124649010508272
3.04236111111111,0.18593840851197
3.04375,0.204770381096137
3.04513888888889,0.270105270905836
3.04652777777778,0.305451899699596
3.04791666666667,0.309617710826634
3.04930555555556,0.270861649037697
3.05069444444444,0.258622052049226
3.05208333333333,0.222638942575543
3.05347222222222,0.16329934100834
3.05486111111111,0.217893792402845
3.05625,0.200494620372612
3.05763888888889,0.247972034898504
3.05902777777778,0.170852499068094
3.06041666666667,0.227796334667927
3.06180555555556,0.174811752579192
3.06319444444444,0.154721025766793
3.06458333333333,0.1489070643689
3.06597222222222,0.112238481706327
3.06736111111111,0.026208873808126
3.06875,0.166183918843577
3.07013888888889,0.160797150221013
3.07152777777778,0.12291831200234
3.07291666666667,0.0887961135710036
3.07430555555556,0.124056587118285
3.07569444444444,0.124398484132056
3.07708333333333,0.103678993002719
3.07847222222222,0.108879986952628
3.07986111111111,0.109919035218974
3.08125,0.113216798721439
3.08263888888889,0.104978961921882
3.08402777777778,0.0930792659414422
3.08541666666667,0.12791747755862
3.08680555555556,0.149207464474983
3.08819444444444,0.100826456354372
3.08958333333333,0.12450152288441
3.09097222222222,0.0679729321938793
3.09236111111111,0.0955384064519756
3.09375,0.128225311193744
3.09513888888889,0.0783795934232431
3.09652777777778,0.145743140011871
3.09791666666667,0.0874840924849007
3.09930555555556,0.0586577008022209
3.10069444444444,0.0658768579041567
3.10208333333333,0.0536776184952152
3.10347222222222,0.0805147747480405
3.10486111111111,0.0831487250713492
3.10625,0.146148811133622
3.10763888888889,0.106950140575107
3.10902777777778,0.101986543286814
3.11041666666667,0.0799370288148484
3.11180555555556,0.0100233536241042
3.11319444444444,0.045704271473882
3.11458333333333,0.0164226516293381
3.11597222222222,0.0520569788381103
3.11736111111111,0.048389465971432
3.11875,0.0390990500604472
3.12013888888889,0.0570808965488206
3.12152777777778,0.0791830497655194
3.12291666666667,0.0666328977367361
3.12430555555556,0.0890125284175674
3.12569444444444,-0.00319770231981425
3.12708333333333,0.0421592313182716
3.12847222222222,0.0837218120776279
3.12986111111111,0.0981042193826226
3.13125,0.028130953147478
3.13263888888889,0.0789251138875226
3.13402777777778,0.0131814223684604
3.13541666666667,0.0489747029136591
3.13680555555556,0.0772824991658545
3.13819444444444,0.0929132984368795
3.13958333333333,0.00519621306419403
3.14097222222222,0.0910909892974609
3.14236111111111,0.0860552993466958
3.14375,0.115971437955515
3.14513888888889,0.0825582350594011
3.14652777777778,0.0767838690666921
3.14791666666667,0.127329820615715
3.14930555555556,0.0978485923915819
3.15069444444444,0.125538526707858
3.15208333333333,0.135609092341226
3.15347222222222,0.119252352959909
3.15486111111111,0.119947525268297
3.15625,0.0674141451578677
3.15763888888889,0.118181244614883
3.15902777777778,0.0625658256639013
3.16041666666667,0.080040194377746
3.16180555555556,0.0379973743811753
3.16319444444444,0.0767069865405928
3.16458333333333,0.000743975729976955
3.16597222222222,0.0936306919572961
3.16736111111111,0.149367834958103
3.16875,0.10319115209321
3.17013888888889,0.105325276969275
3.17152777777778,0.156758939180687
3.17291666666667,0.150196476200998
3.17430555555556,0.137720705745513
3.17569444444444,0.147127974842517
3.17708333333333,0.116959050798652
3.17847222222222,-0.021805558344214
3.17986111111111,0.036774767958866
3.18125,0.127615232372155
3.18263888888889,0.0423410526030499
3.18402777777778,-0.0232140385042618
3.18541666666667,-0.00710797204139007
3.18680555555556,0.0510720945966057
3.18819444444444,-0.0157745602057621
3.18958333333333,-0.0203801697093348
3.19097222222222,0.0298689397974893
3.19236111111111,0.0401921669105998
3.19375,0.0463101502578619
3.19513888888889,0.0398719474585469
3.19652777777778,0.0334027180029036
3.19791666666667,0.0953558225497304
3.19930555555556,0.105551710867328
3.20069444444444,0.137209306683903
3.20208333333333,0.0658283752339116
3.20347222222222,0.164001008857888
3.20486111111111,0.20294049133347
3.20625,0.166468509094243
3.20763888888889,0.21803828600731
3.20902777777778,0.214211934643099
3.21041666666667,0.278224207612249
3.21180555555556,0.293332779962359
3.21319444444444,0.180405312381161
3.21458333333333,0.11408600457255
3.21597222222222,0.180503071079965
3.21736111111111,0.136994657499525
3.21875,0.0989072034073963
3.22013888888889,0.0475817908461788
3.22152777777778,0.0547006981781436
3.22291666666667,0.121214325584157
3.22430555555556,0.0900460138032136
3.22569444444444,0.0876101623054858
3.22708333333333,0.0432090317814469
3.22847222222222,0.00313855418989413
3.22986111111111,0.0130929692831603
3.23125,0.0201629199520504
3.23263888888889,0.069413227823996
3.23402777777778,0.0999363438807413
3.23541666666667,0.0711606002234887
3.23680555555556,0.173440759974882
3.23819444444444,0.124096192790181
3.23958333333333,0.156883594082127
3.24097222222222,0.146032098580177
3.24236111111111,0.144878029829896
3.24375,0.164298154161463
3.24513888888889,0.175441875482136
3.24652777777778,0.183277146797252
3.24791666666667,0.220398490032311
3.24930555555556,0.214683418733729
3.25069444444444,0.184249670317923
3.25208333333333,0.13249772841873
3.25347222222222,0.149990600364199
3.25486111111111,0.106598447071159
3.25625,0.144992631393378
3.25763888888889,0.161207761366134
3.25902777777778,0.122029499080384
3.26041666666667,0.111881978862704
3.26180555555556,0.10898331427729
3.26319444444444,0.127720845458386
3.26458333333333,0.184131250499636
3.26597222222222,0.200347807232148
3.26736111111111,0.120293465158798
3.26875,0.102570869380225
3.27013888888889,0.123624342293206
3.27152777777778,0.140277996354721
3.27291666666667,0.0880947598297944
3.27430555555556,0.148221345864301
3.27569444444444,0.0595301326261217
3.27708333333333,0.0945581290984713
3.27847222222222,0.0810810162895929
3.27986111111111,0.0246011949582547
3.28125,-0.00155878518373246
3.28263888888889,0.0397103326100532
3.28402777777778,0.0619709511369369
3.28541666666667,0.00715427896200968
3.28680555555556,0.0623067185552508
3.28819444444444,-0.0413746486654919
3.28958333333333,-0.0437241152403216
3.29097222222222,0.0341736120734086
3.29236111111111,0.0188676369172263
3.29375,0.0287987959309089
3.29513888888889,0.00549395486876048
3.29652777777778,0.0561369582295684
3.29791666666667,-0.00251218255958691
3.29930555555556,0.018116680393814
3.30069444444444,0.0164242480293438
3.30208333333333,0.0188085775514534
3.30347222222222,-0.0336713316199261
3.30486111111111,0.0340516157936389
3.30625,0.007226099859327
3.30763888888889,0.0794852442074301
3.30902777777778,-0.0133432103939417
3.31041666666667,-0.0187272698601205
3.31180555555556,-0.0748395872861542
3.31319444444444,-0.0383316748645992
3.31458333333333,-0.0513874717834239
3.31597222222222,-0.0488892389711306
3.31736111111111,0.0418217149532517
3.31875,0.102257434175485
3.32013888888889,-0.00253167958164232
3.32152777777778,0.0126604241714595
3.32291666666667,0.0159187031340889
3.32430555555556,-0.00497863360312812
3.32569444444444,-0.0202277582865979
3.32708333333333,0.0140697314498588
3.32847222222222,0.046114365324061
3.32986111111111,0.0737707548615348
3.33125,0.0675897835129091
3.33263888888889,0.0363819290812811
3.33402777777778,0.00857583473523303
3.33541666666667,0.014217232023469
3.33680555555556,0.0523169333455586
3.33819444444444,0.0755060613314979
3.33958333333333,0.0058084170870077
3.34097222222222,0.0193776400163172
3.34236111111111,-0.00770608510937773
3.34375,-0.0697719569220514
3.34513888888889,-0.0166604356837824
3.34652777777778,-0.0732805689854363
3.34791666666667,-0.0172930749171607
3.34930555555556,-0.0249511279649022
3.35069444444444,-0.0316678403509216
3.35208333333333,-0.0597166510889289
3.35347222222222,-0.0896046250009754
3.35486111111111,-0.00976096997147196
3.35625,0.0917891693362176
3.35763888888889,0.00618779639589467
3.35902777777778,-0.0887589133586148
3.36041666666667,-0.0685558163867141
3.36180555555556,-0.0270946487931431
3.36319444444444,-0.0346184229504791
3.36458333333333,-0.0492722949168884
3.36597222222222,-0.0931088780515808
3.36736111111111,-0.147138149471512
3.36875,-0.156583444770887
3.37013888888889,-0.171787232227121
3.37152777777778,-0.222006824761511
3.37291666666667,-0.128155550806359
3.37430555555556,-0.0875938378903683
3.37569444444444,-0.0613400781572149
3.37708333333333,-0.144874917126898
3.37847222222222,-0.0802699375677611
3.37986111111111,-0.146441140881154
3.38125,-0.202608188823303
3.38263888888889,-0.162140783415517
3.38402777777778,-0.176242241228833
3.38541666666667,-0.16279894287717
3.38680555555556,-0.109667315166339
3.38819444444444,-0.0500598419770756
3.38958333333333,-0.131130132806987
3.39097222222222,-0.106411271420965
3.39236111111111,-0.0989885525055648
3.39375,-0.117771768165024
3.39513888888889,-0.181491814236486
3.39652777777778,-0.149209877479393
3.39791666666667,-0.0734417866372803
3.39930555555556,-0.0489252261223723
3.40069444444444,-0.0862289612883238
3.40208333333333,-0.0705832261580346
3.40347222222222,-0.0743787356526452
3.40486111111111,-0.061172730422906
3.40625,-0.0902088999603293
3.40763888888889,-0.0953252116844642
3.40902777777778,-0.150245901961489
3.41041666666667,-0.156438311761856
3.41180555555556,-0.0235476107736842
3.41319444444444,-0.0510591920853368
3.41458333333333,-0.0461769125698489
3.41597222222222,0.000811713753061295
3.41736111111111,-0.0354730558178083
3.41875,0.0177559354676042
3.42013888888889,0.0904512031205242
3.42152777777778,0.0525504258174019
3.42291666666667,-0.052596890861428
3.42430555555556,-0.025551558673028
3.42569444444444,0.00944380939708429
3.42708333333333,-0.0270982489204173
3.42847222222222,-0.094041107677539
3.42986111111111,-0.0406078563637285
3.43125,-0.00188970374764307
3.43263888888889,-0.0314077584141514
3.43402777777778,-0.156207443441639
3.43541666666667,-0.229012609836081
3.43680555555556,-0.181673212117163
3.43819444444444,-0.14091876893259
3.43958333333333,-0.0158612632918163
3.44097222222222,-0.180307796898977
3.44236111111111,-0.0352555276040428
3.44375,-0.0830252001314058
3.44513888888889,-0.0657632867717091
3.44652777777778,-0.0657649065577006
3.44791666666667,-0.0468256125834433
3.44930555555556,-0.0813655355835296
3.45069444444444,-0.0210647308833658
3.45208333333333,-0.040392622208901
3.45347222222222,-0.0316708454922268
3.45486111111111,-0.00527283556171987
3.45625,0.0168972367333502
3.45763888888889,0.0833279264372071
3.45902777777778,0.0192814838958936
3.46041666666667,-0.123078095064398
3.46180555555556,0.0112891183744144
3.46319444444444,-0.0158046829982927
3.46458333333333,0.0333786213274344
3.46597222222222,-0.00788997524214809
3.46736111111111,-0.0781351719077218
3.46875,-0.0680952994863559
3.47013888888889,-0.0639966753588383
3.47152777777778,-0.0459469630297143
3.47291666666667,-0.0451713911937156
3.47430555555556,-0.0665637338033795
3.47569444444444,0.0197639701462648
3.47708333333333,0.0520358379008035
3.47847222222222,0.0320841222156797
3.47986111111111,0.0904898778477759
3.48125,0.0140316269865354
3.48263888888889,-0.0384022203625338
3.48402777777778,-0.0519612165165395
3.48541666666667,-0.0632729508907729
3.48680555555556,-0.0453059751814629
3.48819444444444,-0.0411026097566379
3.48958333333333,-0.064899480674062
3.49097222222222,-0.0509945558384581
3.49236111111111,0.0280780182413094
3.49375,-0.0364242680825304
3.49513888888889,-0.0995720261576165
3.49652777777778,-0.0982506024694538
3.49791666666667,-0.104834385047467
3.49930555555556,-0.0567048512954073
3.50069444444444,-0.0804346313438511
3.50208333333333,-0.0803049275624964
3.50347222222222,-0.123756643533412
3.50486111111111,-0.103130683710266
3.50625,-0.0260352000938751
3.50763888888889,0.0282137670100039
3.50902777777778,-0.0378725125476314
3.51041666666667,-0.0531754387392446
3.51180555555556,-0.0386466835088072
3.51319444444444,-0.021868281372118
3.51458333333333,-0.0599034989182074
3.51597222222222,-0.00685879164379893
3.51736111111111,-0.000866606368810307
3.51875,-0.0642261350458412
3.52013888888889,-0.0703970933930333
3.52152777777778,-0.0288880530708168
3.52291666666667,-0.086668601860962
3.52430555555556,-0.0773203295464562
3.52569444444444,-0.0515949764653456
3.52708333333333,-0.108808896893551
3.52847222222222,-0.0995477482234732
3.52986111111111,-0.0955320191394879
3.53125,-0.0835176240132446
3.53263888888889,-0.142559719460724
3.53402777777778,-0.133938863096487
3.53541666666667,-0.14013007254807
3.53680555555556,-0.202512746598571
3.53819444444444,-0.182878467840059
3.53958333333333,-0.139242398564428
3.54097222222222,-0.172147633500366
3.54236111111111,-0.189728924028211
3.54375,-0.110433071510274
3.54513888888889,-0.141904720953315
3.54652777777778,-0.0983841968701707
3.54791666666667,-0.153629472713526
3.54930555555556,-0.178301428410744
3.55069444444444,-0.208795646436008
3.55208333333333,-0.103596010732446
3.55347222222222,-0.127096051033883
3.55486111111111,-0.118619747696579
3.55625,-0.12041975857671
3.55763888888889,-0.0544944636751972
3.55902777777778,-0.0555431738055613
3.56041666666667,-0.0794044104145127
3.56180555555556,0.00277474648701992
3.56319444444444,0.000493017372249521
3.56458333333333,-0.0481549275651083
3.56597222222222,-0.072602022195392
3.56736111111111,0.0194832673287456
3.56875,-0.129947404473383
3.57013888888889,-0.160845454086979
3.57152777777778,-0.0652490142072395
3.57291666666667,-0.0708094271166095
3.57430555555556,-0.0357790019122992
3.57569444444444,-0.0245648832616458
3.57708333333333,0.00993519738115391
3.57847222222222,-0.0259783792202647
3.57986111111111,-0.0020191575415501
3.58125,-0.0641776628521078
3.58263888888889,-0.0569424763968429
3.58402777777778,-0.050579375086128
3.58541666666667,-0.100233639338185
3.58680555555556,-0.0932807922506185
3.58819444444444,-0.0251460547048476
3.58958333333333,-0.0935108778530123
3.59097222222222,-0.0874495014594007
3.59236111111111,-0.0831454197055068
3.59375,-0.0444391596348748
3.59513888888889,-0.0625343983405247
3.59652777777778,-0.0245056022187209
3.59791666666667,-0.033751789466844
3.59930555555556,-0.0315973824512131
3.60069444444444,0.0126870515105063
3.60208333333333,0.0231110523083481
3.60347222222222,0.0636841554551419
3.60486111111111,0.0352210479253199
3.60625,-0.00756456540889806
3.60763888888889,-0.0719156285176387
3.60902777777778,-0.0385133950764099
3.61041666666667,-0.11140994466726
3.61180555555556,-0.143645984293176
3.61319444444444,-0.09551376940703
3.61458333333333,-0.027334490658384
3.61597222222222,0.0210541256991962
3.61736111111111,0.0601049652309443
3.61875,0.0603987208796343
3.62013888888889,0.0127494486439755
3.62152777777778,0.0401372227728797
3.62291666666667,-0.04298719892023
3.62430555555556,-0.073553866404802
3.62569444444444,0.041369069741627
3.62708333333333,-0.00565981693971607
3.62847222222222,-0.00329165162504968
3.62986111111111,0.031911411531475
3.63125,0.0745935621189245
3.63263888888889,0.0747705945715497
3.63402777777778,0.0324049028162035
3.63541666666667,-0.0165043336698379
3.63680555555556,-0.06760650225173
3.63819444444444,-0.0456895743365023
3.63958333333333,-0.0199103183876929
3.64097222222222,0.00196277805449299
3.64236111111111,0.017422787540524
3.64375,0.0597842177517721
3.64513888888889,0.0412654503956908
3.64652777777778,-0.032483060924896
3.64791666666667,0.0272049135104112
3.64930555555556,-0.0330376531669653
3.65069444444444,0.014722815467655
3.65208333333333,-0.0555667493919274
3.65347222222222,-0.0134192984389938
3.65486111111111,-0.0576873046411619
3.65625,-0.0953453190325986
3.65763888888889,-0.0969294638069414
3.65902777777778,-0.10946999696692
3.66041666666667,-0.110722933541624
3.66180555555556,-0.122537926430338
3.66319444444444,-0.222904534628089
3.66458333333333,-0.156651608156061
3.66597222222222,-0.113738683697665
3.66736111111111,-0.0961252307307626
3.66875,0.00133359391282347
3.67013888888889,-0.0126639885749963
3.67152777777778,-0.0178519467634429
3.67291666666667,-0.0853835476236062
3.67430555555556,-0.0601459017571583
3.67569444444444,0.0539019874029704
3.67708333333333,0.0570667931435578
3.67847222222222,0.064384737496245
3.67986111111111,0.113080887083609
3.68125,0.0469363805356849
3.68263888888889,0.0175610914176468
3.68402777777778,0.0865108545996491
3.68541666666667,-0.0104706464260032
3.68680555555556,0.0231933346641561
3.68819444444444,0.159510424387615
3.68958333333333,0.133055395216429
3.69097222222222,0.12594458601043
3.69236111111111,0.103979765572723
3.69375,0.072447661362448
3.69513888888889,0.0406774935462985
3.69652777777778,-0.0140237297668065
3.69791666666667,-0.0136150121631912
3.69930555555556,0.038392381181585
3.70069444444444,0.037682072765775
3.70208333333333,-0.00499057357938502
3.70347222222222,0.0419084744830887
3.70486111111111,-0.00936263991807598
3.70625,0.0239002037522087
3.70763888888889,-0.0993936890551282
3.70902777777778,-0.0668221531285327
3.71041666666667,-0.0781766188759273
3.71180555555556,-0.061998074859741
3.71319444444444,-0.0454711825566099
3.71458333333333,-0.113314754337845
3.71597222222222,-0.182177954815745
3.71736111111111,-0.174196189018515
3.71875,-0.101295523118586
3.72013888888889,0.0260028139595928
3.72152777777778,-0.0385309598473618
3.72291666666667,-0.0314848451541017
3.72430555555556,0.017202478415277
3.72569444444444,-0.0619002133524661
3.72708333333333,-0.0648208255705373
3.72847222222222,-0.0278314682061158
3.72986111111111,-0.0197624530591027
3.73125,-0.116640963588855
3.73263888888889,-0.0940668408396477
3.73402777777778,-0.0314557044143214
3.73541666666667,-0.0133264860806923
3.73680555555556,-0.0376455390549803
3.73819444444444,-0.078992973726339
3.73958333333333,-0.0705699332251901
3.74097222222222,-0.112754715422051
3.74236111111111,-0.134834487534315
3.74375,-0.0460059107628277
3.74513888888889,-0.114790780369992
3.74652777777778,-0.0622553282393892
3.74791666666667,0.056301684633385
3.74930555555556,0.0354709133842246
3.75069444444444,0.103806356323967
3.75208333333333,0.0146497861152626
3.75347222222222,0.0204044002954129
3.75486111111111,-0.0437954236681179
3.75625,-0.0305005121855696
3.75763888888889,-0.0692432414232003
3.75902777777778,-0.151441989144613
3.76041666666667,-0.0301753721008869
3.76180555555556,-0.0837045837112705
3.76319444444444,-0.0212120646999224
3.76458333333333,0.0151348607680138
3.76597222222222,0.071429921869885
3.76736111111111,0.00191800394198806
3.76875,-0.021030033096862
3.77013888888889,-0.0273599474914487
3.77152777777778,-0.102563784030091
3.77291666666667,-0.0944155413779207
3.77430555555556,-0.0837957207313217
3.77569444444444,0.0372851831345045
3.77708333333333,0.0681042044556587
3.77847222222222,-0.0484820357608478
3.77986111111111,0.0762105894555647
3.78125,-0.00452640715168259
3.78263888888889,-0.0583324852576975
3.78402777777778,-0.0320041991639496
3.78541666666667,0.0291460806976946
3.78680555555556,0.0362308445950385
3.78819444444444,0.0166856207037135
3.78958333333333,0.0503077346215351
3.79097222222222,0.0171936830431964
3.79236111111111,-0.0354513848886261
3.79375,-0.0566221167210659
3.79513888888889,0.0543326845645052
3.79652777777778,0.0708099859292266
3.79791666666667,0.0720815504362049
3.79930555555556,0.0728484492979462
3.80069444444444,0.058139795349422
3.80208333333333,0.0199020052904816
3.80347222222222,0.0119176373508665
3.80486111111111,0.0904207901504011
3.80625,0.0195098130587845
3.80763888888889,-0.0410427539615001
3.80902777777778,-0.00424454173759187
3.81041666666667,-0.045491661226152
3.81180555555556,-0.0323559894809691
3.81319444444444,-0.112258580497675
3.81458333333333,-0.0362773349596046
3.81597222222222,0.035894138196647
3.81736111111111,-0.0226296678904046
3.81875,-0.0462995409741237
3.82013888888889,-0.0457830415944732
3.82152777777778,-0.0155804858858365
3.82291666666667,-0.125316564874417
3.82430555555556,-0.122343345198974
3.82569444444444,-0.101621089731486
3.82708333333333,-0.107976206274357
3.82847222222222,-0.0389467070471016
3.82986111111111,-0.0246146583867765
3.83125,-0.0303132800932931
3.83263888888889,-0.0165368156327227
3.83402777777778,-0.069935482504812
3.83541666666667,-0.0701729295387762
3.83680555555556,-0.12762787959816
3.83819444444444,-0.0183476562872759
3.83958333333333,-0.0341086133946097
3.84097222222222,-0.0894892001194614
3.84236111111111,-0.074806811680102
3.84375,0.0133221456539915
3.84513888888889,-0.0546192724177274
3.84652777777778,-0.00396822146710005
3.84791666666667,-0.0410614779303956
3.84930555555556,-0.0185395672665889
3.85069444444444,-0.0324324146788058
3.85208333333333,-0.00833818629265091
3.85347222222222,-0.0113068897340132
3.85486111111111,0.0181016173421116
3.85625,0.0654224401904323
3.85763888888889,0.0878315786375763
3.85902777777778,0.0763816858815343
3.86041666666667,0.0741798173913116
3.86180555555556,0.0638846478601085
3.86319444444444,0.0416052623463163
3.86458333333333,0.0456058650441043
3.86597222222222,0.0210346735168961
3.86736111111111,-0.0389619123759824
3.86875,-0.0961612558678249
3.87013888888889,-0.081167734726805
3.87152777777778,-0.00853768133559858
3.87291666666667,-0.0311757033759714
3.87430555555556,-0.063166775219703
3.87569444444444,0.0161186603782233
3.87708333333333,0.0265389545392364
3.87847222222222,-0.0596830676420895
3.87986111111111,-0.0271078275822573
3.88125,-0.0549275367441329
3.88263888888889,-0.0494050907790577
3.88402777777778,-0.000493918629994372
3.88541666666667,-0.0795478190372296
3.88680555555556,-0.00744374750822257
3.88819444444444,-0.0243217036917935
3.88958333333333,-0.0875970135126877
3.89097222222222,0.0358779737099659
3.89236111111111,-0.00225568049581081
3.89375,-0.0499563001789087
3.89513888888889,-0.0637049654438211
3.89652777777778,-0.0384444700945884
3.89791666666667,-0.160731205097549
3.89930555555556,-0.0228091024540833
3.90069444444444,-0.0209703095549306
3.90208333333333,-0.0213991752099897
3.90347222222222,-0.0145022413540534
3.90486111111111,-0.046126389857667
3.90625,-0.165649380441171
3.90763888888889,-0.1683098393965
3.90902777777778,-0.10822720359047
3.91041666666667,-0.16700687826425
3.91180555555556,-0.298758087461602
3.91319444444444,-0.220023845915736
3.91458333333333,-0.105406731341039
3.91597222222222,-0.0741857846139171
3.91736111111111,-0.00597771109487998
3.91875,-0.126301574091989
3.92013888888889,-0.232795841802187
3.92152777777778,-0.202652636322317
3.92291666666667,-0.128014659620588
3.92430555555556,-0.058897559236163
3.92569444444444,-0.120435340836705
3.92708333333333,-0.13867154328215
3.92847222222222,-0.141051676164917
3.92986111111111,-0.0949038137074223
3.93125,-0.149584198725116
3.93263888888889,-0.0933974277943271
3.93402777777778,-0.0580762014720577
3.93541666666667,-0.0790526138279387
3.93680555555556,-0.111666153021312
3.93819444444444,-0.123295286430098
3.93958333333333,-0.0681634147794676
3.94097222222222,-0.0812452264995038
3.94236111111111,-0.114593481999282
3.94375,-0.111190671543106
3.94513888888889,-0.118865058703131
3.94652777777778,-0.0722456514046614
3.94791666666667,-0.0802802892930341
3.94930555555556,-0.0368679859647411
3.95069444444444,-0.102486847604143
3.95208333333333,-0.101854725711734
3.95347222222222,-0.156013200113036
3.95486111111111,-0.118685946797113
3.95625,-0.112023746665747
3.95763888888889,-0.116785849121986
3.95902777777778,-0.0974325848831693
3.96041666666667,-0.165044572520667
3.96180555555556,-0.0587819801133079
3.96319444444444,-0.0813120555068839
3.96458333333333,-0.167914687683098
3.96597222222222,-0.14162767409425
3.96736111111111,-0.0962223099066267
3.96875,-0.142238865702013
3.97013888888889,-0.129205867425507
3.97152777777778,-0.216667668946147
3.97291666666667,-0.148504286672566
3.97430555555556,-0.179859006906336
3.97569444444444,-0.184589462523238
3.97708333333333,-0.174927415022441
3.97847222222222,-0.244253712116373
3.97986111111111,-0.255393992778182
3.98125,-0.190865905536236
3.98263888888889,-0.243309984722334
3.98402777777778,-0.194698222110221
3.98541666666667,-0.0868011061864434
3.98680555555556,-0.0846490614619415
3.98819444444444,-0.0184323413746232
3.98958333333333,0.0046866396255318
3.99097222222222,-0.0688274986034068
3.99236111111111,-0.0362841181880536
3.99375,-0.127528661660987
3.99513888888889,-0.0638283677130514
3.99652777777778,-0.123288221599129
3.99791666666667,-0.155201738575438
3.99930555555556,-0.221598674668969
4.00069444444444,-0.168328244791265
4.00208333333333,-0.15009376060846
4.00347222222222,-0.0787466126056898
4.00486111111111,-0.0233514158045824
4.00625,-0.139687639041732
4.00763888888889,-0.179463651399523
4.00902777777778,-0.179097338339323
4.01041666666667,-0.191707137471629
4.01180555555556,-0.132587088268042
4.01319444444444,-0.190933491211919
4.01458333333333,-0.209300260282046
4.01597222222222,-0.182750903039364
4.01736111111111,-0.167183606116563
4.01875,-0.159038265742381
4.02013888888889,-0.148976184706367
4.02152777777778,-0.203449687324358
4.02291666666667,-0.270585157359327
4.02430555555556,-0.310197698453482
4.02569444444444,-0.218727272047929
4.02708333333333,-0.0910111061151784
4.02847222222222,-0.126967923050882
4.02986111111111,-0.177522832087216
4.03125,-0.181134003278657
4.03263888888889,-0.23111637331379
4.03402777777778,-0.210222255464321
4.03541666666667,-0.208769197821444
4.03680555555556,-0.228219160924201
4.03819444444444,-0.251197059565301
4.03958333333333,-0.198157367361223
4.04097222222222,-0.186878972969813
4.04236111111111,-0.219396852874621
4.04375,-0.141759756576881
4.04513888888889,-0.137796284100904
4.04652777777778,-0.1639914035383
4.04791666666667,-0.259935024805515
4.04930555555556,-0.294638053319079
4.05069444444444,-0.219711187753794
4.05208333333333,-0.180202329750342
4.05347222222222,-0.135778962670736
4.05486111111111,-0.259708900335657
4.05625,-0.229511645331215
4.05763888888889,-0.217733014384186
4.05902777777778,-0.208844433167716
4.06041666666667,-0.186322166014505
4.06180555555556,-0.145988848416119
4.06319444444444,-0.213393651203681
4.06458333333333,-0.192795258906754
4.06597222222222,-0.168344598726455
4.06736111111111,-0.197470955788852
4.06875,-0.191104719673125
4.07013888888889,-0.177070691872969
4.07152777777778,-0.228653058050515
4.07291666666667,-0.108106600921312
4.07430555555556,-0.163002747269935
4.07569444444444,-0.258577455974396
4.07708333333333,-0.273970729081552
4.07847222222222,-0.258132395855134
4.07986111111111,-0.188644001173017
4.08125,-0.272040094076845
4.08263888888889,-0.28431641078349
4.08402777777778,-0.252734443309347
4.08541666666667,-0.282261490848218
4.08680555555556,-0.268579332523105
4.08819444444444,-0.215026384210864
4.08958333333333,-0.159012563587236
4.09097222222222,-0.265991885131933
4.09236111111111,-0.196791305696438
4.09375,-0.173276666724919
4.09513888888889,-0.196433471383058
4.09652777777778,-0.237968297449099
4.09791666666667,-0.251947982221106
4.09930555555556,-0.269067019995802
4.10069444444444,-0.258953016603504
4.10208333333333,-0.186262045528728
4.10347222222222,-0.184722774523352
4.10486111111111,-0.134777864924732
4.10625,-0.11100576862781
4.10763888888889,-0.106398997184164
4.10902777777778,-0.162031520908623
4.11041666666667,-0.0447317629224775
4.11180555555556,-0.108037997616812
4.11319444444444,-0.150891505921583
4.11458333333333,-0.133594555025535
4.11597222222222,-0.15566087722337
4.11736111111111,-0.176284275010186
4.11875,-0.113012369075728
4.12013888888889,-0.063763408321464
4.12152777777778,-0.119464053741104
4.12291666666667,-0.0696469183117701
4.12430555555556,-0.106878814057357
4.12569444444444,-0.171097566296119
4.12708333333333,-0.134470793326054
4.12847222222222,-0.171039490170845
4.12986111111111,-0.0335061678160735
4.13125,-0.0728684288429429
4.13263888888889,-0.0955402907232161
4.13402777777778,-0.184010177487063
4.13541666666667,-0.124462083538684
4.13680555555556,-0.179127378858329
4.13819444444444,-0.0892287854735139
4.13958333333333,-0.127341492386788
4.14097222222222,-0.141021177488367
4.14236111111111,-0.13917932889304
4.14375,-0.0663148921064317
4.14513888888889,-0.0438022872433295
4.14652777777778,-0.0529736426521388
4.14791666666667,-0.0426851557824955
4.14930555555556,-0.195473496512508
4.15069444444444,-0.130318646369364
4.15208333333333,-0.138757627771589
4.15347222222222,-0.189303794475653
4.15486111111111,-0.172166075772022
4.15625,-0.193887134198318
4.15763888888889,-0.118790704552518
4.15902777777778,-0.107963234749169
4.16041666666667,-0.100999333500271
4.16180555555556,-0.133109473218083
4.16319444444444,-0.225783426345527
4.16458333333333,-0.161879452546246
4.16597222222222,-0.152428828219006
4.16736111111111,-0.0553358355253201
4.16875,-0.0923205519536545
4.17013888888889,-0.141496546253984
4.17152777777778,-0.15370629958121
4.17291666666667,-0.170596868596703
4.17430555555556,-0.109289566000671
4.17569444444444,-0.127807875670632
4.17708333333333,-0.0906290705523192
4.17847222222222,-0.0807081716024184
4.17986111111111,-0.0551773646554329
4.18125,-0.08247291080641
4.18263888888889,-0.0330473539057212
4.18402777777778,-0.0703302073351352
4.18541666666667,-0.163001990804724
4.18680555555556,-0.0597160693197607
4.18819444444444,-0.009227714005052
4.18958333333333,-0.100058214568833
4.19097222222222,-0.0291815753078192
4.19236111111111,-0.02824950971723
4.19375,-0.0164461672273087
4.19513888888889,-0.097317369120274
4.19652777777778,-0.0361902482889499
4.19791666666667,-0.129342627844588
4.19930555555556,-0.182143275751722
4.20069444444444,-0.13089047793732
4.20208333333333,-0.112073439728744
4.20347222222222,-0.0935640068779546
4.20486111111111,-0.0590287205517456
4.20625,0.0340087454553595
4.20763888888889,-0.0412620052320735
4.20902777777778,-0.0726772149779532
4.21041666666667,-0.160664907752941
4.21180555555556,-0.100124278749901
4.21319444444444,-0.158872556159036
4.21458333333333,-0.125032611283162
4.21597222222222,-0.0771977294410029
4.21736111111111,-0.100604863659444
4.21875,-0.106002509078931
4.22013888888889,-0.0467722571654372
4.22152777777778,-0.0535980958583996
4.22291666666667,0.00395199072573893
4.22430555555556,-0.13474278994799
4.22569444444444,-0.095727042982942
4.22708333333333,-0.131992027514626
4.22847222222222,-0.135160726222018
4.22986111111111,-0.13143969992476
4.23125,-0.133217858479665
4.23263888888889,-0.143816992755555
4.23402777777778,-0.0487452345289055
4.23541666666667,-0.0842781016851164
4.23680555555556,-0.00661506544637227
4.23819444444444,-0.0202284874701645
4.23958333333333,-0.00165440770909266
4.24097222222222,0.0709111202140817
4.24236111111111,0.038479023163494
4.24375,0.0614788904971013
4.24513888888889,-0.0339173250582405
4.24652777777778,-0.0622465539565437
4.24791666666667,-0.0417726290935546
4.24930555555556,-0.0401228551957623
4.25069444444444,-0.0593401209765405
4.25208333333333,0.0112261504825121
4.25347222222222,-0.051757135677626
4.25486111111111,-0.0707058137398895
4.25625,-0.039808666769967
4.25763888888889,0.00160764237280059
4.25902777777778,-0.0525321535455834
4.26041666666667,-0.0393398543129715
4.26180555555556,-0.0596295648871901
4.26319444444444,-0.0953120102631843
4.26458333333333,-0.0579014995230776
4.26597222222222,-0.0498604504283267
4.26736111111111,-0.134381297811347
4.26875,-0.105444389294942
4.27013888888889,-0.10252617831038
4.27152777777778,-0.0918741144406281
4.27291666666667,-0.112007533064045
4.27430555555556,-0.140223149723404
4.27569444444444,-0.0776288373044952
4.27708333333333,-0.112848899048001
4.27847222222222,-0.103056519871013
4.27986111111111,-0.0538374960836727
4.28125,-0.086462254910933
4.28263888888889,-0.0710370184427162
4.28402777777778,-0.0316814743235775
4.28541666666667,-0.0692471401262785
4.28680555555556,0.0047989327070861
4.28819444444444,-0.0292606182162974
4.28958333333333,-0.13908859442122
4.29097222222222,-0.156316588997817
4.29236111111111,-0.179692486383838
4.29375,-0.16485110785678
4.29513888888889,-0.110830742052511
4.29652777777778,-0.154431429137084
4.29791666666667,-0.0970363080785065
4.29930555555556,-0.0807989474453103
4.30069444444444,-0.0526390909271103
4.30208333333333,-0.11587445518979
4.30347222222222,-0.118442016514345
4.30486111111111,-0.120430899374686
4.30625,-0.0808830094752874
4.30763888888889,-0.103397678546357
4.30902777777778,-0.120413620345229
4.31041666666667,-0.18308560045958
4.31180555555556,-0.172140694795155
4.31319444444444,-0.069167928412073
4.31458333333333,-0.134444553963895
4.31597222222222,-0.130969415322994
4.31736111111111,-0.115188718261032
4.31875,-0.167803098440636
4.32013888888889,-0.188765485135766
4.32152777777778,-0.155068254678797
4.32291666666667,-0.0666426623091677
4.32430555555556,-0.132121430554538
4.32569444444444,-0.125310180155074
4.32708333333333,-0.148249261149048
4.32847222222222,-0.0854023422863456
4.32986111111111,0.00380374718429893
4.33125,0.0238700892618168
4.33263888888889,-0.110056598154021
4.33402777777778,-0.141255053485846
4.33541666666667,-0.132640497307509
4.33680555555556,-0.0553765719211684
4.33819444444444,-0.212694078755764
4.33958333333333,-0.152062961951155
4.34097222222222,-0.245758946779418
4.34236111111111,-0.144506100168735
4.34375,-0.174621537158288
4.34513888888889,-0.185695624540615
4.34652777777778,-0.108510659607822
4.34791666666667,-0.228126285205997
4.34930555555556,-0.155359238588236
4.35069444444444,-0.12344177469942
4.35208333333333,-0.112160326447069
4.35347222222222,-0.120663389193852
4.35486111111111,-0.0833189217258936
4.35625,-0.0874200918120697
4.35763888888889,-0.0920087194202276
4.35902777777778,-0.0904326535147079
4.36041666666667,-0.122978603394782
4.36180555555556,-0.1053167079095
4.36319444444444,-0.103236359291787
4.36458333333333,-0.127707220073105
4.36597222222222,-0.168369350264711
4.36736111111111,-0.089077020571012
4.36875,-0.112089880406868
4.37013888888889,-0.151292678638832
4.37152777777778,-0.21100957669887
4.37291666666667,-0.137331582635958
4.37430555555556,-0.222779389508463
4.37569444444444,-0.312404806062276
4.37708333333333,-0.221428964643469
4.37847222222222,-0.214919790161676
4.37986111111111,-0.19140778254344
4.38125,-0.277216068665105
4.38263888888889,-0.233929265829973
4.38402777777778,-0.268348353634902
4.38541666666667,-0.290459008522954
4.38680555555556,-0.335511347601437
4.38819444444444,-0.30651492901139
4.38958333333333,-0.295499115506314
4.39097222222222,-0.337564984659666
4.39236111111111,-0.36830013839559
4.39375,-0.387899408720749
4.39513888888889,-0.394368106054659
4.39652777777778,-0.312120166104883
4.39791666666667,-0.293235908656869
4.39930555555556,-0.331109697315923
4.40069444444444,-0.327291189042631
4.40208333333333,-0.272884201891887
4.40347222222222,-0.278866587908146
4.40486111111111,-0.239917855829787
4.40625,-0.305209429659983
4.40763888888889,-0.267098489346808
4.40902777777778,-0.194610362674354
4.41041666666667,-0.240055476229685
4.41180555555556,-0.217757501541728
4.41319444444444,-0.219237380435687
4.41458333333333,-0.177935910527695
4.41597222222222,-0.198608968058821
4.41736111111111,-0.224049352181617
4.41875,-0.173236723019779
4.42013888888889,-0.204610701250722
4.42152777777778,-0.2517522908645
4.42291666666667,-0.254832778534081
4.42430555555556,-0.263941885923407
4.42569444444444,-0.214535818072811
4.42708333333333,-0.206183631458929
4.42847222222222,-0.14499461249538
4.42986111111111,-0.0674212112121926
4.43125,-0.196136214816802
4.43263888888889,-0.0448392689794403
4.43402777777778,-0.0573917926298936
4.43541666666667,-0.172055250074585
4.43680555555556,-0.176356656129588
4.43819444444444,-0.200531282127623
4.43958333333333,-0.160657663894631
4.44097222222222,-0.148638972745944
4.44236111111111,-0.267863236904196
4.44375,-0.258052242881003
4.44513888888889,-0.225101702266657
4.44652777777778,-0.153812834157428
4.44791666666667,-0.187456209194492
4.44930555555556,-0.251249308202037
4.45069444444444,-0.213919779643252
4.45208333333333,-0.167450404275329
4.45347222222222,-0.167524962379282
4.45486111111111,-0.234932932958889
4.45625,-0.297650888299711
4.45763888888889,-0.294854417460484
4.45902777777778,-0.345697658196459
4.46041666666667,-0.282162326355704
4.46180555555556,-0.180779302856302
4.46319444444444,-0.215112168170516
4.46458333333333,-0.207088415981663
4.46597222222222,-0.215852645142743
4.46736111111111,-0.223406171338069
4.46875,-0.126399354142057
4.47013888888889,-0.166203987012852
4.47152777777778,-0.144800358123035
4.47291666666667,-0.140230599769758
4.47430555555556,-0.171177792032343
4.47569444444444,-0.131736410426649
4.47708333333333,-0.164492854202854
4.47847222222222,-0.1742624798615
4.47986111111111,-0.164211985732576
4.48125,-0.16601196883532
4.48263888888889,-0.186756075185988
4.48402777777778,-0.157748712680836
4.48541666666667,-0.217052785775793
4.48680555555556,-0.157261687625731
4.48819444444444,-0.212526541236941
4.48958333333333,-0.172768145624459
4.49097222222222,-0.155424671561827
4.49236111111111,-0.267778168715847
4.49375,-0.215961128882156
4.49513888888889,-0.198773522340123
4.49652777777778,-0.196672460442289
4.49791666666667,-0.198921473228178
4.49930555555556,-0.149607571864081
4.50069444444444,-0.126715754062309
4.50208333333333,-0.171288373662043
4.50347222222222,-0.200433706208071
4.50486111111111,-0.210360959198703
4.50625,-0.157686837134961
4.50763888888889,-0.188496247683363
4.50902777777778,-0.111235025601083
4.51041666666667,-0.230336594428629
4.51180555555556,-0.193059240476376
4.51319444444444,-0.1567300021693
4.51458333333333,-0.19805821893428
4.51597222222222,-0.19097864940188
4.51736111111111,-0.208756465459871
4.51875,-0.145776091542642
4.52013888888889,-0.232407098330103
4.52152777777778,-0.228796788090482
4.52291666666667,-0.25903055107115
4.52430555555556,-0.298867127975191
4.52569444444444,-0.234278110036914
4.52708333333333,-0.157284441501263
4.52847222222222,-0.184633398932216
4.52986111111111,-0.238565236100549
4.53125,-0.219368462349297
4.53263888888889,-0.230716504195455
4.53402777777778,-0.189435289631067
4.53541666666667,-0.176908506463208
4.53680555555556,-0.226168113789901
4.53819444444444,-0.271435580750476
4.53958333333333,-0.161062348949462
4.54097222222222,-0.165876594696928
4.54236111111111,-0.15764983147108
4.54375,-0.200577996649157
4.54513888888889,-0.134485816130548
4.54652777777778,-0.270449151291441
4.54791666666667,-0.224214516221277
4.54930555555556,-0.12857254192743
4.55069444444444,-0.13823457539568
4.55208333333333,-0.215977644767451
4.55347222222222,-0.238867261891586
4.55486111111111,-0.219567121754653
4.55625,-0.268865417886367
4.55763888888889,-0.235017202241746
4.55902777777778,-0.273974885148801
4.56041666666667,-0.243509085854558
4.56180555555556,-0.236487370222757
4.56319444444444,-0.274282379893319
4.56458333333333,-0.296291948466806
4.56597222222222,-0.285372727029019
4.56736111111111,-0.355877621823955
4.56875,-0.262135016239682
4.57013888888889,-0.242181363772566
4.57152777777778,-0.190705325386582
4.57291666666667,-0.22747401309188
4.57430555555556,-0.186332074807577
4.57569444444444,-0.200492614632045
4.57708333333333,-0.234262570825221
4.57847222222222,-0.192763769739884
4.57986111111111,-0.217538727495028
4.58125,-0.199860933701747
4.58263888888889,-0.163634484100535
4.58402777777778,-0.183254795982331
4.58541666666667,-0.190302245758321
4.58680555555556,-0.180340485414994
4.58819444444444,-0.150232832134582
4.58958333333333,-0.119820859033734
4.59097222222222,-0.116784060527471
4.59236111111111,-0.121346443060068
4.59375,-0.122406109780845
4.59513888888889,-0.188028997845689
4.59652777777778,-0.177386951204735
4.59791666666667,-0.17138912960582
4.59930555555556,-0.209027065258935
4.60069444444444,-0.153989195846544
4.60208333333333,-0.268527289193705
4.60347222222222,-0.28901157119612
4.60486111111111,-0.281331879699597
4.60625,-0.172178082895106
4.60763888888889,-0.150663613007934
4.60902777777778,-0.236436314000173
4.61041666666667,-0.165615671430513
4.61180555555556,-0.127119838930745
4.61319444444444,-0.110297649092243
4.61458333333333,-0.151115140157067
4.61597222222222,-0.269182958345373
4.61736111111111,-0.159628342255168
4.61875,-0.140537871930548
4.62013888888889,-0.250852175744021
4.62152777777778,-0.330803096146663
4.62291666666667,-0.328139412156523
4.62430555555556,-0.268901811798553
4.62569444444444,-0.229688184378025
4.62708333333333,-0.172187984663987
4.62847222222222,-0.206536223927352
4.62986111111111,-0.220084031129005
4.63125,-0.174805778601142
4.63263888888889,-0.181251703553251
4.63402777777778,-0.146854983069294
4.63541666666667,-0.31460452091326
4.63680555555556,-0.104816372462171
4.63819444444444,-0.119266334852595
4.63958333333333,-0.156743290775376
4.64097222222222,-0.138298924215523
4.64236111111111,-0.200820173254918
4.64375,-0.170431117190892
4.64513888888889,-0.14486099859083
4.64652777777778,-0.133731243222267
4.64791666666667,-0.219850390861313
4.64930555555556,-0.226685851718553
4.65069444444444,-0.157323110740308
4.65208333333333,-0.223241092060068
4.65347222222222,-0.219289758552884
4.65486111111111,-0.267232894327919
4.65625,-0.248874028383893
4.65763888888889,-0.191290254164117
4.65902777777778,-0.254931221832296
4.66041666666667,-0.285113001622149
4.66180555555556,-0.304685141045737
4.66319444444444,-0.245648520416287
4.66458333333333,-0.169126493621018
4.66597222222222,-0.195727222559045
4.66736111111111,-0.23151151423667
4.66875,-0.322964978836547
4.67013888888889,-0.286532870482755
4.67152777777778,-0.237893744526762
4.67291666666667,-0.285155648045961
4.67430555555556,-0.303762232942769
4.67569444444444,-0.347719725012911
4.67708333333333,-0.397489588961064
4.67847222222222,-0.380056166877822
4.67986111111111,-0.323545898417655
4.68125,-0.371951197056617
4.68263888888889,-0.411855135542814
4.68402777777778,-0.354587408173895
4.68541666666667,-0.166838709841143
4.68680555555556,-0.227521067604792
4.68819444444444,-0.205318999930667
4.68958333333333,-0.291075868093556
4.69097222222222,-0.222642960753427
4.69236111111111,-0.252680841670414
4.69375,-0.303989879141291
4.69513888888889,-0.280646491373328
4.69652777777778,-0.324933198661145
4.69791666666667,-0.322741490575166
4.69930555555556,-0.303003627414744
4.70069444444444,-0.241326368824587
4.70208333333333,-0.178244697590847
4.70347222222222,-0.184749666719439
4.70486111111111,-0.280499177052681
4.70625,-0.345734235372125
4.70763888888889,-0.296673219540126
4.70902777777778,-0.266020947410663
4.71041666666667,-0.255112407593107
4.71180555555556,-0.283989387564852
4.71319444444444,-0.239833533373602
4.71458333333333,-0.268503217744751
4.71597222222222,-0.222173284703366
4.71736111111111,-0.204192253593953
4.71875,-0.262788896411226
4.72013888888889,-0.279892053775995
4.72152777777778,-0.185311180966677
4.72291666666667,-0.177326204347122
4.72430555555556,-0.150994160371654
4.72569444444444,-0.170469365460622
4.72708333333333,-0.170890029016751
4.72847222222222,-0.133357684408602
4.72986111111111,-0.207888018237386
4.73125,-0.276015856525292
4.73263888888889,-0.206948351031112
4.73402777777778,-0.241993993598368
4.73541666666667,-0.262390983108812
4.73680555555556,-0.268331514611796
4.73819444444444,-0.223810570627146
4.73958333333333,-0.147493758213992
4.74097222222222,-0.213555925255154
4.74236111111111,-0.175557264488343
4.74375,-0.286165810458576
4.74513888888889,-0.20116744611279
4.74652777777778,-0.202381201085796
4.74791666666667,-0.314564537022112
4.74930555555556,-0.325430178401418
4.75069444444444,-0.329501787651739
4.75208333333333,-0.307186482832119
4.75347222222222,-0.316813180511794
4.75486111111111,-0.277526694106409
4.75625,-0.340877523420694
4.75763888888889,-0.319326925162695
4.75902777777778,-0.355758524292052
4.76041666666667,-0.239475982888415
4.76180555555556,-0.239685762269151
4.76319444444444,-0.241469021642992
4.76458333333333,-0.20654824026078
4.76597222222222,-0.271935821724207
4.76736111111111,-0.30646734787994
4.76875,-0.268973163505677
4.77013888888889,-0.249876789308189
4.77152777777778,-0.235978066365391
4.77291666666667,-0.158011101701226
4.77430555555556,-0.181694614237846
4.77569444444444,-0.256718181979698
4.77708333333333,-0.247763807229158
4.77847222222222,-0.258111577311521
4.77986111111111,-0.241973157650585
4.78125,-0.241466964560862
4.78263888888889,-0.220511564641222
4.78402777777778,-0.190750544748481
4.78541666666667,-0.275603307351699
4.78680555555556,-0.187420054048496
4.78819444444444,-0.190754840602221
4.78958333333333,-0.210108333728979
4.79097222222222,-0.212603850860685
4.79236111111111,-0.289281263933392
4.79375,-0.238347380265625
4.79513888888889,-0.150281087023123
4.79652777777778,-0.165463152440287
4.79791666666667,-0.14799060812108
4.79930555555556,-0.243254147333883
4.80069444444444,-0.201043987000395
4.80208333333333,-0.197048113595584
4.80347222222222,-0.110845811972221
4.80486111111111,-0.167989239450601
4.80625,-0.161354716527579
4.80763888888889,-0.24261665531054
4.80902777777778,-0.302185555392314
4.81041666666667,-0.244943423906759
4.81180555555556,-0.128982336411725
4.81319444444444,-0.308814047411891
4.81458333333333,-0.289732703901271
4.81597222222222,-0.209623904452096
4.81736111111111,-0.168522485447991
4.81875,-0.216308404311326
4.82013888888889,-0.229784004704658
4.82152777777778,-0.200779769728509
4.82291666666667,-0.179988390049695
4.82430555555556,-0.214285914603118
4.82569444444444,-0.175846010564902
4.82708333333333,-0.109247825832075
4.82847222222222,0.0187602946075205
4.82986111111111,-0.15199948131532
4.83125,-0.246853116999855
4.83263888888889,-0.339266404823199
4.83402777777778,-0.327705968865901
4.83541666666667,-0.231998749409627
4.83680555555556,-0.169704796893952
4.83819444444444,-0.252467721974104
4.83958333333333,-0.277631086567703
4.84097222222222,-0.177170460779501
4.84236111111111,-0.269941629382176
4.84375,-0.160743232199238
4.84513888888889,-0.164928635704204
4.84652777777778,-0.221534877388618
4.84791666666667,-0.286187158728101
4.84930555555556,-0.294924345703453
4.85069444444444,-0.283303199077025
4.85208333333333,-0.234033903677755
4.85347222222222,-0.237914740698336
4.85486111111111,-0.177610062119366
4.85625,-0.232220260108981
4.85763888888889,-0.165973173431601
4.85902777777778,-0.181857198974564
4.86041666666667,-0.256450279374637
4.86180555555556,-0.230031323618718
4.86319444444444,-0.334308293188562
4.86458333333333,-0.243474619095113
4.86597222222222,-0.188353573585446
4.86736111111111,-0.299827468606858
4.86875,-0.295089567187912
4.87013888888889,-0.226187490781811
4.87152777777778,-0.181231629602591
4.87291666666667,-0.178707469890218
4.87430555555556,-0.221865626405978
4.87569444444444,-0.192982387355714
4.87708333333333,-0.239791067808862
4.87847222222222,-0.197651651881044
4.87986111111111,-0.138521993902772
4.88125,-0.0631001374582384
4.88263888888889,-0.13619022794492
4.88402777777778,-0.127938258986481
4.88541666666667,-0.202233024668005
4.88680555555556,-0.18561284649551
4.88819444444444,-0.247374361084375
4.88958333333333,-0.367928953810868
4.89097222222222,-0.291255273495992
4.89236111111111,-0.142387404302802
4.89375,-0.17570873126476
4.89513888888889,-0.223086451733419
4.89652777777778,-0.227729980517383
4.89791666666667,-0.259904700666044
4.89930555555556,-0.195626020386191
4.90069444444444,-0.174292242107114
4.90208333333333,-0.22435565291162
4.90347222222222,-0.215776474135088
4.90486111111111,-0.242002119649854
4.90625,-0.271019504495908
4.90763888888889,-0.30718726427211
4.90902777777778,-0.300187006658291
4.91041666666667,-0.248915602412168
4.91180555555556,-0.228208037176401
4.91319444444444,-0.164699737379307
4.91458333333333,-0.147154959935183
4.91597222222222,-0.213074743683994
4.91736111111111,-0.283372502329921
4.91875,-0.337540105580038
4.92013888888889,-0.243535615803795
4.92152777777778,-0.309433987127244
4.92291666666667,-0.19673985013772
4.92430555555556,-0.258486567047955
4.92569444444444,-0.185404133968777
4.92708333333333,-0.193518271384404
4.92847222222222,-0.169080706427139
4.92986111111111,-0.154107364623043
4.93125,-0.113125434898994
4.93263888888889,-0.149602888336312
4.93402777777778,-0.177404150364358
4.93541666666667,-0.243125597192125
4.93680555555556,-0.281647207468825
4.93819444444444,-0.194272334057648
4.93958333333333,-0.214658123919073
4.94097222222222,-0.316392250858879
4.94236111111111,-0.221106272278497
4.94375,-0.227580095965242
4.94513888888889,-0.173710870240364
4.94652777777778,-0.288676028742465
4.94791666666667,-0.319665548656811
4.94930555555556,-0.369618391334272
4.95069444444444,-0.359836381660729
4.95208333333333,-0.331288440351943
4.95347222222222,-0.323347999655738
4.95486111111111,-0.27020724987471
4.95625,-0.399544001909315
4.95763888888889,-0.220387095112957
4.95902777777778,-0.305084513487592
4.96041666666667,-0.273286500255447
4.96180555555556,-0.244666793989337
4.96319444444444,-0.239293473440717
4.96458333333333,-0.184395618333847
4.96597222222222,-0.212276620333585
4.96736111111111,-0.166964329270711
4.96875,-0.19280168633798
4.97013888888889,-0.259977389923844
4.97152777777778,-0.334346430567238
4.97291666666667,-0.288626201772709
4.97430555555556,-0.196254618241463
4.97569444444444,-0.277665886049795
4.97708333333333,-0.25645122924657
4.97847222222222,-0.177825192593668
4.97986111111111,-0.208818298793086
4.98125,-0.283179730623336
4.98263888888889,-0.208891520475461
4.98402777777778,-0.218799314775484
4.98541666666667,-0.261848852537668
4.98680555555556,-0.192597688478679
4.98819444444444,-0.23078519567175
4.98958333333333,-0.282462320077854
4.99097222222222,-0.263096505325279
4.99236111111111,-0.223143090744273
4.99375,-0.223406205797505
4.99513888888889,-0.258947495344824
4.99652777777778,-0.304460575429115
4.99791666666667,-0.339765804548591
4.99930555555556,-0.277323336913543
5.00069444444444,-0.310842441700711
5.00208333333333,-0.27366240064779
5.00347222222222,-0.246535468094224
5.00486111111111,-0.180418907617446
5.00625,-0.195146587611859
5.00763888888889,-0.259089955865931
5.00902777777778,-0.216901016602366
5.01041666666667,-0.22852377326038
5.01180555555556,-0.218830059375415
5.01319444444444,-0.197779614402038
5.01458333333333,-0.165035628269038
5.01597222222222,-0.167062419331512
5.01736111111111,-0.271638541887016
5.01875,-0.308946341325438
5.02013888888889,-0.23698524578592
5.02152777777778,-0.24352122032661
5.02291666666667,-0.215762489297971
5.02430555555556,-0.345160534106972
5.02569444444444,-0.356221302780798
5.02708333333333,-0.30651580331947
5.02847222222222,-0.283717389775787
5.02986111111111,-0.163317191088829
5.03125,-0.276481848817362
5.03263888888889,-0.259825781233737
5.03402777777778,-0.260757350943136
5.03541666666667,-0.179407587436687
5.03680555555556,-0.179868095383396
5.03819444444444,-0.197792485598608
5.03958333333333,-0.283722737726817
5.04097222222222,-0.37985875016512
5.04236111111111,-0.260421147133468
5.04375,-0.26715244606069
5.04513888888889,-0.260816721296825
5.04652777777778,-0.289756189042907
5.04791666666667,-0.336527278861123
5.04930555555556,-0.302647273008081
5.05069444444444,-0.306084051910999
5.05208333333333,-0.310302838138228
5.05347222222222,-0.33752201824136
5.05486111111111,-0.349872547765266
5.05625,-0.327305144782523
5.05763888888889,-0.302976444924001
5.05902777777778,-0.342670634317412
5.06041666666667,-0.274911669025234
5.06180555555556,-0.330137039437827
5.06319444444444,-0.258565123990971
5.06458333333333,-0.291220346014958
5.06597222222222,-0.289983890296871
5.06736111111111,-0.247133258007054
5.06875,-0.195601300706067
5.07013888888889,-0.180844179044813
5.07152777777778,-0.146737984887294
5.07291666666667,-0.141685247806042
5.07430555555556,-0.204755108462696
5.07569444444444,-0.240512843658394
5.07708333333333,-0.291402164218932
5.07847222222222,-0.261741233301836
5.07986111111111,-0.245482496152313
5.08125,-0.229097945100901
5.08263888888889,-0.308077279033774
5.08402777777778,-0.320488972154062
5.08541666666667,-0.3243266117661
5.08680555555556,-0.277226579576568
5.08819444444444,-0.284565331315867
5.08958333333333,-0.278872479214084
5.09097222222222,-0.244213750196006
5.09236111111111,-0.286708226496841
5.09375,-0.223862810033577
5.09513888888889,-0.24030248055515
5.09652777777778,-0.219165118162293
5.09791666666667,-0.295706074231507
5.09930555555556,-0.356095686588868
5.10069444444444,-0.398294239850566
5.10208333333333,-0.375545776235169
5.10347222222222,-0.32566159819422
5.10486111111111,-0.325481603255928
5.10625,-0.255140470703088
5.10763888888889,-0.272829880455234
5.10902777777778,-0.19231741784488
5.11041666666667,-0.264136173819906
5.11180555555556,-0.27834352454084
5.11319444444444,-0.267212769218947
5.11458333333333,-0.252942762262831
5.11597222222222,-0.253725630316821
5.11736111111111,-0.249247513180344
5.11875,-0.364221201988728
5.12013888888889,-0.275262108675619
5.12152777777778,-0.276520670437139
5.12291666666667,-0.218526752726435
5.12430555555556,-0.263850887517347
5.12569444444444,-0.254721607782505
5.12708333333333,-0.237578202973018
5.12847222222222,-0.288676311881137
5.12986111111111,-0.333092952428164
5.13125,-0.326725015256353
5.13263888888889,-0.342794076598335
5.13402777777778,-0.298772633005792
5.13541666666667,-0.32718786699054
5.13680555555556,-0.361908555587533
5.13819444444444,-0.459044252064725
5.13958333333333,-0.325543425565499
5.14097222222222,-0.332115887435171
5.14236111111111,-0.338993934818185
5.14375,-0.227671645820794
5.14513888888889,-0.266675150386301
5.14652777777778,-0.195756421979274
5.14791666666667,-0.281605093110538
5.14930555555556,-0.375773716202391
5.15069444444444,-0.319712761166869
5.15208333333333,-0.278174166584764
5.15347222222222,-0.195037025023386
5.15486111111111,-0.253385901507575
5.15625,-0.227594607026797
5.15763888888889,-0.237900563144054
5.15902777777778,-0.275871080198679
5.16041666666667,-0.321451591194127
5.16180555555556,-0.329648848808185
5.16319444444444,-0.206485807240539
5.16458333333333,-0.200420229900677
5.16597222222222,-0.237034649733192
5.16736111111111,-0.183020379909011
5.16875,-0.247922140657016
5.17013888888889,-0.223249861716594
5.17152777777778,-0.249512599757269
5.17291666666667,-0.23702221734631
5.17430555555556,-0.25403252050851
5.17569444444444,-0.335253481938067
5.17708333333333,-0.316734266823409
5.17847222222222,-0.304719207140984
5.17986111111111,-0.338982732298015
5.18125,-0.332035961852051
5.18263888888889,-0.265096681082836
5.18402777777778,-0.287205789760387
5.18541666666667,-0.277086121147819
5.18680555555556,-0.24804394221831
5.18819444444444,-0.230509621124761
5.18958333333333,-0.353224720937087
5.19097222222222,-0.328017040532278
5.19236111111111,-0.360169381692984
5.19375,-0.409343838092395
5.19513888888889,-0.364376385953507
5.19652777777778,-0.366576195248161
5.19791666666667,-0.434001511690486
5.19930555555556,-0.317124843785785
5.20069444444444,-0.27640891456183
5.20208333333333,-0.231451751298984
5.20347222222222,-0.305842510047484
5.20486111111111,-0.252620929927969
5.20625,-0.36124726146974
5.20763888888889,-0.288890743924856
5.20902777777778,-0.243163104467806
5.21041666666667,-0.254489835576108
5.21180555555556,-0.372425142656662
5.21319444444444,-0.35068009276808
5.21458333333333,-0.331182203587936
5.21597222222222,-0.302759653221928
5.21736111111111,-0.34585939795945
5.21875,-0.364005236272787
5.22013888888889,-0.328645198239893
5.22152777777778,-0.25694469204434
5.22291666666667,-0.27649862988047
5.22430555555556,-0.339610914102239
5.22569444444444,-0.344324729490087
5.22708333333333,-0.286132103060248
5.22847222222222,-0.313140789772264
5.22986111111111,-0.300741807896091
5.23125,-0.293407308956582
5.23263888888889,-0.235411265770049
5.23402777777778,-0.276027356199301
5.23541666666667,-0.377401974003923
5.23680555555556,-0.378868062331844
5.23819444444444,-0.313805986951436
5.23958333333333,-0.267674528341435
5.24097222222222,-0.311776299991533
5.24236111111111,-0.296624793536441
5.24375,-0.272270845998786
5.24513888888889,-0.299095137813931
5.24652777777778,-0.396550916627267
5.24791666666667,-0.429653074100073
5.24930555555556,-0.233473127415272
5.25069444444444,-0.212126271883557
5.25208333333333,-0.322218163630643
5.25347222222222,-0.231299525711593
5.25486111111111,-0.28245518924732
5.25625,-0.236887591426331
5.25763888888889,-0.27399434104456
5.25902777777778,-0.316167139111961
5.26041666666667,-0.252031341243316
5.26180555555556,-0.310760572346466
5.26319444444444,-0.277429556897798
5.26458333333333,-0.20091568813759
5.26597222222222,-0.231503234566025
5.26736111111111,-0.213835744660856
5.26875,-0.320113613704451
5.27013888888889,-0.229546264895091
5.27152777777778,-0.301579816796104
5.27291666666667,-0.295207459582433
5.27430555555556,-0.229898055492063
5.27569444444444,-0.249245478239501
5.27708333333333,-0.36769463175848
5.27847222222222,-0.272870939880486
5.27986111111111,-0.288151797159914
5.28125,-0.24010928075862
5.28263888888889,-0.277736638445281
5.28402777777778,-0.206027215125287
5.28541666666667,-0.183374684034884
5.28680555555556,-0.205916016830026
5.28819444444444,-0.221788331269852
5.28958333333333,-0.203429958051215
5.29097222222222,-0.254064312423723
5.29236111111111,-0.320207021543911
5.29375,-0.283411330228477
5.29513888888889,-0.250939772313412
5.29652777777778,-0.276217285480958
5.29791666666667,-0.198582473483449
5.29930555555556,-0.167195413454645
5.30069444444444,-0.148979228362933
5.30208333333333,-0.097935177507011
5.30347222222222,-0.0788106703838918
5.30486111111111,-0.169067444249004
5.30625,-0.178891591802692
5.30763888888889,-0.201594014363024
5.30902777777778,-0.156857036779798
5.31041666666667,-0.138299258463363
5.31180555555556,-0.281422096741806
5.31319444444444,-0.279859235040371
5.31458333333333,-0.265860372804638
5.31597222222222,-0.147464710835451
5.31736111111111,-0.130512411083881
5.31875,-0.201977172930153
5.32013888888889,-0.238293720510474
5.32152777777778,-0.207195604758081
5.32291666666667,-0.179594684685983
5.32430555555556,-0.184544327994784
5.32569444444444,-0.183655848927823
5.32708333333333,-0.187500549243512
5.32847222222222,-0.167645158648279
5.32986111111111,-0.211316205516172
5.33125,-0.217926665211494
5.33263888888889,-0.265516244381566
5.33402777777778,-0.216453376855665
5.33541666666667,-0.216164471960017
5.33680555555556,-0.174542566973285
5.33819444444444,-0.250505700612817
5.33958333333333,-0.305614591827481
5.34097222222222,-0.218434242819074
5.34236111111111,-0.152930592647304
5.34375,-0.251178524836607
5.34513888888889,-0.17329076746526
5.34652777777778,-0.199763755199452
5.34791666666667,-0.186529154142795
5.34930555555556,-0.209467197914406
5.35069444444444,-0.221695709918993
5.35208333333333,-0.262616904361973
5.35347222222222,-0.300353481522012
5.35486111111111,-0.212230628704442
5.35625,-0.201175632874191
5.35763888888889,-0.303597118015556
5.35902777777778,-0.188397215100698
5.36041666666667,-0.306621660666116
5.36180555555556,-0.203610944401878
5.36319444444444,-0.249638891966206
5.36458333333333,-0.08117950797151
5.36597222222222,-0.272721721847431
5.36736111111111,-0.274809500685943
5.36875,-0.259756119855623
5.37013888888889,-0.30960385456754
5.37152777777778,-0.276681451598284
5.37291666666667,-0.249385659031562
5.37430555555556,-0.308720574970999
5.37569444444444,-0.310166358938111
5.37708333333333,-0.272397176375663
5.37847222222222,-0.257918949751267
5.37986111111111,-0.271851931378555
5.38125,-0.250300212978687
5.38263888888889,-0.280332065343982
5.38402777777778,-0.231375809289143
5.38541666666667,-0.267018659599598
5.38680555555556,-0.291899858269681
5.38819444444444,-0.286120586013868
5.38958333333333,-0.280698447164208
5.39097222222222,-0.251192898829632
5.39236111111111,-0.267016804538626
5.39375,-0.26589872936641
5.39513888888889,-0.258709222868321
5.39652777777778,-0.275850870594129
5.39791666666667,-0.270103023023764
5.39930555555556,-0.27414459034872
5.40069444444444,-0.343465406241485
5.40208333333333,-0.205241142530072
5.40347222222222,-0.230299102456917
5.40486111111111,-0.24539990014494
5.40625,-0.201886109495756
5.40763888888889,-0.125084112994921
5.40902777777778,-0.270774750377344
5.41041666666667,-0.157030115988357
5.41180555555556,-0.211114929119565
5.41319444444444,-0.200053267006666
5.41458333333333,-0.122213759319269
5.41597222222222,-0.187426885511872
5.41736111111111,-0.185443153543655
5.41875,-0.189728037956354
5.42013888888889,-0.209333223848875
5.42152777777778,-0.272753573078816
5.42291666666667,-0.279873778848263
5.42430555555556,-0.252923347322387
5.42569444444444,-0.14116073673436
5.42708333333333,-0.105071037883838
5.42847222222222,-0.168837521989892
5.42986111111111,-0.197793180344487
5.43125,-0.201118706090893
5.43263888888889,-0.341025683314099
5.43402777777778,-0.313749737031158
5.43541666666667,-0.34116714079208
5.43680555555556,-0.353984655303981
5.43819444444444,-0.323057041058236
5.43958333333333,-0.305752762577653
5.44097222222222,-0.312205813245153
5.44236111111111,-0.25103249713702
5.44375,-0.299418003421108
5.44513888888889,-0.335092140061117
5.44652777777778,-0.362985582901047
5.44791666666667,-0.323394298432207
5.44930555555556,-0.296637213789167
5.45069444444444,-0.282153704159319
5.45208333333333,-0.228099176662829
5.45347222222222,-0.336545202479918
5.45486111111111,-0.318170247240825
5.45625,-0.255579673005838
5.45763888888889,-0.31884768451675
5.45902777777778,-0.359552081669823
5.46041666666667,-0.277251903380236
5.46180555555556,-0.328971372205107
5.46319444444444,-0.271196590905355
5.46458333333333,-0.227002554406652
5.46597222222222,-0.188419705104651
5.46736111111111,-0.244704721648716
5.46875,-0.184487200919844
5.47013888888889,-0.177553301436091
5.47152777777778,-0.252792514586421
5.47291666666667,-0.297928124537391
5.47430555555556,-0.20809934086333
5.47569444444444,-0.100192423250818
5.47708333333333,-0.173892629769885
5.47847222222222,-0.179286473209106
5.47986111111111,-0.271335298210428
5.48125,-0.233175017985275
5.48263888888889,-0.201686216518627
5.48402777777778,-0.183396398281765
5.48541666666667,-0.186091465360879
5.48680555555556,-0.162063627385847
5.48819444444444,-0.167859964578914
5.48958333333333,-0.144891460993597
5.49097222222222,-0.227951161886863
5.49236111111111,-0.20650167433117
5.49375,-0.188322831715461
5.49513888888889,-0.184602768714014
5.49652777777778,-0.162542157292053
5.49791666666667,-0.124955639757706
5.49930555555556,-0.222028487624297
5.50069444444444,-0.20836728531644
5.50208333333333,-0.209613028406864
5.50347222222222,-0.176100474960927
5.50486111111111,-0.255628641071659
5.50625,-0.178137627195903
5.50763888888889,-0.196825566954499
5.50902777777778,-0.243751150952095
5.51041666666667,-0.303947523441623
5.51180555555556,-0.316470891693115
5.51319444444444,-0.307890121930694
5.51458333333333,-0.211222284858184
5.51597222222222,-0.251864304691819
5.51736111111111,-0.244512362159729
5.51875,-0.207229504399284
5.52013888888889,-0.272386185581879
5.52152777777778,-0.182781768555761
5.52291666666667,-0.186436643178808
5.52430555555556,-0.145037016862658
5.52569444444444,-0.105950659050808
5.52708333333333,-0.113078658369502
5.52847222222222,-0.0423564676544227
5.52986111111111,-0.150237216090978
5.53125,-0.119268010624988
5.53263888888889,-0.125680387293173
5.53402777777778,-0.188710039511609
5.53541666666667,-0.233587886526699
5.53680555555556,-0.203332254327521
5.53819444444444,-0.300343534819947
5.53958333333333,-0.298646737670048
5.54097222222222,-0.273253430523824
5.54236111111111,-0.191331857408233
5.54375,-0.294044567898165
5.54513888888889,-0.177745318002189
5.54652777777778,-0.227926540444355
5.54791666666667,-0.221322244264958
5.54930555555556,-0.183975192770074
5.55069444444444,-0.167220815723732
5.55208333333333,-0.252031136914767
5.55347222222222,-0.143429029346111
5.55486111111111,-0.19749039891455
5.55625,-0.228114496872793
5.55763888888889,-0.207622107210487
5.55902777777778,-0.211989162419244
5.56041666666667,-0.283150838768446
5.56180555555556,-0.214818149335622
5.56319444444444,-0.253593535906193
5.56458333333333,-0.275796043459655
5.56597222222222,-0.276268571670914
5.56736111111111,-0.337238626538097
5.56875,-0.247571691287407
5.57013888888889,-0.326097141903011
5.57152777777778,-0.356964556620642
5.57291666666667,-0.386933338566422
5.57430555555556,-0.305060194701075
5.57569444444444,-0.269979386576395
5.57708333333333,-0.285835412185268
5.57847222222222,-0.181858734848219
5.57986111111111,-0.348531995221074
5.58125,-0.372031824961876
5.58263888888889,-0.294606200506574
5.58402777777778,-0.313885447191241
5.58541666666667,-0.317762820207217
5.58680555555556,-0.32563960307769
5.58819444444444,-0.277565636275301
5.58958333333333,-0.23239963096167
5.59097222222222,-0.242007796033077
5.59236111111111,-0.262314999129571
5.59375,-0.215506869306112
5.59513888888889,-0.18172951198837
5.59652777777778,-0.0792757570070345
5.59791666666667,-0.119942721075836
5.59930555555556,-0.290524031216816
5.60069444444444,-0.27610530200915
5.60208333333333,-0.196008434708361
5.60347222222222,-0.219309672261873
5.60486111111111,-0.239713935665938
5.60625,-0.144424771097406
5.60763888888889,-0.156379297059365
5.60902777777778,-0.0870422730591456
5.61041666666667,-0.0839614774068401
5.61180555555556,-0.228324397082579
5.61319444444444,-0.16707118443181
5.61458333333333,-0.0861665342635794
5.61597222222222,-0.126749964706658
5.61736111111111,-0.161497642729611
5.61875,-0.157236849176503
5.62013888888889,-0.212599452904828
5.62152777777778,-0.18386164416425
5.62291666666667,-0.197460788139161
5.62430555555556,-0.146795348046368
5.62569444444444,-0.171485549067056
5.62708333333333,-0.113628248374661
5.62847222222222,-0.0099264773774012
5.62986111111111,-0.0964300660140146
5.63125,-0.162715739802238
5.63263888888889,-0.0860080721096205
5.63402777777778,-0.171624027159618
5.63541666666667,-0.142621891001749
5.63680555555556,-0.137812792790958
5.63819444444444,-0.193028889772368
5.63958333333333,-0.0983837335208711
5.64097222222222,-0.190480787931601
5.64236111111111,-0.133814987407043
5.64375,-0.138149944763191
5.64513888888889,-0.151407645271568
5.64652777777778,-0.124836629610977
5.64791666666667,-0.173877641610476
5.64930555555556,-0.122364224829174
5.65069444444444,-0.191636637756669
5.65208333333333,-0.188798027141294
5.65347222222222,-0.140913088399989
5.65486111111111,-0.193469199758142
5.65625,-0.157299946249733
5.65763888888889,-0.169981980098507
5.65902777777778,-0.221637404379351
5.66041666666667,-0.222416554483086
5.66180555555556,-0.173714152366345
5.66319444444444,-0.207250740168664
5.66458333333333,-0.116934023621201
5.66597222222222,-0.082238532188797
5.66736111111111,-0.167133630715504
5.66875,-0.117743569044747
5.67013888888889,-0.18330389708381
5.67152777777778,-0.0698189974952194
5.67291666666667,-0.0918714338340922
5.67430555555556,-0.233386347281262
5.67569444444444,-0.181355305905216
5.67708333333333,-0.21715542434266
5.67847222222222,-0.244206582156788
5.67986111111111,-0.154967134146641
5.68125,-0.178238896629748
5.68263888888889,-0.125949481332548
5.68402777777778,-0.197341113380269
5.68541666666667,-0.111095657625197
5.68680555555556,-0.17061699892383
5.68819444444444,-0.030087149994817
5.68958333333333,-0.116401683210054
5.69097222222222,-0.18347846723995
5.69236111111111,-0.186407706846406
5.69375,-0.0564064618842706
5.69513888888889,-0.0175835088853797
5.69652777777778,-0.0569580330898641
5.69791666666667,-0.0712918060130538
5.69930555555556,-0.0551871351668618
5.70069444444444,-0.0760589962991656
5.70208333333333,0.109590871512156
5.70347222222222,0.0357729897223334
5.70486111111111,0.125670131437836
5.70625,0.048218370317788
5.70763888888889,0.0259661220187862
5.70902777777778,-0.0058631232277316
5.71041666666667,-0.0299441089624759
5.71180555555556,-0.0788987428018227
5.71319444444444,-0.144131192810653
5.71458333333333,-0.143273020310348
5.71597222222222,-0.220212436325608
5.71736111111111,-0.263539822424545
5.71875,-0.208630268029474
5.72013888888889,-0.19327837997921
5.72152777777778,-0.240707551856737
5.72291666666667,-0.142883273215589
5.72430555555556,-0.0832620408709208
5.72569444444444,-0.126522638960725
5.72708333333333,-0.111207771200813
5.72847222222222,-0.118807446290667
5.72986111111111,-0.135519728659242
5.73125,-0.127600448551814
5.73263888888889,-0.192829051243641
5.73402777777778,-0.175444944649187
5.73541666666667,-0.210934406105459
5.73680555555556,-0.209204288369052
5.73819444444444,-0.271755034768234
5.73958333333333,-0.245650346839702
5.74097222222222,-0.204310617379574
5.74236111111111,-0.230614029272264
5.74375,-0.252217460859798
5.74513888888889,-0.220406159797935
5.74652777777778,-0.191956942811284
5.74791666666667,-0.19563333845148
5.74930555555556,-0.23748034119023
5.75069444444444,-0.223456115034613
5.75208333333333,-0.219621493278695
5.75347222222222,-0.207976985765715
5.75486111111111,-0.176744518428116
5.75625,-0.1538367859583
5.75763888888889,-0.150053934409641
5.75902777777778,-0.211037205630145
5.76041666666667,-0.0223870870561301
5.76180555555556,-0.127379758477807
5.76319444444444,-0.22955862247241
5.76458333333333,-0.113102382289929
5.76597222222222,-0.205759401787339
5.76736111111111,-0.0513432240716597
5.76875,-0.0581553295090151
5.77013888888889,-0.226989558475301
5.77152777777778,-0.106702816076788
5.77291666666667,-0.103518593308456
5.77430555555556,-0.159661517603147
5.77569444444444,-0.126425292022068
5.77708333333333,-0.119276425316463
5.77847222222222,-0.208825012624724
5.77986111111111,-0.259228385050131
5.78125,-0.195861958288044
5.78263888888889,-0.128019609702217
5.78402777777778,-0.159646424851015
5.78541666666667,-0.196834678744747
5.78680555555556,-0.179926342658202
5.78819444444444,-0.119916161756802
5.78958333333333,-0.206525023684353
5.79097222222222,-0.236510043032627
5.79236111111111,-0.16512139463915
5.79375,-0.0861062034637916
5.79513888888889,-0.0694293706699964
5.79652777777778,-0.0987467182925553
5.79791666666667,-0.0453821942461829
5.79930555555556,-0.107463765296223
5.80069444444444,-0.128998606699629
5.80208333333333,-0.155296563213299
5.80347222222222,-0.185552840969161
5.80486111111111,-0.149183982557136
5.80625,-0.192084722607302
5.80763888888889,-0.143681374870646
5.80902777777778,-0.151207081583343
5.81041666666667,-0.0602288631089834
5.81180555555556,-0.135153796600875
5.81319444444444,-0.29223994156715
5.81458333333333,-0.247700734672146
5.81597222222222,-0.197165944417851
5.81736111111111,-0.171021786261491
5.81875,-0.15496508122092
5.82013888888889,-0.206933231040416
5.82152777777778,-0.189553230866583
5.82291666666667,-0.23219501785409
5.82430555555556,-0.117768976676494
5.82569444444444,-0.14020113021475
5.82708333333333,-0.11809414644863
5.82847222222222,-0.243616851897713
5.82986111111111,-0.190274733378689
5.83125,-0.31777398768458
5.83263888888889,-0.267066473795345
5.83402777777778,-0.239392991456531
5.83541666666667,-0.191792392905958
5.83680555555556,-0.146866650335201
5.83819444444444,-0.0922416403973977
5.83958333333333,-0.112745785969688
5.84097222222222,-0.158187318080877
5.84236111111111,-0.194931664099814
5.84375,-0.197927637250226
5.84513888888889,-0.215574283738155
5.84652777777778,-0.196788016565791
5.84791666666667,-0.181731094076647
5.84930555555556,-0.267328002916018
5.85069444444444,-0.198865196741959
5.85208333333333,-0.225518671205231
5.85347222222222,-0.203290060753059
5.85486111111111,-0.168966877452042
5.85625,-0.203434305949434
5.85763888888889,-0.153879638610742
5.85902777777778,-0.141981181556458
5.86041666666667,-0.100324026348343
5.86180555555556,-0.215949810133815
5.86319444444444,-0.129018624186686
5.86458333333333,-0.0983211991506112
5.86597222222222,-0.156451259007443
5.86736111111111,-0.115169459160539
5.86875,-0.069924868230824
5.87013888888889,-0.243601115073512
5.87152777777778,-0.199385741968517
5.87291666666667,-0.0826580404858826
5.87430555555556,-0.179847923187363
5.87569444444444,-0.203023271414506
5.87708333333333,-0.0785573582852412
5.87847222222222,-0.142810444636558
5.87986111111111,-0.109934841630485
5.88125,-0.151903136129249
5.88263888888889,-0.194106194898598
5.88402777777778,-0.153910029887823
5.88541666666667,-0.11013665665941
5.88680555555556,-0.105063341855728
5.88819444444444,-0.138934265103985
5.88958333333333,-0.0537637894554019
5.89097222222222,-0.151356343123147
5.89236111111111,-0.183591136423314
5.89375,-0.150944289772161
5.89513888888889,-0.119863927275297
5.89652777777778,-0.158002614120271
5.89791666666667,-0.123495083218533
5.89930555555556,-0.0940581225927515
5.90069444444444,-0.158428963346508
5.90208333333333,-0.175144536207709
5.90347222222222,-0.140416983941963
5.90486111111111,-0.215345898772201
5.90625,-0.3147987659833
5.90763888888889,-0.207394897895187
5.90902777777778,-0.195730414556729
5.91041666666667,-0.203666372745037
5.91180555555556,-0.151862037751169
5.91319444444444,-0.123588242294364
5.91458333333333,-0.127965994886091
5.91597222222222,-0.0653465937467134
5.91736111111111,-0.053899544446331
5.91875,-0.0948308373131993
5.92013888888889,-0.0749819678477586
5.92152777777778,-0.181460422078226
5.92291666666667,-0.0851511692289657
5.92430555555556,-0.00958742302189271
5.92569444444444,0.0106356388747879
5.92708333333333,-0.0625131463146627
5.92847222222222,-0.0413523257810887
5.92986111111111,0.0163852793061945
5.93125,-0.000753375734403524
5.93263888888889,-0.0462786991044676
5.93402777777778,-0.160719880409723
5.93541666666667,-0.161905177660367
5.93680555555556,-0.165853233332479
5.93819444444444,-0.117495404707984
5.93958333333333,-0.00994442685981374
5.94097222222222,-0.05441697498497
5.94236111111111,-0.0696457597577495
5.94375,-0.089156284211713
5.94513888888889,-0.0105152967033995
5.94652777777778,-0.0361548312159649
5.94791666666667,-0.0719650770986368
5.94930555555556,-0.0374343720160712
5.95069444444444,0.0261162282178083
5.95208333333333,-0.0714153349228616
5.95347222222222,0.0380804841349647
5.95486111111111,0.0537695017016901
5.95625,-0.0928376328667463
5.95763888888889,-0.121166614683511
5.95902777777778,-0.180920664827814
5.96041666666667,-0.125284986030147
5.96180555555556,-0.0224382304976517
5.96319444444444,-0.0179837540372265
5.96458333333333,-0.0364390759516567
5.96597222222222,-0.112719065397234
5.96736111111111,-0.114260257299928
5.96875,-0.045177034135102
5.97013888888889,0.0467484887388565
5.97152777777778,-0.00375055072777932
5.97291666666667,0.0602012025938146
5.97430555555556,-0.0192564317172587
5.97569444444444,-0.0111949021666159
5.97708333333333,-0.102238366005775
5.97847222222222,-0.0477323182124217
5.97986111111111,-0.0118610486921008
5.98125,-0.0192222236657785
5.98263888888889,-0.040579233454228
5.98402777777778,-0.097390833364503
5.98541666666667,-0.110892394314737
5.98680555555556,-0.189158438926739
5.98819444444444,-0.13898272627355
5.98958333333333,-0.166547195526719
5.99097222222222,-0.119145509070103
5.99236111111111,-0.165850235972632
5.99375,-0.143945185488487
5.99513888888889,-0.122832956582952
5.99652777777778,-0.140764507812099
5.99791666666667,-0.05732571272619
5.99930555555556,-0.104130494769436
6.00069444444444,-0.154305552931581
6.00208333333333,-0.0823646347267095
6.00347222222222,-0.0529447360342611
6.00486111111111,-0.0600923364780648
6.00625,-0.0634841238143184
6.00763888888889,-0.0488011692882999
6.00902777777778,-0.0520978316140476
6.01041666666667,-0.0738251375282164
6.01180555555556,-0.165584441310087
6.01319444444444,-0.257456001235171
6.01458333333333,-0.294442051073246
6.01597222222222,-0.218648509985724
6.01736111111111,-0.208681575730021
6.01875,-0.12077189694228
6.02013888888889,-0.128176020534295
6.02152777777778,-0.116640242308878
6.02291666666667,-0.0463002645631898
6.02430555555556,-0.0968408859070986
6.02569444444444,-0.0810119634873237
6.02708333333333,-0.112462886528582
6.02847222222222,-0.157059307266411
6.02986111111111,-0.147822584428294
6.03125,-0.0571929112438306
6.03263888888889,-0.127149176873819
6.03402777777778,-0.154296010072122
6.03541666666667,-0.00623813807862656
6.03680555555556,-0.0894520832435182
6.03819444444444,0.0656555115495357
6.03958333333333,0.0602395394764021
6.04097222222222,-0.122883294264901
6.04236111111111,-0.134699206923013
6.04375,-0.185648874645699
6.04513888888889,-0.172276426395616
6.04652777777778,-0.121621048359162
6.04791666666667,-0.118546108458229
6.04930555555556,-0.107841194052845
6.05069444444444,-0.254627662267691
6.05208333333333,-0.204734338018051
6.05347222222222,-0.208752435838756
6.05486111111111,-0.206090903681475
6.05625,-0.241088789703939
6.05763888888889,-0.20201078415365
6.05902777777778,-0.0830475251153093
6.06041666666667,-0.0996967112868364
6.06180555555556,-0.0383124316474776
6.06319444444444,-0.0559930364161849
6.06458333333333,-0.0914149202498855
6.06597222222222,-0.161767225267035
6.06736111111111,-0.0480383697051324
6.06875,-0.128722664085224
6.07013888888889,-0.171596823003012
6.07152777777778,-0.183257214603718
6.07291666666667,-0.146291929653324
6.07430555555556,-0.225343520604819
6.07569444444444,-0.208959555393139
6.07708333333333,-0.201804811153031
6.07847222222222,-0.214371839711802
6.07986111111111,-0.193047076851556
6.08125,-0.148133426806466
6.08263888888889,-0.218728880102543
6.08402777777778,-0.216358701331891
6.08541666666667,-0.109778486389822
6.08680555555556,-0.172367386026941
6.08819444444444,-0.157982244987401
6.08958333333333,-0.126448362384509
6.09097222222222,-0.165521384191855
6.09236111111111,-0.20892237181942
6.09375,-0.235385674108487
6.09513888888889,-0.215120937689272
6.09652777777778,-0.255093315607192
6.09791666666667,-0.270224432924926
6.09930555555556,-0.226706459722934
6.10069444444444,-0.124098684552472
6.10208333333333,-0.0827689502863604
6.10347222222222,-0.17604247443434
6.10486111111111,-0.187498689907472
6.10625,-0.221169099824669
6.10763888888889,-0.199496524388598
6.10902777777778,-0.215068785012397
6.11041666666667,-0.211269136073562
6.11180555555556,-0.238126165044527
6.11319444444444,-0.309813667986397
6.11458333333333,-0.284904424374745
6.11597222222222,-0.209425638007522
6.11736111111111,-0.185955579751673
6.11875,-0.175810671136921
6.12013888888889,-0.27071143700903
6.12152777777778,-0.243575575830874
6.12291666666667,-0.248135819610898
6.12430555555556,-0.20709666086784
6.12569444444444,-0.24791108643492
6.12708333333333,-0.243963389830425
6.12847222222222,-0.231799864377489
6.12986111111111,-0.210310268499012
6.13125,-0.292732840838787
6.13263888888889,-0.280045753208246
6.13402777777778,-0.251490012813366
6.13541666666667,-0.263805412346757
6.13680555555556,-0.259942180010605
6.13819444444444,-0.152640869767848
6.13958333333333,-0.255709957605485
6.14097222222222,-0.280853740805326
6.14236111111111,-0.349307931331349
6.14375,-0.325455805598583
6.14513888888889,-0.317463471817383
6.14652777777778,-0.241741950973693
6.14791666666667,-0.242969888870538
6.14930555555556,-0.251935862102242
6.15069444444444,-0.301623399501743
6.15208333333333,-0.25116040958391
6.15347222222222,-0.253991328603831
6.15486111111111,-0.302377868991099
6.15625,-0.301055264203371
6.15763888888889,-0.249688878337823
6.15902777777778,-0.181903068619872
6.16041666666667,-0.258793321390457
6.16180555555556,-0.293576252495007
6.16319444444444,-0.313283701003705
6.16458333333333,-0.191647215501258
6.16597222222222,-0.184502413598221
6.16736111111111,-0.200130954443785
6.16875,-0.246622874330603
6.17013888888889,-0.18789376461201
6.17152777777778,-0.221950482907902
6.17291666666667,-0.253398987582304
6.17430555555556,-0.241607313546677
6.17569444444444,-0.179057385649616
6.17708333333333,-0.185177605709026
6.17847222222222,-0.196139210883209
6.17986111111111,-0.196373206878898
6.18125,-0.210304878479308
6.18263888888889,-0.221623175673787
6.18402777777778,-0.209094669529911
6.18541666666667,-0.142174777922631
6.18680555555556,-0.139312647976824
6.18819444444444,-0.0575428719619695
6.18958333333333,-0.0352658811728109
6.19097222222222,-0.0932135414453418
6.19236111111111,-0.0438502885562098
6.19375,-0.196827613068325
6.19513888888889,-0.167064228318522
6.19652777777778,-0.255909816130059
6.19791666666667,-0.196826373027835
6.19930555555556,-0.127910502529149
6.20069444444444,-0.152955794294971
6.20208333333333,-0.227813754484004
6.20347222222222,-0.237582345550566
6.20486111111111,-0.202897008603358
6.20625,-0.219689759587577
6.20763888888889,-0.246553379479002
6.20902777777778,-0.2051743025192
6.21041666666667,-0.138006017063885
6.21180555555556,-0.131744065169636
6.21319444444444,-0.112938686138467
6.21458333333333,-0.124097493703572
6.21597222222222,-0.0875448304148347
6.21736111111111,-0.13059213577728
6.21875,-0.148304260442295
6.22013888888889,-0.172416063102509
6.22152777777778,-0.25841849027084
6.22291666666667,-0.301644868157874
6.22430555555556,-0.310085783213482
6.22569444444444,-0.299034046168732
6.22708333333333,-0.255063193307042
6.22847222222222,-0.207635350721726
6.22986111111111,-0.158444770270383
6.23125,-0.117487177668742
6.23263888888889,-0.180293742074243
6.23402777777778,-0.143100445972918
6.23541666666667,-0.076370246926142
6.23680555555556,-0.172372652470591
6.23819444444444,-0.189947697527455
6.23958333333333,-0.151312603689706
6.24097222222222,-0.199727166919105
6.24236111111111,-0.191003059862247
6.24375,-0.275108417181541
6.24513888888889,-0.301959237385175
6.24652777777778,-0.238830873232322
6.24791666666667,-0.273149751360375
6.24930555555556,-0.206367139165673
6.25069444444444,-0.215780522973757
6.25208333333333,-0.167331933482471
6.25347222222222,-0.122811740939728
6.25486111111111,-0.19113706333276
6.25625,-0.181851627105839
6.25763888888889,-0.228134287284734
6.25902777777778,-0.188288912955625
6.26041666666667,-0.194058641434734
6.26180555555556,-0.251161664606466
6.26319444444444,-0.29985550410161
6.26458333333333,-0.186172125158031
6.26597222222222,-0.130349662168014
6.26736111111111,-0.16979607682092
6.26875,-0.0821697055107288
6.27013888888889,-0.0824616986548437
6.27152777777778,-0.0637308989344878
6.27291666666667,-0.0879955985818448
6.27430555555556,-0.0908477198626727
6.27569444444444,-0.189495920600337
6.27708333333333,-0.199363470371115
6.27847222222222,-0.211445545498832
6.27986111111111,-0.12118422869306
6.28125,-0.0963327893764372
6.28263888888889,-0.0848415704594803
6.28402777777778,-0.136973811510959
6.28541666666667,-0.0912206491177684
6.28680555555556,-0.118380513000313
6.28819444444444,-0.0946154993553519
6.28958333333333,-0.139828637532436
6.29097222222222,-0.144883389500188
6.29236111111111,-0.122387637213657
6.29375,-0.223872600861291
6.29513888888889,-0.186651508426486
6.29652777777778,-0.212673815130831
6.29791666666667,-0.277172551121016
6.29930555555556,-0.285538808617038
6.30069444444444,-0.285480705177912
6.30208333333333,-0.260729404458766
6.30347222222222,-0.196076540738687
6.30486111111111,-0.172250813321235
6.30625,-0.198405232411027
6.30763888888889,-0.236968133300447
6.30902777777778,-0.183554936610887
6.31041666666667,-0.146184579909779
6.31180555555556,-0.131958965914524
6.31319444444444,-0.17960675528578
6.31458333333333,-0.155277178791327
6.31597222222222,-0.172133613107114
6.31736111111111,-0.132106752244427
6.31875,-0.133046513250735
6.32013888888889,-0.165599525713294
6.32152777777778,-0.0821458203097051
6.32291666666667,-0.0451823593852442
6.32430555555556,-0.151111445942411
6.32569444444444,-0.125605098053491
6.32708333333333,-0.126395232798675
6.32847222222222,-0.135414024817691
6.32986111111111,-0.191831823911436
6.33125,-0.1466592483152
6.33263888888889,-0.204949474223764
6.33402777777778,-0.104019712672643
6.33541666666667,-0.19310375987571
6.33680555555556,-0.191952033976539
6.33819444444444,-0.143042189888993
6.33958333333333,-0.165775666158552
6.34097222222222,-0.194044810659442
6.34236111111111,-0.155680230768396
6.34375,-0.182323415266406
6.34513888888889,-0.193251369114752
6.34652777777778,-0.117822842885949
6.34791666666667,-0.103213788636049
6.34930555555556,-0.098507066052877
6.35069444444444,-0.244227392874024
6.35208333333333,-0.230290980937018
6.35347222222222,-0.205413232100584
6.35486111111111,-0.162178866219693
6.35625,-0.284552329943727
6.35763888888889,-0.158902195958572
6.35902777777778,-0.157933686642625
6.36041666666667,-0.0943305305602406
6.36180555555556,-0.117851566634643
6.36319444444444,-0.218905620058852
6.36458333333333,-0.176959826136169
6.36597222222222,-0.124725191328963
6.36736111111111,-0.168831490993685
6.36875,-0.126873751479382
6.37013888888889,-0.124881198839599
6.37152777777778,-0.190844308391479
6.37291666666667,-0.18764860967647
6.37430555555556,-0.233558489505527
6.37569444444444,-0.197327397998502
6.37708333333333,-0.169761747788395
6.37847222222222,-0.18931377474769
6.37986111111111,-0.223071299792189
6.38125,-0.245957328774877
6.38263888888889,-0.205474083844505
6.38402777777778,-0.199735597987618
6.38541666666667,-0.136842858750387
6.38680555555556,-0.17266744774251
6.38819444444444,-0.188004015830605
6.38958333333333,-0.20606875207913
6.39097222222222,-0.272924618007136
6.39236111111111,-0.21722490356758
6.39375,-0.221217856902823
6.39513888888889,-0.2635392729215
6.39652777777778,-0.184602768011843
6.39791666666667,-0.237563572382673
6.39930555555556,-0.318572189456006
6.40069444444444,-0.269091555723653
6.40208333333333,-0.241645058870922
6.40347222222222,-0.2061941974079
6.40486111111111,-0.204045859203503
6.40625,-0.118747267273846
6.40763888888889,-0.177382732211118
6.40902777777778,-0.192619478719488
6.41041666666667,-0.276598084377609
6.41180555555556,-0.257069234991917
6.41319444444444,-0.157564896658695
6.41458333333333,-0.19449680496873
6.41597222222222,-0.231680039107245
6.41736111111111,-0.172307774094242
6.41875,-0.192744967597008
6.42013888888889,-0.202928134209203
6.42152777777778,-0.174898328107465
6.42291666666667,-0.149399568319708
6.42430555555556,-0.142674103886279
6.42569444444444,-0.179020151387328
6.42708333333333,-0.174500954557976
6.42847222222222,-0.165706086009821
6.42986111111111,-0.205881633296207
6.43125,-0.0831365595571796
6.43263888888889,-0.14509477404531
6.43402777777778,-0.249383446501967
6.43541666666667,-0.15279753669311
6.43680555555556,-0.147662515245367
6.43819444444444,-0.224117331593152
6.43958333333333,-0.237627777973821
6.44097222222222,-0.126301477657025
6.44236111111111,-0.203214123946626
6.44375,-0.243136006063756
6.44513888888889,-0.199743023080339
6.44652777777778,-0.158095006091222
6.44791666666667,-0.158631763346174
6.44930555555556,-0.127453564463078
6.45069444444444,-0.141963570556436
6.45208333333333,-0.203352212232189
6.45347222222222,-0.145130515693235
6.45486111111111,-0.226384475773071
6.45625,-0.305648414634619
6.45763888888889,-0.30153976076295
6.45902777777778,-0.235639487834589
6.46041666666667,-0.279205854155438
6.46180555555556,-0.246905160515585
6.46319444444444,-0.185651422861547
6.46458333333333,-0.296169248351727
6.46597222222222,-0.208455751919392
6.46736111111111,-0.183780980141338
6.46875,-0.224316608989855
6.47013888888889,-0.296995894193086
6.47152777777778,-0.263221376966404
6.47291666666667,-0.308611162769088
6.47430555555556,-0.332664692470204
6.47569444444444,-0.293340809003695
6.47708333333333,-0.31249311185319
6.47847222222222,-0.281630126555895
6.47986111111111,-0.369196454071043
6.48125,-0.313029511325414
6.48263888888889,-0.3968245768564
6.48402777777778,-0.384053834249052
6.48541666666667,-0.344230965225259
6.48680555555556,-0.29171660129131
6.48819444444444,-0.335573605525905
6.48958333333333,-0.207545812081055
6.49097222222222,-0.300166024592438
6.49236111111111,-0.334857310038387
6.49375,-0.29456126254589
6.49513888888889,-0.211156703010201
6.49652777777778,-0.2304533046517
6.49791666666667,-0.337081053001496
6.49930555555556,-0.33493730350624
6.50069444444444,-0.2755766005132
6.50208333333333,-0.291442288114638
6.50347222222222,-0.193486362110755
6.50486111111111,-0.13375323183499
6.50625,-0.191481785906029
6.50763888888889,-0.225011635885617
6.50902777777778,-0.276663217175711
6.51041666666667,-0.20011675016061
6.51180555555556,-0.125616062333993
6.51319444444444,-0.250469973435584
6.51458333333333,-0.284637846152412
6.51597222222222,-0.280474156080238
6.51736111111111,-0.290147744132093
6.51875,-0.228868256838755
6.52013888888889,-0.210955697585765
6.52152777777778,-0.225592105244157
6.52291666666667,-0.265840936514562
6.52430555555556,-0.282252991277758
6.52569444444444,-0.26683219349965
6.52708333333333,-0.313707476351844
6.52847222222222,-0.269427569906245
6.52986111111111,-0.234019583601859
6.53125,-0.2735729551848
6.53263888888889,-0.314438299004896
6.53402777777778,-0.370045349205583
6.53541666666667,-0.369037586022379
6.53680555555556,-0.363490206568308
6.53819444444444,-0.38118868829853
6.53958333333333,-0.315071148104829
6.54097222222222,-0.288461605138763
6.54236111111111,-0.231401998901748
6.54375,-0.274564709276974
6.54513888888889,-0.286773540472954
6.54652777777778,-0.217664988076695
6.54791666666667,-0.267353034244268
6.54930555555556,-0.235940183188863
6.55069444444444,-0.220050164158796
6.55208333333333,-0.241858357756833
6.55347222222222,-0.230148025448059
6.55486111111111,-0.225048138517782
6.55625,-0.177600390618336
6.55763888888889,-0.214698555914868
6.55902777777778,-0.293043341239746
6.56041666666667,-0.323352853481876
6.56180555555556,-0.36991404712361
6.56319444444444,-0.280998733362401
6.56458333333333,-0.185787850896559
6.56597222222222,-0.125997398871163
6.56736111111111,-0.189208366904872
6.56875,-0.21710425830976
6.57013888888889,-0.20838739531824
6.57152777777778,-0.299998253178305
6.57291666666667,-0.19554529705092
6.57430555555556,-0.260075382848537
6.57569444444444,-0.164201179329713
6.57708333333333,-0.265373582114544
6.57847222222222,-0.267411819029557
6.57986111111111,-0.169287365245479
6.58125,-0.161915866938629
6.58263888888889,-0.236722723612282
6.58402777777778,-0.219544202442427
6.58541666666667,-0.194056206218602
6.58680555555556,-0.303943112986178
6.58819444444444,-0.27507240981259
6.58958333333333,-0.261793347351756
6.59097222222222,-0.18354482394635
6.59236111111111,-0.181398002900463
6.59375,-0.17117060681557
6.59513888888889,-0.166124519940007
6.59652777777778,-0.284055371814273
6.59791666666667,-0.308256504504439
6.59930555555556,-0.275973640084748
6.60069444444444,-0.283584253762607
6.60208333333333,-0.320231825472884
6.60347222222222,-0.375830462702625
6.60486111111111,-0.408506185893019
6.60625,-0.271428194010727
6.60763888888889,-0.272154589104288
6.60902777777778,-0.287131310306332
6.61041666666667,-0.278360850925877
6.61180555555556,-0.281819814518292
6.61319444444444,-0.275648411097317
6.61458333333333,-0.252148608913698
6.61597222222222,-0.339960120921853
6.61736111111111,-0.303942956860731
6.61875,-0.258764858344799
6.62013888888889,-0.225377098573865
6.62152777777778,-0.259480667908209
6.62291666666667,-0.318471226071208
6.62430555555556,-0.300433911986003
6.62569444444444,-0.236295487973051
6.62708333333333,-0.206387514025608
6.62847222222222,-0.239499935569649
6.62986111111111,-0.160605281093048
6.63125,-0.165520686566291
6.63263888888889,-0.19593378335132
6.63402777777778,-0.303366282250928
6.63541666666667,-0.263872999978172
6.63680555555556,-0.349532545052896
6.63819444444444,-0.352716284345445
6.63958333333333,-0.442391438715027
6.64097222222222,-0.391751663732979
6.64236111111111,-0.311537153032931
6.64375,-0.216378085077604
6.64513888888889,-0.29298281003572
6.64652777777778,-0.297859933846441
6.64791666666667,-0.307527292391062
6.64930555555556,-0.327080088369037
6.65069444444444,-0.214886012146594
6.65208333333333,-0.261291178934259
6.65347222222222,-0.37086666362355
6.65486111111111,-0.322899233133126
6.65625,-0.317067348057056
6.65763888888889,-0.292458807919672
6.65902777777778,-0.276577481955335
6.66041666666667,-0.25550407608022
6.66180555555556,-0.266087601746167
6.66319444444444,-0.222208142646178
6.66458333333333,-0.211632445129841
6.66597222222222,-0.33576901651553
6.66736111111111,-0.297885667391448
6.66875,-0.346804102666567
6.67013888888889,-0.245923473436052
6.67152777777778,-0.169332169909298
6.67291666666667,-0.214960008742902
6.67430555555556,-0.252695214966798
6.67569444444444,-0.297802095984552
6.67708333333333,-0.370070867624628
6.67847222222222,-0.344113689240934
6.67986111111111,-0.303934769525923
6.68125,-0.17052262112442
6.68263888888889,-0.281126640043526
6.68402777777778,-0.320598318160626
6.68541666666667,-0.378204737741873
6.68680555555556,-0.371107335520859
6.68819444444444,-0.348789992960727
6.68958333333333,-0.352669767583019
6.69097222222222,-0.387555585956788
6.69236111111111,-0.337628839524018
6.69375,-0.419653845951128
6.69513888888889,-0.400362153920365
6.69652777777778,-0.424609138688324
6.69791666666667,-0.354770399369956
6.69930555555556,-0.391788656801839
6.70069444444444,-0.447425441160735
6.70208333333333,-0.423047923645751
6.70347222222222,-0.499336187462143
6.70486111111111,-0.425441316197289
6.70625,-0.386001574667987
6.70763888888889,-0.355076082663359
6.70902777777778,-0.403074931098368
6.71041666666667,-0.444210376276783
6.71180555555556,-0.399654786426028
6.71319444444444,-0.388610001882599
6.71458333333333,-0.395725119262836
6.71597222222222,-0.262053071691513
6.71736111111111,-0.288873712394447
6.71875,-0.367293123115671
6.72013888888889,-0.426037548656573
6.72152777777778,-0.346287324389865
6.72291666666667,-0.298339121501101
6.72430555555556,-0.351874501753795
6.72569444444444,-0.338080218308578
6.72708333333333,-0.330222456504622
6.72847222222222,-0.367419954085631
6.72986111111111,-0.32458118775323
6.73125,-0.339277352177189
6.73263888888889,-0.396643584483553
6.73402777777778,-0.40170951290268
6.73541666666667,-0.40734924355834
6.73680555555556,-0.422129254271165
6.73819444444444,-0.459030337075448
6.73958333333333,-0.448385549389933
6.74097222222222,-0.409383476964438
6.74236111111111,-0.366243917846475
6.74375,-0.258287764353839
6.74513888888889,-0.312513664236306
6.74652777777778,-0.324855427064566
6.74791666666667,-0.35809567314827
6.74930555555556,-0.334332050394741
6.75069444444444,-0.262179438090791
6.75208333333333,-0.322709260302833
6.75347222222222,-0.293303870214498
6.75486111111111,-0.295124234753322
6.75625,-0.426972168626228
6.75763888888889,-0.364591031060135
6.75902777777778,-0.386181359350531
6.76041666666667,-0.302740261997195
6.76180555555556,-0.300105130682559
6.76319444444444,-0.262472605947009
6.76458333333333,-0.321570467148816
6.76597222222222,-0.339374754422892
6.76736111111111,-0.270699963303584
6.76875,-0.290584825466404
6.77013888888889,-0.234645849765968
6.77152777777778,-0.170415219682091
6.77291666666667,-0.20985272815907
6.77430555555556,-0.250015886736042
6.77569444444444,-0.256847969211578
6.77708333333333,-0.245671391194231
6.77847222222222,-0.256482966354183
6.77986111111111,-0.28356464604952
6.78125,-0.3078941084619
6.78263888888889,-0.35279939164176
6.78402777777778,-0.263284018474818
6.78541666666667,-0.181770964587826
6.78680555555556,-0.326427123604635
6.78819444444444,-0.21649933114572
6.78958333333333,-0.268637555742753
6.79097222222222,-0.317527623487067
6.79236111111111,-0.371834320963643
6.79375,-0.256088901823184
6.79513888888889,-0.220076832077305
6.79652777777778,-0.254604377580536
6.79791666666667,-0.242063147586087
6.79930555555556,-0.290704012279189
6.80069444444444,-0.224960130061289
6.80208333333333,-0.173453026967137
6.80347222222222,-0.21387227671234
6.80486111111111,-0.245341559367442
6.80625,-0.327541561679493
6.80763888888889,-0.366382892020177
6.80902777777778,-0.325983060590476
6.81041666666667,-0.280534866229596
6.81180555555556,-0.240269546310204
6.81319444444444,-0.219351181711294
6.81458333333333,-0.161309996575353
6.81597222222222,-0.228934988672307
6.81736111111111,-0.265161123432552
6.81875,-0.28314338779115
6.82013888888889,-0.297552358240032
6.82152777777778,-0.319175318981728
6.82291666666667,-0.237056374507398
6.82430555555556,-0.185796160532539
6.82569444444444,-0.10721201618118
6.82708333333333,-0.142019969391926
6.82847222222222,-0.20506830735066
6.82986111111111,-0.245532687016749
6.83125,-0.223509366084209
6.83263888888889,-0.34409855790106
6.83402777777778,-0.388725667619055
6.83541666666667,-0.37840038698469
6.83680555555556,-0.23131222266193
6.83819444444444,-0.298105878102974
6.83958333333333,-0.317649774279854
6.84097222222222,-0.251219814674391
6.84236111111111,-0.218055268600342
6.84375,-0.188252735501952
6.84513888888889,-0.21596474913761
6.84652777777778,-0.213851389483219
6.84791666666667,-0.256696262143081
6.84930555555556,-0.264515559145813
6.85069444444444,-0.260816389619277
6.85208333333333,-0.245539002587701
6.85347222222222,-0.290358939496509
6.85486111111111,-0.264913887606592
6.85625,-0.281078968827173
6.85763888888889,-0.29065476674777
6.85902777777778,-0.235626877992196
6.86041666666667,-0.265478482655276
6.86180555555556,-0.297605089440763
6.86319444444444,-0.235187496364633
6.86458333333333,-0.23717712862812
6.86597222222222,-0.303353851864199
6.86736111111111,-0.366102350157985
6.86875,-0.335212972377648
6.87013888888889,-0.256375411612724
6.87152777777778,-0.25438567647698
6.87291666666667,-0.302950957581115
6.87430555555556,-0.302681066759272
6.87569444444444,-0.234854183378601
6.87708333333333,-0.202675024951415
6.87847222222222,-0.222367970569458
6.87986111111111,-0.242379036340049
6.88125,-0.230046734897732
6.88263888888889,-0.235932697018829
6.88402777777778,-0.189379220232073
6.88541666666667,-0.189757253059898
6.88680555555556,-0.255497624695494
6.88819444444444,-0.245032583440831
6.88958333333333,-0.228871649276677
6.89097222222222,-0.386028767476448
6.89236111111111,-0.204635882002885
6.89375,-0.234251507675974
6.89513888888889,-0.231131618058235
6.89652777777778,-0.245250293396357
6.89791666666667,-0.227668408811259
6.89930555555556,-0.294480704642485
6.90069444444444,-0.259246278924402
6.90208333333333,-0.25761322463404
6.90347222222222,-0.286162359366532
6.90486111111111,-0.308038082046704
6.90625,-0.328691442507123
6.90763888888889,-0.220664702763998
6.90902777777778,-0.25621055386048
6.91041666666667,-0.330605954908012
6.91180555555556,-0.252532479210661
6.91319444444444,-0.288444220098812
6.91458333333333,-0.248700288469637
6.91597222222222,-0.228452208176738
6.91736111111111,-0.291318438586807
6.91875,-0.283723392218211
6.92013888888889,-0.191219270315514
6.92152777777778,-0.256688484514681
6.92291666666667,-0.266517333242555
6.92430555555556,-0.27260267495358
6.92569444444444,-0.249534652022714
6.92708333333333,-0.325302044553845
6.92847222222222,-0.311290760781321
6.92986111111111,-0.308668808224153
6.93125,-0.248613862210654
6.93263888888889,-0.267708827672449
6.93402777777778,-0.332244968967958
6.93541666666667,-0.269673010954218
6.93680555555556,-0.190956011120252
6.93819444444444,-0.274195597576147
6.93958333333333,-0.231882738161925
6.94097222222222,-0.279727504340498
6.94236111111111,-0.194885935823158
6.94375,-0.168355703343175
6.94513888888889,-0.247263931558792
6.94652777777778,-0.221586721256417
6.94791666666667,-0.128641875512086
6.94930555555556,-0.184394093878956
6.95069444444444,-0.153090075812892
6.95208333333333,-0.174360660870267
6.95347222222222,-0.177767098665104
6.95486111111111,-0.169616628843395
6.95625,-0.193598381248518
6.95763888888889,-0.175776164071733
6.95902777777778,-0.21348700038562
6.96041666666667,-0.224736020113213
6.96180555555556,-0.286739677124545
6.96319444444444,-0.240188986668979
6.96458333333333,-0.22099502482115
6.96597222222222,-0.181216870942002
6.96736111111111,-0.260338026606067
6.96875,-0.299327957275863
6.97013888888889,-0.316463190935529
6.97152777777778,-0.353260456483139
6.97291666666667,-0.396595312040518
6.97430555555556,-0.331465855261395
6.97569444444444,-0.367449895607144
6.97708333333333,-0.414915142482256
6.97847222222222,-0.315978961463701
6.97986111111111,-0.357882384074336
6.98125,-0.421658799626168
6.98263888888889,-0.335760200154017
6.98402777777778,-0.381338090713736
6.98541666666667,-0.279138930710169
6.98680555555556,-0.249777727350588
6.98819444444444,-0.223086691847712
6.98958333333333,-0.29477740519861
6.99097222222222,-0.305774511667045
6.99236111111111,-0.307718566380038
6.99375,-0.323235091680789
6.99513888888889,-0.295140981016857
6.99652777777778,-0.227027511951833
6.99791666666667,-0.254009662334929
6.99930555555556,-0.260332977491756
7.00069444444444,-0.301599617703468
7.00208333333333,-0.304743360958153
7.00347222222222,-0.263535245793289
7.00486111111111,-0.241829491263364
7.00625,-0.244972243686251
7.00763888888889,-0.314074711060882
7.00902777777778,-0.226802279783355
7.01041666666667,-0.262456973113843
7.01180555555556,-0.299396840935023
7.01319444444444,-0.231760559443772
7.01458333333333,-0.300005114547331
7.01597222222222,-0.278922192897291
7.01736111111111,-0.215821530971748
7.01875,-0.198081484273592
7.02013888888889,-0.265053188944164
7.02152777777778,-0.208501945241992
7.02291666666667,-0.233579878018691
7.02430555555556,-0.181063438299693
7.02569444444444,-0.0912891980086971
7.02708333333333,-0.076490033959403
7.02847222222222,-0.0840417661358543
7.02986111111111,-0.125916619479529
7.03125,-0.0770087433024817
7.03263888888889,-0.073375763344171
7.03402777777778,-0.066640259611766
7.03541666666667,-0.0686870330698969
7.03680555555556,-0.0835852943059113
7.03819444444444,-0.0979524210504316
7.03958333333333,-0.135081234262801
7.04097222222222,-0.0184833351714954
7.04236111111111,-0.0481684649886881
7.04375,-0.139523936193408
7.04513888888889,-0.12764778443263
7.04652777777778,-0.137996192788081
7.04791666666667,-0.12672749172082
7.04930555555556,-0.0876845949048409
7.05069444444444,-0.1634673625768
7.05208333333333,-0.202214919721937
7.05347222222222,-0.173316131629822
7.05486111111111,-0.11875751876806
7.05625,-0.0749217927532212
7.05763888888889,-0.143573571974625
7.05902777777778,-0.138095561875853
7.06041666666667,-0.156388112161167
7.06180555555556,-0.147968373969045
7.06319444444444,-0.139499352914828
7.06458333333333,-0.119916915556653
7.06597222222222,-0.0607645266882341
7.06736111111111,-0.0832440223458106
7.06875,-0.0605284770215413
7.07013888888889,-0.194711606682787
7.07152777777778,-0.162708937366566
7.07291666666667,-0.134019279368616
7.07430555555556,-0.193773403715023
7.07569444444444,-0.181464670802902
7.07708333333333,-0.115972998322569
7.07847222222222,-0.17796076905877
7.07986111111111,-0.163810034446562
7.08125,-0.12574371082186
7.08263888888889,-0.185232274455242
7.08402777777778,-0.149221236198687
7.08541666666667,-0.198861417866286
7.08680555555556,-0.1309628804621
7.08819444444444,-0.139641284859361
7.08958333333333,-0.13745675512579
7.09097222222222,-0.169885702733714
7.09236111111111,-0.138684063073304
7.09375,-0.198317713469646
7.09513888888889,-0.219315565431743
7.09652777777778,-0.250892074530142
7.09791666666667,-0.181697434767255
7.09930555555556,-0.220347026932524
7.10069444444444,-0.18225996381419
7.10208333333333,-0.174760846497845
7.10347222222222,-0.187297544861851
7.10486111111111,-0.162985366150832
7.10625,-0.138924472049387
7.10763888888889,-0.0211766979647721
7.10902777777778,-0.0845850387315369
7.11041666666667,-0.125782352195023
7.11180555555556,-0.0960975649764653
7.11319444444444,-0.0881902373136973
7.11458333333333,-0.138741348469519
7.11597222222222,-0.150286884073874
7.11736111111111,-0.171578832247709
7.11875,-0.144868275942331
7.12013888888889,-0.138151848993179
7.12152777777778,-0.148512549865235
7.12291666666667,-0.162743697029308
7.12430555555556,-0.132353188606783
7.12569444444444,-0.137816237288244
7.12708333333333,-0.1686059414123
7.12847222222222,-0.150535913480022
7.12986111111111,-0.217578343701844
7.13125,-0.194301934584749
7.13263888888889,-0.207682058338222
7.13402777777778,-0.214649444293152
7.13541666666667,-0.162959047969364
7.13680555555556,-0.051845853859584
7.13819444444444,-0.0662181135779273
7.13958333333333,-0.00351105957499933
7.14097222222222,-0.0737031492941101
7.14236111111111,-0.120492102563494
7.14375,-0.0527828582422571
7.14513888888889,-0.0697680461913989
7.14652777777778,-0.0398562752031586
7.14791666666667,-0.0756499685718923
7.14930555555556,-0.114721409191532
7.15069444444444,-0.050671529307546
7.15208333333333,-0.0573076529060313
7.15347222222222,-0.0586320414767687
7.15486111111111,-0.0779521475934103
7.15625,-0.0391736413735701
7.15763888888889,-0.0454718202708159
7.15902777777778,0.00724391620788265
7.16041666666667,-0.0322368761229172
7.16180555555556,-0.0632132393610006
7.16319444444444,-0.0356239556397583
7.16458333333333,0.00689392399382838
7.16597222222222,-0.0371112407700983
7.16736111111111,-0.0901659155559179
7.16875,-0.11695222551569
7.17013888888889,-0.131184725221997
7.17152777777778,-0.0580918434965975
7.17291666666667,-0.0912729146039032
7.17430555555556,-0.146971923775418
7.17569444444444,-0.167027168566886
7.17708333333333,-0.131727332440176
7.17847222222222,-0.0685303473679666
7.17986111111111,-0.0325041927715472
7.18125,-0.0546542157093075
7.18263888888889,-0.0366040547912867
7.18402777777778,0.018829709695942
7.18541666666667,0.0251159357975372
7.18680555555556,-0.0179907665464793
7.18819444444444,-0.0871172695097625
7.18958333333333,-0.0456993683550163
7.19097222222222,-0.155842379876975
7.19236111111111,-0.0589841784097593
7.19375,-0.0424246000811277
7.19513888888889,-0.0741715998445797
7.19652777777778,-0.106835364833799
7.19791666666667,-0.0312171167220856
7.19930555555556,-0.0423412826005233
7.20069444444444,-0.0399814778594994
7.20208333333333,-0.140775767153784
7.20347222222222,-0.0840618871670604
7.20486111111111,-0.0684977049406488
7.20625,-0.0177983930611596
7.20763888888889,-0.0767578602159465
7.20902777777778,-0.089402513931564
7.21041666666667,-0.0895951162284198
7.21180555555556,-0.0936337536607044
7.21319444444444,-0.127612023698242
7.21458333333333,-0.0879761880284672
7.21597222222222,-0.0306115784321385
7.21736111111111,-0.0677052059020559
7.21875,-0.0226522203565794
7.22013888888889,-0.0247833594274412
7.22152777777778,-0.0807824079660926
7.22291666666667,-0.112591501741692
7.22430555555556,-0.0706724800935306
7.22569444444444,-0.0956677636444161
7.22708333333333,-0.0724455322557915
7.22847222222222,-0.0890420786077731
7.22986111111111,-0.114392541116684
7.23125,-0.0890858263267891
7.23263888888889,-0.19452610824343
7.23402777777778,-0.110766337332244
7.23541666666667,-0.18072210100391
7.23680555555556,-0.266386948690792
7.23819444444444,-0.123609545518661
7.23958333333333,-0.13428471747537
7.24097222222222,0.0149314678768802
7.24236111111111,-0.109373899347234
7.24375,-0.13292219031492
7.24513888888889,-0.109868208753723
7.24652777777778,-0.145851074937224
7.24791666666667,-0.286347991493305
7.24930555555556,-0.115679855031923
7.25069444444444,-0.102585869032421
7.25208333333333,-0.140434282849094
7.25347222222222,-0.15293277824812
7.25486111111111,-0.0980617924964237
7.25625,-0.0355325151895644
7.25763888888889,-0.124135917596063
7.25902777777778,-0.153587715860055
7.26041666666667,-0.179498342183785
7.26180555555556,-0.202230346099699
7.26319444444444,-0.204176881691369
7.26458333333333,-0.0781701953095778
7.26597222222222,-0.146154233006314
7.26736111111111,-0.177573576952506
7.26875,-0.192866644766791
7.27013888888889,-0.210906671775284
7.27152777777778,-0.177108473078108
7.27291666666667,-0.136953176880756
7.27430555555556,-0.112516042719935
7.27569444444444,-0.155683615491002
7.27708333333333,-0.101631104773701
7.27847222222222,-0.119233270721386
7.27986111111111,-0.236808291990722
7.28125,-0.17708876771617
7.28263888888889,-0.115057008515597
7.28402777777778,-0.0979398363170615
7.28541666666667,-0.0540768026919262
7.28680555555556,-0.120576627570743
7.28819444444444,-0.194909658152273
7.28958333333333,-0.161879644987261
7.29097222222222,-0.126869451847388
7.29236111111111,-0.122268131606086
7.29375,-0.151428729229865
7.29513888888889,-0.188564545623593
7.29652777777778,-0.195269490173876
7.29791666666667,-0.168149935261381
7.29930555555556,-0.14196742774684
7.30069444444444,-0.142752618365777
7.30208333333333,-0.18512860754588
7.30347222222222,-0.189043721605052
7.30486111111111,-0.161831186477866
7.30625,-0.143414475925959
7.30763888888889,-0.129088747312963
7.30902777777778,-0.135018272498873
7.31041666666667,-0.181237642914021
7.31180555555556,-0.203869332708864
7.31319444444444,-0.191195555736375
7.31458333333333,-0.233019707480514
7.31597222222222,-0.235589737648504
7.31736111111111,-0.19796856590539
7.31875,-0.196266783458745
7.32013888888889,-0.267394364525385
7.32152777777778,-0.167139878281476
7.32291666666667,-0.260842567852144
7.32430555555556,-0.192764155862214
7.32569444444444,-0.163613533504921
7.32708333333333,-0.172477725263569
7.32847222222222,-0.184542132240189
7.32986111111111,-0.119526934055181
7.33125,-0.197186240849306
7.33263888888889,-0.119677709616511
7.33402777777778,-0.157647617908825
7.33541666666667,-0.168438451459974
7.33680555555556,-0.0962129222711242
7.33819444444444,-0.0654200509998614
7.33958333333333,-0.198107102830571
7.34097222222222,-0.0629886023409587
7.34236111111111,-0.130675440683802
7.34375,-0.0742415403429433
7.34513888888889,-0.0745532756416652
7.34652777777778,-0.15438490112238
7.34791666666667,-0.0778566061519211
7.34930555555556,-0.100910012862085
7.35069444444444,-0.0789546660814594
7.35208333333333,-0.0787195165407689
7.35347222222222,-0.0391325129922473
7.35486111111111,-0.0825657111593412
7.35625,-0.0652173436441446
7.35763888888889,-0.131364558287112
7.35902777777778,-0.29033560289744
7.36041666666667,-0.231361876829107
7.36180555555556,-0.159244242216588
7.36319444444444,-0.138454508818484
7.36458333333333,-0.0923347141954888
7.36597222222222,-0.136852333062567
7.36736111111111,-0.162566274447075
7.36875,-0.0762432782576338
7.37013888888889,-0.139103591792371
7.37152777777778,-0.0522905979871282
7.37291666666667,-0.0704091133579515
7.37430555555556,-0.176689939304083
7.37569444444444,-0.228538771632
7.37708333333333,-0.216139716556002
7.37847222222222,-0.217430378775856
7.37986111111111,-0.169824030603117
7.38125,-0.184428941345478
7.38263888888889,-0.183516001493396
7.38402777777778,-0.198414030088155
7.38541666666667,-0.140623711085361
7.38680555555556,-0.0832669640277449
7.38819444444444,-0.0920407313340539
7.38958333333333,-0.138188239330797
7.39097222222222,-0.116689747322314
7.39236111111111,-0.154564630511842
7.39375,-0.237428135227348
7.39513888888889,-0.140294075094295
7.39652777777778,-0.138174002699119
7.39791666666667,-0.158583262977845
7.39930555555556,-0.0839413339663694
7.40069444444444,-0.135278721834969
7.40208333333333,-0.129167239668899
7.40347222222222,-0.239739479013276
7.40486111111111,-0.191474128691768
7.40625,-0.194831538448981
7.40763888888889,-0.156849526076652
7.40902777777778,-0.200996161662843
7.41041666666667,-0.189824928805109
7.41180555555556,-0.152226542055472
7.41319444444444,-0.129008296377236
7.41458333333333,-0.165827750667186
7.41597222222222,-0.237079757244011
7.41736111111111,-0.140352298788598
7.41875,-0.127794342295815
7.42013888888889,-0.100428998525274
7.42152777777778,-0.109258906683476
7.42291666666667,-0.154427361354607
7.42430555555556,-0.0647879781747977
7.42569444444444,-0.137911171905946
7.42708333333333,-0.205401965345882
7.42847222222222,-0.163561299700478
7.42986111111111,-0.264365303878899
7.43125,-0.211584585234438
7.43263888888889,-0.216773082551171
7.43402777777778,-0.190681749504775
7.43541666666667,-0.206299209871461
7.43680555555556,-0.21820982016831
7.43819444444444,-0.19038738282671
7.43958333333333,-0.240577875254056
7.44097222222222,-0.250806575273194
7.44236111111111,-0.247514993257637
7.44375,-0.245050964755788
7.44513888888889,-0.202486487259232
7.44652777777778,-0.220006233596568
7.44791666666667,-0.27343996377964
7.44930555555556,-0.277113605928426
7.45069444444444,-0.261901603362323
7.45208333333333,-0.190989188149347
7.45347222222222,-0.205025865032792
7.45486111111111,-0.229016033917996
7.45625,-0.27954016265366
7.45763888888889,-0.278474735791824
7.45902777777778,-0.243255436911013
7.46041666666667,-0.27170209598143
7.46180555555556,-0.254108413626855
7.46319444444444,-0.233290768755069
7.46458333333333,-0.206039409048607
7.46597222222222,-0.23493518649304
7.46736111111111,-0.22383342786514
7.46875,-0.242782496979476
7.47013888888889,-0.286767235602176
7.47152777777778,-0.188103544784414
7.47291666666667,-0.179546503593197
7.47430555555556,-0.200379771670914
7.47569444444444,-0.238915170452517
7.47708333333333,-0.297509890445677
7.47847222222222,-0.293176108313914
7.47986111111111,-0.287914326787873
7.48125,-0.310965162635548
7.48263888888889,-0.229159596924237
7.48402777777778,-0.169543142038716
7.48541666666667,-0.196116640264709
7.48680555555556,-0.233623892651138
7.48819444444444,-0.15376299420188
7.48958333333333,-0.221908054679002
7.49097222222222,-0.292134019562983
7.49236111111111,-0.176863328020582
7.49375,-0.156013058547435
7.49513888888889,-0.20517807148369
7.49652777777778,-0.250919777759463
7.49791666666667,-0.232638405882774
7.49930555555556,-0.265676930604177
7.50069444444444,-0.24038771531501
7.50208333333333,-0.279428651285058
7.50347222222222,-0.263394037685744
7.50486111111111,-0.299215091833618
7.50625,-0.173221409122243
7.50763888888889,-0.125307992721919
7.50902777777778,-0.158191562587295
7.51041666666667,-0.209503389358457
7.51180555555556,-0.253729011332558
7.51319444444444,-0.210674032609613
7.51458333333333,-0.216590649754377
7.51597222222222,-0.139812609184059
7.51736111111111,-0.109475881510988
7.51875,-0.252639111475206
7.52013888888889,-0.209204593197825
7.52152777777778,-0.271462359294113
7.52291666666667,-0.268422491155806
7.52430555555556,-0.222684504254813
7.52569444444444,-0.242709926682323
7.52708333333333,-0.211674540377832
7.52847222222222,-0.217192906612312
7.52986111111111,-0.168599476785177
7.53125,-0.245175960990814
7.53263888888889,-0.239067618031182
7.53402777777778,-0.324100653706608
7.53541666666667,-0.343038599728754
7.53680555555556,-0.29326854144021
7.53819444444444,-0.257092003185888
7.53958333333333,-0.262687777747392
7.54097222222222,-0.207295246152912
7.54236111111111,-0.258316573343651
7.54375,-0.26302760344535
7.54513888888889,-0.284671406829591
7.54652777777778,-0.259153292166369
7.54791666666667,-0.237808857712529
7.54930555555556,-0.271558297304813
7.55069444444444,-0.267850953671354
7.55208333333333,-0.221224279360261
7.55347222222222,-0.248053851400886
7.55486111111111,-0.267233972748443
7.55625,-0.25682409528193
7.55763888888889,-0.24731999332832
7.55902777777778,-0.246352785710587
7.56041666666667,-0.198066144268975
7.56180555555556,-0.19778956581352
7.56319444444444,-0.208556808925797
7.56458333333333,-0.211284340000322
7.56597222222222,-0.171792195381201
7.56736111111111,-0.150309837377422
7.56875,-0.114906426187879
7.57013888888889,-0.0376953132196709
7.57152777777778,-0.165322516174433
7.57291666666667,-0.135720251402832
7.57430555555556,-0.161382581222832
7.57569444444444,-0.0983836177028181
7.57708333333333,-0.163266456772869
7.57847222222222,-0.136088765491329
7.57986111111111,-0.258401398289384
7.58125,-0.265140357376757
7.58263888888889,-0.201893178374676
7.58402777777778,-0.177381325941791
7.58541666666667,-0.148680404817024
7.58680555555556,-0.24972961839647
7.58819444444444,-0.252658473930542
7.58958333333333,-0.213497632154525
7.59097222222222,-0.162070365613802
7.59236111111111,-0.144854738400289
7.59375,-0.114573744322878
7.59513888888889,-0.279206224001012
7.59652777777778,-0.234192286277737
7.59791666666667,-0.212656799522166
7.59930555555556,-0.226617002306125
7.60069444444444,-0.181616457707827
7.60208333333333,-0.152447235893296
7.60347222222222,-0.0788317882106778
7.60486111111111,-0.134177071163292
7.60625,-0.0942289804514874
7.60763888888889,-0.209908591490288
7.60902777777778,-0.176076640167854
7.61041666666667,-0.178461700547697
7.61180555555556,-0.226649012208053
7.61319444444444,-0.222020233721177
7.61458333333333,-0.29645067439268
7.61597222222222,-0.245675071195168
7.61736111111111,-0.239859454866995
7.61875,-0.148341776744982
7.62013888888889,-0.191538295430955
7.62152777777778,-0.177302790263827
7.62291666666667,-0.205021510721678
7.62430555555556,-0.140914862421812
7.62569444444444,-0.158361149040113
7.62708333333333,-0.13994452542429
7.62847222222222,-0.107998739490233
7.62986111111111,-0.153022525642945
7.63125,-0.0954543496862195
7.63263888888889,-0.0931096685913916
7.63402777777778,-0.146058831013849
7.63541666666667,-0.125408342876924
7.63680555555556,-0.133843839012188
7.63819444444444,-0.156061830765851
7.63958333333333,-0.223866886763159
7.64097222222222,-0.261950942514946
7.64236111111111,-0.219020793321335
7.64375,-0.215011112632815
7.64513888888889,-0.160628595810262
7.64652777777778,-0.0734219869971518
7.64791666666667,-0.125387972234712
7.64930555555556,-0.0940632300634465
7.65069444444444,-0.0395295131004941
7.65208333333333,-0.0964964867370725
7.65347222222222,-0.0322382225171794
7.65486111111111,-0.0980142329279399
7.65625,-0.0905476923756736
7.65763888888889,-0.0945650531461122
7.65902777777778,-0.0770873927725931
7.66041666666667,-0.0801763995740642
7.66180555555556,-0.152067275012431
7.66319444444444,-0.199672471874581
7.66458333333333,-0.154743182829903
7.66597222222222,-0.211791077120832
7.66736111111111,-0.145796907480264
7.66875,-0.213589499226266
7.67013888888889,-0.143230147311436
7.67152777777778,-0.146971101267543
7.67291666666667,-0.188513301942092
7.67430555555556,-0.111273399988605
7.67569444444444,-0.140055772218699
7.67708333333333,-0.116431302349223
7.67847222222222,-0.157903278145604
7.67986111111111,-0.171401861747477
7.68125,-0.0987770322186746
7.68263888888889,-0.126676127891575
7.68402777777778,-0.0793487524586045
7.68541666666667,-0.0902699410013151
7.68680555555556,-0.135227736829156
7.68819444444444,-0.160252171248833
7.68958333333333,-0.135435956658893
7.69097222222222,-0.0831982975227172
7.69236111111111,-0.127961406675941
7.69375,-0.12610304464251
7.69513888888889,-0.0483632057993534
7.69652777777778,-0.0744816161860976
7.69791666666667,-0.069060169673147
7.69930555555556,-0.111167221661366
7.70069444444444,-0.120457602413576
7.70208333333333,-0.0965943590595738
7.70347222222222,-0.0764218876832637
7.70486111111111,-0.0570615775865317
7.70625,-0.0835726537650303
7.70763888888889,-0.127939304385418
7.70902777777778,-0.131202263400626
7.71041666666667,-0.0745909201839187
7.71180555555556,-0.0824860350298656
7.71319444444444,-0.168574229200571
7.71458333333333,-0.0699143889744073
7.71597222222222,-0.0786589093577029
7.71736111111111,-0.094615258880015
7.71875,-0.0721625121400514
7.72013888888889,-0.156494710363084
7.72152777777778,-0.185599650604544
7.72291666666667,-0.167012579073815
7.72430555555556,-0.207703213545003
7.72569444444444,-0.205739180378125
7.72708333333333,-0.224236232335887
7.72847222222222,-0.100073927575393
7.72986111111111,-0.14009383558288
7.73125,-0.229160135725088
7.73263888888889,-0.211128088663496
7.73402777777778,-0.191379142577046
7.73541666666667,-0.177123187594299
7.73680555555556,-0.192402826750266
7.73819444444444,-0.135940277609408
7.73958333333333,-0.222297615052616
7.74097222222222,-0.202356029671864
7.74236111111111,-0.198865765023553
7.74375,-0.163753796892595
7.74513888888889,-0.187538439061134
7.74652777777778,-0.18333862813082
7.74791666666667,-0.189985010499614
7.74930555555556,-0.184836446388809
7.75069444444444,-0.215183927545083
7.75208333333333,-0.16734773900782
7.75347222222222,-0.170100132819034
7.75486111111111,-0.18125247605916
7.75625,-0.165004012203346
7.75763888888889,-0.179884603906835
7.75902777777778,-0.223510261540889
7.76041666666667,-0.209218187790743
7.76180555555556,-0.137172004351384
7.76319444444444,-0.168799674365648
7.76458333333333,-0.0287919959028918
7.76597222222222,-0.140125804215572
7.76736111111111,-0.262436904310407
7.76875,-0.126900063846794
7.77013888888889,-0.159504021629011
7.77152777777778,-0.170327779057079
7.77291666666667,-0.102609351909306
7.77430555555556,-0.109995786663984
7.77569444444444,-0.162733209711472
7.77708333333333,-0.233583172179655
7.77847222222222,-0.172368586927035
7.77986111111111,-0.115755525020505
7.78125,-0.160220217462052
7.78263888888889,-0.247484979659609
7.78402777777778,-0.102243686899029
7.78541666666667,-0.217569794219083
7.78680555555556,-0.264537408500023
7.78819444444444,-0.283927854676379
7.78958333333333,-0.171034705851473
7.79097222222222,-0.207611997174058
7.79236111111111,-0.14047822332725
7.79375,-0.0469916348979096
7.79513888888889,-0.114843839998517
7.79652777777778,-0.140604272807757
7.79791666666667,-0.113898924613066
7.79930555555556,-0.133639443551697
7.80069444444444,-0.209761426961787
7.80208333333333,-0.262471325597291
7.80347222222222,-0.210515343638712
7.80486111111111,-0.193545846274977
7.80625,-0.209544571520008
7.80763888888889,-0.256868720090618
7.80902777777778,-0.311440839347654
7.81041666666667,-0.382444991733339
7.81180555555556,-0.310340281240506
7.81319444444444,-0.296267660533352
7.81458333333333,-0.299090140171463
7.81597222222222,-0.252456444245743
7.81736111111111,-0.28629231933535
7.81875,-0.261569937220135
7.82013888888889,-0.260920977220455
7.82152777777778,-0.209296731628561
7.82291666666667,-0.167973753205999
7.82430555555556,-0.185003043516757
7.82569444444444,-0.116544496895376
7.82708333333333,-0.13807255418086
7.82847222222222,-0.149647256410585
7.82986111111111,-0.168657584938457
7.83125,-0.197119822676597
7.83263888888889,-0.212823846538353
7.83402777777778,-0.185234785155686
7.83541666666667,-0.10660167409397
7.83680555555556,-0.158053221702094
7.83819444444444,-0.09182867725933
7.83958333333333,-0.0393834871200178
7.84097222222222,-0.0325233522733026
7.84236111111111,-0.0615401854165323
7.84375,-0.154563588439085
7.84513888888889,-0.125642869411919
7.84652777777778,-0.15736919559804
7.84791666666667,-0.211194501720728
7.84930555555556,-0.188933411799319
7.85069444444444,-0.126821870178813
7.85208333333333,-0.186159005936561
7.85347222222222,-0.21096761850996
7.85486111111111,-0.191856150051941
7.85625,-0.194323230254998
7.85763888888889,-0.177537869675545
7.85902777777778,-0.0920277827628368
7.86041666666667,-0.251841742572534
7.86180555555556,-0.230382642386186
7.86319444444444,-0.266567950364186
7.86458333333333,-0.323519750525144
7.86597222222222,-0.237112674604554
7.86736111111111,-0.20302235801735
7.86875,-0.265946385537902
7.87013888888889,-0.309294681845241
7.87152777777778,-0.223034514774134
7.87291666666667,-0.219210795833986
7.87430555555556,-0.225040615706178
7.87569444444444,-0.200223783856888
7.87708333333333,-0.257829394923262
7.87847222222222,-0.271339749237075
7.87986111111111,-0.225169826799751
7.88125,-0.294485567673825
7.88263888888889,-0.296329630929698
7.88402777777778,-0.174266341838034
7.88541666666667,-0.119144791073654
7.88680555555556,-0.12384443139799
7.88819444444444,-0.141755471329339
7.88958333333333,-0.199683673130129
7.89097222222222,-0.264849476752564
7.89236111111111,-0.27323023030183
7.89375,-0.28324377325978
7.89513888888889,-0.224872908271576
7.89652777777778,-0.274443072810454
7.89791666666667,-0.286666407920643
7.89930555555556,-0.240662858577082
7.90069444444444,-0.245711164539445
7.90208333333333,-0.234554490312012
7.90347222222222,-0.171884350972885
7.90486111111111,-0.189323289337875
7.90625,-0.151740578873749
7.90763888888889,-0.138166857694667
7.90902777777778,-0.166094285245354
7.91041666666667,-0.248696574902359
7.91180555555556,-0.231009295452788
7.91319444444444,-0.161049063544646
7.91458333333333,-0.221136502133084
7.91597222222222,-0.221910454534691
7.91736111111111,-0.233969673623323
7.91875,-0.234461837345528
7.92013888888889,-0.262006265401211
7.92152777777778,-0.254988326598509
7.92291666666667,-0.246583360781555
7.92430555555556,-0.374622557260927
7.92569444444444,-0.278349063826241
7.92708333333333,-0.232755719266932
7.92847222222222,-0.417195427655415
7.92986111111111,-0.320823347955023
7.93125,-0.270463469648099
7.93263888888889,-0.353144221763222
7.93402777777778,-0.322872256963576
7.93541666666667,-0.258053464282231
7.93680555555556,-0.34014789477142
7.93819444444444,-0.40515931685914
7.93958333333333,-0.278575104548714
7.94097222222222,-0.187410316025584
7.94236111111111,-0.18650371673714
7.94375,-0.276858344133778
7.94513888888889,-0.162227300021
7.94652777777778,-0.170671939497812
7.94791666666667,-0.128797436429976
7.94930555555556,-0.19676935486536
7.95069444444444,-0.114559039523832
7.95208333333333,-0.213319389584138
7.95347222222222,-0.190494877450578
7.95486111111111,-0.0491679049247697
7.95625,-0.0299880757181658
7.95763888888889,0.0507254318641573
7.95902777777778,-0.0839285809126397
7.96041666666667,-0.133210059767195
7.96180555555556,-0.0966590080343839
7.96319444444444,-0.112563019508631
7.96458333333333,-0.11257252802817
7.96597222222222,-0.195303778634457
7.96736111111111,-0.118293487341974
7.96875,-0.152215518659285
7.97013888888889,-0.190894775959203
7.97152777777778,-0.133279412311889
7.97291666666667,-0.0224130789385651
7.97430555555556,-0.126345059857348
7.97569444444444,-0.138707921107867
7.97708333333333,-0.141726777549647
7.97847222222222,-0.12651883853374
7.97986111111111,-0.0905954395959798
7.98125,-0.149883249858976
7.98263888888889,-0.186193956140635
7.98402777777778,-0.16878056352261
7.98541666666667,-0.11175339884979
7.98680555555556,-0.0783309481325797
7.98819444444444,-0.134980714630163
7.98958333333333,-0.205179875628262
7.99097222222222,-0.164099435849739
7.99236111111111,-0.186873123188071
7.99375,-0.153339043004595
7.99513888888889,-0.16807302707995
7.99652777777778,-0.168824504989363
7.99791666666667,-0.188654966851488
7.99930555555556,-0.222107010676971
8.00069444444444,-0.196873331808656
8.00208333333333,-0.240368394448375
8.00347222222222,-0.160906543206137
8.00486111111111,-0.0704142900338644
8.00625,-0.108565486867402
8.00763888888889,-0.123512152056937
8.00902777777778,-0.222212437681118
8.01041666666667,-0.267564132990378
8.01180555555556,-0.225146247513447
8.01319444444444,-0.117160171727518
8.01458333333333,-0.122259957344005
8.01597222222222,-0.0739712567093276
8.01736111111111,-0.012188099526453
8.01875,-0.0137521399891004
8.02013888888889,-0.0888573458820021
8.02152777777778,-0.161899451800006
8.02291666666667,-0.158849198607326
8.02430555555556,-0.147350217836655
8.02569444444444,-0.247786359740751
8.02708333333333,-0.171609971358872
8.02847222222222,-0.107341140211918
8.02986111111111,-0.12432931557709
8.03125,-0.184458703645574
8.03263888888889,-0.255683267654025
8.03402777777778,-0.277553612539676
8.03541666666667,-0.21256127239613
8.03680555555556,-0.224557152022893
8.03819444444444,-0.248532399037121
8.03958333333333,-0.281000965357871
8.04097222222222,-0.28560215060156
8.04236111111111,-0.250688562424972
8.04375,-0.330722736585617
8.04513888888889,-0.271402310772536
8.04652777777778,-0.203930726860325
8.04791666666667,-0.234963441609037
8.04930555555556,-0.184942247282553
8.05069444444444,-0.17135331001297
8.05208333333333,-0.255630145871792
8.05347222222222,-0.144954418886706
8.05486111111111,-0.274210654391059
8.05625,-0.208788044273394
8.05763888888889,-0.268884461497442
8.05902777777778,-0.14609438770452
8.06041666666667,-0.310021162795959
8.06180555555556,-0.336486782396801
8.06319444444444,-0.208278031631468
8.06458333333333,-0.226652207472262
8.06597222222222,-0.296976708782206
8.06736111111111,-0.274688645600345
8.06875,-0.307492923858275
8.07013888888889,-0.176665355121915
8.07152777777778,-0.146257176147622
8.07291666666667,-0.231897987575207
8.07430555555556,-0.254527789154741
8.07569444444444,-0.1591237125218
8.07708333333333,-0.153789922698848
8.07847222222222,-0.119409297855262
8.07986111111111,-0.13173661451237
8.08125,-0.106726794207539
8.08263888888889,-0.166660121476068
8.08402777777778,-0.143003260047071
8.08541666666667,-0.160690374984208
8.08680555555556,-0.0854935093562341
8.08819444444444,-0.00662700258573756
8.08958333333333,-0.0514639908060754
8.09097222222222,-0.161751111439011
8.09236111111111,-0.116989633736299
8.09375,-0.101010479449572
8.09513888888889,-0.0562276090974993
8.09652777777778,-0.0284540151141636
8.09791666666667,0.00528232733820505
8.09930555555556,-0.104381037682659
8.10069444444444,-0.0704826971313333
8.10208333333333,-0.129275733172344
8.10347222222222,-0.0397016511228813
8.10486111111111,0.00390630409549023
8.10625,0.0472236383356136
8.10763888888889,-0.0275256569497735
8.10902777777778,-0.033769311319663
8.11041666666667,-0.0166320490821634
8.11180555555556,-0.166036224311242
8.11319444444444,-0.129208088323093
8.11458333333333,-0.0763613189065569
8.11597222222222,-0.124461468998014
8.11736111111111,-0.102536717282985
8.11875,-0.0382502747336373
8.12013888888889,-0.0620089178813899
8.12152777777778,0.0319553643802355
8.12291666666667,-0.0713946199442119
8.12430555555556,0.0091788173355955
8.12569444444444,-0.0828488617081282
8.12708333333333,-0.0512454476174842
8.12847222222222,-0.00756374104909313
8.12986111111111,-0.0182934883839283
8.13125,-0.0739229185116031
8.13263888888889,0.0195401237094916
8.13402777777778,-0.0180558399528103
8.13541666666667,-0.0907161965304416
8.13680555555556,-0.0909679418714986
8.13819444444444,-0.0962333858165557
8.13958333333333,-0.108665341576795
8.14097222222222,-0.0911197846857383
8.14236111111111,-0.0760621733413857
8.14375,-0.0802312508658186
8.14513888888889,-0.0598230829738373
8.14652777777778,-0.0667430892056264
8.14791666666667,-0.0230307539776872
8.14930555555556,-0.0865419060761599
8.15069444444444,-0.0899401013085821
8.15208333333333,-0.0511510846765525
8.15347222222222,-0.119290328612829
8.15486111111111,-0.10024868492423
8.15625,-0.109307546155812
8.15763888888889,-0.0979080324324043
8.15902777777778,-0.0685631623932765
8.16041666666667,-0.00827246027845591
8.16180555555556,-0.0128745239571463
8.16319444444444,-0.0891667785041114
8.16458333333333,-0.115792678939273
8.16597222222222,-0.1169252542231
8.16736111111111,-0.0910363541311835
8.16875,-0.0778141353256934
8.17013888888889,-0.0205107539337283
8.17152777777778,-0.0569334248150524
8.17291666666667,-0.0628826327757499
8.17430555555556,-0.0927935156577537
8.17569444444444,-0.0287179060298716
8.17708333333333,-0.0558476304784312
8.17847222222222,-0.0917495827689207
8.17986111111111,-0.0832142985636346
8.18125,-0.119969338940577
8.18263888888889,-0.0405273166415702
8.18402777777778,-0.0203477205979719
8.18541666666667,-0.0466275297616265
8.18680555555556,-0.0790110371199571
8.18819444444444,-0.0567139419083251
8.18958333333333,-0.175889058812514
8.19097222222222,-0.145155671716201
8.19236111111111,-0.173805260251222
8.19375,-0.0601680362061982
8.19513888888889,-0.0142908211737163
8.19652777777778,-0.163924761166195
8.19791666666667,-0.0949692064407324
8.19930555555556,-0.107008723701065
8.20069444444444,-0.175834065976396
8.20208333333333,-0.166452178367103
8.20347222222222,-0.186583554980744
8.20486111111111,-0.106873381845836
8.20625,-0.187343540671153
8.20763888888889,-0.137765986517697
8.20902777777778,-0.195316882816116
8.21041666666667,-0.16830938743286
8.21180555555556,-0.149070561690232
8.21319444444444,-0.153834777812779
8.21458333333333,-0.13595621594962
8.21597222222222,-0.0973711703167674
8.21736111111111,-0.16218945607217
8.21875,-0.132649389835933
8.22013888888889,-0.113128713341096
8.22152777777778,-0.129405799716159
8.22291666666667,-0.13869179750549
8.22430555555556,-0.137958611161904
8.22569444444444,-0.193163184330377
8.22708333333333,-0.226213071638143
8.22847222222222,-0.232548264683659
8.22986111111111,-0.177969557017507
8.23125,-0.158658816475475
8.23263888888889,-0.115964073020585
8.23402777777778,-0.147523845842586
8.23541666666667,-0.100999197357323
8.23680555555556,-0.0572710457362587
8.23819444444444,-0.159209662509472
8.23958333333333,-0.143297490983675
8.24097222222222,-0.193771829831126
8.24236111111111,-0.267243204495418
8.24375,-0.12353009788989
8.24513888888889,-0.201024546865098
8.24652777777778,-0.160881618929076
8.24791666666667,-0.178991805332903
8.24930555555556,-0.0817621971799325
8.25069444444444,-0.0997107041995614
8.25208333333333,-0.157319015952891
8.25347222222222,-0.151794506489
8.25486111111111,-0.168577898887347
8.25625,-0.171752259502154
8.25763888888889,-0.105420343706973
8.25902777777778,-0.115299367859063
8.26041666666667,-0.117632433506613
8.26180555555556,-0.106150143757125
8.26319444444444,-0.205187324299604
8.26458333333333,-0.135566575816014
8.26597222222222,-0.219098783143219
8.26736111111111,-0.233959123931864
8.26875,-0.208579576729616
8.27013888888889,-0.189983189451139
8.27152777777778,-0.188695683191731
8.27291666666667,-0.186731061981071
8.27430555555556,-0.122480888936035
8.27569444444444,-0.200842815476179
8.27708333333333,-0.164361053694148
8.27847222222222,-0.225149495008319
8.27986111111111,-0.21769632235053
8.28125,-0.141297301734146
8.28263888888889,-0.163381850322225
8.28402777777778,-0.205483246074421
8.28541666666667,-0.251168893721693
8.28680555555556,-0.157080047556753
8.28819444444444,-0.198046804739546
8.28958333333333,-0.107633978524775
8.29097222222222,-0.198336949730231
8.29236111111111,-0.226937348387456
8.29375,-0.23977745844184
8.29513888888889,-0.221992867748169
8.29652777777778,-0.106034563693046
8.29791666666667,-0.0820270522479119
8.29930555555556,-0.128268336755578
8.30069444444444,-0.244168826184997
8.30208333333333,-0.189246075695779
8.30347222222222,-0.184494256873248
8.30486111111111,-0.227478121457143
8.30625,-0.196942126734085
8.30763888888889,-0.22671062551829
8.30902777777778,-0.232148307031905
8.31041666666667,-0.186627073844339
8.31180555555556,-0.296189939090846
8.31319444444444,-0.269090988182908
8.31458333333333,-0.267397912914029
8.31597222222222,-0.152145034755065
8.31736111111111,-0.254223812072392
8.31875,-0.158432059991524
8.32013888888889,-0.147214210502352
8.32152777777778,-0.0594775204443717
8.32291666666667,-0.0182071128797974
8.32430555555556,-0.0489241521027429
8.32569444444444,-0.00442928636657202
8.32708333333333,-0.0348819218996508
8.32847222222222,-0.0695146570239005
8.32986111111111,-0.00708686853467873
8.33125,-0.0840823903117219
8.33263888888889,-0.209461310251424
8.33402777777778,-0.238799410777096
8.33541666666667,-0.139700061775439
8.33680555555556,-0.0755468531386266
8.33819444444444,-0.0857077496019314
8.33958333333333,-0.12069581099872
8.34097222222222,-0.115728104083731
8.34236111111111,-0.0956193443027237
8.34375,-0.1061761738402
8.34513888888889,-0.0953776787497342
8.34652777777778,-0.125254926203237
8.34791666666667,-0.109793659784942
8.34930555555556,-0.154720897734992
8.35069444444444,-0.183184773884455
8.35208333333333,-0.10042309522545
8.35347222222222,-0.117790987531825
8.35486111111111,-0.0820048141851314
8.35625,-0.100349007677914
8.35763888888889,-0.0741839918985032
8.35902777777778,-0.114529836456855
8.36041666666667,-0.13704614280175
8.36180555555556,-0.0654952429961708
8.36319444444444,-0.160855912644985
8.36458333333333,-0.130167989426804
8.36597222222222,-0.0909456127973919
8.36736111111111,-0.0592158038448502
8.36875,-0.093211023062374
8.37013888888889,-0.0468672630110736
8.37152777777778,-0.0642069042324572
8.37291666666667,-0.00905449423388432
8.37430555555556,-0.0660313298639007
8.37569444444444,-0.203562948178854
8.37708333333333,-0.21942468399481
8.37847222222222,-0.121464814547338
8.37986111111111,-0.128262345469173
8.38125,-0.113184684337839
8.38263888888889,-0.163971656062488
8.38402777777778,-0.164890762668603
8.38541666666667,-0.0739470069726091
8.38680555555556,-0.0383816286311713
8.38819444444444,-0.103606238276936
8.38958333333333,-0.0107905676371397
8.39097222222222,-0.114594122295527
8.39236111111111,-0.0418927146762917
8.39375,-0.0677093094283601
8.39513888888889,-0.137295988062435
8.39652777777778,-0.138195637964257
8.39791666666667,-0.291062400159803
8.39930555555556,-0.22134167908559
8.40069444444444,-0.221690279356362
8.40208333333333,-0.202317454307123
8.40347222222222,-0.251060017799095
8.40486111111111,-0.212052817759668
8.40625,-0.195204278963891
8.40763888888889,-0.247401594169555
8.40902777777778,-0.253178251044126
8.41041666666667,-0.140484359836889
8.41180555555556,-0.115651756522059
8.41319444444444,-0.104450099231064
8.41458333333333,-0.113948756529838
8.41597222222222,-0.0995579861497516
8.41736111111111,0.0903938042717112
8.41875,0.0287711732200129
8.42013888888889,-0.128093158325032
8.42152777777778,-0.0607617717521588
8.42291666666667,-0.0963572239181377
8.42430555555556,-0.106221602836067
8.42569444444444,-0.164746013988889
8.42708333333333,-0.08739602872445
8.42847222222222,-0.133229933000175
8.42986111111111,-0.144432359997633
8.43125,-0.204216368505561
8.43263888888889,-0.131188136708237
8.43402777777778,-0.148567401231745
8.43541666666667,-0.197187984711604
8.43680555555556,-0.182921476459719
8.43819444444444,-0.081560303256864
8.43958333333333,-0.143189019069761
8.44097222222222,-0.211174375030458
8.44236111111111,-0.184881377904629
8.44375,-0.176708659283887
8.44513888888889,-0.143470115480777
8.44652777777778,-0.121541401643218
8.44791666666667,-0.0966033902719741
8.44930555555556,-0.097886591642288
8.45069444444444,-0.121662553126717
8.45208333333333,-0.0609185319744999
8.45347222222222,-0.172306640956716
8.45486111111111,-0.219722759803223
8.45625,-0.192113290722654
8.45763888888889,-0.114247841118759
8.45902777777778,-0.0777727719283575
8.46041666666667,-0.0895926123082512
8.46180555555556,-0.124350285189282
8.46319444444444,-0.0581349336162064
8.46458333333333,-0.0951368887859719
8.46597222222222,-0.109426693319651
8.46736111111111,-0.171669967770091
8.46875,-0.186347151921822
8.47013888888889,-0.206615745888326
8.47152777777778,-0.232020570420432
8.47291666666667,-0.263356702671156
8.47430555555556,-0.18822542431858
8.47569444444444,-0.145230353169958
8.47708333333333,-0.162598534589456
8.47847222222222,-0.150649589823124
8.47986111111111,-0.124744748507844
8.48125,-0.0971643640412715
8.48263888888889,-0.141231060013647
8.48402777777778,-0.163408262033293
8.48541666666667,-0.140595915032024
8.48680555555556,-0.160031118980521
8.48819444444444,-0.127680987491015
8.48958333333333,-0.145251970759557
8.49097222222222,-0.202382073107595
8.49236111111111,-0.150082773463027
8.49375,-0.25153191302716
8.49513888888889,-0.202916503725309
8.49652777777778,-0.192067599105989
8.49791666666667,-0.194951134175719
8.49930555555556,-0.198308134913988
8.50069444444444,-0.195429956833447
8.50208333333333,-0.166567098734491
8.50347222222222,-0.204112106241245
8.50486111111111,-0.251358717286904
8.50625,-0.260991082590734
8.50763888888889,-0.194369113569335
8.50902777777778,-0.241582529968499
8.51041666666667,-0.219368488974023
8.51180555555556,-0.249222505527439
8.51319444444444,-0.244116052372477
8.51458333333333,-0.24139625408256
8.51597222222222,-0.305133282318233
8.51736111111111,-0.263850162492235
8.51875,-0.282574236094185
8.52013888888889,-0.225305887837144
8.52152777777778,-0.125640250374965
8.52291666666667,-0.112356827651863
8.52430555555556,-0.128904164100482
8.52569444444444,-0.185435692578019
8.52708333333333,-0.120962419709438
8.52847222222222,-0.05074441770182
8.52986111111111,-0.0972432958615382
8.53125,-0.139972649761193
8.53263888888889,-0.144101504156739
8.53402777777778,-0.135805869239217
8.53541666666667,-0.134205048525391
8.53680555555556,-0.227574685506602
8.53819444444444,-0.152481179134539
8.53958333333333,-0.163597352894898
8.54097222222222,-0.129996617952776
8.54236111111111,-0.20763148750804
8.54375,-0.191560978003063
8.54513888888889,-0.120453837291645
8.54652777777778,-0.149555691551862
8.54791666666667,-0.155129268780917
8.54930555555556,-0.158927356849946
8.55069444444444,-0.135139736259981
8.55208333333333,-0.174315867163619
8.55347222222222,-0.149491456150783
8.55486111111111,-0.103105790399125
8.55625,-0.213969674965105
8.55763888888889,-0.19925814614956
8.55902777777778,-0.202877753109792
8.56041666666667,-0.180042440826919
8.56180555555556,-0.191705925391496
8.56319444444444,-0.155639855120814
8.56458333333333,-0.111725723352351
8.56597222222222,-0.224811982394572
8.56736111111111,-0.20334656016784
8.56875,-0.126726719994835
8.57013888888889,-0.165634196871762
8.57152777777778,-0.178213552537783
8.57291666666667,-0.213210412579514
8.57430555555556,-0.168256890567048
8.57569444444444,-0.16081082713086
8.57708333333333,-0.206868108347625
8.57847222222222,-0.116242116024699
8.57986111111111,-0.172092949045867
8.58125,-0.129436806681161
8.58263888888889,-0.0467677459348222
8.58402777777778,-0.0960658675110497
8.58541666666667,-0.106757595029862
8.58680555555556,-0.13918258883702
8.58819444444444,-0.14477468411254
8.58958333333333,-0.112862880708617
8.59097222222222,-0.0138408860660889
8.59236111111111,-0.113095598270562
8.59375,-0.16740207125292
8.59513888888889,-0.193655440380908
8.59652777777778,-0.166111970500798
8.59791666666667,-0.0840960378416953
8.59930555555556,0.00386296712538794
8.60069444444444,-0.0961007050053038
8.60208333333333,-0.198007099246325
8.60347222222222,-0.0691333152493399
8.60486111111111,-0.101929362030599
8.60625,-0.116023588232163
8.60763888888889,-0.0120508963587042
8.60902777777778,0.0351959980759415
8.61041666666667,-0.0657543584749767
8.61180555555556,-0.0917865824922617
8.61319444444444,-0.0830650600755751
8.61458333333333,-0.0742950852750809
8.61597222222222,-0.0737389363646748
8.61736111111111,-0.12671419969637
8.61875,-0.0861431820889892
8.62013888888889,0.0229804406509234
8.62152777777778,0.0384687748198388
8.62291666666667,0.00588971998156442
8.62430555555556,-0.0180675350253296
8.62569444444444,-0.0775205372975521
8.62708333333333,-0.0257977908381553
8.62847222222222,0.00854479251166476
8.62986111111111,0.0882724728918532
8.63125,-0.00940236074812243
8.63263888888889,-0.0140517407975475
8.63402777777778,-0.0110441089227834
8.63541666666667,0.0753942395747506
8.63680555555556,0.0589532748142248
8.63819444444444,0.0368075662492392
8.63958333333333,0.0305035632511719
8.64097222222222,0.00510377615037938
8.64236111111111,-0.0750552693108221
8.64375,-0.0298073057761819
8.64513888888889,-0.0165624013235137
8.64652777777778,-0.0643141376784735
8.64791666666667,-0.0203672758130284
8.64930555555556,-0.0829259276806553
8.65069444444444,0.00134613802017121
8.65208333333333,0.0330787971206716
8.65347222222222,0.00924510449267389
8.65486111111111,-0.112170281269324
8.65625,-0.0806483738321516
8.65763888888889,-0.0881008174051445
8.65902777777778,-0.0058087681540412
8.66041666666667,-0.0882569983886961
8.66180555555556,-0.0907734032592606
8.66319444444444,-0.0921878111099229
8.66458333333333,-0.0597777511852597
8.66597222222222,-0.0308690361361082
8.66736111111111,0.0393624313403167
8.66875,0.078509361497302
8.67013888888889,0.144870522111106
8.67152777777778,0.0629235015460427
8.67291666666667,0.00466811513420202
8.67430555555556,0.0609062660784115
8.67569444444444,0.0468725810108901
8.67708333333333,-0.0620523357482417
8.67847222222222,-0.0689849987524685
8.67986111111111,-0.00406592746885719
8.68125,-0.0162144593626161
8.68263888888889,-0.0291004434646099
8.68402777777778,0.00325799496743133
8.68541666666667,-0.00248821965102688
8.68680555555556,-0.0661218679466087
8.68819444444444,0.0331367000174657
8.68958333333333,-0.0897106801606623
8.69097222222222,0.00137998530782808
8.69236111111111,-0.0607771660755473
8.69375,-0.107427849460344
8.69513888888889,-0.0867139650110919
8.69652777777778,-0.094842828532279
8.69791666666667,-0.0434383955136272
8.69930555555556,-0.105542233832842
8.70069444444444,-0.0671071587943943
8.70208333333333,-0.0328394860233635
8.70347222222222,-0.0439737744667841
8.70486111111111,-0.0959604690338982
8.70625,-0.0543817644418277
8.70763888888889,-0.0409178304294303
8.70902777777778,-0.0744841503942246
8.71041666666667,-0.0482454727298269
8.71180555555556,-0.0210307688939983
8.71319444444444,-0.0756294359340739
8.71458333333333,-0.166737801505633
8.71597222222222,-0.103578345654446
8.71736111111111,-0.138023036339287
8.71875,-0.0824975619178985
8.72013888888889,-0.057625200160642
8.72152777777778,-0.137367081788762
8.72291666666667,-0.164291251182975
8.72430555555556,-0.142900877898444
8.72569444444444,-0.0718034650771467
8.72708333333333,-0.0582289553663687
8.72847222222222,-0.112164331256226
8.72986111111111,-0.0512824253342742
8.73125,-0.0531456251458588
8.73263888888889,-0.0364094587515148
8.73402777777778,0.0159955385941671
8.73541666666667,0.00035031353123828
8.73680555555556,-0.0380921612678512
8.73819444444444,-0.0730824622287797
8.73958333333333,-0.100629970362681
8.74097222222222,-0.0678918112252456
8.74236111111111,-0.0502594543433356
8.74375,-0.142585976742959
8.74513888888889,-0.201928339752388
8.74652777777778,-0.194826375804596
8.74791666666667,-0.195592709576908
8.74930555555556,-0.214250238985544
8.75069444444444,-0.185685952835095
8.75208333333333,-0.09963762056855
8.75347222222222,-0.111917346265246
8.75486111111111,-0.0384805852977729
8.75625,-0.0649485346268771
8.75763888888889,-0.0633491382407812
8.75902777777778,-0.0847760808567216
8.76041666666667,-0.112039556722992
8.76180555555556,-0.146097537404418
8.76319444444444,-0.0891690677713502
8.76458333333333,-0.0510389621680918
8.76597222222222,-0.0660420229127384
8.76736111111111,-0.0706606793573339
8.76875,-0.0797346315341519
8.77013888888889,-0.0595314205837367
8.77152777777778,-0.0466467854888405
8.77291666666667,-0.106518587856564
8.77430555555556,-0.163741368347501
8.77569444444444,-0.124549177606886
8.77708333333333,-0.106564704148389
8.77847222222222,-0.0762633334910718
8.77986111111111,-0.0593873054128987
8.78125,-0.085707391512825
8.78263888888889,-0.119914880706422
8.78402777777778,-0.13084251779071
8.78541666666667,-0.164884077915553
8.78680555555556,-0.160888298074668
8.78819444444444,-0.142833007690898
8.78958333333333,-0.125259097332071
8.79097222222222,-0.0631211486581043
8.79236111111111,-0.112757722711566
8.79375,-0.140889772924944
8.79513888888889,-0.12357695034872
8.79652777777778,-0.12493545035777
8.79791666666667,-0.237423911727018
8.79930555555556,-0.077163138483973
8.80069444444444,-0.13033469366417
8.80208333333333,-0.124322330786407
8.80347222222222,-0.0882459121525416
8.80486111111111,-0.0706715674184479
8.80625,-0.0698087874382241
8.80763888888889,-0.0915191663651444
8.80902777777778,-0.148779182303782
8.81041666666667,-0.10139799197024
8.81180555555556,-0.0614474627976115
8.81319444444444,-0.0931983768570973
8.81458333333333,-0.0582672446249393
8.81597222222222,-0.0984678992481382
8.81736111111111,-0.063391054619822
8.81875,-0.0165299871524083
8.82013888888889,-0.0988663625582066
8.82152777777778,-0.122702990527409
8.82291666666667,-0.121993596027326
8.82430555555556,-0.174659854609146
8.82569444444444,-0.0961987722265133
8.82708333333333,-0.0954926819431098
8.82847222222222,-0.0918418466591258
8.82986111111111,-0.0924165803794983
8.83125,-0.116719851515092
8.83263888888889,-0.0977403615638914
8.83402777777778,-0.0437513526953083
8.83541666666667,-0.04236391028357
8.83680555555556,-0.044464490987115
8.83819444444444,-0.0987319865909856
8.83958333333333,-0.0196280901388175
8.84097222222222,-0.0836723913297578
8.84236111111111,-0.099137137032343
8.84375,-0.0954881554453177
8.84513888888889,-0.121539717356908
8.84652777777778,-0.0998917607783878
8.84791666666667,-0.0735499828206924
8.84930555555556,-0.0765466287019645
8.85069444444444,-0.113968424803137
8.85208333333333,-0.170655009454815
8.85347222222222,-0.174331550614064
8.85486111111111,-0.135737351670157
8.85625,-0.0384714541895625
8.85763888888889,-0.125816911984858
8.85902777777778,-0.146031516108045
8.86041666666667,-0.225117825656266
8.86180555555556,-0.216175531028156
8.86319444444444,-0.185962936845445
8.86458333333333,-0.0712867370211506
8.86597222222222,-0.126600398861391
8.86736111111111,-0.0749108041273866
8.86875,-0.0698736291949771
8.87013888888889,-0.0877763896808935
8.87152777777778,-0.025175910714453
8.87291666666667,0.0771659097062276
8.87430555555556,-0.0245636841596067
8.87569444444444,0.0223173004101988
8.87708333333333,-0.0398469206827286
8.87847222222222,-0.0394607587751014
8.87986111111111,-0.0473987442930814
8.88125,-0.0894168692912642
8.88263888888889,-0.0148855392404127
8.88402777777778,-0.0311819809593135
8.88541666666667,0.0144328586933245
8.88680555555556,0.0692166664461375
8.88819444444444,0.058993726313787
8.88958333333333,-0.010985401144884
8.89097222222222,0.00633340554399304
8.89236111111111,0.0213495136414657
8.89375,-0.0302030496475516
8.89513888888889,-0.0804042808575196
8.89652777777778,-0.0467816491724889
8.89791666666667,-0.0777038710499207
8.89930555555556,-0.195952554855823
8.90069444444444,-0.112748856546792
8.90208333333333,-0.0529324541344355
8.90347222222222,-0.0365533384229417
8.90486111111111,-0.0850143852650763
8.90625,-0.0748774115009259
8.90763888888889,-0.0452436073260185
8.90902777777778,-0.0992493721265254
8.91041666666667,-0.0622421486732115
8.91180555555556,-0.0574112351695641
8.91319444444444,-0.044866736125859
8.91458333333333,-0.0614013101958814
8.91597222222222,-0.16183035366341
8.91736111111111,-0.12736225751171
8.91875,-0.012305424530696
8.92013888888889,-0.0461802002535784
8.92152777777778,-0.080378885736577
8.92291666666667,-0.046978891364039
8.92430555555556,-0.0386990005586481
8.92569444444444,-0.0693198620292933
8.92708333333333,-0.0328529911815187
8.92847222222222,-0.0487445767694518
8.92986111111111,0.0189623954549738
8.93125,0.0363419736430173
8.93263888888889,-0.0766641211608561
8.93402777777778,-0.0934306042672881
8.93541666666667,-0.0301985913657711
8.93680555555556,-0.0753658173276219
8.93819444444444,-0.0497732268056718
8.93958333333333,-0.0623894558355577
8.94097222222222,-0.141510798943236
8.94236111111111,-0.133582835109546
8.94375,-0.0684704535088947
8.94513888888889,-0.0501454945404372
8.94652777777778,0.0222129829883215
8.94791666666667,0.00289040427408439
8.94930555555556,-0.0373474266344598
8.95069444444444,-0.0356954187491159
8.95208333333333,-0.101734091131761
8.95347222222222,-0.0772796205257175
8.95486111111111,-0.0627309703490968
8.95625,-0.00122060368613369
8.95763888888889,-0.038521539129294
8.95902777777778,-0.100583298475833
8.96041666666667,-0.208872261192746
8.96180555555556,-0.111778218856109
8.96319444444444,-0.0901390350986653
8.96458333333333,-0.171267585610901
8.96597222222222,-0.0766168133616836
8.96736111111111,-0.14433521048124
8.96875,-0.148687298485176
8.97013888888889,-0.118550337519327
8.97152777777778,-0.150033558966248
8.97291666666667,-0.134619963612516
8.97430555555556,-0.134805181315077
8.97569444444444,-0.151938888854304
8.97708333333333,-0.210686736902166
8.97847222222222,-0.206725104976474
8.97986111111111,-0.19358995466986
8.98125,-0.0879509644726499
8.98263888888889,-0.0954276084928655
8.98402777777778,-0.0774422655679386
8.98541666666667,-0.0465800809294339
8.98680555555556,-0.0747249943479573
8.98819444444444,-0.10358492017514
8.98958333333333,-0.157817281709169
8.99097222222222,-0.0587349228540393
8.99236111111111,-0.124294376702647
8.99375,-0.190756055493698
8.99513888888889,-0.099327043335359
8.99652777777778,-0.167881086886619
8.99791666666667,-0.158272977492601
8.99930555555556,-0.152442684177419
9.00069444444444,-0.155084558972707
9.00208333333333,-0.107824569574017
9.00347222222222,-0.0987139209557148
9.00486111111111,-0.123194146863206
9.00625,-0.124290055440533
9.00763888888889,-0.0876883762419887
9.00902777777778,-0.163085529313346
9.01041666666667,-0.124662411465109
9.01180555555556,-0.132397743858055
9.01319444444444,-0.136695683201511
9.01458333333333,-0.0986478325371255
9.01597222222222,-0.122513388453782
9.01736111111111,-0.058572656308496
9.01875,-0.0758787612401847
9.02013888888889,-0.135353479059481
9.02152777777778,-0.170449400896968
9.02291666666667,-0.131958134316767
9.02430555555556,-0.185355146785022
9.02569444444444,-0.236149411678122
9.02708333333333,-0.213004337420181
9.02847222222222,-0.223080960566654
9.02986111111111,-0.134522208427935
9.03125,-0.099130939228059
9.03263888888889,-0.0103475590378166
9.03402777777778,-0.0142942560080691
9.03541666666667,0.0455808329871964
9.03680555555556,-0.0151306605370961
9.03819444444444,-0.010527326599186
9.03958333333333,0.0266011924775035
9.04097222222222,0.119221398717748
9.04236111111111,-0.0857648919214719
9.04375,-0.118483660539753
9.04513888888889,-0.146918337357049
9.04652777777778,-0.122311218924252
9.04791666666667,-0.187846312961532
9.04930555555556,-0.0795231100616436
9.05069444444444,-0.113852127002023
9.05208333333333,-0.131224173698796
9.05347222222222,-0.132408378715853
9.05486111111111,-0.0108618892591122
9.05625,-0.0590421039446634
9.05763888888889,-0.00903714340270209
9.05902777777778,-0.0851600042596553
9.06041666666667,-0.115803078157432
9.06180555555556,-0.103681945947073
9.06319444444444,-0.105954078936501
9.06458333333333,-0.0316680916361215
9.06597222222222,0.00774556194806892
9.06736111111111,-0.013029635595255
9.06875,0.0471630505500772
9.07013888888889,0.00670278830740665
9.07152777777778,-0.0577408346241904
9.07291666666667,-0.0759818068325287
9.07430555555556,-0.0697964197841992
9.07569444444444,-0.0475392161136104
9.07708333333333,-0.0395547156133756
9.07847222222222,-0.0545885604104629
9.07986111111111,-0.0830475520678717
9.08125,-0.124085179143312
9.08263888888889,-0.0796454484441428
9.08402777777778,-0.0581289247079136
9.08541666666667,-0.0569957435699722
9.08680555555556,0.0295432863685762
9.08819444444444,0.0206732309316439
9.08958333333333,0.071058958423384
9.09097222222222,-0.0175914616303407
9.09236111111111,-0.0572893326931473
9.09375,-0.00977548980149644
9.09513888888889,-0.0130690916035412
9.09652777777778,-0.00176414062737395
9.09791666666667,0.0191058221417442
9.09930555555556,-0.0337426800708515
9.10069444444444,-0.0399367707788074
9.10208333333333,-0.00149652272395267
9.10347222222222,-0.0945166097533691
9.10486111111111,-0.125150075916264
9.10625,-0.0646488220624827
9.10763888888889,0.0300885606816484
9.10902777777778,-0.0676016937020276
9.11041666666667,0.00899971573024995
9.11180555555556,-0.0648064374955444
9.11319444444444,-0.0631407535241382
9.11458333333333,-0.0468407245514643
9.11597222222222,0.0813549759328424
9.11736111111111,0.118207500531591
9.11875,0.103420425613701
9.12013888888889,0.116949463792191
9.12152777777778,0.0515223692420586
9.12291666666667,0.041425563974366
9.12430555555556,-0.096203854324821
9.12569444444444,-0.139710178732674
9.12708333333333,-0.0468660869499952
9.12847222222222,-0.0574066743875327
9.12986111111111,-0.130429915014086
9.13125,-0.0834678680784311
9.13263888888889,-0.0390449036019563
9.13402777777778,-0.0721744051008879
9.13541666666667,-0.0625286453070283
9.13680555555556,0.00348680081557407
9.13819444444444,-0.0691402028850334
9.13958333333333,-0.0425667106134942
9.14097222222222,-0.000944400683135332
9.14236111111111,-0.0644578536184414
9.14375,-0.0118329818996731
9.14513888888889,-0.00241338007022605
9.14652777777778,0.0224963400728824
9.14791666666667,-0.044055558638205
9.14930555555556,0.00988782717508304
9.15069444444444,-0.0609586794723477
9.15208333333333,-0.00349365795850018
9.15347222222222,0.0591040269733505
9.15486111111111,-0.0132536587539636
9.15625,-0.0227089073806018
9.15763888888889,0.00908822757614618
9.15902777777778,-0.000461009821127809
9.16041666666667,0.0623389275380756
9.16180555555556,0.109356474998269
9.16319444444444,0.0367419282843486
9.16458333333333,-0.0315174390602794
9.16597222222222,0.00797500642697392
9.16736111111111,-0.10581230253169
9.16875,-0.123669735414462
9.17013888888889,-0.122189537032054
9.17152777777778,-0.188600145832898
9.17291666666667,-0.169800984413625
9.17430555555556,-0.0504300125498463
9.17569444444444,-0.0951347621182074
9.17708333333333,-0.0770587905518419
9.17847222222222,-0.127237096786968
9.17986111111111,-0.180143419210719
9.18125,-0.0743390500160206
9.18263888888889,-0.0771729642427622
9.18402777777778,-0.0704974039683613
9.18541666666667,-0.127393087451579
9.18680555555556,-0.133352216177943
9.18819444444444,-0.0953344784359149
9.18958333333333,-0.0681580075440944
9.19097222222222,-0.0264671510901209
9.19236111111111,-0.0657656999497981
9.19375,0.0256779503147294
9.19513888888889,-0.0622916030478277
9.19652777777778,-0.0811756595989724
9.19791666666667,-0.133705533697826
9.19930555555556,-0.0814661031592223
9.20069444444444,0.06148529178741
9.20208333333333,0.0773644014338515
9.20347222222222,0.126293282009382
9.20486111111111,0.0588280233623072
9.20625,0.113993360369874
9.20763888888889,0.0721774710264771
9.20902777777778,0.0933568196161859
9.21041666666667,0.0885363851647272
9.21180555555556,0.0069652847483488
9.21319444444444,-0.00251724602828716
9.21458333333333,0.119020398801253
9.21597222222222,0.0680987037828478
9.21736111111111,-0.0428073210005089
9.21875,-0.0230316254784915
9.22013888888889,-0.0445420204619847
9.22152777777778,-0.190241329712828
9.22291666666667,-0.172758574374331
9.22430555555556,-0.0547157173810733
9.22569444444444,-0.0333122889420504
9.22708333333333,-0.0644529799768517
9.22847222222222,-0.0720086430692024
9.22986111111111,0.0366441873486105
9.23125,0.0535061019147115
9.23263888888889,0.0684211120258169
9.23402777777778,0.101420296214807
9.23541666666667,0.116740802056339
9.23680555555556,-0.00814283221205495
9.23819444444444,-0.0199774452295576
9.23958333333333,-0.00677478555108921
9.24097222222222,-0.0444566959577472
9.24236111111111,-0.00289206863322497
9.24375,-0.0336056316903034
9.24513888888889,-0.102098847830874
9.24652777777778,-0.0727162881314803
9.24791666666667,-0.149735497368864
9.24930555555556,-0.00663277816602092
9.25069444444444,0.022427608949878
9.25208333333333,-0.0763928773560621
9.25347222222222,-0.0456913798158748
9.25486111111111,-0.131703776889267
9.25625,-0.112638206622788
9.25763888888889,-0.0635465740136428
9.25902777777778,-0.0100975206548136
9.26041666666667,-0.0403084946878664
9.26180555555556,-0.0890846821978501
9.26319444444444,-0.0554587651079915
9.26458333333333,0.093841741775369
9.26597222222222,0.0471623355836781
9.26736111111111,-0.0735418217870073
9.26875,-0.0992341535923808
9.27013888888889,-0.104384735265868
9.27152777777778,-0.19239037443144
9.27291666666667,-0.216855100000797
9.27430555555556,-0.140757293158183
9.27569444444444,-0.0766052002840602
9.27708333333333,0.0095851245618711
9.27847222222222,-0.0572641299182603
9.27986111111111,0.00612838522172867
9.28125,-0.146763796787379
9.28263888888889,-0.095957696571644
9.28402777777778,-0.0643166124621574
9.28541666666667,-0.0402772634095508
9.28680555555556,-0.077480143283107
9.28819444444444,-0.130638384222131
9.28958333333333,-0.225136356484707
9.29097222222222,-0.153648819330692
9.29236111111111,-0.166628444324622
9.29375,-0.0972460988341629
9.29513888888889,-0.187486772337444
9.29652777777778,-0.121274138188482
9.29791666666667,-0.107252403676807
9.29930555555556,-0.149827045174791
9.30069444444444,-0.132940438628263
9.30208333333333,-0.100839875539258
9.30347222222222,-0.0840622781348233
9.30486111111111,0.0143446917364159
9.30625,0.133678133859645
9.30763888888889,0.0718469908950771
9.30902777777778,0.0243226341708131
9.31041666666667,0.0414241351355921
9.31180555555556,-0.0563991600341544
9.31319444444444,0.011056360803556
9.31458333333333,0.026204555532648
9.31597222222222,-0.0696743868965938
9.31736111111111,-0.0263590984930081
9.31875,-0.0220015391925363
9.32013888888889,-0.103576315880073
9.32152777777778,-0.0578013596660545
9.32291666666667,-0.0457184375285866
9.32430555555556,0.0290344501190167
9.32569444444444,-0.0438111272724712
9.32708333333333,-0.0552994217147776
9.32847222222222,0.0112514395457972
9.32986111111111,0.0960469649627089
9.33125,0.0281661923880294
9.33263888888889,-0.046899205972072
9.33402777777778,-0.0391664470700378
9.33541666666667,-0.0398092781977333
9.33680555555556,-0.0444295943416017
9.33819444444444,0.0840260714381868
9.33958333333333,0.0431459143660688
9.34097222222222,0.0611580798342426
9.34236111111111,0.0448340795217544
9.34375,-0.00473461998744647
9.34513888888889,0.0557811214086884
9.34652777777778,0.0152986499214003
9.34791666666667,0.0117718210321955
9.34930555555556,-0.0451888309969216
9.35069444444444,-0.02196730879296
9.35208333333333,-0.0382131548737369
9.35347222222222,0.0188752881868458
9.35486111111111,-0.0115496392286509
9.35625,-0.017960118839527
9.35763888888889,-0.0473878045028324
9.35902777777778,0.0109046905758309
9.36041666666667,-0.0218502250560978
9.36180555555556,0.0211135403799401
9.36319444444444,0.0400151445061747
9.36458333333333,0.0488024032465192
9.36597222222222,0.0279039175345052
9.36736111111111,0.0512233317191888
9.36875,0.0388473355561809
9.37013888888889,0.104025710693394
9.37152777777778,0.0118577673766387
9.37291666666667,-0.000487924956632137
9.37430555555556,-0.0313803643846611
9.37569444444444,-0.000104297188234448
9.37708333333333,0.0451960000328225
9.37847222222222,0.0630029249550692
9.37986111111111,0.0672901143138194
9.38125,-0.0485698355263331
9.38263888888889,0.00529152340452625
9.38402777777778,0.00196963220610005
9.38541666666667,0.0919767565032821
9.38680555555556,0.0592636027880553
9.38819444444444,0.108777842848064
9.38958333333333,0.121584209868936
9.39097222222222,0.0702842285242167
9.39236111111111,0.1294467636168
9.39375,0.130024050321123
9.39513888888889,0.101659673661334
9.39652777777778,0.0590062651538187
9.39791666666667,0.0295133772960501
9.39930555555556,0.0604045945284822
9.40069444444444,0.0937422288584329
9.40208333333333,0.0550335433480915
9.40347222222222,-0.0370347988017667
9.40486111111111,0.0798696422545956
9.40625,0.17081400341832
9.40763888888889,0.107907486322461
9.40902777777778,0.0496813583871569
9.41041666666667,0.0338439018436452
9.41180555555556,0.0578983840688644
9.41319444444444,0.0636363991627857
9.41458333333333,0.171067194372192
9.41597222222222,0.126427977323731
9.41736111111111,0.0484790356915581
9.41875,0.0651995069367712
9.42013888888889,0.100329895026049
9.42152777777778,0.154884800571018
9.42291666666667,0.132208442386182
9.42430555555556,0.155262566689613
9.42569444444444,0.124575470188264
9.42708333333333,0.137915615504488
9.42847222222222,0.0995741541454465
9.42986111111111,0.0977741005910768
9.43125,0.0747309526094247
9.43263888888889,0.0708150043908027
9.43402777777778,0.0494854963668386
9.43541666666667,0.11673931759147
9.43680555555556,0.0308192567913383
9.43819444444444,0.0465118069456595
9.43958333333333,0.043253931635402
9.44097222222222,-0.0418021575171804
9.44236111111111,0.0149914829556265
9.44375,-0.0214689150174348
9.44513888888889,0.0300983755347877
9.44652777777778,-0.0175745979801722
9.44791666666667,0.00922746574719743
9.44930555555556,0.0312777524122074
9.45069444444444,-0.0667056364030321
9.45208333333333,-0.0796016521327217
9.45347222222222,-0.0935175131486917
9.45486111111111,-0.122956274201677
9.45625,-0.123963370873884
9.45763888888889,-0.112195673761481
9.45902777777778,-0.076230370167377
9.46041666666667,0.00215465963220022
9.46180555555556,-0.021960753783687
9.46319444444444,-0.0244472317279191
9.46458333333333,-0.0462513461558062
9.46597222222222,-0.0629571901000243
9.46736111111111,0.00112015017524693
9.46875,-0.0280758829121647
9.47013888888889,-0.0958897775180301
9.47152777777778,-0.0885455408597575
9.47291666666667,-0.0693836721060739
9.47430555555556,-0.0209312054567654
9.47569444444444,-0.0118521816888464
9.47708333333333,-0.0129410853852895
9.47847222222222,0.000107651255269127
9.47986111111111,-0.000237939798051305
9.48125,0.0202461157307972
9.48263888888889,-0.0559052004837752
9.48402777777778,-0.0416014294102898
9.48541666666667,-0.0247749247274049
9.48680555555556,0.0197302337507664
9.48819444444444,0.00698210224990589
9.48958333333333,0.0345890977338751
9.49097222222222,0.011993156371494
9.49236111111111,-0.0267764554648636
9.49375,-0.0343435957724599
9.49513888888889,0.0285345769403626
9.49652777777778,0.05091907880013
9.49791666666667,-0.00686990492707011
9.49930555555556,0.0838471765331004
9.50069444444444,0.0514524621454175
9.50208333333333,-0.00526711761567943
9.50347222222222,0.0182427737581984
9.50486111111111,-0.0124953938853719
9.50625,0.051807441694217
9.50763888888889,0.0600812270486017
9.50902777777778,0.109705575029668
9.51041666666667,0.111794008287432
9.51180555555556,0.0467132070086578
9.51319444444444,0.11244478657082
9.51458333333333,0.105518868530916
9.51597222222222,0.0896425360531199
9.51736111111111,0.0359966585571337
9.51875,0.0186919592513382
9.52013888888889,0.042093899051439
9.52152777777778,0.0569161204889562
9.52291666666667,0.0112418597095201
9.52430555555556,0.0445953095364989
9.52569444444444,0.0194850169158914
9.52708333333333,-0.0181817789310671
9.52847222222222,-0.00170694266792912
9.52986111111111,-0.0712822633829402
9.53125,0.052929690344271
9.53263888888889,0.0774423502803563
9.53402777777778,0.0931814746730621
9.53541666666667,0.00773156330697908
9.53680555555556,0.0128231142068513
9.53819444444444,0.0367232734923079
9.53958333333333,0.0502659069996192
9.54097222222222,0.115111951573321
9.54236111111111,-0.0111557668883499
9.54375,-0.0543369526790916
9.54513888888889,0.000330544053484789
9.54652777777778,0.0316307413546813
9.54791666666667,0.0663407650938511
9.54930555555556,0.0793321767500562
9.55069444444444,0.01229465988818
9.55208333333333,0.00849716337294284
9.55347222222222,0.0685566992234902
9.55486111111111,0.00750340955562226
9.55625,-0.00234001634142632
9.55763888888889,0.0395891190142332
9.55902777777778,0.0531243960569417
9.56041666666667,0.0895101493860087
9.56180555555556,0.0701788828522149
9.56319444444444,0.06468842550116
9.56458333333333,-0.0319156578421337
9.56597222222222,0.0379653811478099
9.56736111111111,0.0274232688242387
9.56875,-0.10165649228788
9.57013888888889,-0.00427462342703541
9.57152777777778,0.0265005928791457
9.57291666666667,-0.0526523249140734
9.57430555555556,-0.117294602526341
9.57569444444444,-0.031364953275037
9.57708333333333,-0.0955731645696468
9.57847222222222,-0.113955786916226
9.57986111111111,-0.106825362820703
9.58125,-0.0740647629718284
9.58263888888889,-0.0737496252811992
9.58402777777778,-0.0488437767988016
9.58541666666667,-0.078437117115548
9.58680555555556,-0.0912700696080419
9.58819444444444,-0.0993623558534183
9.58958333333333,-0.0636575424073535
9.59097222222222,-0.0531906444163628
9.59236111111111,-0.0188460762418681
9.59375,0.01478836676027
9.59513888888889,-0.0791987664441738
9.59652777777778,-0.131183076203072
9.59791666666667,-0.0412052982709838
9.59930555555556,-0.0880307086282802
9.60069444444444,-0.110152372912087
9.60208333333333,-0.1987084249792
9.60347222222222,-0.173759251007419
9.60486111111111,-0.124848590870988
9.60625,-0.111671955113446
9.60763888888889,-0.0279721881404254
9.60902777777778,-0.181709513297187
9.61041666666667,-0.218832193082094
9.61180555555556,-0.149881529500747
9.61319444444444,-0.0214644378980963
9.61458333333333,-0.00851098299041946
9.61597222222222,-0.0644063078948729
9.61736111111111,-0.037024312275805
9.61875,-0.0786515689809879
9.62013888888889,-0.151067771293798
9.62152777777778,-0.138480160154554
9.62291666666667,-0.103769078789672
9.62430555555556,-0.144970401256637
9.62569444444444,-0.165906795921514
9.62708333333333,-0.194041185852873
9.62847222222222,-0.134904969940711
9.62986111111111,-0.13411775714674
9.63125,-0.102103199916403
9.63263888888889,-0.120171029952153
9.63402777777778,-0.102662126198396
9.63541666666667,-0.116821025507254
9.63680555555556,-0.0764165799753738
9.63819444444444,-0.0321737293146987
9.63958333333333,-0.0765439910284747
9.64097222222222,-0.0964201037964015
9.64236111111111,-0.113412750524253
9.64375,-0.120618992947183
9.64513888888889,-0.0549171405085702
9.64652777777778,-0.132271021986959
9.64791666666667,-0.197152596926285
9.64930555555556,-0.156363778440453
9.65069444444444,-0.121105637338412
9.65208333333333,-0.104061798419617
9.65347222222222,-0.0996353992827586
9.65486111111111,-0.0577999806880622
9.65625,-0.0558825892674491
9.65763888888889,-0.164348808195632
9.65902777777778,-0.0881368965017287
9.66041666666667,-0.123882240500345
9.66180555555556,-0.139085809726177
9.66319444444444,-0.131012204866301
9.66458333333333,-0.194491797468018
9.66597222222222,-0.163582528879935
9.66736111111111,-0.175840615957366
9.66875,-0.0946432580128071
9.67013888888889,-0.226422749101853
9.67152777777778,-0.135656909728918
9.67291666666667,-0.124852293377211
9.67430555555556,-0.207671136264492
9.67569444444444,-0.153941148711066
9.67708333333333,-0.129934482883894
9.67847222222222,-0.135414292932069
9.67986111111111,-0.130005195055603
9.68125,-0.117011822622941
9.68263888888889,-0.159088824003186
9.68402777777778,-0.153276463193627
9.68541666666667,-0.269106341440768
9.68680555555556,-0.203040625208386
9.68819444444444,-0.221982206210902
9.68958333333333,-0.14595430223437
9.69097222222222,-0.225209827649019
9.69236111111111,-0.21043954238452
9.69375,-0.218451573649956
9.69513888888889,-0.117239329283338
9.69652777777778,-0.0787141343361061
9.69791666666667,-0.1080777770896
9.69930555555556,-0.11965574282751
9.70069444444444,-0.195057959701824
9.70208333333333,-0.227891881936178
9.70347222222222,-0.163137558800945
9.70486111111111,-0.198864688629136
9.70625,-0.178395193680572
9.70763888888889,-0.183383803127183
9.70902777777778,-0.149392870557088
9.71041666666667,-0.125493649139849
9.71180555555556,-0.117626879371493
9.71319444444444,-0.150198149951937
9.71458333333333,-0.198733496556816
9.71597222222222,-0.097063016073947
9.71736111111111,-0.145216434309097
9.71875,-0.0984499795049218
9.72013888888889,-0.0782009139665294
9.72152777777778,-0.0577195757847593
9.72291666666667,-0.105005042425628
9.72430555555556,-0.149848845560022
9.72569444444444,-0.0931936540917482
9.72708333333333,-0.0424108817168374
9.72847222222222,-0.112616335600937
9.72986111111111,-0.230431521479414
9.73125,-0.127244659429611
9.73263888888889,-0.178553391880658
9.73402777777778,-0.134701928091351
9.73541666666667,-0.225184609839794
9.73680555555556,-0.257119188453192
9.73819444444444,-0.238504686597075
9.73958333333333,-0.282879628704794
9.74097222222222,-0.203344855982026
9.74236111111111,-0.150526959662813
9.74375,-0.0886101122558076
9.74513888888889,-0.164343743012937
9.74652777777778,-0.154162925762154
9.74791666666667,-0.165834564853395
9.74930555555556,-0.0837454228076481
9.75069444444444,-0.0652273171718197
9.75208333333333,-0.0549222957002342
9.75347222222222,-0.0226134795989333
9.75486111111111,-0.0339439984508042
9.75625,-0.118961552990717
9.75763888888889,-0.0557850329646151
9.75902777777778,-0.0232638602638746
9.76041666666667,-0.0476150002091227
9.76180555555556,-0.0340941249812815
9.76319444444444,-0.109557583886365
9.76458333333333,-0.051393761028831
9.76597222222222,-0.014938915511717
9.76736111111111,-0.0756756663104015
9.76875,-0.0208520558014969
9.77013888888889,-0.0361091333616153
9.77152777777778,0.048249339889791
9.77291666666667,0.104686365780499
9.77430555555556,0.0891897296102302
9.77569444444444,0.0281661550100102
9.77708333333333,0.028696745312019
9.77847222222222,-0.0783692033695252
9.77986111111111,-0.0824637919912194
9.78125,-0.162006531887309
9.78263888888889,-0.0249597806244453
9.78402777777778,-0.0575770015119539
9.78541666666667,-0.0459890490434232
9.78680555555556,-0.087757136438916
9.78819444444444,-0.161712477373886
9.78958333333333,-0.218038801359477
9.79097222222222,-0.150801794656143
9.79236111111111,-0.154607692762769
9.79375,-0.0228102184787941
9.79513888888889,-0.0299355033995881
9.79652777777778,-0.0745242821046218
9.79791666666667,-0.144265887357255
9.79930555555556,-0.1321440258828
9.80069444444444,-0.121402087623873
9.80208333333333,-0.11421944189273
9.80347222222222,-0.149501561675848
9.80486111111111,-0.175244632430364
9.80625,-0.247273220677663
9.80763888888889,-0.19272906855967
9.80902777777778,-0.151459364614916
9.81041666666667,-0.177752778427786
9.81180555555556,-0.113002979255861
9.81319444444444,-0.165986257658251
9.81458333333333,-0.113478893647595
9.81597222222222,-0.102797588709045
9.81736111111111,-0.134499531411905
9.81875,-0.0717642535023559
9.82013888888889,-0.00545158456280339
9.82152777777778,-0.0485801330113504
9.82291666666667,-0.0905489925470201
9.82430555555556,-0.0831339542152386
9.82569444444444,-0.164877577652653
9.82708333333333,-0.0125311157443185
9.82847222222222,-0.0364329961772469
9.82986111111111,-0.0436275725671137
9.83125,-0.113586779224097
9.83263888888889,-0.0928950264576028
9.83402777777778,-0.0346722146828139
9.83541666666667,0.022609246127924
9.83680555555556,-0.0364694063328222
9.83819444444444,0.00162657643939832
9.83958333333333,-0.018000724780301
9.84097222222222,-0.0256565917612661
9.84236111111111,-0.0598810097164964
9.84375,-0.15321314056577
9.84513888888889,-0.0192060719383072
9.84652777777778,-0.0305164276248397
9.84791666666667,0.00516642171259004
9.84930555555556,-0.0804481703935497
9.85069444444444,-0.0555763341880036
9.85208333333333,-0.116831554466581
9.85347222222222,-0.142385442986566
9.85486111111111,-0.172234602542508
9.85625,-0.1204965649572
9.85763888888889,-0.137865749707597
9.85902777777778,-0.184250655761198
9.86041666666667,-0.202550352807666
9.86180555555556,-0.167447938259332
9.86319444444444,-0.112696342082509
9.86458333333333,-0.223734532002126
9.86597222222222,-0.177175296392128
9.86736111111111,-0.194701989131218
9.86875,-0.256288045226686
9.87013888888889,-0.159336252963954
9.87152777777778,-0.0917910745762866
9.87291666666667,-0.101830652408329
9.87430555555556,-0.118576246546747
9.87569444444444,-0.0664214115880132
9.87708333333333,-0.0822339814888706
9.87847222222222,-0.0620045503065865
9.87986111111111,-0.0999957092417114
9.88125,-0.120036685245506
9.88263888888889,-0.163077265011226
9.88402777777778,-0.0597852878008726
9.88541666666667,-0.0511123180888982
9.88680555555556,-0.0553265204659197
9.88819444444444,-0.0675916151089083
9.88958333333333,0.0156466623169353
9.89097222222222,-0.00308800129695453
9.89236111111111,0.0203012525831017
9.89375,-0.038038672102949
9.89513888888889,-0.0393594128709511
9.89652777777778,-0.0684574054848106
9.89791666666667,-0.0910406891599527
9.89930555555556,-0.0635896241944306
9.90069444444444,-0.0194059911939814
9.90208333333333,0.0206909909566947
9.90347222222222,0.0134630551987118
9.90486111111111,0.047573739896941
9.90625,0.00630304771118034
9.90763888888889,-0.0109811948357014
9.90902777777778,0.0553204150518952
9.91041666666667,0.0357861132319415
9.91180555555556,0.152467082046508
9.91319444444444,0.0516872771437825
9.91458333333333,-0.00827996444669283
9.91597222222222,0.0601092275218301
9.91736111111111,0.0702671400683997
9.91875,-0.0268743654216482
9.92013888888889,-0.0237687642637382
9.92152777777778,0.00315064345190936
9.92291666666667,-0.0481539630209653
9.92430555555556,-0.0895089673648979
9.92569444444444,-0.0424771395034012
9.92708333333333,-0.0705613207464975
9.92847222222222,-0.110703483178543
9.92986111111111,-0.0200523317528697
9.93125,-0.0805481784471241
9.93263888888889,-0.143270048656158
9.93402777777778,-0.0780869906220391
9.93541666666667,0.0651503930233821
9.93680555555556,-0.0314865821886758
9.93819444444444,-0.0612574791232631
9.93958333333333,-0.10264525327452
9.94097222222222,-0.0585909946845701
9.94236111111111,-0.0493605203305007
9.94375,0.0106913731710975
9.94513888888889,-0.0849814683398986
9.94652777777778,-0.0740686145819512
9.94791666666667,-0.0567940968570728
9.94930555555556,0.012415440956761
9.95069444444444,0.0219118742187899
9.95208333333333,-0.032136995809893
9.95347222222222,-0.0519063143053649
9.95486111111111,-0.0453158607853478
9.95625,-0.0471143918504053
9.95763888888889,0.0330162085967536
9.95902777777778,-0.0193328668558247
9.96041666666667,-0.0515456039359359
9.96180555555556,-0.0549894145878788
9.96319444444444,-0.0603504496158969
9.96458333333333,-0.104735012985659
9.96597222222222,-0.0418570002014544
9.96736111111111,-0.0998953167337163
9.96875,-0.0554757075209444
9.97013888888889,-0.100002986405996
9.97152777777778,-0.129624297447599
9.97291666666667,-0.0802200822983253
9.97430555555556,-0.0863634303320252
9.97569444444444,-0.109583243209948
9.97708333333333,-0.165165370508348
9.97847222222222,-0.115899682523877
9.97986111111111,-0.0783211170795252
9.98125,-0.142553725272731
9.98263888888889,-0.0518296598404499
9.98402777777778,-0.0288388156393542
9.98541666666667,-0.0907047737061614
9.98680555555556,-0.00902171887342766
9.98819444444444,-0.016092071929548
9.98958333333333,-0.104317240383384
9.99097222222222,-0.104282868201129
9.99236111111111,0.0152510832095843
9.99375,-0.116315409514304
9.99513888888889,-0.0696291030789403
9.99652777777778,0.02039024172279
9.99791666666667,0.0230390932288518
9.99930555555556,0.0047185076032196
10.0006944444444,0.00867673009552515
10.0020833333333,-0.0281180444715114
10.0034722222222,-0.00767811321339434
10.0048611111111,-0.0372052651003688
10.00625,-0.0330428223091863
10.0076388888889,-0.0130673249128825
10.0090277777778,-0.077170945534525
10.0104166666667,-0.0965051812537676
10.0118055555556,0.00578762237703312
10.0131944444444,0.0203755242944563
10.0145833333333,-0.0654122644630037
10.0159722222222,-0.106280221749878
10.0173611111111,-0.0865948174280559
10.01875,-0.0111472831879929
10.0201388888889,0.0161792024896353
10.0215277777778,0.043238667488721
10.0229166666667,0.0885771047051995
10.0243055555556,0.0448835218266656
10.0256944444444,0.112980146616286
10.0270833333333,0.0793919689199273
10.0284722222222,0.00427409370034006
10.0298611111111,0.0212225373803526
10.03125,0.0131010199702452
10.0326388888889,-0.00341391488111471
10.0340277777778,0.00163492221268568
10.0354166666667,-0.0311585851931974
10.0368055555556,0.0373400048021449
10.0381944444444,-0.0476535639679406
10.0395833333333,-0.0210598841968676
10.0409722222222,0.0219335652591116
10.0423611111111,0.0406930190410937
10.04375,-0.00924063860399157
10.0451388888889,0.00712862449205709
10.0465277777778,0.0150034508670949
10.0479166666667,0.060108937525575
10.0493055555556,0.0622552082335061
10.0506944444444,0.131661090334606
10.0520833333333,0.0968872238327556
10.0534722222222,0.088174507371979
10.0548611111111,0.039859615722871
10.05625,-0.0640974349680346
10.0576388888889,-0.0559533864834348
10.0590277777778,-0.0237819765268171
10.0604166666667,-0.175799849209095
10.0618055555556,-0.115827854084605
10.0631944444444,-0.15739229396108
10.0645833333333,-0.0678778946186176
10.0659722222222,-0.0374383991218859
10.0673611111111,0.0416932132662754
10.06875,0.00438592445084651
10.0701388888889,-0.012758998087807
10.0715277777778,0.0341921017244798
10.0729166666667,0.00677527228647737
10.0743055555556,0.121514776342191
10.0756944444444,0.152204141041955
10.0770833333333,0.155951555927404
10.0784722222222,0.161233133646788
10.0798611111111,0.141618888084375
10.08125,-0.0143990561563499
10.0826388888889,0.0431768630907333
10.0840277777778,0.0943515793394851
10.0854166666667,0.114950003873295
10.0868055555556,0.00919022703486781
10.0881944444444,0.0435823023726403
10.0895833333333,0.0316508947638913
10.0909722222222,0.0896078162050708
10.0923611111111,0.133315073132285
10.09375,0.055998624133655
10.0951388888889,0.0282176154178024
10.0965277777778,-0.0424177134751208
10.0979166666667,-0.0478970016973538
10.0993055555556,-0.0176061396329007
10.1006944444444,0.0455557576795939
10.1020833333333,0.116593428545614
10.1034722222222,0.121687100382649
10.1048611111111,0.0991018406938195
10.10625,0.149238548845892
10.1076388888889,0.120696111777797
10.1090277777778,0.0422174157698393
10.1104166666667,0.11028222737138
10.1118055555556,0.0889730901986373
10.1131944444444,0.0316253310065128
10.1145833333333,0.00834901645424453
10.1159722222222,0.053195406141919
10.1173611111111,-0.0256451908433598
10.11875,-0.0251656670888751
10.1201388888889,-0.034108020500073
10.1215277777778,0.0501074322513379
10.1229166666667,0.0978639285735294
10.1243055555556,0.104468422712986
10.1256944444444,0.0791217001316514
10.1270833333333,0.112599751967999
10.1284722222222,0.123320490032656
10.1298611111111,0.0872720537365203
10.13125,0.0993138401576101
10.1326388888889,0.132741031545113
10.1340277777778,0.187397155783556
10.1354166666667,0.153504607835155
10.1368055555556,0.154914167905446
10.1381944444444,0.175072542237447
10.1395833333333,0.0836717179930699
10.1409722222222,0.0991129069795947
10.1423611111111,0.153645244035621
10.14375,0.117100969014185
10.1451388888889,0.174812631363904
10.1465277777778,0.209905638820768
10.1479166666667,0.104888374003977
10.1493055555556,0.105381941088215
10.1506944444444,0.141594650815929
10.1520833333333,0.280525860133739
10.1534722222222,0.172558403382402
10.1548611111111,0.162379142690012
10.15625,0.0974496858941205
10.1576388888889,0.0754241510127959
10.1590277777778,0.148651369171951
10.1604166666667,0.114730054796075
10.1618055555556,0.226527770709283
10.1631944444444,0.160045540484198
10.1645833333333,0.183328424835874
10.1659722222222,0.227758100036537
10.1673611111111,0.190754108862535
10.16875,0.131862673247965
10.1701388888889,0.184159746653904
10.1715277777778,0.213668065567017
10.1729166666667,0.143694373449918
10.1743055555556,0.170076432796258
10.1756944444444,0.131065039928906
10.1770833333333,0.159644079978592
10.1784722222222,0.0715204960606103
10.1798611111111,0.0504414610645181
10.18125,0.0025712519454646
10.1826388888889,0.0179362777164082
10.1840277777778,0.0275550985627333
10.1854166666667,0.0686359566066322
10.1868055555556,0.130843521675942
10.1881944444444,0.0950472809654238
10.1895833333333,0.0666225340771513
10.1909722222222,0.0183528287965896
10.1923611111111,0.0143217978268188
10.19375,-0.0103813474782515
10.1951388888889,-0.0848099362410391
10.1965277777778,-0.000913559201038816
10.1979166666667,-0.0794043020397152
10.1993055555556,-0.00789230247163151
10.2006944444444,-0.056541304206393
10.2020833333333,-0.00446578452175345
10.2034722222222,-0.0175843899310312
10.2048611111111,-0.0685211627888746
10.20625,-0.0325348266530895
10.2076388888889,0.0428835691255725
10.2090277777778,-0.0747048136992942
10.2104166666667,-0.032339118509176
10.2118055555556,-0.041309658433052
10.2131944444444,-0.0611173173468896
10.2145833333333,-0.0128767871807275
10.2159722222222,-0.10286274836008
10.2173611111111,-0.177568582234501
10.21875,-0.168893591702563
10.2201388888889,-0.053357713577284
10.2215277777778,0.00847744327760068
10.2229166666667,0.109772308491275
10.2243055555556,0.0369181464340447
10.2256944444444,0.00590831233211322
10.2270833333333,0.0448292134844489
10.2284722222222,0.158795238920685
10.2298611111111,0.0323751563265731
10.23125,0.00648365824133908
10.2326388888889,0.0294258046159697
10.2340277777778,-0.0428022199258775
10.2354166666667,-0.0395209102057987
10.2368055555556,0.0676035587121587
10.2381944444444,0.102766627790473
10.2395833333333,0.0911107513796311
10.2409722222222,0.021289393942926
10.2423611111111,0.0740916966897451
10.24375,0.0953022402668808
10.2451388888889,0.0614609341044861
10.2465277777778,-0.0129022198864444
10.2479166666667,0.0202257707900537
10.2493055555556,0.0583942276870132
10.2506944444444,-0.0500608529802436
10.2520833333333,-0.0141922852282486
10.2534722222222,-0.0218404164844428
10.2548611111111,0.0269574153539707
10.25625,-0.0979875861162516
10.2576388888889,0.019868437863536
10.2590277777778,-0.00792799691161596
10.2604166666667,-0.0325189663174475
10.2618055555556,-0.0574762379798298
10.2631944444444,-0.0273180197256968
10.2645833333333,0.0819998361894781
10.2659722222222,0.0427429634700175
10.2673611111111,-0.0158783021244246
10.26875,-0.0207416830968625
10.2701388888889,0.0143122394566139
10.2715277777778,-0.102185545791379
10.2729166666667,0.00233820324625279
10.2743055555556,0.0380498087843794
10.2756944444444,0.0134111003730361
10.2770833333333,-0.058797986509434
10.2784722222222,-0.0329742161075357
10.2798611111111,-0.0590301529126672
10.28125,0.0450401679913089
10.2826388888889,0.0627528418934196
10.2840277777778,0.110236396979407
10.2854166666667,-0.0111947927733377
10.2868055555556,-0.0114614276491881
10.2881944444444,0.0532361969979748
10.2895833333333,0.060842268744908
10.2909722222222,0.0437243126102385
10.2923611111111,0.00290825493146642
10.29375,0.0359635584434996
10.2951388888889,0.0856706951888347
10.2965277777778,0.0893353133319391
10.2979166666667,0.05756016962557
10.2993055555556,0.0124371009237323
10.3006944444444,-0.00477685765361746
10.3020833333333,-0.0129458681589162
10.3034722222222,0.0121794628421994
10.3048611111111,0.0552155733925522
10.30625,-0.00373717110015731
10.3076388888889,0.00994395370775367
10.3090277777778,0.00857916297953664
10.3104166666667,0.0549574756836463
10.3118055555556,-0.0105763401052711
10.3131944444444,-0.051246724305414
10.3145833333333,-0.0394537299887717
10.3159722222222,0.0153337411383171
10.3173611111111,0.152342838641743
10.31875,0.132436028100232
10.3201388888889,0.111802903023933
10.3215277777778,0.0485815406330089
10.3229166666667,0.0179812704644662
10.3243055555556,0.0462846692302427
10.3256944444444,0.063154333269263
10.3270833333333,0.125693325406887
10.3284722222222,0.140235271706135
10.3298611111111,0.222027931133513
10.33125,0.110570281285964
10.3326388888889,0.156512255964612
10.3340277777778,0.10469047910591
10.3354166666667,0.121548041086576
10.3368055555556,0.221341832928991
10.3381944444444,0.305343390554489
10.3395833333333,0.255814841272016
10.3409722222222,0.140510935420348
10.3423611111111,0.114235134552164
10.34375,0.110755958812982
10.3451388888889,0.144133539115692
10.3465277777778,0.177259430640514
10.3479166666667,0.0945055669641141
10.3493055555556,0.0680190124522651
10.3506944444444,0.103813397459799
10.3520833333333,0.0691274543017481
10.3534722222222,0.15956864683608
10.3548611111111,0.0603646472384568
10.35625,0.0870145023189856
10.3576388888889,0.0207929723081714
10.3590277777778,0.108559455497631
10.3604166666667,0.0520123713840604
10.3618055555556,0.104797574695111
10.3631944444444,-0.00331382623507678
10.3645833333333,-0.00981079591462957
10.3659722222222,0.102623131565424
10.3673611111111,0.0328334299512797
10.36875,-0.0127982182272891
10.3701388888889,-0.0359217087011299
10.3715277777778,0.0202301860028518
10.3729166666667,-0.0140533447831418
10.3743055555556,-0.0250385880778086
10.3756944444444,0.0289756081811273
10.3770833333333,0.0136362789137736
10.3784722222222,0.0162966985509108
10.3798611111111,0.0330285916149227
10.38125,0.0302963743126835
10.3826388888889,0.0847753312136559
10.3840277777778,0.0430553601063643
10.3854166666667,0.0362821263293774
10.3868055555556,0.0106683755245315
10.3881944444444,0.0920689468914305
10.3895833333333,0.00504073258858672
10.3909722222222,0.0576747576732621
10.3923611111111,-0.0594756000520178
10.39375,-0.0454072299051792
10.3951388888889,0.00662016289630616
10.3965277777778,0.113387564854196
10.3979166666667,0.100509529297503
10.3993055555556,0.039512235784657
10.4006944444444,0.0712000198542702
10.4020833333333,-0.023882836223244
10.4034722222222,0.0112556809748508
10.4048611111111,0.00491242862491085
10.40625,0.00927160410838572
10.4076388888889,-0.0313609488587145
10.4090277777778,0.0216277037834863
10.4104166666667,0.0699445393086787
10.4118055555556,0.0706754201899775
10.4131944444444,0.132768403158375
10.4145833333333,0.0707312912561097
10.4159722222222,-0.0612483882690823
10.4173611111111,-0.109516314588463
10.41875,-0.026689199932749
10.4201388888889,-0.0726742723511204
10.4215277777778,-0.00310089670071548
10.4229166666667,0.0207702898257373
10.4243055555556,0.0630710685119845
10.4256944444444,0.00634612278347946
10.4270833333333,0.0695124354057806
10.4284722222222,0.0120736714875658
10.4298611111111,0.0466732907592853
10.43125,-0.00906211256232413
10.4326388888889,0.127888139251875
10.4340277777778,0.108292965685985
10.4354166666667,0.105638319728744
10.4368055555556,0.0284232171565495
10.4381944444444,0.150152036615866
10.4395833333333,0.0203977932781663
10.4409722222222,0.128109312934802
10.4423611111111,0.168551405856202
10.44375,0.1337441509909
10.4451388888889,0.167069475043088
10.4465277777778,0.101931590198825
10.4479166666667,0.117651225940129
10.4493055555556,0.109891668774537
10.4506944444444,0.0962851061899012
10.4520833333333,0.0432384515112153
10.4534722222222,0.0372087618001049
10.4548611111111,0.153419504906342
10.45625,0.0108187043621365
10.4576388888889,-0.0748996623479588
10.4590277777778,0.0407595315919977
10.4604166666667,-0.00524620951348769
10.4618055555556,0.0274012912360222
10.4631944444444,0.0483148067880965
10.4645833333333,0.0518478201461136
10.4659722222222,0.00962034069047442
10.4673611111111,-0.0194328212611421
10.46875,-0.0426940358408213
10.4701388888889,-0.045200619148991
10.4715277777778,-0.034145035331147
10.4729166666667,-0.0700628166521421
10.4743055555556,-0.0378021667694807
10.4756944444444,0.0675197325865663
10.4770833333333,0.0598965580062154
10.4784722222222,0.00675843556398349
10.4798611111111,-0.0402663856291503
10.48125,-0.0446164246414852
10.4826388888889,0.0704064669175539
10.4840277777778,0.0422644709825666
10.4854166666667,0.0460666892235526
10.4868055555556,-0.00639361951094088
10.4881944444444,0.0511240607301096
10.4895833333333,0.0713363157076738
10.4909722222222,0.0805558404092625
10.4923611111111,-0.0780897545454632
10.49375,-0.0443436234606386
10.4951388888889,-0.0213914608612506
10.4965277777778,-0.0389921492759222
10.4979166666667,0.0182718721872205
10.4993055555556,0.0795332485086517
10.5006944444444,0.0692226997350852
10.5020833333333,0.0722644322331577
10.5034722222222,0.0212624418599594
10.5048611111111,0.0780091244194011
10.50625,0.0131110115735365
10.5076388888889,0.0696240918160833
10.5090277777778,-0.0121345631379441
10.5104166666667,0.116894091925834
10.5118055555556,0.084750788822116
10.5131944444444,-0.0394632319252335
10.5145833333333,-0.0435098309482099
10.5159722222222,-0.0596761480172824
10.5173611111111,-0.0411917638835385
10.51875,0.00664996028326543
10.5201388888889,0.0382328401696397
10.5215277777778,0.059675162763839
10.5229166666667,0.101459843717315
10.5243055555556,0.215997857133667
10.5256944444444,0.217755299136137
10.5270833333333,0.159879978395227
10.5284722222222,0.0499338491434378
10.5298611111111,-0.00317001350096042
10.53125,0.0937128685212788
10.5326388888889,0.0848179487574274
10.5340277777778,0.0594677804986382
10.5354166666667,-0.0263053113371481
10.5368055555556,0.035137830198133
10.5381944444444,0.071428376882754
10.5395833333333,0.0520402388834981
10.5409722222222,0.0523478888932193
10.5423611111111,0.0576320791388759
10.54375,-0.0226777019450634
10.5451388888889,-0.0351207454294458
10.5465277777778,-0.0537090144987375
10.5479166666667,-0.0348419925639078
10.5493055555556,-0.0394978265105838
10.5506944444444,0.0443456201717239
10.5520833333333,0.0438861744099549
10.5534722222222,0.000601630809135532
10.5548611111111,-0.0685823129758435
10.55625,-0.0606773471431357
10.5576388888889,-0.00644103284096703
10.5590277777778,-8.68519067373418e-06
10.5604166666667,-0.0549438695386498
10.5618055555556,-0.0319091800927927
10.5631944444444,-0.100436876123216
10.5645833333333,-0.0802816431748172
10.5659722222222,-0.108097129813897
10.5673611111111,-0.0467320310997982
10.56875,0.0374842819595699
10.5701388888889,0.018442910787534
10.5715277777778,-0.0265596963866064
10.5729166666667,0.0622079322638864
10.5743055555556,0.105384968844284
10.5756944444444,0.0837153341769982
10.5770833333333,0.0263522096966027
10.5784722222222,-0.00507018631840873
10.5798611111111,-0.0239217776305075
10.58125,0.0284270499358443
10.5826388888889,0.0119279157822773
10.5840277777778,0.0961087722048542
10.5854166666667,0.0394855648528784
10.5868055555556,0.065182415943044
10.5881944444444,0.056514842689727
10.5895833333333,0.135616639437628
10.5909722222222,0.056890385250162
10.5923611111111,0.0861907954494538
10.59375,0.136714236488463
10.5951388888889,0.195325497314687
10.5965277777778,0.117183686044387
10.5979166666667,0.0810590932798993
10.5993055555556,0.124743774934227
10.6006944444444,0.0381628860176789
10.6020833333333,0.0483813714561077
10.6034722222222,0.130973547927124
10.6048611111111,0.0539885133128219
10.60625,0.0996742075188635
10.6076388888889,0.229646534679564
10.6090277777778,0.172124692404546
10.6104166666667,0.192594552905823
10.6118055555556,0.226607319189216
10.6131944444444,0.246294041846012
10.6145833333333,0.276424134106617
10.6159722222222,0.258416270961201
10.6173611111111,0.125566655528148
10.61875,0.184955848217785
10.6201388888889,0.0691487661747459
10.6215277777778,0.0161804049063103
10.6229166666667,0.0704262281916518
10.6243055555556,0.092978673278734
10.6256944444444,0.0824896535344924
10.6270833333333,0.0331486046954722
10.6284722222222,-0.0181437144193172
10.6298611111111,0.0550048982428089
10.63125,-0.049901492164749
10.6326388888889,0.0293986186627734
10.6340277777778,0.022129503316336
10.6354166666667,0.0154972391688913
10.6368055555556,0.0355553932914681
10.6381944444444,0.10518594555891
10.6395833333333,0.0470417154610696
10.6409722222222,0.102858659466556
10.6423611111111,0.197299766550717
10.64375,0.197026328809145
10.6451388888889,0.159419830134565
10.6465277777778,0.0366638120693351
10.6479166666667,0.0200328973163702
10.6493055555556,0.059744203878232
10.6506944444444,0.159974794770328
10.6520833333333,0.167107847732592
10.6534722222222,0.175058992142512
10.6548611111111,0.208368827868979
10.65625,0.117458162070059
10.6576388888889,0.201575625876789
10.6590277777778,0.0494750313512924
10.6604166666667,0.0788098081614234
10.6618055555556,0.0988260293914019
10.6631944444444,-0.00667551632962732
10.6645833333333,0.0633943572128328
10.6659722222222,0.0606914142233924
10.6673611111111,0.0320575865858769
10.66875,0.0557113070077659
10.6701388888889,0.120975098605783
10.6715277777778,0.0344308831957112
10.6729166666667,0.0300778511848459
10.6743055555556,0.0822062215700386
10.6756944444444,0.0823372498336435
10.6770833333333,0.0405143085855199
10.6784722222222,0.0344193074972056
10.6798611111111,0.0499069650534207
10.68125,0.0804905434641864
10.6826388888889,0.0985300549212979
10.6840277777778,0.121285629257249
10.6854166666667,0.099136091697236
10.6868055555556,0.175410640865345
10.6881944444444,0.11389809086352
10.6895833333333,0.141903208733143
10.6909722222222,0.141870469371497
10.6923611111111,0.0381882552638823
10.69375,0.0771268152070531
10.6951388888889,0.0702462150751409
10.6965277777778,0.139936609557938
10.6979166666667,0.133391814487195
10.6993055555556,0.0610416682758523
10.7006944444444,0.137345997633439
10.7020833333333,0.101039544618399
10.7034722222222,0.0721423007402154
10.7048611111111,0.044227644969168
10.70625,0.139281579700483
10.7076388888889,0.105680641951802
10.7090277777778,0.101772269156345
10.7104166666667,0.147720786691298
10.7118055555556,0.0734004559765735
10.7131944444444,0.0721871326673875
10.7145833333333,0.0547280328328272
10.7159722222222,0.130750755124246
10.7173611111111,0.137172400675455
10.71875,0.0245133727223809
10.7201388888889,0.102228994916551
10.7215277777778,0.158729390926526
10.7229166666667,0.12110913065897
10.7243055555556,0.0496143894971351
10.7256944444444,0.0579839814040842
10.7270833333333,0.111996306524234
10.7284722222222,0.168871828396805
10.7298611111111,0.123369677476664
10.73125,0.110949485026789
10.7326388888889,0.13588148439993
10.7340277777778,0.111366465158848
10.7354166666667,0.0902519382369697
10.7368055555556,0.161491561881849
10.7381944444444,0.118543097489389
10.7395833333333,0.0554430985162746
10.7409722222222,0.014123273084762
10.7423611111111,0.121886777975883
10.74375,0.01046807644004
10.7451388888889,0.0586846862727409
10.7465277777778,0.0166859509348011
10.7479166666667,0.0248199056415735
10.7493055555556,0.0559731794745492
10.7506944444444,0.0441544961447066
10.7520833333333,-0.00927476212768754
10.7534722222222,0.0186117324296238
10.7548611111111,0.0407752570403851
10.75625,0.0406798176800756
10.7576388888889,-0.0037785189591081
10.7590277777778,-0.0484792837269083
10.7604166666667,-0.034716751918858
10.7618055555556,-0.0416715316802249
10.7631944444444,-0.0102141533432273
10.7645833333333,-0.0507692817935426
10.7659722222222,-0.0449175756355466
10.7673611111111,-0.090048982449034
10.76875,-0.0490300954299391
10.7701388888889,-0.0950888849424089
10.7715277777778,-0.060786343160289
10.7729166666667,-0.0521683714934019
10.7743055555556,-0.078858125201561
10.7756944444444,-0.0208198293293599
10.7770833333333,-0.0700012934717768
10.7784722222222,-0.114218766752928
10.7798611111111,-0.0409603593930993
10.78125,-0.0134502301218403
10.7826388888889,0.0234522772144424
10.7840277777778,0.0346670895081231
10.7854166666667,0.0955520804962648
10.7868055555556,0.0853412752912663
10.7881944444444,0.016109568462621
10.7895833333333,-0.0229636449277402
10.7909722222222,0.0309949356187196
10.7923611111111,0.0398397394632045
10.79375,-0.0469117777516954
10.7951388888889,0.0148234964568582
10.7965277777778,0.00401191062290731
10.7979166666667,0.0694240583699068
10.7993055555556,0.0542020065974675
10.8006944444444,0.0463127982831745
10.8020833333333,-0.111737541195225
10.8034722222222,-0.0722081847339678
10.8048611111111,-0.0283756238316384
10.80625,0.0206749544963065
10.8076388888889,-0.00660539483339192
10.8090277777778,-0.0446907050299771
10.8104166666667,0.00582644548467566
10.8118055555556,-0.0095342401712393
10.8131944444444,0.0449902361832632
10.8145833333333,0.0207331595473143
10.8159722222222,0.0342329649698016
10.8173611111111,0.0320526342614624
10.81875,0.082221103050411
10.8201388888889,0.123493082534396
10.8215277777778,0.0554866147657626
10.8229166666667,0.0176399319461192
10.8243055555556,-0.0159904646552051
10.8256944444444,0.0568591562629188
10.8270833333333,0.083880166221422
10.8284722222222,0.142721950844669
10.8298611111111,0.111415382265955
10.83125,0.0725372557318582
10.8326388888889,0.0335072646840906
10.8340277777778,0.0969077341660024
10.8354166666667,0.106528473099961
10.8368055555556,0.033565768113811
10.8381944444444,-0.0300852969365963
10.8395833333333,0.0153903942910671
10.8409722222222,-0.00338999597941251
10.8423611111111,0.0145471149700993
10.84375,0.104658571209376
10.8451388888889,0.0934702484360351
10.8465277777778,0.0939739372623352
10.8479166666667,0.0171545589885499
10.8493055555556,0.12233273371449
10.8506944444444,0.109623206067118
10.8520833333333,0.0631900010037358
10.8534722222222,0.118028934280126
10.8548611111111,0.0185629487039161
10.85625,-0.0174785230767519
10.8576388888889,-0.0508536009416543
10.8590277777778,-0.00108432379691208
10.8604166666667,-0.0174687538784413
10.8618055555556,-0.0219305567717775
10.8631944444444,-0.00874233866070718
10.8645833333333,-0.084151776015593
10.8659722222222,-0.0885699878023721
10.8673611111111,-0.0313024220974364
10.86875,-0.0509646514407181
10.8701388888889,-0.000606290555304225
10.8715277777778,-0.0227802108704081
10.8729166666667,-0.0134207131916455
10.8743055555556,-0.00672695654299245
10.8756944444444,-0.0552237108502632
10.8770833333333,0.0288756141243082
10.8784722222222,0.0837090512393553
10.8798611111111,0.0873704524730513
10.88125,0.0225389081314829
10.8826388888889,0.00182728818590085
10.8840277777778,-0.00699957871699797
10.8854166666667,0.0600367560977975
10.8868055555556,0.0757756627314433
10.8881944444444,0.0536455578551829
10.8895833333333,0.00360957882867562
10.8909722222222,-0.0379247256901294
10.8923611111111,-0.0363597877117426
10.89375,0.018180120058581
10.8951388888889,-0.0206665709887214
10.8965277777778,0.0393039319393463
10.8979166666667,0.0197545958934899
10.8993055555556,-0.108686131841596
10.9006944444444,-0.0956484183393158
10.9020833333333,-0.0771035964100921
10.9034722222222,-0.0422958914177713
10.9048611111111,-0.0694035453886907
10.90625,-0.0686641626100247
10.9076388888889,-0.0954647528078612
10.9090277777778,-0.0809084065754267
10.9104166666667,-0.0628642305760937
10.9118055555556,0.00613883645892708
10.9131944444444,-0.0238642927006379
10.9145833333333,-0.0448766303463344
10.9159722222222,0.0185731508835539
10.9173611111111,-0.0276724595830195
10.91875,0.00311613239793087
10.9201388888889,-0.000842089395449998
10.9215277777778,0.00736873193543845
10.9229166666667,0.0250873953102114
10.9243055555556,-0.0139693141308723
10.9256944444444,0.0551602905740026
10.9270833333333,-0.0249399873776152
10.9284722222222,-0.0667311048702171
10.9298611111111,-0.0253486446297331
10.93125,0.016591915144935
10.9326388888889,-0.00265409258065061
10.9340277777778,-0.000853522935385547
10.9354166666667,0.0452414804499062
10.9368055555556,0.0909080911577727
10.9381944444444,0.111275485664312
10.9395833333333,0.126049089685944
10.9409722222222,0.109880281729971
10.9423611111111,0.113929340949824
10.94375,0.0777482371720046
10.9451388888889,0.0587659814699835
10.9465277777778,0.102118608016804
10.9479166666667,0.0502709266281923
10.9493055555556,0.0246497770550828
10.9506944444444,0.0653488089023195
10.9520833333333,0.0399062861018275
10.9534722222222,0.0726858704550654
10.9548611111111,0.137382937816153
10.95625,0.106635301624409
10.9576388888889,0.103297587553863
10.9590277777778,-0.00207928778173489
10.9604166666667,0.023437927388721
10.9618055555556,0.0201467365894881
10.9631944444444,0.00990541274377651
10.9645833333333,0.0473462615010138
10.9659722222222,0.057367354086799
10.9673611111111,0.04167897136992
10.96875,-0.0091154496887735
10.9701388888889,0.0125355486293924
10.9715277777778,0.0528270628307495
10.9729166666667,0.0299899348757468
10.9743055555556,0.0527211745412276
10.9756944444444,0.12187582694176
10.9770833333333,0.0363568140269137
10.9784722222222,0.0818076686622813
10.9798611111111,0.113489337297715
10.98125,0.106042796239066
10.9826388888889,0.120439083657283
10.9840277777778,0.111071889023456
10.9854166666667,0.0929941024265098
10.9868055555556,0.102190628050615
10.9881944444444,0.100749609451739
10.9895833333333,0.103037289387447
10.9909722222222,0.0245953379847694
10.9923611111111,0.0490313349903621
10.99375,0.118491272056207
10.9951388888889,0.0508508752022972
10.9965277777778,0.0440824538433563
10.9979166666667,0.0451270607172348
10.9993055555556,0.0200638917065084
11.0006944444444,0.0758891180616579
11.0020833333333,0.0390865310133145
11.0034722222222,0.0316545081189825
11.0048611111111,0.0195514698970349
11.00625,-0.0134034188976646
11.0076388888889,0.00685187119465153
11.0090277777778,-0.0108167311344357
11.0104166666667,0.022700104157674
11.0118055555556,0.0220333277137071
11.0131944444444,0.00377592628723049
11.0145833333333,0.0324522355817956
11.0159722222222,-0.0397745345862778
11.0173611111111,-0.112841841748427
11.01875,-0.182100581772348
11.0201388888889,-0.114591803131784
11.0215277777778,-0.0441892830208618
11.0229166666667,-0.0340083000290928
11.0243055555556,0.00432706195464636
11.0256944444444,0.100495502680183
11.0270833333333,0.0985972504032263
11.0284722222222,0.0909972758953027
11.0298611111111,0.0757202226893044
11.03125,0.0537940198752683
11.0326388888889,0.0232776873258291
11.0340277777778,0.0901532657421644
11.0354166666667,0.0778591029655445
11.0368055555556,0.0915664891517552
11.0381944444444,0.102879040595082
11.0395833333333,0.0824425020427501
11.0409722222222,0.110938358292179
11.0423611111111,0.0736005214431801
11.04375,0.0929689407658217
11.0451388888889,0.143263023689096
11.0465277777778,0.0872504041667746
11.0479166666667,0.15561091633676
11.0493055555556,0.110816257394497
11.0506944444444,0.124400218616685
11.0520833333333,0.138445716221854
11.0534722222222,0.195812809541528
11.0548611111111,0.097262489746608
11.05625,0.108117558926804
11.0576388888889,0.13642508296136
11.0590277777778,0.124599669306521
11.0604166666667,0.0723027905036214
11.0618055555556,0.109795275729043
11.0631944444444,0.0994813433223639
11.0645833333333,0.129925746302489
11.0659722222222,0.117941509488173
11.0673611111111,0.0995204405623236
11.06875,0.125532399105591
11.0701388888889,0.103315069821381
11.0715277777778,0.124558195477178
11.0729166666667,0.0910900009448852
11.0743055555556,0.00892645919317971
11.0756944444444,0.0261636700111899
11.0770833333333,0.0360170318271205
11.0784722222222,0.0602032247325538
11.0798611111111,0.0856677326938627
11.08125,0.117847076206889
11.0826388888889,0.068063601192438
11.0840277777778,0.0188385305795075
11.0854166666667,0.0726067776105249
11.0868055555556,0.0840154298389315
11.0881944444444,0.0306186208425684
11.0895833333333,0.00295923854742813
11.0909722222222,-0.018155791390561
11.0923611111111,0.0223212702165885
11.09375,0.00636946357509885
11.0951388888889,0.0871547951347925
11.0965277777778,0.0465046929237836
11.0979166666667,0.0381297828127853
11.0993055555556,0.013865149744212
11.1006944444444,0.040705332963024
11.1020833333333,0.157654863965434
11.1034722222222,0.174710465930839
11.1048611111111,0.138755096537022
11.10625,0.118979413901486
11.1076388888889,0.109170439004327
11.1090277777778,0.114623406968238
11.1104166666667,0.112116295669171
11.1118055555556,0.0652065654201942
11.1131944444444,0.0277635582306284
11.1145833333333,0.0651306742706931
11.1159722222222,0.0488851214354227
11.1173611111111,0.0628690791081353
11.11875,0.0759200054334721
11.1201388888889,0.135814465995772
11.1215277777778,0.00272500280289415
11.1229166666667,0.0861518726363577
11.1243055555556,0.0031341843975166
11.1256944444444,-0.0135304897144368
11.1270833333333,0.0730941905682572
11.1284722222222,0.0628025828032178
11.1298611111111,0.0133946598385519
11.13125,0.018351928304822
11.1326388888889,0.0317461479444952
11.1340277777778,0.0552072440020514
11.1354166666667,0.0929533372642942
11.1368055555556,0.171253804442337
11.1381944444444,0.0606966656879075
11.1395833333333,0.0803922291573669
11.1409722222222,-0.0152947003779842
11.1423611111111,-0.0420063689806882
11.14375,-0.0212714278114761
11.1451388888889,0.0187489401481056
11.1465277777778,0.092500891739925
11.1479166666667,0.0639525431422017
11.1493055555556,0.0538840579070398
11.1506944444444,0.0366760589353104
11.1520833333333,-0.00924133189701185
11.1534722222222,0.047539623901675
11.1548611111111,0.0520398833101293
11.15625,-0.104302794674616
11.1576388888889,-0.121842618220923
11.1590277777778,-0.0448513690886647
11.1604166666667,0.0870133035939812
11.1618055555556,0.1487258639129
11.1631944444444,0.137033547007141
11.1645833333333,0.112857549822066
11.1659722222222,0.110761912235474
11.1673611111111,0.0850127937680761
11.16875,0.142532769969785
11.1701388888889,0.145943545720568
11.1715277777778,0.0626366874721958
11.1729166666667,0.173455910983066
11.1743055555556,0.265238328282222
11.1756944444444,0.206032421127222
11.1770833333333,0.147271438833311
11.1784722222222,0.199747467845803
11.1798611111111,0.147147996789539
11.18125,0.203892535166921
11.1826388888889,0.109292815652825
11.1840277777778,0.0308217303791089
11.1854166666667,-0.00240403164583434
11.1868055555556,0.0251007548566252
11.1881944444444,0.0145257967388753
11.1895833333333,0.0548135724291372
11.1909722222222,-0.021726317298217
11.1923611111111,-0.000436244838792219
11.19375,0.0413785991526242
11.1951388888889,0.0961309898930606
11.1965277777778,0.17646419461479
11.1979166666667,0.134850943202195
11.1993055555556,0.0928881820812382
11.2006944444444,0.0761486453182415
11.2020833333333,0.0838501827778889
11.2034722222222,0.0835719137415702
11.2048611111111,0.153198233793968
11.20625,0.104394919668334
11.2076388888889,0.10352310946016
11.2090277777778,0.0810428136847845
11.2104166666667,0.0424020130342217
11.2118055555556,0.15656023459334
11.2131944444444,0.159748587679249
11.2145833333333,0.152609246267312
11.2159722222222,0.131436301501405
11.2173611111111,0.049977082550187
11.21875,-0.0283222073133398
11.2201388888889,0.0435618469973898
11.2215277777778,0.0695582835015812
11.2229166666667,0.0680869161295819
11.2243055555556,0.10761080181499
11.2256944444444,0.0986096858118563
11.2270833333333,0.0922358207404151
11.2284722222222,0.0101020180902148
11.2298611111111,0.0892802175375045
11.23125,0.0768030463772434
11.2326388888889,0.0219060134829887
11.2340277777778,0.0997504690189478
11.2354166666667,0.0227008026815118
11.2368055555556,0.0574422616684287
11.2381944444444,0.0501673619847949
11.2395833333333,0.064847076678519
11.2409722222222,0.113872705014452
11.2423611111111,0.0338451551660766
11.24375,0.083908424514558
11.2451388888889,0.0928239195461989
11.2465277777778,0.0303224901499389
11.2479166666667,0.0529855370394494
11.2493055555556,0.0175819825157142
11.2506944444444,0.0100001757639876
11.2520833333333,0.0772034490901806
11.2534722222222,0.158644334812344
11.2548611111111,0.118995218202627
11.25625,0.0297142749522213
11.2576388888889,0.112862880953809
11.2590277777778,0.0558791209808769
11.2604166666667,0.0162307763701033
11.2618055555556,0.0310460121506014
11.2631944444444,0.00342017565836219
11.2645833333333,-0.00913615883063048
11.2659722222222,0.0208298494068147
11.2673611111111,0.0772832710023546
11.26875,0.0775241413704529
11.2701388888889,0.134830658651386
11.2715277777778,0.0856420861055761
11.2729166666667,0.191850664740686
11.2743055555556,0.135334643489701
11.2756944444444,0.181887400044592
11.2770833333333,0.233536221378827
11.2784722222222,0.160085839149867
11.2798611111111,0.155500040320787
11.28125,0.259893681940836
11.2826388888889,0.194656618238167
11.2840277777778,0.210183594095012
11.2854166666667,0.174886285133588
11.2868055555556,0.144437239900012
11.2881944444444,0.103077903107897
11.2895833333333,0.13381698236534
11.2909722222222,0.081305164174447
11.2923611111111,0.0789281734931172
11.29375,0.0987306813385657
11.2951388888889,0.129751861860885
11.2965277777778,0.0928897513463378
11.2979166666667,0.103036554402887
11.2993055555556,0.144542239311774
11.3006944444444,0.1426623813612
11.3020833333333,0.19397418996579
11.3034722222222,0.211805945780133
11.3048611111111,0.206203469563499
11.30625,0.181955778087077
11.3076388888889,0.138696395262765
11.3090277777778,0.176382733299176
11.3104166666667,0.159542706800502
11.3118055555556,0.228892519001989
11.3131944444444,0.209899140423606
11.3145833333333,0.234607688385191
11.3159722222222,0.224739475922879
11.3173611111111,0.175539056213546
11.31875,0.0516235975913158
11.3201388888889,0.157855553383267
11.3215277777778,0.179096042496225
11.3229166666667,0.215837011208535
11.3243055555556,0.218694800500008
11.3256944444444,0.183915388919601
11.3270833333333,0.192156164358887
11.3284722222222,0.124144429833995
11.3298611111111,0.141394973037294
11.33125,0.136254826353823
11.3326388888889,0.149402727870179
11.3340277777778,0.1203522086757
11.3354166666667,0.102047019426066
11.3368055555556,0.155685917303582
11.3381944444444,0.136666593406901
11.3395833333333,0.165298413085665
11.3409722222222,0.0172869753297981
11.3423611111111,0.139939738302316
11.34375,0.170428802506368
11.3451388888889,0.144538317445501
11.3465277777778,0.133386654736612
11.3479166666667,0.181247258714674
11.3493055555556,0.142116935324188
11.3506944444444,0.195610156338267
11.3520833333333,0.122054508040147
11.3534722222222,0.0388365578960232
11.3548611111111,-0.00649389126760509
11.35625,0.121552844572775
11.3576388888889,0.224892248771726
11.3590277777778,0.144161970794582
11.3604166666667,0.170951815165662
11.3618055555556,0.158259456392098
11.3631944444444,0.105207208549147
11.3645833333333,0.199899327749881
11.3659722222222,0.174091392209634
11.3673611111111,0.198191469034052
11.36875,0.187438674902531
11.3701388888889,0.221276956586699
11.3715277777778,0.263756623992806
11.3729166666667,0.242446646592718
11.3743055555556,0.268415485091958
11.3756944444444,0.282728018768104
11.3770833333333,0.228385271921745
11.3784722222222,0.334767554610783
11.3798611111111,0.289124357013655
11.38125,0.233249840926772
11.3826388888889,0.208782372955215
11.3840277777778,0.159318416491826
11.3854166666667,0.231797939347617
11.3868055555556,0.191649654238491
11.3881944444444,0.175180142794711
11.3895833333333,0.276557458434567
11.3909722222222,0.207197653395611
11.3923611111111,0.166999789384305
11.39375,0.152848240636935
11.3951388888889,0.190672875285976
11.3965277777778,0.172040473255196
11.3979166666667,0.138543534309497
11.3993055555556,0.148764680726256
11.4006944444444,0.0738671508447534
11.4020833333333,0.00832999727820462
11.4034722222222,-0.0181326662523064
11.4048611111111,0.0250908159327521
11.40625,0.144787836642293
11.4076388888889,0.176054169795418
11.4090277777778,0.179703688952465
11.4104166666667,0.164928460578993
11.4118055555556,0.210615416816851
11.4131944444444,0.187407224216725
11.4145833333333,0.199019082453298
11.4159722222222,0.257539855054233
11.4173611111111,0.18878653517655
11.41875,0.178547198750476
11.4201388888889,0.123190840959166
11.4215277777778,0.179889092084198
11.4229166666667,0.127428514364638
11.4243055555556,0.113475658002805
11.4256944444444,0.135698306616036
11.4270833333333,0.126733576585439
11.4284722222222,0.204904335750898
11.4298611111111,0.168195338414956
11.43125,0.106900907624911
11.4326388888889,0.193581926110812
11.4340277777778,0.212550911620656
11.4354166666667,0.233626735979386
11.4368055555556,0.276769152413636
11.4381944444444,0.173244097184929
11.4395833333333,0.19969923674273
11.4409722222222,0.217599984173733
11.4423611111111,0.230643278506771
11.44375,0.178389114533582
11.4451388888889,-0.00399263131297117
11.4465277777778,-0.0570295654528523
11.4479166666667,0.0608154602958406
11.4493055555556,0.0748015197506499
11.4506944444444,0.0289806678543017
11.4520833333333,0.0635869586860988
11.4534722222222,0.12309329148866
11.4548611111111,0.171598849132919
11.45625,0.0896135149902339
11.4576388888889,0.197448513918233
11.4590277777778,0.165830745750974
11.4604166666667,0.145409455539114
11.4618055555556,0.269754697325306
11.4631944444444,0.225843200105363
11.4645833333333,0.210621128410754
11.4659722222222,0.205071616246293
11.4673611111111,0.154575318609971
11.46875,0.122432005942104
11.4701388888889,0.140347849442052
11.4715277777778,0.0917320786805099
11.4729166666667,0.139213646627349
11.4743055555556,0.155486361735911
11.4756944444444,0.172929225264028
11.4770833333333,0.183827746199887
11.4784722222222,0.0831325581489352
11.4798611111111,0.18368901635185
11.48125,0.164439336046988
11.4826388888889,0.211723354494493
11.4840277777778,0.174714255782377
11.4854166666667,0.213455003719667
11.4868055555556,0.269841730110168
11.4881944444444,0.174762734800152
11.4895833333333,0.190559651244111
11.4909722222222,0.190070625478929
11.4923611111111,0.221787014294185
11.49375,0.217727339726894
11.4951388888889,0.264475247556668
11.4965277777778,0.257059140499233
11.4979166666667,0.171826238981483
11.4993055555556,0.170838086237376
11.5006944444444,0.0872886165884644
11.5020833333333,0.0461572323028275
11.5034722222222,0.00749457258018532
11.5048611111111,0.101797308531571
11.50625,0.201580734083309
11.5076388888889,0.153231235413215
11.5090277777778,0.131026154694754
11.5104166666667,0.141676023505016
11.5118055555556,0.191789601586965
11.5131944444444,0.187300150641638
11.5145833333333,0.0446336757049055
11.5159722222222,0.0695751247930619
11.5173611111111,0.100778918139702
11.51875,0.0947773795312181
11.5201388888889,0.111248846195685
11.5215277777778,0.0757836130286992
11.5229166666667,0.0698133368952785
11.5243055555556,0.12325086739995
11.5256944444444,0.0331338731465328
11.5270833333333,0.123298114846161
11.5284722222222,0.131004578719825
11.5298611111111,0.10948922165819
11.53125,0.0807462591388609
11.5326388888889,0.170085702863375
11.5340277777778,0.106076381246777
11.5354166666667,0.0724675161484909
11.5368055555556,0.131660092274774
11.5381944444444,0.0730794967458132
11.5395833333333,0.0486346491943947
11.5409722222222,0.185638067765516
11.5423611111111,0.0522278266624177
11.54375,0.0353832761824994
11.5451388888889,0.034746304118103
11.5465277777778,0.157531932205934
11.5479166666667,0.186227665363569
11.5493055555556,0.0637917750093159
11.5506944444444,-0.0267397327867214
11.5520833333333,0.0373119573014414
11.5534722222222,0.114546470108429
11.5548611111111,0.294584414207747
11.55625,0.178189144256064
11.5576388888889,0.220607269775333
11.5590277777778,0.193124089332726
11.5604166666667,0.268968549418488
11.5618055555556,0.262874309466568
11.5631944444444,0.250056902877293
11.5645833333333,0.207118313774759
11.5659722222222,0.218121300599018
11.5673611111111,0.207622192240386
11.56875,0.213030186119908
11.5701388888889,0.213096292606624
11.5715277777778,0.21637941513577
11.5729166666667,0.211208311933638
11.5743055555556,0.191998573989506
11.5756944444444,0.26463092689476
11.5770833333333,0.138811627356548
11.5784722222222,0.126728085000913
11.5798611111111,0.133084780331092
11.58125,0.0290579031550388
11.5826388888889,0.0621340240689211
11.5840277777778,0.143944582204588
11.5854166666667,0.194639954617299
11.5868055555556,0.223333770054401
11.5881944444444,0.155159749455277
11.5895833333333,0.171104438020793
11.5909722222222,0.216830088180965
11.5923611111111,0.209983253479828
11.59375,0.179769263248467
11.5951388888889,0.249555324776158
11.5965277777778,0.155670549445925
11.5979166666667,0.169546612841532
11.5993055555556,0.173746168180107
11.6006944444444,0.157456109158237
11.6020833333333,0.163787662283522
11.6034722222222,0.11540385018991
11.6048611111111,0.135873370120957
11.60625,0.227524710533226
11.6076388888889,0.217721674915363
11.6090277777778,0.226293636792585
11.6104166666667,0.17633269340683
11.6118055555556,0.185316605850975
11.6131944444444,0.211119102389652
11.6145833333333,0.265479845301678
11.6159722222222,0.183182969104912
11.6173611111111,0.148665889406939
11.61875,0.161245299212498
11.6201388888889,0.1636366735108
11.6215277777778,0.127024434255597
11.6229166666667,0.0905835395172573
11.6243055555556,0.0589084884733914
11.6256944444444,0.0996652153308185
11.6270833333333,0.0592775667843953
11.6284722222222,0.159160308906511
11.6298611111111,0.123490690422432
11.63125,0.0581408030905794
11.6326388888889,0.108989655746629
11.6340277777778,0.112330247111468
11.6354166666667,0.0276820949626106
11.6368055555556,0.0108426855421609
11.6381944444444,0.0206065577143635
11.6395833333333,0.0274890298756533
11.6409722222222,0.0688391763998229
11.6423611111111,0.0489017399956924
11.64375,0.0102678896944216
11.6451388888889,0.0121392873499558
11.6465277777778,0.130733503399381
11.6479166666667,0.136140094532443
11.6493055555556,0.114969351262212
11.6506944444444,0.0262291371067633
11.6520833333333,0.0172931952593684
11.6534722222222,0.132707274314936
11.6548611111111,0.117945321163141
11.65625,0.130414588095995
11.6576388888889,0.146198911513516
11.6590277777778,0.213062837071056
11.6604166666667,0.182045085522873
11.6618055555556,0.150642757663612
11.6631944444444,0.0746054311818139
11.6645833333333,0.156256514668433
11.6659722222222,0.179915198213493
11.6673611111111,0.107920097762085
11.66875,0.142588902518563
11.6701388888889,0.100844329571637
11.6715277777778,0.096849042933632
11.6729166666667,0.0359582476292672
11.6743055555556,0.107682217344984
11.6756944444444,0.0989902543165468
11.6770833333333,0.0886724328259153
11.6784722222222,0.0976892537316491
11.6798611111111,0.0555300861969892
11.68125,0.065018352357406
11.6826388888889,0.0970111545623345
11.6840277777778,0.153792455072136
11.6854166666667,0.0982889817796972
11.6868055555556,0.00532424076617887
11.6881944444444,0.0523643213499217
11.6895833333333,0.161138828033564
11.6909722222222,0.0645844293891968
11.6923611111111,0.145912541225113
11.69375,0.120767344893257
11.6951388888889,0.157704568263401
11.6965277777778,0.0595397027809146
11.6979166666667,0.127683191744319
11.6993055555556,0.201058640849429
11.7006944444444,0.21304370803566
11.7020833333333,0.147218592177501
11.7034722222222,0.0425857541911085
11.7048611111111,0.11358308997714
11.70625,0.172929924474996
11.7076388888889,0.149032284242005
11.7090277777778,0.161271376045662
11.7104166666667,0.220283663351182
11.7118055555556,0.1628459172517
11.7131944444444,0.127077705006569
11.7145833333333,0.128952838794342
11.7159722222222,0.0163481630893204
11.7173611111111,-0.00488787208109142
11.71875,-0.0335752231113997
11.7201388888889,0.0753843716853797
11.7215277777778,0.0383310223051307
11.7229166666667,0.0926477872601096
11.7243055555556,0.150050699633859
11.7256944444444,0.160748701454084
11.7270833333333,0.0795409392568734
11.7284722222222,0.164361963321437
11.7298611111111,0.201444628571555
11.73125,0.182342467838208
11.7326388888889,0.184818254652198
11.7340277777778,0.139204623277383
11.7354166666667,0.100664560866737
11.7368055555556,0.0541623979559387
11.7381944444444,0.119482655154647
11.7395833333333,0.0155447637062436
11.7409722222222,0.0708560330252286
11.7423611111111,0.135967627313517
11.74375,0.086839064685576
11.7451388888889,0.132470577668618
11.7465277777778,0.0687205981634064
11.7479166666667,0.0198394659774422
11.7493055555556,0.00586071802834587
11.7506944444444,0.0302385867266737
11.7520833333333,0.0574999028190886
11.7534722222222,-0.00511984290084047
11.7548611111111,0.119499774905264
11.75625,0.144857670330849
11.7576388888889,0.146148555011874
11.7590277777778,0.0780536363689722
11.7604166666667,0.146930649503283
11.7618055555556,0.0871106818808805
11.7631944444444,0.13618272494998
11.7645833333333,0.126141499304507
11.7659722222222,0.158028579023364
11.7673611111111,0.135403467648383
11.76875,0.136931319060037
11.7701388888889,0.181906531421187
11.7715277777778,0.201284665032593
11.7729166666667,0.0804526645137027
11.7743055555556,0.16738370585114
11.7756944444444,0.149838508401635
11.7770833333333,0.213989881529894
11.7784722222222,0.165888205366881
11.7798611111111,0.169150051616644
11.78125,0.132551538859184
11.7826388888889,0.157158661559792
11.7840277777778,0.199061684802625
11.7854166666667,0.163497099273083
11.7868055555556,0.171701313006136
11.7881944444444,0.128203652108833
11.7895833333333,0.0927197490012506
11.7909722222222,0.0809491385388391
11.7923611111111,0.160531432295433
11.79375,0.235898134835103
11.7951388888889,0.2109967728258
11.7965277777778,0.0876877476107532
11.7979166666667,0.10786247811929
11.7993055555556,0.207944351154686
11.8006944444444,0.114828874661301
11.8020833333333,0.0558687934622157
11.8034722222222,0.0914619321540427
11.8048611111111,0.110673884204054
11.80625,0.144291717572957
11.8076388888889,0.160416376125978
11.8090277777778,0.178973634709531
11.8104166666667,0.0860811425078535
11.8118055555556,0.0994683852558839
11.8131944444444,0.117568300706885
11.8145833333333,0.0791948374985535
11.8159722222222,0.104538379997257
11.8173611111111,0.0517691759150025
11.81875,0.0700206611148308
11.8201388888889,0.110477718052029
11.8215277777778,0.0710857551901748
11.8229166666667,0.0817941151425227
11.8243055555556,0.12246839668277
11.8256944444444,0.22524671718219
11.8270833333333,0.278030460719444
11.8284722222222,0.253203271593902
11.8298611111111,0.167044078028997
11.83125,0.180154953620867
11.8326388888889,0.259271879863084
11.8340277777778,0.297798820459628
11.8354166666667,0.325081275468172
11.8368055555556,0.272606786269064
11.8381944444444,0.242280210600115
11.8395833333333,0.281074642340496
11.8409722222222,0.185479235561189
11.8423611111111,0.223966490901175
11.84375,0.270663419250091
11.8451388888889,0.243693895656462
11.8465277777778,0.195216105577441
11.8479166666667,0.157485887444099
11.8493055555556,0.157088509187865
11.8506944444444,0.140689806764438
11.8520833333333,0.20405586812572
11.8534722222222,0.253577876973653
11.8548611111111,0.268984343877159
11.85625,0.220235511722366
11.8576388888889,0.251344239008374
11.8590277777778,0.154531795824769
11.8604166666667,0.154380519194293
11.8618055555556,0.150934112415742
11.8631944444444,0.188343626461643
11.8645833333333,0.175327239265932
11.8659722222222,0.210903905380324
11.8673611111111,0.129164120285948
11.86875,0.127084162362841
11.8701388888889,0.152508091535108
11.8715277777778,0.226898109011718
11.8729166666667,0.21325144689546
11.8743055555556,0.152582582419691
11.8756944444444,0.139644898429698
11.8770833333333,0.191093521276313
11.8784722222222,0.137560113957326
11.8798611111111,0.189101578303236
11.88125,0.179426361132688
11.8826388888889,0.169010481155436
11.8840277777778,0.202311704881366
11.8854166666667,0.296987955706345
11.8868055555556,0.261588355712569
11.8881944444444,0.309854838726217
11.8895833333333,0.336293727101126
11.8909722222222,0.299687299406769
11.8923611111111,0.251287420075832
11.89375,0.210457412941911
11.8951388888889,0.207338443860679
11.8965277777778,0.137295963384518
11.8979166666667,0.0882627226140796
11.8993055555556,0.112042868746149
11.9006944444444,0.0936820502402801
11.9020833333333,0.136430266898162
11.9034722222222,0.233511969512064
11.9048611111111,0.207150380778655
11.90625,0.158214042199079
11.9076388888889,0.173450721767911
11.9090277777778,0.214538647855151
11.9104166666667,0.166771623637615
11.9118055555556,0.168702354110251
11.9131944444444,0.150206376681314
11.9145833333333,0.132276908144717
11.9159722222222,0.228936515799256
11.9173611111111,0.18787965646684
11.91875,0.119990980808379
11.9201388888889,0.079759439380671
11.9215277777778,0.119695113312575
11.9229166666667,0.136311762808391
11.9243055555556,0.0194496430759132
11.9256944444444,0.0731942081686184
11.9270833333333,0.182342108450086
11.9284722222222,0.173389210789598
11.9298611111111,0.170013360902024
11.93125,0.14948335269883
11.9326388888889,0.171781379646652
11.9340277777778,0.220848626055465
11.9354166666667,0.135719135692819
11.9368055555556,0.190241826721071
11.9381944444444,0.103497511992306
11.9395833333333,0.0507850540478306
11.9409722222222,0.122912348671181
11.9423611111111,0.213750337929769
11.94375,0.172491407119564
11.9451388888889,0.110096488961854
11.9465277777778,0.145882513544504
11.9479166666667,0.0956418561847052
11.9493055555556,0.116943732686004
11.9506944444444,0.0246225422886764
11.9520833333333,0.151084270338942
11.9534722222222,0.17938605303435
11.9548611111111,0.127147666830341
11.95625,0.152071889798317
11.9576388888889,0.0413458476154369
11.9590277777778,0.0936539415025082
11.9604166666667,0.18304037701932
11.9618055555556,0.0872169112379103
11.9631944444444,0.0762036972122943
11.9645833333333,0.12963458738476
11.9659722222222,0.0616448938680386
11.9673611111111,0.107904032439389
11.96875,0.0820625963705027
11.9701388888889,0.0829894999791005
11.9715277777778,0.144649899890238
11.9729166666667,0.201533853400566
11.9743055555556,0.201159339875029
11.9756944444444,0.182799668715223
11.9770833333333,0.178104753849872
11.9784722222222,0.205553566429435
11.9798611111111,0.240570666571732
11.98125,0.182035609069078
11.9826388888889,0.209793869827875
11.9840277777778,0.222606396848829
11.9854166666667,0.218691679064267
11.9868055555556,0.120928807915971
11.9881944444444,0.0558991830682534
11.9895833333333,0.115278618297555
11.9909722222222,0.14765667403751
11.9923611111111,0.172130806925271
11.99375,0.194299591324749
11.9951388888889,0.269346327303627
11.9965277777778,0.212178242001647
11.9979166666667,0.264023747789347
11.9993055555556,0.213037986163372
12.0006944444444,0.213491506619145
12.0020833333333,0.139088556156418
12.0034722222222,0.214027862742156
12.0048611111111,0.178499886175742
12.00625,0.170912071832438
12.0076388888889,0.133949539554521
12.0090277777778,0.0904902895459942
12.0104166666667,0.167523720534156
12.0118055555556,0.176529169524224
12.0131944444444,0.108447064652781
12.0145833333333,0.14169049256114
12.0159722222222,0.0284375026757362
12.0173611111111,-0.0230398834150535
12.01875,0.0980868138555419
12.0201388888889,0.103680307961569
12.0215277777778,0.115118913949869
12.0229166666667,0.0739118736339648
12.0243055555556,0.04306974173291
12.0256944444444,0.0345618198225802
12.0270833333333,0.0803553034567698
12.0284722222222,0.149859215815559
12.0298611111111,0.0920372927638958
12.03125,0.0768057543772903
12.0326388888889,0.0953260864708179
12.0340277777778,0.109257182909398
12.0354166666667,0.0614385150447146
12.0368055555556,0.0478408932035489
12.0381944444444,0.144142397025558
12.0395833333333,0.119504801798524
12.0409722222222,0.0966766961228751
12.0423611111111,0.201840481024599
12.04375,0.103372493795297
12.0451388888889,0.169918141183969
12.0465277777778,0.178080416509203
12.0479166666667,0.175736638943553
12.0493055555556,0.190207027057606
12.0506944444444,0.154146498023958
12.0520833333333,0.107710461101818
12.0534722222222,0.0401669476166711
12.0548611111111,0.0459783921722917
12.05625,0.111989054991737
12.0576388888889,0.074428725197448
12.0590277777778,0.113473070426048
12.0604166666667,0.106781026464004
12.0618055555556,0.0995411282547545
12.0631944444444,0.11772278420476
12.0645833333333,0.099855628629872
12.0659722222222,0.161640498511892
12.0673611111111,0.0969914661526422
12.06875,0.025747305635779
12.0701388888889,0.0563252718992494
12.0715277777778,0.0323162787327394
12.0729166666667,0.00718911190161148
12.0743055555556,0.0230490169601234
12.0756944444444,0.0481275745293376
12.0770833333333,-0.052361930226457
12.0784722222222,-0.0774837068397883
12.0798611111111,-0.0122046706032895
12.08125,0.011939317691637
12.0826388888889,0.055037129011936
12.0840277777778,0.0813911920836814
12.0854166666667,0.12009312286926
12.0868055555556,0.0261079668952953
12.0881944444444,0.16924729095892
12.0895833333333,0.0625793001698405
12.0909722222222,-0.0299327490262107
12.0923611111111,0.00221177655682923
12.09375,0.0809058913535373
12.0951388888889,0.129293716400592
12.0965277777778,0.108499116318025
12.0979166666667,0.0425100808579205
12.0993055555556,-0.0173329798989264
12.1006944444444,0.0106180806849641
12.1020833333333,0.0340576399415382
12.1034722222222,0.0568435679618578
12.1048611111111,0.0243232383349436
12.10625,0.0583665681220816
12.1076388888889,0.0734159682791823
12.1090277777778,0.096084931458565
12.1104166666667,0.131259260965596
12.1118055555556,0.0414237918572886
12.1131944444444,-0.00296203777185114
12.1145833333333,0.130455375696301
12.1159722222222,0.0425061504437925
12.1173611111111,0.132113948242078
12.11875,0.10617885859951
12.1201388888889,0.110180303483011
12.1215277777778,0.0950288408299817
12.1229166666667,0.101277574749655
12.1243055555556,0.0517057264912954
12.1256944444444,0.12769551632388
12.1270833333333,0.0516374889904474
12.1284722222222,0.0213074702193367
12.1298611111111,0.106406180285162
12.13125,0.173848685981784
12.1326388888889,0.163905424882312
12.1340277777778,0.158731449477995
12.1354166666667,0.204213017757829
12.1368055555556,0.194368169556385
12.1381944444444,0.0748099394175066
12.1395833333333,0.0945005630286212
12.1409722222222,0.126744372793322
12.1423611111111,0.0886909900856986
12.14375,0.143305689504507
12.1451388888889,0.16686451089609
12.1465277777778,0.114820596967305
12.1479166666667,0.100021885105349
12.1493055555556,0.123356328041757
12.1506944444444,0.0809426548033748
12.1520833333333,0.0258453386342689
12.1534722222222,0.0516711377800611
12.1548611111111,0.0999412665250706
12.15625,0.106216137865702
12.1576388888889,0.0617654363088947
12.1590277777778,0.0221023105325391
12.1604166666667,0.107786541863127
12.1618055555556,0.231529520055416
12.1631944444444,0.269367792265543
12.1645833333333,0.208123211206721
12.1659722222222,0.227093859454806
12.1673611111111,0.189358256257759
12.16875,0.122614826009847
12.1701388888889,0.0769427784744927
12.1715277777778,0.0587319205592854
12.1729166666667,0.162259289655143
12.1743055555556,0.109698233739629
12.1756944444444,0.153843066095937
12.1770833333333,0.171800158932746
12.1784722222222,0.179963215916281
12.1798611111111,0.15482233443824
12.18125,0.202252492823701
12.1826388888889,0.258665701265525
12.1840277777778,0.211731331023911
12.1854166666667,0.218897997841055
12.1868055555556,0.190371528135178
12.1881944444444,0.178044157142153
12.1895833333333,0.113887225049295
12.1909722222222,0.155585245286549
12.1923611111111,0.11871891680937
12.19375,0.12184072444796
12.1951388888889,0.0751036829449755
12.1965277777778,0.194621557089586
12.1979166666667,0.184334567813007
12.1993055555556,0.216921889966097
12.2006944444444,0.135214094510407
12.2020833333333,0.19744914269157
12.2034722222222,0.223078958503399
12.2048611111111,0.184015900062151
12.20625,0.0782667821600196
12.2076388888889,0.196126757470016
12.2090277777778,0.216363888839865
12.2104166666667,0.237107867277005
12.2118055555556,0.220953469430438
12.2131944444444,0.182331538463259
12.2145833333333,0.217080268673452
12.2159722222222,0.239727139067309
12.2173611111111,0.205733444424791
12.21875,0.125220222965815
12.2201388888889,0.145217598105261
12.2215277777778,0.118756424468319
12.2229166666667,0.125242327330455
12.2243055555556,0.11922635126849
12.2256944444444,0.21316657308731
12.2270833333333,0.227537943131893
12.2284722222222,0.168485927036851
12.2298611111111,0.151298212754692
12.23125,0.0489007851923643
12.2326388888889,0.0998570682191152
12.2340277777778,0.0820811036921476
12.2354166666667,0.122702304824368
12.2368055555556,0.222415315151153
12.2381944444444,0.188617567921445
12.2395833333333,0.205857049083074
12.2409722222222,0.150865666827865
12.2423611111111,0.196979187654542
12.24375,0.215400400810472
12.2451388888889,0.207823185619457
12.2465277777778,0.158303727566779
12.2479166666667,0.209846209327897
12.2493055555556,0.245663614188366
12.2506944444444,0.102861339133524
12.2520833333333,0.0962626577987633
12.2534722222222,0.124607783383305
12.2548611111111,0.220587311892095
12.25625,0.191447204618982
12.2576388888889,0.145958953530238
12.2590277777778,0.0952211927006136
12.2604166666667,0.14566075482418
12.2618055555556,0.215209568027949
12.2631944444444,0.228177578043222
12.2645833333333,0.179833882258159
12.2659722222222,0.208472615422254
12.2673611111111,0.106549474846155
12.26875,0.122121737179723
12.2701388888889,0.156404360719931
12.2715277777778,0.178682106369377
12.2729166666667,0.145001880482772
12.2743055555556,0.119603988503734
12.2756944444444,0.090530117686093
12.2770833333333,0.0521738948341161
12.2784722222222,0.114175532365259
12.2798611111111,0.145561935082249
12.28125,0.139829344509945
12.2826388888889,0.140003281289811
12.2840277777778,0.123098703172277
12.2854166666667,0.0633196671946875
12.2868055555556,0.104767574627948
12.2881944444444,0.0832200121318889
12.2895833333333,0.10358888942026
12.2909722222222,0.0624576368092251
12.2923611111111,0.0835887293664644
12.29375,0.192703922697778
12.2951388888889,0.0905685067440339
12.2965277777778,0.0610508279639638
12.2979166666667,0.100421883356629
12.2993055555556,0.0809177693082061
12.3006944444444,0.117580320899557
12.3020833333333,0.0945894031516411
12.3034722222222,0.247363649235047
12.3048611111111,0.322391382990224
12.30625,0.319814363839443
12.3076388888889,0.314024562336664
12.3090277777778,0.285919289673342
12.3104166666667,0.286171167741499
12.3118055555556,0.160133412891637
12.3131944444444,0.0713704722884405
12.3145833333333,0.118453185250705
12.3159722222222,0.16749569508821
12.3173611111111,0.132077665367113
12.31875,0.116190298939849
12.3201388888889,0.102557135942024
12.3215277777778,0.117607997182993
12.3229166666667,0.165390820191966
12.3243055555556,0.201925762221493
12.3256944444444,0.170633386037916
12.3270833333333,0.0779846079249156
12.3284722222222,0.0795842058794965
12.3298611111111,0.116279319820533
12.33125,0.0985560727198141
12.3326388888889,0.0765790302583427
12.3340277777778,0.127721892016044
12.3354166666667,0.0630961361179139
12.3368055555556,0.107620683960806
12.3381944444444,0.0775868268530808
12.3395833333333,0.149623595371831
12.3409722222222,0.12171231398293
12.3423611111111,0.0719491759292029
12.34375,0.0917553827755955
12.3451388888889,0.129766573188033
12.3465277777778,0.195203193455549
12.3479166666667,0.192522343339913
12.3493055555556,0.111523207848939
12.3506944444444,0.0813637811626328
12.3520833333333,0.158669158699928
12.3534722222222,0.199060558865006
12.3548611111111,0.167275342805548
12.35625,0.244136615639444
12.3576388888889,0.123438662944566
12.3590277777778,0.218461008609737
12.3604166666667,0.142381337316762
12.3618055555556,0.0107711013069245
12.3631944444444,0.0634998346407756
12.3645833333333,0.111021055295237
12.3659722222222,0.143421190089002
12.3673611111111,0.231343607903483
12.36875,0.193664080733972
12.3701388888889,0.197349840006743
12.3715277777778,0.148478483657288
12.3729166666667,0.115742141342417
12.3743055555556,0.138549031798718
12.3756944444444,0.128664529301477
12.3770833333333,0.158430274946462
12.3784722222222,0.127470928792952
12.3798611111111,0.161544449086271
12.38125,0.132248111670341
12.3826388888889,0.13142674508085
12.3840277777778,0.103568389840784
12.3854166666667,0.0634523147205246
12.3868055555556,0.126648709367668
12.3881944444444,0.192097586676944
12.3895833333333,0.194027731867975
12.3909722222222,0.204218894572507
12.3923611111111,0.129479090428494
12.39375,0.14767480018254
12.3951388888889,0.205691663871026
12.3965277777778,0.289210782664972
12.3979166666667,0.308281535551796
12.3993055555556,0.219039145006189
12.4006944444444,0.14705641157962
12.4020833333333,0.177930766009091
12.4034722222222,0.177366754717068
12.4048611111111,0.244288005987662
12.40625,0.259865062173466
12.4076388888889,0.222451940084414
12.4090277777778,0.158668815787094
12.4104166666667,0.191229018535012
12.4118055555556,0.205929512553852
12.4131944444444,0.302383330942735
12.4145833333333,0.311167798828167
12.4159722222222,0.267789466996444
12.4173611111111,0.198421943342058
12.41875,0.269847865640245
12.4201388888889,0.227896732456349
12.4215277777778,0.200827987827148
12.4229166666667,0.193318888627412
12.4243055555556,0.227190770784897
12.4256944444444,0.264575964052289
12.4270833333333,0.245298322330379
12.4284722222222,0.224695527467952
12.4298611111111,0.1618510100056
12.43125,0.181533196780103
12.4326388888889,0.214455001946939
12.4340277777778,0.209653036689709
12.4354166666667,0.107894701134895
12.4368055555556,0.179401992362936
12.4381944444444,0.178905593744676
12.4395833333333,0.231574454009076
12.4409722222222,0.149952026723465
12.4423611111111,0.187129212626362
12.44375,0.212764018486303
12.4451388888889,0.243137177947139
12.4465277777778,0.18342780557673
12.4479166666667,0.112699289277486
12.4493055555556,0.148069328192021
12.4506944444444,0.225591114571804
12.4520833333333,0.273046986620049
12.4534722222222,0.21936877713254
12.4548611111111,0.114513082509949
12.45625,0.210521462174714
12.4576388888889,0.275488431404254
12.4590277777778,0.289062220893628
12.4604166666667,0.309222666128968
12.4618055555556,0.239059295085705
12.4631944444444,0.249849783876632
12.4645833333333,0.255813547039574
12.4659722222222,0.266274051645497
12.4673611111111,0.247891509132515
12.46875,0.235865374732687
12.4701388888889,0.25614651221067
12.4715277777778,0.216080341530435
12.4729166666667,0.225188405005719
12.4743055555556,0.1876817414853
12.4756944444444,0.0859805424886321
12.4770833333333,0.160719168797598
12.4784722222222,0.155136468887593
12.4798611111111,0.14105073415779
12.48125,0.180299618429398
12.4826388888889,0.167430473909414
12.4840277777778,0.11100801906895
12.4854166666667,0.102271461915402
12.4868055555556,0.146245745097374
12.4881944444444,0.0996256904995921
12.4895833333333,0.234943684795327
12.4909722222222,0.313262998734607
12.4923611111111,0.272930806602861
12.49375,0.212849934243686
12.4951388888889,0.255763782657392
12.4965277777778,0.253710935055683
12.4979166666667,0.208970722496759
12.4993055555556,0.17790536279143
12.5006944444444,0.19294732667854
12.5020833333333,0.190939569235531
12.5034722222222,0.222127009783634
12.5048611111111,0.110755961780652
12.50625,0.100275848597054
12.5076388888889,0.161658991025757
12.5090277777778,0.179935590572834
12.5104166666667,0.184885879707188
12.5118055555556,0.161110845089112
12.5131944444444,0.182580159090506
12.5145833333333,0.217046511612885
12.5159722222222,0.27679396564988
12.5173611111111,0.212678051648208
12.51875,0.175741617309543
12.5201388888889,0.222373756158632
12.5215277777778,0.251381882049719
12.5229166666667,0.182381641340136
12.5243055555556,0.195184353221642
12.5256944444444,0.18322747774528
12.5270833333333,0.232004952014689
12.5284722222222,0.211883307521679
12.5298611111111,0.186813713930822
12.53125,0.237117460400429
12.5326388888889,0.250767254911047
12.5340277777778,0.223580126661436
12.5354166666667,0.26538296010099
12.5368055555556,0.283297072298984
12.5381944444444,0.275778261641018
12.5395833333333,0.225304908610409
12.5409722222222,0.174586206140707
12.5423611111111,0.250496400735591
12.54375,0.189419682920045
12.5451388888889,0.253629173476471
12.5465277777778,0.349196350736355
12.5479166666667,0.302501899680175
12.5493055555556,0.296204778883104
12.5506944444444,0.260948783528625
12.5520833333333,0.178548128097349
12.5534722222222,0.196335996135883
12.5548611111111,0.151606121564922
12.55625,0.200379950136815
12.5576388888889,0.229560210795891
12.5590277777778,0.202973618960341
12.5604166666667,0.189745088825427
12.5618055555556,0.219885413033048
12.5631944444444,0.156320557249074
12.5645833333333,0.134976651783251
12.5659722222222,0.175425116916195
12.5673611111111,0.25860771232318
12.56875,0.242965808143586
12.5701388888889,0.244892953730062
12.5715277777778,0.330838526182095
12.5729166666667,0.296950951547993
12.5743055555556,0.26342070612662
12.5756944444444,0.234656536463786
12.5770833333333,0.235988075227824
12.5784722222222,0.219843714049309
12.5798611111111,0.235182590851682
12.58125,0.171688911677012
12.5826388888889,0.15076114981171
12.5840277777778,0.255956333751584
12.5854166666667,0.23196006647858
12.5868055555556,0.250404667865101
12.5881944444444,0.282358478026168
12.5895833333333,0.221111014377325
12.5909722222222,0.314897214700734
12.5923611111111,0.403622107255
12.59375,0.263852926326632
12.5951388888889,0.262942554642606
12.5965277777778,0.21461080382023
12.5979166666667,0.283522370814226
12.5993055555556,0.340062051464453
12.6006944444444,0.269642249103643
12.6020833333333,0.256456136769517
12.6034722222222,0.261103045482253
12.6048611111111,0.169677582529166
12.60625,0.175892460753171
12.6076388888889,0.216102293697608
12.6090277777778,0.232888783995325
12.6104166666667,0.167522357908503
12.6118055555556,0.243282533108623
12.6131944444444,0.254124519347672
12.6145833333333,0.316508718176634
12.6159722222222,0.261548044446934
12.6173611111111,0.301772335760527
12.61875,0.39271220852019
12.6201388888889,0.358655965116863
12.6215277777778,0.259071291524525
12.6229166666667,0.260889303860461
12.6243055555556,0.192969303787578
12.6256944444444,0.144592245022382
12.6270833333333,0.262665621528424
12.6284722222222,0.317457857866171
12.6298611111111,0.309014170375144
12.63125,0.314696356485159
12.6326388888889,0.362629185568525
12.6340277777778,0.317701602641518
12.6354166666667,0.306720469705161
12.6368055555556,0.273899209409444
12.6381944444444,0.350280170159586
12.6395833333333,0.349281171365457
12.6409722222222,0.377195840184762
12.6423611111111,0.360003395023631
12.64375,0.332954533278742
12.6451388888889,0.318367002677923
12.6465277777778,0.261204511005656
12.6479166666667,0.292989284593128
12.6493055555556,0.287583708111785
12.6506944444444,0.374037759903178
12.6520833333333,0.341995564294254
12.6534722222222,0.353015968576172
12.6548611111111,0.288079604330294
12.65625,0.283398631733695
12.6576388888889,0.275987481017112
12.6590277777778,0.285162449520563
12.6604166666667,0.294417445487656
12.6618055555556,0.312803942798163
12.6631944444444,0.359513561273273
12.6645833333333,0.313893926167411
12.6659722222222,0.305046074845068
12.6673611111111,0.348978802912624
12.66875,0.297125476739185
12.6701388888889,0.209815652961211
12.6715277777778,0.292992584169407
12.6729166666667,0.250443858921981
12.6743055555556,0.219049463423087
12.6756944444444,0.315760642015129
12.6770833333333,0.303356775919779
12.6784722222222,0.352834234169546
12.6798611111111,0.343050366798447
12.68125,0.346130204562685
12.6826388888889,0.252262597810116
12.6840277777778,0.318973918411449
12.6854166666667,0.271068496211731
12.6868055555556,0.176472466440589
12.6881944444444,0.262578590725251
12.6895833333333,0.242288427476318
12.6909722222222,0.237119618710079
12.6923611111111,0.251088308823484
12.69375,0.283216869339035
12.6951388888889,0.279590305502677
12.6965277777778,0.28647933485327
12.6979166666667,0.281974207774944
12.6993055555556,0.329438367990454
12.7006944444444,0.408443846800957
12.7020833333333,0.357825997004503
12.7034722222222,0.354548623672117
12.7048611111111,0.315416011303973
12.70625,0.332248596221423
12.7076388888889,0.319616751216122
12.7090277777778,0.31335985628269
12.7104166666667,0.452973589012824
12.7118055555556,0.27122743317372
12.7131944444444,0.248781415852806
12.7145833333333,0.319188158965259
12.7159722222222,0.348947964916221
12.7173611111111,0.434577779776511
12.71875,0.446730145173639
12.7201388888889,0.371458646212535
12.7215277777778,0.398638149775161
12.7229166666667,0.498089335749738
12.7243055555556,0.413444864799592
12.7256944444444,0.362478728379084
12.7270833333333,0.382852946743701
12.7284722222222,0.532077568969749
12.7298611111111,0.457934083346626
12.73125,0.428830221090658
12.7326388888889,0.503290128141569
12.7340277777778,0.463090629863938
12.7354166666667,0.457008091824891
12.7368055555556,0.403061541442912
12.7381944444444,0.385205981391912
12.7395833333333,0.38417854810049
12.7409722222222,0.424244392599428
12.7423611111111,0.427662147935981
12.74375,0.354072362874973
12.7451388888889,0.350689424763018
12.7465277777778,0.405625489916267
12.7479166666667,0.389628515457883
12.7493055555556,0.368390209667275
12.7506944444444,0.381409521501135
12.7520833333333,0.38727216458941
12.7534722222222,0.348471174380065
12.7548611111111,0.335209938528229
12.75625,0.289053042166612
12.7576388888889,0.25489652802125
12.7590277777778,0.375522737168374
12.7604166666667,0.343728468268577
12.7618055555556,0.460343269380444
12.7631944444444,0.396082814205915
12.7645833333333,0.407924271227699
12.7659722222222,0.408156513323858
12.7673611111111,0.409109261950384
12.76875,0.402553166744088
12.7701388888889,0.41973304669327
12.7715277777778,0.297887363195137
12.7729166666667,0.274613520881399
12.7743055555556,0.274260610758996
12.7756944444444,0.227582216007473
12.7770833333333,0.238198140366023
12.7784722222222,0.185007532014731
12.7798611111111,0.272090294284251
12.78125,0.260451595643705
12.7826388888889,0.305414811453069
12.7840277777778,0.261788014311841
12.7854166666667,0.247187354562974
12.7868055555556,0.284054036745695
12.7881944444444,0.315171444771973
12.7895833333333,0.353799383134607
12.7909722222222,0.355541020064646
12.7923611111111,0.274727677094301
12.79375,0.210422227131981
12.7951388888889,0.240779747419143
12.7965277777778,0.258987458666327
12.7979166666667,0.288109251195346
12.7993055555556,0.24691065126369
12.8006944444444,0.241949239289676
12.8020833333333,0.292252615166896
12.8034722222222,0.327180419216981
12.8048611111111,0.320451612701487
12.80625,0.285455562372202
12.8076388888889,0.289562552760276
12.8090277777778,0.24119961922657
12.8104166666667,0.268000589268241
12.8118055555556,0.309085888984118
12.8131944444444,0.363062150107687
12.8145833333333,0.267260133397199
12.8159722222222,0.251718665698927
12.8173611111111,0.300865956906415
12.81875,0.240224770583717
12.8201388888889,0.227595533140838
12.8215277777778,0.258048102837411
12.8229166666667,0.227775457532198
12.8243055555556,0.286121128684277
12.8256944444444,0.314421963595104
12.8270833333333,0.297875171746877
12.8284722222222,0.401689440358211
12.8298611111111,0.321490619009549
12.83125,0.357000842811797
12.8326388888889,0.443280789360368
12.8340277777778,0.491559108289374
12.8354166666667,0.457455630579282
12.8368055555556,0.4574626876226
12.8381944444444,0.453959885387498
12.8395833333333,0.425618947344052
12.8409722222222,0.499175075897291
12.8423611111111,0.488962233640454
12.84375,0.500055551265103
12.8451388888889,0.412475965235373
12.8465277777778,0.423769645001262
12.8479166666667,0.442655358370597
12.8493055555556,0.361925445718021
12.8506944444444,0.40857447543081
12.8520833333333,0.402321834043625
12.8534722222222,0.3777234522865
12.8548611111111,0.280301200668545
12.85625,0.306304135854938
12.8576388888889,0.372392692704731
12.8590277777778,0.385549833893919
12.8604166666667,0.410608420606307
12.8618055555556,0.347531101636459
12.8631944444444,0.448273830999332
12.8645833333333,0.405576014998412
12.8659722222222,0.369516528263303
12.8673611111111,0.373423938775206
12.86875,0.232762719487968
12.8701388888889,0.216636670423226
12.8715277777778,0.315282413579651
12.8729166666667,0.2856324980453
12.8743055555556,0.340066751619065
12.8756944444444,0.354595862027581
12.8770833333333,0.322906024210945
12.8784722222222,0.31563022329792
12.8798611111111,0.296809274479385
12.88125,0.350993520112106
12.8826388888889,0.307851394518882
12.8840277777778,0.263281085196487
12.8854166666667,0.217736422063865
12.8868055555556,0.214262693380718
12.8881944444444,0.297293251574566
12.8895833333333,0.321669836437399
12.8909722222222,0.359997208202341
12.8923611111111,0.2987724096515
12.89375,0.360856953690619
12.8951388888889,0.283286420200803
12.8965277777778,0.357872333776278
12.8979166666667,0.256845023944354
12.8993055555556,0.277259681116894
12.9006944444444,0.303386830408444
12.9020833333333,0.234414697965092
12.9034722222222,0.304507816426283
12.9048611111111,0.340506579167336
12.90625,0.38037511320813
12.9076388888889,0.294799300193621
12.9090277777778,0.217495967087294
12.9104166666667,0.17482317809494
12.9118055555556,0.253710103066004
12.9131944444444,0.162279406934211
12.9145833333333,0.144207420795476
12.9159722222222,0.189399883052008
12.9173611111111,0.245118280625704
12.91875,0.251563837014055
12.9201388888889,0.211998696255019
12.9215277777778,0.279873420636699
12.9229166666667,0.167033527766484
12.9243055555556,0.14606623898109
12.9256944444444,0.194527053774087
12.9270833333333,0.264174778416696
12.9284722222222,0.183490493071355
12.9298611111111,0.208440910633206
12.93125,0.251332336538088
12.9326388888889,0.0879007050853362
12.9340277777778,0.0757775070405345
12.9354166666667,0.229048506204729
12.9368055555556,0.129743288193137
12.9381944444444,0.145665139074298
12.9395833333333,0.219872789376254
12.9409722222222,0.223688174959725
12.9423611111111,0.314442295726989
12.94375,0.204879353725078
12.9451388888889,0.278282343192915
12.9465277777778,0.241029890631806
12.9479166666667,0.17101865482418
12.9493055555556,0.202013237874071
12.9506944444444,0.254425663157249
12.9520833333333,0.265256308557176
12.9534722222222,0.260609008401042
12.9548611111111,0.12922788625281
12.95625,0.212900077921664
12.9576388888889,0.206423242061259
12.9590277777778,0.18473329952395
12.9604166666667,0.087637478702094
12.9618055555556,0.166061921563699
12.9631944444444,0.188401286822728
12.9645833333333,0.237175295118364
12.9659722222222,0.256186218554961
12.9673611111111,0.282771307599819
12.96875,0.296179890977116
12.9701388888889,0.492767460158382
12.9715277777778,0.421164478004512
12.9729166666667,0.352117873142517
12.9743055555556,0.354842380088654
12.9756944444444,0.266287252960098
12.9770833333333,0.288897058072305
12.9784722222222,0.264062670151676
12.9798611111111,0.209251950144963
12.98125,0.224729457092018
12.9826388888889,0.194881388964421
12.9840277777778,0.200448043311637
12.9854166666667,0.220881038487861
12.9868055555556,0.149581673961296
12.9881944444444,0.0942626131083762
12.9895833333333,0.0979355825018908
12.9909722222222,0.079245994615252
12.9923611111111,0.113195502877104
12.99375,0.0848467080041545
12.9951388888889,0.151848863729761
12.9965277777778,0.189554986518316
12.9979166666667,0.196685616081961
12.9993055555556,0.132103416212437
13.0006944444444,0.247978953459091
13.0020833333333,0.254135475797678
13.0034722222222,0.191855327583754
13.0048611111111,0.163110176780514
13.00625,0.21890181153196
13.0076388888889,0.260003743429098
13.0090277777778,0.133501571700829
13.0104166666667,0.179236788749855
13.0118055555556,0.268077692445644
13.0131944444444,0.210357121702542
13.0145833333333,0.226156317625056
13.0159722222222,0.191876763036289
13.0173611111111,0.232622616524729
13.01875,0.245813418657408
13.0201388888889,0.20924568218315
13.0215277777778,0.191247969287225
13.0229166666667,0.183046803077339
13.0243055555556,0.183966176059508
13.0256944444444,0.187256959277212
13.0270833333333,0.27806139380546
13.0284722222222,0.151432150023901
13.0298611111111,0.103903716815056
13.03125,0.242118954739101
13.0326388888889,0.227546734397841
13.0340277777778,0.238787815315401
13.0354166666667,0.240049600505533
13.0368055555556,0.135221588288193
13.0381944444444,0.207890778419201
13.0395833333333,0.17701312177315
13.0409722222222,0.171456462889437
13.0423611111111,0.153399639623115
13.04375,0.291015447032532
13.0451388888889,0.26632448467054
13.0465277777778,0.270722520688436
13.0479166666667,0.240848950030467
13.0493055555556,0.223175253183359
13.0506944444444,0.180427221934896
13.0520833333333,0.259281063029354
13.0534722222222,0.354350691924693
13.0548611111111,0.28786318516491
13.05625,0.236535916591872
13.0576388888889,0.255098469133373
13.0590277777778,0.332265949893109
13.0604166666667,0.325751005480402
13.0618055555556,0.314667172321394
13.0631944444444,0.321053464690763
13.0645833333333,0.352990968683409
13.0659722222222,0.317739499286805
13.0673611111111,0.323824137508669
13.06875,0.337766628986865
13.0701388888889,0.280229201855577
13.0715277777778,0.276425882793753
13.0729166666667,0.340077244401488
13.0743055555556,0.288511979478788
13.0756944444444,0.18755689776406
13.0770833333333,0.147363966782433
13.0784722222222,0.235864093042554
13.0798611111111,0.227531420896786
13.08125,0.198052862132008
13.0826388888889,0.204792985142364
13.0840277777778,0.250769001702481
13.0854166666667,0.212455912739235
13.0868055555556,0.132084301639493
13.0881944444444,0.107489954548035
13.0895833333333,0.220415481466985
13.0909722222222,0.279828948317194
13.0923611111111,0.252819569939238
13.09375,0.258243167624774
13.0951388888889,0.224593236741387
13.0965277777778,0.216168738126494
13.0979166666667,0.234015430553467
13.0993055555556,0.176323593598588
13.1006944444444,0.227051275127363
13.1020833333333,0.236216565467678
13.1034722222222,0.309827800573456
13.1048611111111,0.214047978373936
13.10625,0.175978508553659
13.1076388888889,0.258263878864233
13.1090277777778,0.202081989770371
13.1104166666667,0.183222424985164
13.1118055555556,0.200645836366584
13.1131944444444,0.190205305491567
13.1145833333333,0.186132613029753
13.1159722222222,0.175077172882018
13.1173611111111,0.198865281336264
13.11875,0.178913775160457
13.1201388888889,0.186193024353789
13.1215277777778,0.182551787259802
13.1229166666667,0.200897408964356
13.1243055555556,0.220616608685573
13.1256944444444,0.219790528963306
13.1270833333333,0.21636334969245
13.1284722222222,0.290295440579047
13.1298611111111,0.261696158829124
13.13125,0.269591918842126
13.1326388888889,0.238343283190969
13.1340277777778,0.177693613430659
13.1354166666667,0.216192811566178
13.1368055555556,0.216494568889311
13.1381944444444,0.202862298502517
13.1395833333333,0.235578149746271
13.1409722222222,0.226499889489566
13.1423611111111,0.241313045797619
13.14375,0.364724440457098
13.1451388888889,0.364980219255317
13.1465277777778,0.348829174353084
13.1479166666667,0.359421878564619
13.1493055555556,0.265265086720028
13.1506944444444,0.334260903499682
13.1520833333333,0.345180733269752
13.1534722222222,0.40369739373003
13.1548611111111,0.400315457187229
13.15625,0.357014004813478
13.1576388888889,0.373989548096961
13.1590277777778,0.336721118755476
13.1604166666667,0.32434444156448
13.1618055555556,0.351948636043676
13.1631944444444,0.353902212444961
13.1645833333333,0.330825889267551
13.1659722222222,0.285009123637569
13.1673611111111,0.320194207316176
13.16875,0.299505665195273
13.1701388888889,0.186729879743576
13.1715277777778,0.282801873409973
13.1729166666667,0.340487152023075
13.1743055555556,0.315240722730175
13.1756944444444,0.33211917932239
13.1770833333333,0.296490739678393
13.1784722222222,0.27233975575924
13.1798611111111,0.316013547962702
13.18125,0.277532070041616
13.1826388888889,0.37968732761333
13.1840277777778,0.295297762450847
13.1854166666667,0.272056063547928
13.1868055555556,0.316649108892866
13.1881944444444,0.255362227569332
13.1895833333333,0.177459737159925
13.1909722222222,0.172922606369545
13.1923611111111,0.24462011354023
13.19375,0.268745687148459
13.1951388888889,0.186145907799038
13.1965277777778,0.298330033861575
13.1979166666667,0.349881173005428
13.1993055555556,0.227324974170647
13.2006944444444,0.192228854826452
13.2020833333333,0.353838306078939
13.2034722222222,0.275097012895549
13.2048611111111,0.306487597376057
13.20625,0.134662293268111
13.2076388888889,0.123626658192355
13.2090277777778,0.144479419589738
13.2104166666667,0.200660265204144
13.2118055555556,0.228095800301282
13.2131944444444,0.255135961354128
13.2145833333333,0.300931218338404
13.2159722222222,0.302436521423913
13.2173611111111,0.22959817883209
13.21875,0.215378599329591
13.2201388888889,0.237275572856404
13.2215277777778,0.285781663910753
13.2229166666667,0.362211753645258
13.2243055555556,0.305970294700386
13.2256944444444,0.332113165946356
13.2270833333333,0.25583217605816
13.2284722222222,0.214077704647198
13.2298611111111,0.240408689630137
13.23125,0.293890099549123
13.2326388888889,0.281619110682107
13.2340277777778,0.231740773074476
13.2354166666667,0.229208660084684
13.2368055555556,0.204774016010272
13.2381944444444,0.300312216210696
13.2395833333333,0.301547100379582
13.2409722222222,0.315258376370854
13.2423611111111,0.259606251585989
13.24375,0.292780882501246
13.2451388888889,0.291693849768138
13.2465277777778,0.254488486516254
13.2479166666667,0.197624584923739
13.2493055555556,0.246161672283509
13.2506944444444,0.378444931090725
13.2520833333333,0.310894118562776
13.2534722222222,0.333214865981505
13.2548611111111,0.282537497042905
13.25625,0.312255847910686
13.2576388888889,0.270954503043914
13.2590277777778,0.294152477832395
13.2604166666667,0.191558667140801
13.2618055555556,0.334821440527774
13.2631944444444,0.287283554028097
13.2645833333333,0.277786608861047
13.2659722222222,0.288697634874662
13.2673611111111,0.289246760944477
13.26875,0.314880097906289
13.2701388888889,0.301171584846422
13.2715277777778,0.3743303206727
13.2729166666667,0.373150730314914
13.2743055555556,0.332974930643113
13.2756944444444,0.201834688787268
13.2770833333333,0.175839120084976
13.2784722222222,0.246895395494978
13.2798611111111,0.198764435241183
13.28125,0.144454841762067
13.2826388888889,0.274747982758872
13.2840277777778,0.294402546633602
13.2854166666667,0.213472865094286
13.2868055555556,0.225772291480003
13.2881944444444,0.251847768187884
13.2895833333333,0.252552480577688
13.2909722222222,0.303269590301504
13.2923611111111,0.324336005221968
13.29375,0.310328191246011
13.2951388888889,0.236336198055233
13.2965277777778,0.239930016549426
13.2979166666667,0.35249400776361
13.2993055555556,0.288058878148328
13.3006944444444,0.322329107867317
13.3020833333333,0.251776750964244
13.3034722222222,0.280695108885447
13.3048611111111,0.296338799126087
13.30625,0.271517052502908
13.3076388888889,0.26760715265168
13.3090277777778,0.331065221078962
13.3104166666667,0.319558830770944
13.3118055555556,0.336651780145257
13.3131944444444,0.327877786505182
13.3145833333333,0.308133223621264
13.3159722222222,0.244552511228169
13.3173611111111,0.268107783832476
13.31875,0.274736394769251
13.3201388888889,0.253589320084451
13.3215277777778,0.219065085560695
13.3229166666667,0.215998712546685
13.3243055555556,0.298233661290371
13.3256944444444,0.295545337106429
13.3270833333333,0.300541840916572
13.3284722222222,0.372974011489709
13.3298611111111,0.349754383815481
13.33125,0.279822450447357
13.3326388888889,0.359422695161294
13.3340277777778,0.319612946714933
13.3354166666667,0.335139205558991
13.3368055555556,0.456352456927655
13.3381944444444,0.397974281125517
13.3395833333333,0.2767769065001
13.3409722222222,0.315261023173831
13.3423611111111,0.359413384865219
13.34375,0.332644464591873
13.3451388888889,0.229432195203759
13.3465277777778,0.272751325786586
13.3479166666667,0.258536144392016
13.3493055555556,0.358022955594548
13.3506944444444,0.323462687681688
13.3520833333333,0.373397566738019
13.3534722222222,0.437717913600701
13.3548611111111,0.419499722199966
13.35625,0.414292753495081
13.3576388888889,0.377476245379839
13.3590277777778,0.35609377424364
13.3604166666667,0.318407510944129
13.3618055555556,0.322349532871312
13.3631944444444,0.425955044625214
13.3645833333333,0.49531686922348
13.3659722222222,0.504461933713327
13.3673611111111,0.354424684709279
13.36875,0.42339067855963
13.3701388888889,0.31394227457502
13.3715277777778,0.23337020551315
13.3729166666667,0.300378005832776
13.3743055555556,0.317648775372614
13.3756944444444,0.365512072106064
13.3770833333333,0.336762436040494
13.3784722222222,0.358357698661066
13.3798611111111,0.38537219309287
13.38125,0.349283633087106
13.3826388888889,0.408669237517397
13.3840277777778,0.43454588157097
13.3854166666667,0.402653215736391
13.3868055555556,0.388256808802624
13.3881944444444,0.371131571426293
13.3895833333333,0.405681060788924
13.3909722222222,0.338070267917398
13.3923611111111,0.324663779986728
13.39375,0.267602425789692
13.3951388888889,0.334921549171842
13.3965277777778,0.292561763765887
13.3979166666667,0.242303184720862
13.3993055555556,0.202124854422157
13.4006944444444,0.266816385107735
13.4020833333333,0.255497187332056
13.4034722222222,0.232473526198024
13.4048611111111,0.213626751192779
13.40625,0.256194792330766
13.4076388888889,0.310806252034771
13.4090277777778,0.346787671929141
13.4104166666667,0.333595887788819
13.4118055555556,0.385168303161583
13.4131944444444,0.330018777242188
13.4145833333333,0.329184271591558
13.4159722222222,0.359601376437516
13.4173611111111,0.399246032575366
13.41875,0.330512300970671
13.4201388888889,0.378305649203197
13.4215277777778,0.455112102848192
13.4229166666667,0.368127699299053
13.4243055555556,0.292869855492685
13.4256944444444,0.358591434747607
13.4270833333333,0.359811483882316
13.4284722222222,0.366252439011053
13.4298611111111,0.351962765520654
13.43125,0.327956210322407
13.4326388888889,0.396424126653424
13.4340277777778,0.35878831805092
13.4354166666667,0.426280322818153
13.4368055555556,0.385545085661954
13.4381944444444,0.483827451936024
13.4395833333333,0.355643716782693
13.4409722222222,0.467286668429851
13.4423611111111,0.417069395858952
13.44375,0.490338443371079
13.4451388888889,0.417536430376292
13.4465277777778,0.359438759715768
13.4479166666667,0.353433096545531
13.4493055555556,0.360281081083144
13.4506944444444,0.435527025806364
13.4520833333333,0.386096030212865
13.4534722222222,0.340572000070559
13.4548611111111,0.333097295077713
13.45625,0.354090921027888
13.4576388888889,0.349955794549526
13.4590277777778,0.390894262160293
13.4604166666667,0.43268698346779
13.4618055555556,0.420468211993337
13.4631944444444,0.424401687125809
13.4645833333333,0.343666000045398
13.4659722222222,0.360516478409562
13.4673611111111,0.390888681840195
13.46875,0.406974299691872
13.4701388888889,0.445454643996046
13.4715277777778,0.407428581788903
13.4729166666667,0.324728432455812
13.4743055555556,0.417405574991242
13.4756944444444,0.367709082227455
13.4770833333333,0.426043033076916
13.4784722222222,0.349255446796241
13.4798611111111,0.328117371859102
13.48125,0.387573969345471
13.4826388888889,0.358688425703025
13.4840277777778,0.373369569926921
13.4854166666667,0.380084704039007
13.4868055555556,0.33785077792969
13.4881944444444,0.373457695722473
13.4895833333333,0.411416486650897
13.4909722222222,0.482893148576673
13.4923611111111,0.475390445570163
13.49375,0.446763656256774
13.4951388888889,0.514447306567565
13.4965277777778,0.462956641615451
13.4979166666667,0.40924126987104
13.4993055555556,0.359653149450111
13.5006944444444,0.327589242087117
13.5020833333333,0.36459719285773
13.5034722222222,0.308060182045914
13.5048611111111,0.32405287860266
13.50625,0.341308273307239
13.5076388888889,0.348990431416118
13.5090277777778,0.360851801990824
13.5104166666667,0.482435401842767
13.5118055555556,0.45517680132883
13.5131944444444,0.419462893926228
13.5145833333333,0.385994439430566
13.5159722222222,0.395830794474093
13.5173611111111,0.317498659349296
13.51875,0.357120109987532
13.5201388888889,0.421651668008132
13.5215277777778,0.391736070034042
13.5229166666667,0.349262762311707
13.5243055555556,0.34930085768347
13.5256944444444,0.353666589032886
13.5270833333333,0.366375760693847
13.5284722222222,0.363987613208176
13.5298611111111,0.403213612420859
13.53125,0.440391051526997
13.5326388888889,0.341569379448904
13.5340277777778,0.360998898695168
13.5354166666667,0.350328365077001
13.5368055555556,0.368691266985678
13.5381944444444,0.393761644764262
13.5395833333333,0.3356906419786
13.5409722222222,0.443519928347437
13.5423611111111,0.394274678137946
13.54375,0.41545975454688
13.5451388888889,0.385223494064361
13.5465277777778,0.372540278749172
13.5479166666667,0.391577821797609
13.5493055555556,0.376401034497028
13.5506944444444,0.392734856960631
13.5520833333333,0.382466149856183
13.5534722222222,0.426407701180519
13.5548611111111,0.469903553039985
13.55625,0.460041148290318
13.5576388888889,0.419552520041216
13.5590277777778,0.36408386105258
13.5604166666667,0.369303390359371
13.5618055555556,0.383433387283856
13.5631944444444,0.381181385227796
13.5645833333333,0.428913255915174
13.5659722222222,0.418517988865251
13.5673611111111,0.263395382307376
13.56875,0.289257235801888
13.5701388888889,0.208745421192451
13.5715277777778,0.343784231004396
13.5729166666667,0.324607954598723
13.5743055555556,0.295561729313376
13.5756944444444,0.283342480991312
13.5770833333333,0.319932845416911
13.5784722222222,0.34989757576528
13.5798611111111,0.339135774668624
13.58125,0.432469534987527
13.5826388888889,0.376736175385767
13.5840277777778,0.445004756111858
13.5854166666667,0.296960069358658
13.5868055555556,0.356705920074814
13.5881944444444,0.346864643393676
13.5895833333333,0.36772697318588
13.5909722222222,0.288306995998127
13.5923611111111,0.364979833636681
13.59375,0.391926940199497
13.5951388888889,0.378052661965427
13.5965277777778,0.348688228804283
13.5979166666667,0.339369990527934
13.5993055555556,0.346247985526901
13.6006944444444,0.384293815057289
13.6020833333333,0.363877760642206
13.6034722222222,0.361032268645429
13.6048611111111,0.47507463982981
13.60625,0.352405020215906
13.6076388888889,0.340099646446929
13.6090277777778,0.455276934633458
13.6104166666667,0.485372767724888
13.6118055555556,0.519264975101007
13.6131944444444,0.46988574510667
13.6145833333333,0.466780667441389
13.6159722222222,0.411901400605207
13.6173611111111,0.425448693691325
13.61875,0.485865855782723
13.6201388888889,0.379694436614624
13.6215277777778,0.337677551285149
13.6229166666667,0.324847718908292
13.6243055555556,0.337572987290726
13.6256944444444,0.340370950935
13.6270833333333,0.294598688640522
13.6284722222222,0.29473563587427
13.6298611111111,0.35388161884874
13.63125,0.372280788047378
13.6326388888889,0.310216898824753
13.6340277777778,0.298158850053829
13.6354166666667,0.326165778523074
13.6368055555556,0.36951843516871
13.6381944444444,0.359373913482373
13.6395833333333,0.287221435711549
13.6409722222222,0.296615838223512
13.6423611111111,0.271235146573131
13.64375,0.301606334379206
13.6451388888889,0.36608677430238
13.6465277777778,0.327454732434194
13.6479166666667,0.387135404030574
13.6493055555556,0.429676791223207
13.6506944444444,0.49695878771021
13.6520833333333,0.510920068087658
13.6534722222222,0.530405931704615
13.6548611111111,0.513407656176738
13.65625,0.504989607356653
13.6576388888889,0.512492247990889
13.6590277777778,0.540775314213686
13.6604166666667,0.484663858549422
13.6618055555556,0.440625756750031
13.6631944444444,0.411391010489514
13.6645833333333,0.438813516279301
13.6659722222222,0.350242220059921
13.6673611111111,0.478135339455792
13.66875,0.464503775852754
13.6701388888889,0.373489714557587
13.6715277777778,0.392108215089674
13.6729166666667,0.416902827407909
13.6743055555556,0.468913971728177
13.6756944444444,0.481485547483228
13.6770833333333,0.517012377362725
13.6784722222222,0.420035459391672
13.6798611111111,0.471765847244532
13.68125,0.479703318297675
13.6826388888889,0.519112352986675
13.6840277777778,0.468186209673114
13.6854166666667,0.448173137736804
13.6868055555556,0.354705934687647
13.6881944444444,0.441136551035756
13.6895833333333,0.386396370518807
13.6909722222222,0.379256543442041
13.6923611111111,0.388702902741145
13.69375,0.420639176739027
13.6951388888889,0.445756230912882
13.6965277777778,0.443597401138092
13.6979166666667,0.483220073832948
13.6993055555556,0.374162112081868
13.7006944444444,0.379059961962744
13.7020833333333,0.369062985809246
13.7034722222222,0.400717229864576
13.7048611111111,0.400998650077083
13.70625,0.387747551985778
13.7076388888889,0.456194761482364
13.7090277777778,0.432572186869198
13.7104166666667,0.440101817772427
13.7118055555556,0.429248167300781
13.7131944444444,0.343585809593574
13.7145833333333,0.406632016267815
13.7159722222222,0.438842877659277
13.7173611111111,0.362750667453948
13.71875,0.35465521751367
13.7201388888889,0.360117105110033
13.7215277777778,0.299665548000521
13.7229166666667,0.266629224200688
13.7243055555556,0.319503497003004
13.7256944444444,0.301839379047222
13.7270833333333,0.352886733142282
13.7284722222222,0.370414484494146
13.7298611111111,0.374785800859191
13.73125,0.419592600673935
13.7326388888889,0.352376155136906
13.7340277777778,0.35490345427962
13.7354166666667,0.368659843323038
13.7368055555556,0.34865587141872
13.7381944444444,0.373369968964101
13.7395833333333,0.431694854849459
13.7409722222222,0.399077166988821
13.7423611111111,0.431095151723173
13.74375,0.42863631582842
13.7451388888889,0.385498329319986
13.7465277777778,0.303119255171845
13.7479166666667,0.333735373961021
13.7493055555556,0.372107531704254
13.7506944444444,0.381206347601273
13.7520833333333,0.361185519815481
13.7534722222222,0.354236768991076
13.7548611111111,0.307433121724756
13.75625,0.340676296594497
13.7576388888889,0.327370716278418
13.7590277777778,0.349565324002964
13.7604166666667,0.338121348204601
13.7618055555556,0.34406759316123
13.7631944444444,0.325606190006654
13.7645833333333,0.341915187854315
13.7659722222222,0.381361131773937
13.7673611111111,0.366340135307886
13.76875,0.403816276574936
13.7701388888889,0.399901589330235
13.7715277777778,0.426563690782364
13.7729166666667,0.447961034003385
13.7743055555556,0.44066229633628
13.7756944444444,0.344540514302112
13.7770833333333,0.413106579383427
13.7784722222222,0.397550918606626
13.7798611111111,0.378361653724798
13.78125,0.366816753779282
13.7826388888889,0.368926890051128
13.7840277777778,0.448992882153985
13.7854166666667,0.416237176756018
13.7868055555556,0.386412898468838
13.7881944444444,0.350661417422989
13.7895833333333,0.37474401860444
13.7909722222222,0.295692181765345
13.7923611111111,0.388184990333625
13.79375,0.383075141656914
13.7951388888889,0.410253478557851
13.7965277777778,0.388617252158447
13.7979166666667,0.436998748352472
13.7993055555556,0.510588898078374
13.8006944444444,0.473936301915409
13.8020833333333,0.478549865700628
13.8034722222222,0.467349090454054
13.8048611111111,0.427936641656443
13.80625,0.437434143089263
13.8076388888889,0.475278771529523
13.8090277777778,0.468617398186732
13.8104166666667,0.450499448961818
13.8118055555556,0.491984484736152
13.8131944444444,0.492932103561599
13.8145833333333,0.454823744375795
13.8159722222222,0.56474652029197
13.8173611111111,0.533803322406556
13.81875,0.505394530809037
13.8201388888889,0.570811825935028
13.8215277777778,0.6091558944521
13.8229166666667,0.494629730061318
13.8243055555556,0.479600605394079
13.8256944444444,0.442644760403053
13.8270833333333,0.403758607490683
13.8284722222222,0.445936244156421
13.8298611111111,0.408445737081098
13.83125,0.478466516414262
13.8326388888889,0.480972338729985
13.8340277777778,0.445829737886289
13.8354166666667,0.495930366775367
13.8368055555556,0.424904176776151
13.8381944444444,0.415369546215094
13.8395833333333,0.473372609196121
13.8409722222222,0.423917282986441
13.8423611111111,0.372045879231427
13.84375,0.373286947367506
13.8451388888889,0.374509184750084
13.8465277777778,0.392363465648497
13.8479166666667,0.410944762159576
13.8493055555556,0.302304227336883
13.8506944444444,0.43247307331034
13.8520833333333,0.454367815511593
13.8534722222222,0.478041793284489
13.8548611111111,0.466134081334119
13.85625,0.44235775710203
13.8576388888889,0.50651348441245
13.8590277777778,0.483375027082597
13.8604166666667,0.511359765324261
13.8618055555556,0.475974813749253
13.8631944444444,0.49509529998862
13.8645833333333,0.488044112473417
13.8659722222222,0.530203283068569
13.8673611111111,0.509736594630518
13.86875,0.463773178196358
13.8701388888889,0.432800333767132
13.8715277777778,0.446864357105256
13.8729166666667,0.541376541341181
13.8743055555556,0.450229190333266
13.8756944444444,0.529137699407893
13.8770833333333,0.529591602405782
13.8784722222222,0.537610242749059
13.8798611111111,0.533964091511011
13.88125,0.517410790895532
13.8826388888889,0.533364257865355
13.8840277777778,0.491105594520718
13.8854166666667,0.440544269205598
13.8868055555556,0.511118942749037
13.8881944444444,0.578029342613174
13.8895833333333,0.54405086570776
13.8909722222222,0.563157147126694
13.8923611111111,0.543476732691822
13.89375,0.519969846267834
13.8951388888889,0.505938494605589
13.8965277777778,0.546787955587089
13.8979166666667,0.485426824651735
13.8993055555556,0.44665302671889
13.9006944444444,0.411144251643984
13.9020833333333,0.42705626236443
13.9034722222222,0.42091082539353
13.9048611111111,0.415935956428959
13.90625,0.396956241693563
13.9076388888889,0.405805696585886
13.9090277777778,0.469403250012969
13.9104166666667,0.455526977334297
13.9118055555556,0.443314173224112
13.9131944444444,0.490670908177658
13.9145833333333,0.576112415339627
13.9159722222222,0.604244770897915
13.9173611111111,0.606231445816419
13.91875,0.522983006272041
13.9201388888889,0.420894091121197
13.9215277777778,0.472762889980264
13.9229166666667,0.440450840807508
13.9243055555556,0.441977454125597
13.9256944444444,0.366795664581911
13.9270833333333,0.404091196663306
13.9284722222222,0.416731972765265
13.9298611111111,0.533729044679581
13.93125,0.503663844789604
13.9326388888889,0.545462963086744
13.9340277777778,0.583410427245974
13.9354166666667,0.480049241350306
13.9368055555556,0.504270923250688
13.9381944444444,0.453793359139145
13.9395833333333,0.413238900625691
13.9409722222222,0.439467561186653
13.9423611111111,0.398911515903499
13.94375,0.533013453764616
13.9451388888889,0.675103020587153
13.9465277777778,0.655976558278115
13.9479166666667,0.53354856024818
13.9493055555556,0.475473196572024
13.9506944444444,0.460909313229204
13.9520833333333,0.503935418523951
13.9534722222222,0.392514698948905
13.9548611111111,0.37621742106451
13.95625,0.475846154578599
13.9576388888889,0.421336400427885
13.9590277777778,0.423998873292888
13.9604166666667,0.484269544635085
13.9618055555556,0.501532433049328
13.9631944444444,0.483011848426169
13.9645833333333,0.425368413608865
13.9659722222222,0.426616403270077
13.9673611111111,0.413570093087933
13.96875,0.490182209340556
13.9701388888889,0.441876105113917
13.9715277777778,0.397044895621013
13.9729166666667,0.39398917802774
13.9743055555556,0.415225934707954
13.9756944444444,0.386450324194529
13.9770833333333,0.411346799638385
13.9784722222222,0.423330469648806
13.9798611111111,0.397527155168619
13.98125,0.422607100773023
13.9826388888889,0.451324106735144
13.9840277777778,0.416569845346086
13.9854166666667,0.439579192376469
13.9868055555556,0.37972366237924
13.9881944444444,0.440692661028803
13.9895833333333,0.45033725930446
13.9909722222222,0.45478770419172
13.9923611111111,0.402480977661396
13.99375,0.465817032805151
13.9951388888889,0.444443940409542
13.9965277777778,0.485178114242622
13.9979166666667,0.474875570537706
13.9993055555556,0.45850887077375
14.0006944444444,0.408617497507165
14.0020833333333,0.437959065919401
14.0034722222222,0.520573105754436
14.0048611111111,0.4456519547446
14.00625,0.444580952670976
14.0076388888889,0.389869321361992
14.0090277777778,0.418047289447083
14.0104166666667,0.371259707727712
14.0118055555556,0.431247893164509
14.0131944444444,0.420688355884956
14.0145833333333,0.424532610506422
14.0159722222222,0.36030090070487
14.0173611111111,0.521181273784915
14.01875,0.466915258457431
14.0201388888889,0.433593257537954
14.0215277777778,0.384944575725021
14.0229166666667,0.355226643235357
14.0243055555556,0.396359777382827
14.0256944444444,0.497430852703433
14.0270833333333,0.50800746087266
14.0284722222222,0.514966810719196
14.0298611111111,0.442893706396711
14.03125,0.437030937780855
14.0326388888889,0.501471408712137
14.0340277777778,0.483508577505713
14.0354166666667,0.504231147568856
14.0368055555556,0.543825825570243
14.0381944444444,0.519655679081629
14.0395833333333,0.501166680406484
14.0409722222222,0.494419704544631
14.0423611111111,0.464777685367434
14.04375,0.413998073868136
14.0451388888889,0.357486286378014
14.0465277777778,0.476956438530211
14.0479166666667,0.387327787168593
14.0493055555556,0.416413360644034
14.0506944444444,0.526155616973315
14.0520833333333,0.407431333302647
14.0534722222222,0.342097896614856
14.0548611111111,0.307422894260826
14.05625,0.382230463405162
14.0576388888889,0.329710743271704
14.0590277777778,0.417675881141406
14.0604166666667,0.4813209692456
14.0618055555556,0.479926786620281
14.0631944444444,0.514101511056881
14.0645833333333,0.535279995406036
14.0659722222222,0.507580606261589
14.0673611111111,0.508951423246082
14.06875,0.525469527106993
14.0701388888889,0.540214367987621
14.0715277777778,0.522582858438594
14.0729166666667,0.414219885473284
14.0743055555556,0.504860489796878
14.0756944444444,0.520197009126364
14.0770833333333,0.46492580883862
14.0784722222222,0.447349850294304
14.0798611111111,0.458579555549083
14.08125,0.456522124607775
14.0826388888889,0.349601150522234
14.0840277777778,0.395361476926063
14.0854166666667,0.450617707333753
14.0868055555556,0.355321832239216
14.0881944444444,0.317668256664456
14.0895833333333,0.428447848932242
14.0909722222222,0.39850611427641
14.0923611111111,0.355887875816035
14.09375,0.407592986440742
14.0951388888889,0.394460262521573
14.0965277777778,0.327680757977784
14.0979166666667,0.351022382968853
14.0993055555556,0.362987380791322
14.1006944444444,0.29667224753972
14.1020833333333,0.228490068001605
14.1034722222222,0.272620019127893
14.1048611111111,0.335795020029818
14.10625,0.396438271926866
14.1076388888889,0.299132201078844
14.1090277777778,0.267487614838859
14.1104166666667,0.270908143822206
14.1118055555556,0.351154114541611
14.1131944444444,0.353536342439379
14.1145833333333,0.361760160599173
14.1159722222222,0.335221347146127
14.1173611111111,0.381559317715239
14.11875,0.409635197024096
14.1201388888889,0.310954358703248
14.1215277777778,0.330412583674846
14.1229166666667,0.452651164702993
14.1243055555556,0.424269322763882
14.1256944444444,0.366490393442105
14.1270833333333,0.413075536458997
14.1284722222222,0.413888015378162
14.1298611111111,0.446107695438385
14.13125,0.416789266709797
14.1326388888889,0.361724700290507
14.1340277777778,0.330939602984952
14.1354166666667,0.342077868828964
14.1368055555556,0.341852014703729
14.1381944444444,0.406072495619011
14.1395833333333,0.377258114684866
14.1409722222222,0.333614038340385
14.1423611111111,0.369488961797284
14.14375,0.300016914845502
14.1451388888889,0.339493698225527
14.1465277777778,0.283332626314369
14.1479166666667,0.274441786600195
14.1493055555556,0.195369689802316
14.1506944444444,0.225957813837207
14.1520833333333,0.260721041113915
14.1534722222222,0.221741477573833
14.1548611111111,0.306362031915196
14.15625,0.277398938131187
14.1576388888889,0.315554685039322
14.1590277777778,0.34085720459195
14.1604166666667,0.378041757823902
14.1618055555556,0.383065451561468
14.1631944444444,0.29218568110669
14.1645833333333,0.309508235899549
14.1659722222222,0.36166409828506
14.1673611111111,0.275095641904473
14.16875,0.199348238007247
14.1701388888889,0.235336558098268
14.1715277777778,0.228527630247127
14.1729166666667,0.284844432905729
14.1743055555556,0.323225854576116
14.1756944444444,0.30228747631099
14.1770833333333,0.308082460365528
14.1784722222222,0.305122631352293
14.1798611111111,0.271970342855384
14.18125,0.214241889727942
14.1826388888889,0.246648071136151
14.1840277777778,0.201186991208002
14.1854166666667,0.179769645749682
14.1868055555556,0.234863017366703
14.1881944444444,0.259780834977031
14.1895833333333,0.247494482835888
14.1909722222222,0.337414819036923
14.1923611111111,0.304293906743405
14.19375,0.302392319689312
14.1951388888889,0.303698676961468
14.1965277777778,0.336491296178278
14.1979166666667,0.282041551881933
14.1993055555556,0.286442732766879
14.2006944444444,0.234943608265753
14.2020833333333,0.33953595372991
14.2034722222222,0.251464726721219
14.2048611111111,0.337608833348664
14.20625,0.393487007962828
14.2076388888889,0.361003904123185
14.2090277777778,0.34867538779822
14.2104166666667,0.281155492227481
14.2118055555556,0.379562874786074
14.2131944444444,0.343315652598675
14.2145833333333,0.287887062521405
14.2159722222222,0.271262171017958
14.2173611111111,0.279083952245393
14.21875,0.281974559118706
14.2201388888889,0.2711336276917
14.2215277777778,0.354058136968372
14.2229166666667,0.365838100841113
14.2243055555556,0.393143120996417
14.2256944444444,0.374678131172485
14.2270833333333,0.368005567735108
14.2284722222222,0.30085216404829
14.2298611111111,0.334674116248573
14.23125,0.34232908631284
14.2326388888889,0.375533225986477
14.2340277777778,0.39102132867131
14.2354166666667,0.451716090525839
14.2368055555556,0.41978693956636
14.2381944444444,0.410054721603575
14.2395833333333,0.357859571632782
14.2409722222222,0.315326520355134
14.2423611111111,0.445766661068731
14.24375,0.383906888873727
14.2451388888889,0.389154540058258
14.2465277777778,0.442235994933888
14.2479166666667,0.440858099853674
14.2493055555556,0.41332467222662
14.2506944444444,0.364874988407693
14.2520833333333,0.342695624534287
14.2534722222222,0.351503943587333
14.2548611111111,0.366088661660212
14.25625,0.318759414209927
14.2576388888889,0.354120731341274
14.2590277777778,0.441188460223874
14.2604166666667,0.398271276573259
14.2618055555556,0.391701976518592
14.2631944444444,0.39544034522098
14.2645833333333,0.379461658787686
14.2659722222222,0.414485668453722
14.2673611111111,0.391934666058762
14.26875,0.454223082483158
14.2701388888889,0.427343289171977
14.2715277777778,0.364934171704226
14.2729166666667,0.233923924847906
14.2743055555556,0.288986675056881
14.2756944444444,0.385123277269348
14.2770833333333,0.523720878673348
14.2784722222222,0.449581812541959
14.2798611111111,0.453190676644824
14.28125,0.430752624456451
14.2826388888889,0.326290890828045
14.2840277777778,0.277176961841766
14.2854166666667,0.292710539429545
14.2868055555556,0.268782541389025
14.2881944444444,0.264576025289487
14.2895833333333,0.275564068151724
14.2909722222222,0.337938455703953
14.2923611111111,0.261022913108774
14.29375,0.32177627868306
14.2951388888889,0.313214764716538
14.2965277777778,0.250371699866563
14.2979166666667,0.319197688130203
14.2993055555556,0.231093012886852
14.3006944444444,0.283736748507954
14.3020833333333,0.282931648745755
14.3034722222222,0.259654869075358
14.3048611111111,0.313496388591775
14.30625,0.354938309441884
14.3076388888889,0.38118022963881
14.3090277777778,0.385394564719403
14.3104166666667,0.35622043906691
14.3118055555556,0.366004765294464
14.3131944444444,0.316576251971735
14.3145833333333,0.420782505222072
14.3159722222222,0.355645581138674
14.3173611111111,0.39389480400221
14.31875,0.337361564970458
14.3201388888889,0.324366625159204
14.3215277777778,0.450500190461131
14.3229166666667,0.542840152596591
14.3243055555556,0.440342567374927
14.3256944444444,0.463089940236372
14.3270833333333,0.318810512989995
14.3284722222222,0.228816453154525
14.3298611111111,0.265506927983854
14.33125,0.230435609594998
14.3326388888889,0.287464001127621
14.3340277777778,0.373664145213172
14.3354166666667,0.460662458815318
14.3368055555556,0.375244843466
14.3381944444444,0.460656749228475
14.3395833333333,0.456490315461446
14.3409722222222,0.396717616712671
14.3423611111111,0.404718871437938
14.34375,0.324762892902634
14.3451388888889,0.355832242532451
14.3465277777778,0.358553562012896
14.3479166666667,0.433469079042123
14.3493055555556,0.411009551155317
14.3506944444444,0.421133751519006
14.3520833333333,0.463549154636138
14.3534722222222,0.392985427176137
14.3548611111111,0.382397630347989
14.35625,0.407126637968588
14.3576388888889,0.46627087817821
14.3590277777778,0.453219295913001
14.3604166666667,0.364031229482187
14.3618055555556,0.393166788201825
14.3631944444444,0.371411315890051
14.3645833333333,0.36100000318134
14.3659722222222,0.481029235646341
14.3673611111111,0.436885969012622
14.36875,0.46448505417003
14.3701388888889,0.500829890256713
14.3715277777778,0.464838181670693
14.3729166666667,0.454956139418203
14.3743055555556,0.403170511611896
14.3756944444444,0.364061780663274
14.3770833333333,0.365444457541117
14.3784722222222,0.401628046099778
14.3798611111111,0.437276808573833
14.38125,0.296767207908972
14.3826388888889,0.2910572596645
14.3840277777778,0.317779150649402
14.3854166666667,0.225596487796879
14.3868055555556,0.215827331293279
14.3881944444444,0.267382609769845
14.3895833333333,0.312284507809863
14.3909722222222,0.385914243664843
14.3923611111111,0.272607446349706
14.39375,0.300394180114718
14.3951388888889,0.348735659108552
14.3965277777778,0.293482406274257
14.3979166666667,0.252993569327417
14.3993055555556,0.258850693867903
14.4006944444444,0.321350620352829
14.4020833333333,0.34779739824755
14.4034722222222,0.35888177950835
14.4048611111111,0.325842272387394
14.40625,0.398100605623683
14.4076388888889,0.396716682816989
14.4090277777778,0.39349802332511
14.4104166666667,0.379996923176393
14.4118055555556,0.419381887803175
14.4131944444444,0.426872041778145
14.4145833333333,0.417057258271034
14.4159722222222,0.4575899341939
14.4173611111111,0.47508912339967
14.41875,0.434766231155085
14.4201388888889,0.442361464543642
14.4215277777778,0.372893118220854
14.4229166666667,0.403605968918392
14.4243055555556,0.374504414382288
14.4256944444444,0.392967955889693
14.4270833333333,0.471873600896973
14.4284722222222,0.381569346521708
14.4298611111111,0.372520684770616
14.43125,0.296860960790659
14.4326388888889,0.392132596135745
14.4340277777778,0.437590586279463
14.4354166666667,0.36470209786022
14.4368055555556,0.347699751788226
14.4381944444444,0.407200698380947
14.4395833333333,0.473240919829158
14.4409722222222,0.460112967007112
14.4423611111111,0.39309901225191
14.44375,0.393644617303474
14.4451388888889,0.395922643392983
14.4465277777778,0.450682837912085
14.4479166666667,0.407160783107889
14.4493055555556,0.431892880604497
14.4506944444444,0.351732523704059
14.4520833333333,0.421228436810491
14.4534722222222,0.333092676926385
14.4548611111111,0.320314239849284
14.45625,0.321156369892523
14.4576388888889,0.321221989571876
14.4590277777778,0.355436168657244
14.4604166666667,0.394228904596481
14.4618055555556,0.405924001381429
14.4631944444444,0.36479207348772
14.4645833333333,0.412769590259322
14.4659722222222,0.364992965305488
14.4673611111111,0.411567547403195
14.46875,0.433656112756224
14.4701388888889,0.419934692339222
14.4715277777778,0.39577219639514
14.4729166666667,0.381895676384894
14.4743055555556,0.412964063961799
14.4756944444444,0.352815317242222
14.4770833333333,0.383136465921841
14.4784722222222,0.349144921741208
14.4798611111111,0.308317046096854
14.48125,0.393391557561623
14.4826388888889,0.407706286721195
14.4840277777778,0.485189456916678
14.4854166666667,0.406386998718403
14.4868055555556,0.300103279181124
14.4881944444444,0.388540974182014
14.4895833333333,0.367071776177621
14.4909722222222,0.303856849108542
14.4923611111111,0.329087953072571
14.49375,0.384260568809696
14.4951388888889,0.321301180433493
14.4965277777778,0.411918301628435
14.4979166666667,0.306263410356458
14.4993055555556,0.31581224264756
14.5006944444444,0.36590314101069
14.5020833333333,0.382822068760236
14.5034722222222,0.393723905307537
14.5048611111111,0.296236464067866
14.50625,0.40412204644431
14.5076388888889,0.347529270204694
14.5090277777778,0.406803224255512
14.5104166666667,0.411745383953909
14.5118055555556,0.361138740270774
14.5131944444444,0.389386392247764
14.5145833333333,0.466881141438374
14.5159722222222,0.431109721597691
14.5173611111111,0.405845817139584
14.51875,0.347264553161796
14.5201388888889,0.326974273385935
14.5215277777778,0.325157141163076
14.5229166666667,0.36130394652843
14.5243055555556,0.428254653311883
14.5256944444444,0.35885575540865
14.5270833333333,0.365017708397277
14.5284722222222,0.436123711996785
14.5298611111111,0.494742641100938
14.53125,0.418194180770057
14.5326388888889,0.384513510526854
14.5340277777778,0.345279312858975
14.5354166666667,0.277135904203467
14.5368055555556,0.299481953662102
14.5381944444444,0.243619575497067
14.5395833333333,0.211551773695889
14.5409722222222,0.213021221976166
14.5423611111111,0.232232058003627
14.54375,0.225202940849893
14.5451388888889,0.2401553200093
14.5465277777778,0.254404435959004
14.5479166666667,0.301948925078961
14.5493055555556,0.283424328549628
14.5506944444444,0.311691361144345
14.5520833333333,0.404936797674203
14.5534722222222,0.359169997443693
14.5548611111111,0.340179096182795
14.55625,0.359031291886469
14.5576388888889,0.408444629375193
14.5590277777778,0.436365683292509
14.5604166666667,0.453386193398091
14.5618055555556,0.493815993306407
14.5631944444444,0.365412761728605
14.5645833333333,0.409869266611186
14.5659722222222,0.353526958706145
14.5673611111111,0.358204808427611
14.56875,0.360777021515297
14.5701388888889,0.366978531270304
14.5715277777778,0.364309480819444
14.5729166666667,0.330152767246714
14.5743055555556,0.345421204551562
14.5756944444444,0.327418939103769
14.5770833333333,0.346233192167902
14.5784722222222,0.355854378729934
14.5798611111111,0.357599033300568
14.58125,0.407839046545454
14.5826388888889,0.418810140506458
14.5840277777778,0.403120507045569
14.5854166666667,0.380408877512883
14.5868055555556,0.363357206979681
14.5881944444444,0.350368388752229
14.5895833333333,0.310196147670288
14.5909722222222,0.346838420616068
14.5923611111111,0.348052927937928
14.59375,0.394212655696636
14.5951388888889,0.347891990928509
14.5965277777778,0.306022823291512
14.5979166666667,0.264589884630785
14.5993055555556,0.298437833043586
14.6006944444444,0.275904776226492
14.6020833333333,0.174331492620718
14.6034722222222,0.196526505755878
14.6048611111111,0.323843583040628
14.60625,0.331943862020833
14.6076388888889,0.176637186889325
14.6090277777778,0.223561912876587
14.6104166666667,0.226402010945804
14.6118055555556,0.243711407564682
14.6131944444444,0.229401903992512
14.6145833333333,0.274526457078377
14.6159722222222,0.231485873561464
14.6173611111111,0.295625698237322
14.61875,0.247487996405958
14.6201388888889,0.271974998829938
14.6215277777778,0.278517419502534
14.6229166666667,0.316011189156786
14.6243055555556,0.383968647761046
14.6256944444444,0.367411377275339
14.6270833333333,0.379735816115184
14.6284722222222,0.352097960434736
14.6298611111111,0.359613243208252
14.63125,0.315053298671976
14.6326388888889,0.29420851248539
14.6340277777778,0.344569505941032
14.6354166666667,0.375035615079388
14.6368055555556,0.372661953887291
14.6381944444444,0.40620850872051
14.6395833333333,0.295072463248998
14.6409722222222,0.356130927856622
14.6423611111111,0.367231569786581
14.64375,0.425647542366314
14.6451388888889,0.412987347890481
14.6465277777778,0.372271754589776
14.6479166666667,0.307520563415754
14.6493055555556,0.29338731047752
14.6506944444444,0.220523473953335
14.6520833333333,0.176425387787507
14.6534722222222,0.190774742838864
14.6548611111111,0.261847896830477
14.65625,0.182455939010383
14.6576388888889,0.25377201172121
14.6590277777778,0.220050323676458
14.6604166666667,0.187333908474539
14.6618055555556,0.202904761036068
14.6631944444444,0.2260577607124
14.6645833333333,0.308396578239214
14.6659722222222,0.298023707711134
14.6673611111111,0.377896685397923
14.66875,0.273134408971557
14.6701388888889,0.188620692019343
14.6715277777778,0.133611100526749
14.6729166666667,0.176352791795338
14.6743055555556,0.13494271050966
14.6756944444444,0.176840429680821
14.6770833333333,0.221972936946783
14.6784722222222,0.177111340563286
14.6798611111111,0.204299340062873
14.68125,0.115169375980228
14.6826388888889,0.18664832990414
14.6840277777778,0.147543254378926
14.6854166666667,0.131162058997212
14.6868055555556,0.136593062212268
14.6881944444444,0.206853292356376
14.6895833333333,0.0839566809289017
14.6909722222222,0.123250740905557
14.6923611111111,0.109969433332962
14.69375,0.212054286979384
14.6951388888889,0.280295455139225
14.6965277777778,0.241009751670102
14.6979166666667,0.212283409868338
14.6993055555556,0.271888527717972
14.7006944444444,0.321437739089656
14.7020833333333,0.290658058880782
14.7034722222222,0.311274642111202
14.7048611111111,0.311918030325941
14.70625,0.295581879908862
14.7076388888889,0.348461029212683
14.7090277777778,0.370538927565371
14.7104166666667,0.337585517093404
14.7118055555556,0.314384027287176
14.7131944444444,0.363724137692188
14.7145833333333,0.316053521523193
14.7159722222222,0.307975437616582
14.7173611111111,0.411117307585307
14.71875,0.385766191498206
14.7201388888889,0.371245002529716
14.7215277777778,0.454362472652727
14.7229166666667,0.421137190289152
14.7243055555556,0.281946591595017
14.7256944444444,0.261362141312297
14.7270833333333,0.333865858332535
14.7284722222222,0.327218768918025
14.7298611111111,0.294564065112739
14.73125,0.345720323124889
14.7326388888889,0.415068204821471
14.7340277777778,0.379419811851658
14.7354166666667,0.428796576929446
14.7368055555556,0.262619782270815
14.7381944444444,0.29084185335888
14.7395833333333,0.320277792500421
14.7409722222222,0.26746427118764
14.7423611111111,0.287467264353084
14.74375,0.29828194563497
14.7451388888889,0.252633293884454
14.7465277777778,0.228764299387522
14.7479166666667,0.242008033850908
14.7493055555556,0.293421785539093
14.7506944444444,0.409179021124201
14.7520833333333,0.322987347089722
14.7534722222222,0.309984606364742
14.7548611111111,0.380899782022986
14.75625,0.369289502629518
14.7576388888889,0.297773936217153
14.7590277777778,0.331886769241962
14.7604166666667,0.394936297102247
14.7618055555556,0.386802978906323
14.7631944444444,0.403841701143048
14.7645833333333,0.331719640366247
14.7659722222222,0.315027567790945
14.7673611111111,0.318482627007429
14.76875,0.380635967551663
14.7701388888889,0.393667591063581
14.7715277777778,0.401922690066685
14.7729166666667,0.410698147262726
14.7743055555556,0.390847635016515
14.7756944444444,0.338557869268087
14.7770833333333,0.257593699904771
14.7784722222222,0.363332906640175
14.7798611111111,0.344985060260525
14.78125,0.385763005130181
14.7826388888889,0.349490325497208
14.7840277777778,0.381941968041749
14.7854166666667,0.485601259285868
14.7868055555556,0.444094342535198
14.7881944444444,0.459460899473171
14.7895833333333,0.330507536786214
14.7909722222222,0.340157556790935
14.7923611111111,0.375520529055563
14.79375,0.413757367751728
14.7951388888889,0.44061841757777
14.7965277777778,0.239875782145494
14.7979166666667,0.22431915897946
14.7993055555556,0.270267790070949
14.8006944444444,0.333799436947259
14.8020833333333,0.220470254364572
14.8034722222222,0.216776474797952
14.8048611111111,0.199684718063973
14.80625,0.176661632144528
14.8076388888889,0.24691587060663
14.8090277777778,0.207738894930791
14.8104166666667,0.15419015839164
14.8118055555556,0.316826524094715
14.8131944444444,0.348512730461236
14.8145833333333,0.357312813486279
14.8159722222222,0.338326042215155
14.8173611111111,0.328129389312386
14.81875,0.267623268732773
14.8201388888889,0.262024140892877
14.8215277777778,0.28022913088463
14.8229166666667,0.233780472659237
14.8243055555556,0.27168507932708
14.8256944444444,0.216615088287142
14.8270833333333,0.23898931235989
14.8284722222222,0.355654271864496
14.8298611111111,0.378216250601381
14.83125,0.358577158390172
14.8326388888889,0.361982537919174
14.8340277777778,0.40612208937096
14.8354166666667,0.34269715148404
14.8368055555556,0.303491784639793
14.8381944444444,0.347944527431986
14.8395833333333,0.318148197237167
14.8409722222222,0.359577289351351
14.8423611111111,0.342933137509863
14.84375,0.358633023709569
14.8451388888889,0.412033115855599
14.8465277777778,0.338652003218715
14.8479166666667,0.357562755959233
14.8493055555556,0.397184210405537
14.8506944444444,0.31125724689085
14.8520833333333,0.387928056778124
14.8534722222222,0.408363587780878
14.8548611111111,0.313620571903977
14.85625,0.286233269448432
14.8576388888889,0.303929328382898
14.8590277777778,0.37647045405448
14.8604166666667,0.431369348419175
14.8618055555556,0.409704708481994
14.8631944444444,0.432045006211428
14.8645833333333,0.366658880950963
14.8659722222222,0.398426279454445
14.8673611111111,0.570514288348628
14.86875,0.529027049493334
14.8701388888889,0.488930379794178
14.8715277777778,0.468426403053553
14.8729166666667,0.535925847035281
14.8743055555556,0.482564016800628
14.8756944444444,0.438429495529414
14.8770833333333,0.438523432697712
14.8784722222222,0.461524166128038
14.8798611111111,0.41477774159564
14.88125,0.41867040988586
14.8826388888889,0.479717124140753
14.8840277777778,0.44588060834994
14.8854166666667,0.446012011513981
14.8868055555556,0.363100552406432
14.8881944444444,0.46779170514501
14.8895833333333,0.384091680888658
14.8909722222222,0.362489214563239
14.8923611111111,0.400881663338527
14.89375,0.42443382124305
14.8951388888889,0.349731554812483
14.8965277777778,0.385376399462569
14.8979166666667,0.413998298522588
14.8993055555556,0.470461855395601
14.9006944444444,0.427800333893157
14.9020833333333,0.462137735699015
14.9034722222222,0.399795101258136
14.9048611111111,0.417097463124304
14.90625,0.445332684206261
14.9076388888889,0.439309460968867
14.9090277777778,0.430229961926614
14.9104166666667,0.43281737555292
14.9118055555556,0.431109503433119
14.9131944444444,0.46994657877664
14.9145833333333,0.451647628754189
14.9159722222222,0.48674723551997
14.9173611111111,0.46751880283004
14.91875,0.453800549688791
14.9201388888889,0.403229564855186
14.9215277777778,0.438804870177381
14.9229166666667,0.407753314814269
14.9243055555556,0.344056461217107
14.9256944444444,0.389724751205044
14.9270833333333,0.382089332439517
14.9284722222222,0.403886349140965
14.9298611111111,0.473249236347192
14.93125,0.336214080510178
14.9326388888889,0.389209147902278
14.9340277777778,0.436547453044924
14.9354166666667,0.428282727036176
14.9368055555556,0.352158815644886
14.9381944444444,0.354716282131272
14.9395833333333,0.317283739501709
14.9409722222222,0.344196342483662
14.9423611111111,0.408072380431512
14.94375,0.441711334047019
14.9451388888889,0.407348532217105
14.9465277777778,0.475576292347499
14.9479166666667,0.411417623169007
14.9493055555556,0.46696349429607
14.9506944444444,0.421671998260125
14.9520833333333,0.346797117121838
14.9534722222222,0.324044322584606
14.9548611111111,0.344221355919361
14.95625,0.380600816823285
14.9576388888889,0.387154152866492
14.9590277777778,0.289424515584161
14.9604166666667,0.283255788195054
14.9618055555556,0.340960659874935
14.9631944444444,0.274949965645217
14.9645833333333,0.287434060936461
14.9659722222222,0.28849181494394
14.9673611111111,0.307492053884732
14.96875,0.313977853980255
14.9701388888889,0.352226290158642
14.9715277777778,0.387435888446282
14.9729166666667,0.27891051299431
14.9743055555556,0.211321076987379
14.9756944444444,0.24621129810708
14.9770833333333,0.31434281600099
14.9784722222222,0.273970331660931
14.9798611111111,0.263765380940206
14.98125,0.345909495755089
14.9826388888889,0.390213919148632
14.9840277777778,0.417697525441162
14.9854166666667,0.388776890576407
14.9868055555556,0.349951974286548
14.9881944444444,0.258196150557227
14.9895833333333,0.253562011470391
14.9909722222222,0.346760519844574
14.9923611111111,0.412199368194498
14.99375,0.400310400717845
14.9951388888889,0.400543624878908
14.9965277777778,0.422786135977677
14.9979166666667,0.410219778091491
14.9993055555556,0.397333481972081
15.0006944444444,0.337460352273426
15.0020833333333,0.339183082104269
15.0034722222222,0.398740261553082
15.0048611111111,0.313694771292782
15.00625,0.264573300296043
15.0076388888889,0.252152171555796
15.0090277777778,0.267721425138775
15.0104166666667,0.297218447677218
15.0118055555556,0.349691951954348
15.0131944444444,0.348647733896067
15.0145833333333,0.311223761952317
15.0159722222222,0.321901550138119
15.0173611111111,0.348350194885125
15.01875,0.333906806071593
15.0201388888889,0.354505613212911
15.0215277777778,0.308743182415175
15.0229166666667,0.288083508312704
15.0243055555556,0.26733288706955
15.0256944444444,0.36363920186367
15.0270833333333,0.300699466970404
15.0284722222222,0.233810414217582
15.0298611111111,0.271760324262281
15.03125,0.229773953691691
15.0326388888889,0.256023510997717
15.0340277777778,0.256048043207821
15.0354166666667,0.303390943394876
15.0368055555556,0.260645765158078
15.0381944444444,0.315525235771976
15.0395833333333,0.278890465337071
15.0409722222222,0.240405542749048
15.0423611111111,0.395801126043511
15.04375,0.340340306930975
15.0451388888889,0.358302659101037
15.0465277777778,0.354989342095292
15.0479166666667,0.444224418526578
15.0493055555556,0.332823700295556
15.0506944444444,0.363106890530149
15.0520833333333,0.322880236336792
15.0534722222222,0.338821015705877
15.0548611111111,0.290642589262627
15.05625,0.325292754885868
15.0576388888889,0.348075044584463
15.0590277777778,0.385310376959081
15.0604166666667,0.465867385092171
15.0618055555556,0.36254753757516
15.0631944444444,0.406163354057793
15.0645833333333,0.40406122889432
15.0659722222222,0.317759364410445
15.0673611111111,0.387866184107394
15.06875,0.366507282668382
15.0701388888889,0.459746760539556
15.0715277777778,0.467118312034054
15.0729166666667,0.426071268753488
15.0743055555556,0.447744004848197
15.0756944444444,0.421519075691025
15.0770833333333,0.387021676989049
15.0784722222222,0.379019799635171
15.0798611111111,0.406360274122183
15.08125,0.343770234928017
15.0826388888889,0.386116624131544
15.0840277777778,0.352017940618999
15.0854166666667,0.394141260997231
15.0868055555556,0.445420493513265
15.0881944444444,0.454831233358502
15.0895833333333,0.434623761382393
15.0909722222222,0.454184320079311
15.0923611111111,0.436952031218022
15.09375,0.420750782231959
15.0951388888889,0.391958250006221
15.0965277777778,0.399105930083748
15.0979166666667,0.343483687304332
15.0993055555556,0.356298831126068
15.1006944444444,0.332482334820591
15.1020833333333,0.302693791117025
15.1034722222222,0.352813727968707
15.1048611111111,0.351963464339725
15.10625,0.31440553621265
15.1076388888889,0.301014868957348
15.1090277777778,0.252153625189596
15.1104166666667,0.296562977432714
15.1118055555556,0.32342706069459
15.1131944444444,0.387896047414226
15.1145833333333,0.399469777003172
15.1159722222222,0.353041031126866
15.1173611111111,0.428644194677249
15.11875,0.409246209135133
15.1201388888889,0.367290614355071
15.1215277777778,0.406884356969878
15.1229166666667,0.420301177818871
15.1243055555556,0.413466026684142
15.1256944444444,0.43834566214571
15.1270833333333,0.442198301947953
15.1284722222222,0.445478937391481
15.1298611111111,0.450812238108749
15.13125,0.428608670355367
15.1326388888889,0.242131599712297
15.1340277777778,0.313703236344552
15.1354166666667,0.310678081020661
15.1368055555556,0.413194360799692
15.1381944444444,0.304743555488529
15.1395833333333,0.299889858186227
15.1409722222222,0.284861740321318
15.1423611111111,0.305150098621689
15.14375,0.306367599304627
15.1451388888889,0.29671426163327
15.1465277777778,0.312474238908348
15.1479166666667,0.377119525635724
15.1493055555556,0.291811468969381
15.1506944444444,0.284825858983053
15.1520833333333,0.296089320363637
15.1534722222222,0.27166751123906
15.1548611111111,0.21561725651555
15.15625,0.191323150967721
15.1576388888889,0.211710082565748
15.1590277777778,0.21176748933357
15.1604166666667,0.259363268771529
15.1618055555556,0.273722932659184
15.1631944444444,0.256291734000617
15.1645833333333,0.195755199777128
15.1659722222222,0.116308573263627
15.1673611111111,0.153990646130325
15.16875,0.142218981054634
15.1701388888889,0.208796439450351
15.1715277777778,0.216808692966827
15.1729166666667,0.306709878884479
15.1743055555556,0.297022986350866
15.1756944444444,0.240529930814745
15.1770833333333,0.322528475652512
15.1784722222222,0.367778052936655
15.1798611111111,0.308593498534362
15.18125,0.340880011206027
15.1826388888889,0.308118467533197
15.1840277777778,0.212483043623095
15.1854166666667,0.323881409111269
15.1868055555556,0.361257194782572
15.1881944444444,0.346955882533729
15.1895833333333,0.272220179043495
15.1909722222222,0.260814068639305
15.1923611111111,0.291339766710567
15.19375,0.26053417348576
15.1951388888889,0.166015020241486
15.1965277777778,0.110893040218822
15.1979166666667,0.189478666844806
15.1993055555556,0.221244737508421
15.2006944444444,0.238982223570161
15.2020833333333,0.266628196731292
15.2034722222222,0.26299970715565
15.2048611111111,0.231681780021861
15.20625,0.220280287873405
15.2076388888889,0.211930001478862
15.2090277777778,0.24221191179317
15.2104166666667,0.258201033449205
15.2118055555556,0.269235202718509
15.2131944444444,0.233373704304872
15.2145833333333,0.254193904634748
15.2159722222222,0.232363817127335
15.2173611111111,0.229941942729185
15.21875,0.280958247701037
15.2201388888889,0.259216428340247
15.2215277777778,0.15657375504691
15.2229166666667,0.139006465047835
15.2243055555556,0.151188702619452
15.2256944444444,0.237762212013506
15.2270833333333,0.250438478280032
15.2284722222222,0.26264623488268
15.2298611111111,0.139905343626461
15.23125,0.176414899305714
15.2326388888889,0.132610828538445
15.2340277777778,0.157062718712188
15.2354166666667,0.10985815742344
15.2368055555556,0.135537522482904
15.2381944444444,0.189062200660709
15.2395833333333,0.197560061031118
15.2409722222222,0.226321830359339
15.2423611111111,0.280015620130769
15.24375,0.2011199930718
15.2451388888889,0.255558298221469
15.2465277777778,0.212884596806984
15.2479166666667,0.267642229826337
15.2493055555556,0.0745373699111367
15.2506944444444,0.00817174120435
15.2520833333333,0.185099234721072
15.2534722222222,0.212887511473201
15.2548611111111,0.155789496655121
15.25625,0.0978823634261451
15.2576388888889,0.0359494672506031
15.2590277777778,0.0358605796304047
15.2604166666667,0.00156612138505961
15.2618055555556,0.00414875425105561
15.2631944444444,0.00631185904466589
15.2645833333333,0.107628691754344
15.2659722222222,0.160216961432411
15.2673611111111,0.16828092840415
15.26875,0.0699871203062638
15.2701388888889,0.109108615827124
15.2715277777778,0.11783380965764
15.2729166666667,0.1448450825422
15.2743055555556,0.157641341670569
15.2756944444444,0.184450456180776
15.2770833333333,0.129918533303684
15.2784722222222,0.21163839741365
15.2798611111111,0.179564260611288
15.28125,0.269634092998844
15.2826388888889,0.261986195934671
15.2840277777778,0.179628316293218
15.2854166666667,0.190429980830063
15.2868055555556,0.158478549574587
15.2881944444444,0.104041733172085
15.2895833333333,0.145060830202935
15.2909722222222,0.134337680638737
15.2923611111111,0.151394512130274
15.29375,0.103666714987337
15.2951388888889,0.137759527134528
15.2965277777778,0.123867610560414
15.2979166666667,0.0482405021504895
15.2993055555556,0.157024659749032
15.3006944444444,0.17368802000404
15.3020833333333,0.177379521118038
15.3034722222222,0.159736186852205
15.3048611111111,0.221746304138467
15.30625,0.219239749865221
15.3076388888889,0.112775952686696
15.3090277777778,0.106845984336222
15.3104166666667,0.19090296845305
15.3118055555556,0.176541128212511
15.3131944444444,0.164895359467244
15.3145833333333,0.145480626602598
15.3159722222222,0.131842474589897
15.3173611111111,0.20276228290414
15.31875,0.191236771690861
15.3201388888889,0.215290756453398
15.3215277777778,0.260608792688408
15.3229166666667,0.143936304940372
15.3243055555556,0.133787651313019
15.3256944444444,0.157887590377954
15.3270833333333,0.220390211946553
15.3284722222222,0.22653558101387
15.3298611111111,0.185972926748769
15.33125,0.183446347733674
15.3326388888889,0.184775128516501
15.3340277777778,0.138726795342007
15.3354166666667,0.210513179745715
15.3368055555556,0.201441053887502
15.3381944444444,0.234979159643517
15.3395833333333,0.0765592414813179
15.3409722222222,0.10251419960631
15.3423611111111,0.18277098277379
15.34375,0.0758140295511845
15.3451388888889,0.0915670066774244
15.3465277777778,0.111680343264237
15.3479166666667,0.125151988839498
15.3493055555556,0.0948965772348389
15.3506944444444,0.155154334458869
15.3520833333333,0.196270172775766
15.3534722222222,0.186333879014212
15.3548611111111,0.221209982544616
15.35625,0.0815220163983555
15.3576388888889,0.124192425243289
15.3590277777778,0.204895047441887
15.3604166666667,0.162239596593545
15.3618055555556,0.165417483245002
15.3631944444444,0.134936478359405
15.3645833333333,0.100709464322965
15.3659722222222,0.0656327367919865
15.3673611111111,0.0553412981677829
15.36875,0.0802540390363266
15.3701388888889,0.0929231754820336
15.3715277777778,0.0786397759589847
15.3729166666667,0.144507719554042
15.3743055555556,0.144930201260477
15.3756944444444,0.0700021152518767
15.3770833333333,0.0179101885963621
15.3784722222222,0.0624716453790522
15.3798611111111,0.0727822973011768
15.38125,0.0875422596028922
15.3826388888889,0.138100979347683
15.3840277777778,0.123376455762357
15.3854166666667,-0.000588948985922195
15.3868055555556,0.055158775539691
15.3881944444444,0.057980657516583
15.3895833333333,0.0637626050809142
15.3909722222222,0.136868943837375
15.3923611111111,0.0042984449067667
15.39375,0.0548440904550129
15.3951388888889,-0.0301075815883538
15.3965277777778,0.0425791106712163
15.3979166666667,0.0407746851685967
15.3993055555556,-0.011863791966352
15.4006944444444,0.00517564446807667
15.4020833333333,-0.0386081800821769
15.4034722222222,0.0526975474551448
15.4048611111111,0.045293754536216
15.40625,-0.00488460877121924
15.4076388888889,-0.0667673212261664
15.4090277777778,-0.0359131275759041
15.4104166666667,0.0111012955768451
15.4118055555556,-0.0667999194396816
15.4131944444444,-0.137078717306967
15.4145833333333,-0.133275678524063
15.4159722222222,0.000397019336570295
15.4173611111111,0.012297706349638
15.41875,-0.00218254486122559
15.4201388888889,-0.0522355118290328
15.4215277777778,-0.0336749700390745
15.4229166666667,0.0198861696288302
15.4243055555556,0.111040308382197
15.4256944444444,0.162808551115171
15.4270833333333,0.131304699678585
15.4284722222222,0.0657547920471344
15.4298611111111,-0.0046191310833563
15.43125,0.0770792667612189
15.4326388888889,0.0865025392168009
15.4340277777778,0.0708580851060223
15.4354166666667,0.00369685487244054
15.4368055555556,0.0707615884407836
15.4381944444444,0.114444938810539
15.4395833333333,0.098461828036958
15.4409722222222,0.0940675538515572
15.4423611111111,0.0834716984971789
15.44375,0.0427740851477982
15.4451388888889,0.0862123791573911
15.4465277777778,0.108130236540516
15.4479166666667,0.0913833132474983
15.4493055555556,0.202826666626983
15.4506944444444,0.159909950235345
15.4520833333333,0.141563624005771
15.4534722222222,0.194693837999387
15.4548611111111,0.119847898648582
15.45625,0.186635795745951
15.4576388888889,0.204638322112229
15.4590277777778,0.278530389737443
15.4604166666667,0.259833231729443
15.4618055555556,0.281835786214373
15.4631944444444,0.226177962517502
15.4645833333333,0.187766764657004
15.4659722222222,0.147945227245292
15.4673611111111,0.061119490855433
15.46875,0.140111671190369
15.4701388888889,0.159807083239954
15.4715277777778,0.175833167376925
15.4729166666667,0.267160955395692
15.4743055555556,0.19407233465602
15.4756944444444,0.175779803729348
15.4770833333333,0.167979467668018
15.4784722222222,0.174741610597041
15.4798611111111,0.167717217765518
15.48125,0.154989416431398
15.4826388888889,0.207183037462302
15.4840277777778,0.199131582512208
15.4854166666667,0.218079136291607
15.4868055555556,0.199033969372579
15.4881944444444,0.158029111913071
15.4895833333333,0.101734178147281
15.4909722222222,0.131188458805645
15.4923611111111,0.171271501484434
15.49375,0.26696694244761
15.4951388888889,0.149856065992677
15.4965277777778,0.130998792869444
15.4979166666667,0.0921225008841745
15.4993055555556,0.178417733658805
15.5006944444444,0.0796397088937277
15.5020833333333,0.11167994182271
15.5034722222222,0.121110724234017
15.5048611111111,0.133446058330058
15.50625,0.0952817033123455
15.5076388888889,0.206953451537758
15.5090277777778,0.136789017008093
15.5104166666667,0.0862937932452498
15.5118055555556,0.133602574136698
15.5131944444444,0.153892660662019
15.5145833333333,0.0631282273770228
15.5159722222222,0.159153705495744
15.5173611111111,0.164320454681489
15.51875,0.157040541941773
15.5201388888889,0.0853115102671544
15.5215277777778,0.0533551960275385
15.5229166666667,0.0425317045906805
15.5243055555556,0.0582212770295911
15.5256944444444,0.0225123152846829
15.5270833333333,0.0739095484954892
15.5284722222222,0.116569248460447
15.5298611111111,0.142307525916305
15.53125,0.146809696510392
15.5326388888889,0.115538476040166
15.5340277777778,0.128876574837864
15.5354166666667,0.0687672209814203
15.5368055555556,0.180048851315414
15.5381944444444,0.219685823275597
15.5395833333333,0.230647715134029
15.5409722222222,0.130531989786572
15.5423611111111,0.0225509255634425
15.54375,0.0134887959081469
15.5451388888889,0.0697932356588652
15.5465277777778,0.117033021294352
15.5479166666667,0.0721576331988775
15.5493055555556,0.0412446908180179
15.5506944444444,0.0058059510650529
15.5520833333333,0.0905866552360013
15.5534722222222,0.0701678468096078
15.5548611111111,-0.00503772404408393
15.55625,0.0155108800414446
15.5576388888889,0.0811295600965028
15.5590277777778,-0.014072147173623
15.5604166666667,0.0224928911987486
15.5618055555556,0.0634059628468339
15.5631944444444,0.0257620777992621
15.5645833333333,-0.00790407379255135
15.5659722222222,-0.0181562115865855
15.5673611111111,0.022349459609884
15.56875,0.0292654703383045
15.5701388888889,-0.0161348098347737
15.5715277777778,0.023841867422026
15.5729166666667,0.0414655814793836
15.5743055555556,0.0867107139810334
15.5756944444444,0.048944853307243
15.5770833333333,-0.0108238873268571
15.5784722222222,0.0111741943236632
15.5798611111111,0.034318674634929
15.58125,0.0285351739486458
15.5826388888889,0.0599456962708721
15.5840277777778,0.0287842748258566
15.5854166666667,0.070979766862309
15.5868055555556,0.0141906143220811
15.5881944444444,0.00781762925140054
15.5895833333333,0.00426974595602043
15.5909722222222,-0.0370145164659218
15.5923611111111,-0.1001980579863
15.59375,-0.146556375134877
15.5951388888889,-0.0697917847152397
15.5965277777778,-0.0215695534049765
15.5979166666667,-0.00120206831116249
15.5993055555556,0.0668101134458753
15.6006944444444,0.0488955698161548
15.6020833333333,0.0350185585200203
15.6034722222222,0.0340409177970309
15.6048611111111,0.0469806047133377
15.60625,0.100825071808908
15.6076388888889,0.108740331552701
15.6090277777778,0.119797647075508
15.6104166666667,0.106875847681463
15.6118055555556,0.119186957142853
15.6131944444444,0.197349754291481
15.6145833333333,0.146043039221153
15.6159722222222,0.0996311180213025
15.6173611111111,0.157463135741285
15.61875,0.0988560611437711
15.6201388888889,0.034293061860766
15.6215277777778,0.148992799432028
15.6229166666667,0.105934664914542
15.6243055555556,0.132339721590152
15.6256944444444,0.0907226413042277
15.6270833333333,0.0556791906597423
15.6284722222222,0.0988371533934033
15.6298611111111,0.110726504832464
15.63125,0.0374877177119815
15.6326388888889,0.0544022073087343
15.6340277777778,0.0644361197785573
15.6354166666667,-0.0284656577100146
15.6368055555556,-0.0287841635733384
15.6381944444444,-0.0384637273135976
15.6395833333333,0.0150014233033045
15.6409722222222,0.0288174836984227
15.6423611111111,-0.0438549396996645
15.64375,-0.0409321394226493
15.6451388888889,-0.000131591652699027
15.6465277777778,0.0348775100235503
15.6479166666667,-0.0339312757408273
15.6493055555556,0.0769933810712905
15.6506944444444,-0.0210707112646991
15.6520833333333,-0.0865124335113413
15.6534722222222,-0.00274078160978086
15.6548611111111,0.00189820854407605
15.65625,-0.0615418527691087
15.6576388888889,0.00234247947145777
15.6590277777778,-0.0064709970979057
15.6604166666667,-0.00136012326377732
15.6618055555556,0.0514471564928537
15.6631944444444,0.0774580371629636
15.6645833333333,0.0229064648569054
15.6659722222222,0.0736086242931651
15.6673611111111,0.0760258065775666
15.66875,0.0164312964913673
15.6701388888889,0.0536984651753842
15.6715277777778,-0.0278289712801463
15.6729166666667,-0.064001945277982
15.6743055555556,-0.0149995665905683
15.6756944444444,0.0556904331735525
15.6770833333333,0.143145377866947
15.6784722222222,0.0607902102178903
15.6798611111111,0.0908071339930985
15.68125,0.0549165947585286
15.6826388888889,0.0692993193622364
15.6840277777778,0.102144821520065
15.6854166666667,0.0705716266530024
15.6868055555556,0.0671368705499559
15.6881944444444,0.0762808210849319
15.6895833333333,0.0314007375669428
15.6909722222222,0.137083621124585
15.6923611111111,0.0885643434480868
15.69375,0.0218021362715949
15.6951388888889,0.0156735769714564
15.6965277777778,0.0470875797524028
15.6979166666667,0.0986452692471016
15.6993055555556,0.119462908951685
15.7006944444444,0.180901228911182
15.7020833333333,0.126035406640242
15.7034722222222,0.100437253732645
15.7048611111111,0.109359917207794
15.70625,0.0521904382993174
15.7076388888889,0.0292655726189747
15.7090277777778,-0.0601795268505034
15.7104166666667,0.00109224453459095
15.7118055555556,-0.0113488489241876
15.7131944444444,-0.0554826098296904
15.7145833333333,0.0135054177760516
15.7159722222222,0.114842844266834
15.7173611111111,0.0406419236557137
15.71875,0.0295027836318954
15.7201388888889,0.00751792143099856
15.7215277777778,0.0687743763755499
15.7229166666667,0.109980868151095
15.7243055555556,0.0756326462124947
15.7256944444444,0.0664898602114001
15.7270833333333,0.111836293793573
15.7284722222222,0.0395369452841482
15.7298611111111,0.113405995754418
15.73125,0.0206469282285308
15.7326388888889,0.108151175578518
15.7340277777778,0.184594382750431
15.7354166666667,0.163598610135619
15.7368055555556,0.110147461487195
15.7381944444444,0.0735227548734022
15.7395833333333,0.0740971388208088
15.7409722222222,0.1317939108844
15.7423611111111,0.158006614625717
15.74375,0.132590319512658
15.7451388888889,0.0940724827197077
15.7465277777778,0.169966634929577
15.7479166666667,0.113818287786402
15.7493055555556,0.205283326408348
15.7506944444444,0.161796413046711
15.7520833333333,0.151486843040215
15.7534722222222,0.177805051721832
15.7548611111111,0.0902837718860279
15.75625,0.102074453390126
15.7576388888889,0.172430603485101
15.7590277777778,0.135883959491528
15.7604166666667,0.128213797900899
15.7618055555556,0.115009969524903
15.7631944444444,0.153717292441262
15.7645833333333,0.204780353601706
15.7659722222222,0.173606878601939
15.7673611111111,0.164095362500519
15.76875,0.152254091011164
15.7701388888889,0.209051861953569
15.7715277777778,0.129952604828114
15.7729166666667,0.112844909391384
15.7743055555556,0.101922551012119
15.7756944444444,0.170595630628421
15.7770833333333,0.148389403143057
15.7784722222222,0.117398390737032
15.7798611111111,0.073278928767475
15.78125,0.126865075149033
15.7826388888889,0.0409389088521008
15.7840277777778,0.0975590896167621
15.7854166666667,0.0413829705415771
15.7868055555556,0.0792161276223532
15.7881944444444,0.0623401904759845
15.7895833333333,0.124722109417717
15.7909722222222,0.145492955193497
15.7923611111111,0.0576174520225931
15.79375,0.0880173654228025
15.7951388888889,0.138937406680988
15.7965277777778,0.0770506332647048
15.7979166666667,-0.0156206310291993
15.7993055555556,0.0185418856767986
15.8006944444444,0.00995735650780898
15.8020833333333,0.0356651754819096
15.8034722222222,-0.0177918726891125
15.8048611111111,-0.0475375064909368
15.80625,-0.0108089466633809
15.8076388888889,0.0250107782802317
15.8090277777778,0.0386128883766965
15.8104166666667,0.00562403189196346
15.8118055555556,0.00360672602343269
15.8131944444444,-0.0359321240450462
15.8145833333333,-0.0789334730448818
15.8159722222222,-0.0389093600058882
15.8173611111111,0.010385108916246
15.81875,0.0883988174095064
15.8201388888889,0.0585389112499622
15.8215277777778,0.0383368233501301
15.8229166666667,-0.0316597750330888
15.8243055555556,-0.0976719045413026
15.8256944444444,-0.101150191911433
15.8270833333333,-0.0572945024190397
15.8284722222222,-0.029336896920781
15.8298611111111,-0.00529140764956494
15.83125,0.063760440730986
15.8326388888889,0.055024328023923
15.8340277777778,0.0263968281116347
15.8354166666667,-0.00647957676279812
15.8368055555556,-0.0960466159815783
15.8381944444444,0.00305795471481006
15.8395833333333,-0.032601423729425
15.8409722222222,0.0211763722117224
15.8423611111111,-0.0413097806016154
15.84375,-0.0580915869414386
15.8451388888889,-0.122188350187939
15.8465277777778,-0.0849342508463364
15.8479166666667,-0.0268854234701759
15.8493055555556,-0.0669362002873571
15.8506944444444,-0.0174779305489729
15.8520833333333,-0.0223082686529502
15.8534722222222,-0.0826060805716058
15.8548611111111,-0.0856682735883562
15.85625,-0.102905159964331
15.8576388888889,-0.0264181418948644
15.8590277777778,-0.0410446962237679
15.8604166666667,-0.0137764770376942
15.8618055555556,-0.0675076047550745
15.8631944444444,-0.0673119541481155
15.8645833333333,-0.0499070881837859
15.8659722222222,-0.00202755505390878
15.8673611111111,-0.00769259758957417
15.86875,-0.0396270524150136
15.8701388888889,-0.00451423482940818
15.8715277777778,0.0418344047771947
15.8729166666667,0.0299387029014959
15.8743055555556,0.0530313335244003
15.8756944444444,-0.0328830942617476
15.8770833333333,0.00557787010116841
15.8784722222222,0.0893072679003469
15.8798611111111,0.0123674454183436
15.88125,0.0827108001436046
15.8826388888889,0.0378947871746297
15.8840277777778,0.0151214024231088
15.8854166666667,0.0182812487681489
15.8868055555556,0.0745005387940654
15.8881944444444,0.113326351208744
15.8895833333333,0.118646467733254
15.8909722222222,0.0988327942813658
15.8923611111111,0.0550557120487267
15.89375,0.067036702113407
15.8951388888889,0.113559182743093
15.8965277777778,0.085215460206898
15.8979166666667,0.139269599420491
15.8993055555556,0.109467882992169
15.9006944444444,0.0505362024830657
15.9020833333333,-0.0247626621254942
15.9034722222222,-0.0188463655344312
15.9048611111111,-0.0368503447443656
15.90625,0.00406037612649167
15.9076388888889,-0.0111910500700621
15.9090277777778,0.0700754925877257
15.9104166666667,0.13168559402641
15.9118055555556,0.0103141844904868
15.9131944444444,0.147892043379969
15.9145833333333,0.0141437585623366
15.9159722222222,0.00417032625344026
15.9173611111111,0.000553616339350441
15.91875,0.0190295751154528
15.9201388888889,0.0342778281186072
15.9215277777778,0.100704128081449
15.9229166666667,0.00353605528535787
15.9243055555556,0.0292024801351553
15.9256944444444,0.0785587127446006
15.9270833333333,0.0147721115153421
15.9284722222222,0.0508433569178503
15.9298611111111,0.0839619229207517
15.93125,0.0877257482597583
15.9326388888889,0.037078515844283
15.9340277777778,0.0221629062927999
15.9354166666667,-0.0220788162061037
15.9368055555556,-0.00382850494215602
15.9381944444444,-0.0197338768267774
15.9395833333333,-0.0860009636755249
15.9409722222222,-0.0163490577081569
15.9423611111111,-0.100987438018186
15.94375,-0.025995223192389
15.9451388888889,0.0281334008192141
15.9465277777778,-0.0202744630242616
15.9479166666667,-0.0855649871072682
15.9493055555556,-0.0761870190682623
15.9506944444444,-0.0257640762687141
15.9520833333333,0.0619894891718915
15.9534722222222,0.0452440637254971
15.9548611111111,0.0042084409290672
15.95625,-0.0586114734105163
15.9576388888889,0.00770820848802777
15.9590277777778,-0.00743654398681823
15.9604166666667,0.0208885834612083
15.9618055555556,-0.0283278932116608
15.9631944444444,-0.0418714342324569
15.9645833333333,-0.011493317674647
15.9659722222222,-0.0570755459140476
15.9673611111111,-0.0427830081270002
15.96875,0.0994882726632262
15.9701388888889,0.125549297573757
15.9715277777778,0.0544701093213378
15.9729166666667,0.0521464964871368
15.9743055555556,0.0451008038131698
15.9756944444444,0.0209883559948168
15.9770833333333,-1.13561052854246e-05
15.9784722222222,-0.0505371353422022
15.9798611111111,-0.0113708725989511
15.98125,0.0367572753842766
15.9826388888889,0.0122515139091232
15.9840277777778,-0.00847888096795017
15.9854166666667,-0.0721739660304174
15.9868055555556,0.00808846047512621
15.9881944444444,0.0140297594277905
15.9895833333333,-0.0369429432418193
15.9909722222222,-0.051881689369725
15.9923611111111,-0.0131737691602223
15.99375,0.0210617957732786
15.9951388888889,0.119507494279308
15.9965277777778,0.114070136611638
15.9979166666667,0.0567343149752968
15.9993055555556,0.00802166960024388
16.0006944444444,0.016511868339969
16.0020833333333,-0.0276204873306357
16.0034722222222,-0.0845959010285022
16.0048611111111,-0.10955844497816
16.00625,-0.0473183712619912
16.0076388888889,-0.0308887954365641
16.0090277777778,-0.0389644061868398
16.0104166666667,0.0212965752379753
16.0118055555556,-0.00175080262929651
16.0131944444444,-0.0315834763119106
16.0145833333333,-0.0156715160232049
16.0159722222222,0.0762614452039716
16.0173611111111,0.0860479235478168
16.01875,0.0531453280887246
16.0201388888889,0.0691405493989799
16.0215277777778,0.00939508659470343
16.0229166666667,0.00938035305351578
16.0243055555556,-0.0076825474264051
16.0256944444444,0.0234620519294332
16.0270833333333,0.0658810689114385
16.0284722222222,0.0783407745441216
16.0298611111111,0.039347995732252
16.03125,0.0637415364605601
16.0326388888889,0.0754970436258756
16.0340277777778,0.0459646627923965
16.0354166666667,0.0355446376499196
16.0368055555556,0.086753440609166
16.0381944444444,0.0122024837252812
16.0395833333333,-0.0499551285166164
16.0409722222222,0.0110450214536639
16.0423611111111,0.0122056982996315
16.04375,-0.0358200867288722
16.0451388888889,-0.0217356182267117
16.0465277777778,-0.00127055031754456
16.0479166666667,0.00949853940612103
16.0493055555556,0.056729673650413
16.0506944444444,0.0503058230097669
16.0520833333333,0.0800121521298206
16.0534722222222,0.0899922405215903
16.0548611111111,0.0650098732529512
16.05625,0.0396870106279744
16.0576388888889,0.0851403225919755
16.0590277777778,0.0467370289939961
16.0604166666667,0.0685944305102056
16.0618055555556,-0.00135744981512183
16.0631944444444,0.0208515466067529
16.0645833333333,-0.019352622332076
16.0659722222222,-0.0612011351856718
16.0673611111111,-0.0409750870214595
16.06875,0.00334325326802082
16.0701388888889,-0.052801515039435
16.0715277777778,0.021251625643737
16.0729166666667,0.025036446967275
16.0743055555556,0.0216656926091548
16.0756944444444,0.0424958764240855
16.0770833333333,0.00112427900177314
16.0784722222222,0.00146162572507614
16.0798611111111,-0.00816857887152536
16.08125,-0.0202800963279247
16.0826388888889,-0.022804849637406
16.0840277777778,-0.0617081656111023
16.0854166666667,-0.0100372531952402
16.0868055555556,0.0132732773481472
16.0881944444444,-0.031009495479795
16.0895833333333,0.0226395927890915
16.0909722222222,0.032335725118453
16.0923611111111,-0.011147471849398
16.09375,0.04490816572527
16.0951388888889,-0.104586898108549
16.0965277777778,-0.0893791635815846
16.0979166666667,-0.148009248585681
16.0993055555556,-0.103235703960477
16.1006944444444,-0.0739235675387084
16.1020833333333,-0.0670033532315158
16.1034722222222,-0.0867472682890897
16.1048611111111,-0.0801345720713189
16.10625,-0.0895993254238851
16.1076388888889,-0.00217132006173049
16.1090277777778,0.0130934793956222
16.1104166666667,0.0202747427455633
16.1118055555556,0.0664627896481554
16.1131944444444,0.0264698823174941
16.1145833333333,0.07373382921192
16.1159722222222,0.0841657237365058
16.1173611111111,0.0251766190653701
16.11875,0.079223401660754
16.1201388888889,-0.00540355256136689
16.1215277777778,-0.0854151287821399
16.1229166666667,-0.0136914168404965
16.1243055555556,-0.039891892294722
16.1256944444444,-0.0283287941270026
16.1270833333333,-0.0642289428395565
16.1284722222222,-0.115068870868244
16.1298611111111,0.045219869818875
16.13125,-0.00976856220906392
16.1326388888889,-0.0173178055206662
16.1340277777778,-0.00391598753747211
16.1354166666667,-0.032022929846902
16.1368055555556,-0.0800616344889306
16.1381944444444,-0.0924355106180287
16.1395833333333,-0.0855484252891523
16.1409722222222,-0.0805792469491849
16.1423611111111,-0.0584728253213543
16.14375,-0.101375286005514
16.1451388888889,-0.0415581344728417
16.1465277777778,-0.0145124849488883
16.1479166666667,-0.0238573790723397
16.1493055555556,-0.0627306135480055
16.1506944444444,-0.0574244812926851
16.1520833333333,-0.0733586815678506
16.1534722222222,-0.213037459365097
16.1548611111111,-0.109998491060214
16.15625,-0.0325272781500997
16.1576388888889,-0.0280016022716622
16.1590277777778,-0.0404770300372863
16.1604166666667,-0.0872192388937686
16.1618055555556,-0.0343237454509724
16.1631944444444,-0.00129993487343818
16.1645833333333,0.0238143152620828
16.1659722222222,0.0198176985042281
16.1673611111111,-0.00478453033858951
16.16875,0.0274218329330415
16.1701388888889,-0.0265359911980269
16.1715277777778,-0.056372642331899
16.1729166666667,-0.0589544804447314
16.1743055555556,-0.0196505952571756
16.1756944444444,-3.68733004276598e-05
16.1770833333333,0.0757607405592721
16.1784722222222,-0.00703492655372587
16.1798611111111,-0.00325920365585741
16.18125,0.00150146302743947
16.1826388888889,0.0169727716499992
16.1840277777778,-0.0290408532805749
16.1854166666667,0.063995957751646
16.1868055555556,0.157909987411873
16.1881944444444,0.0396778693423566
16.1895833333333,-0.042666979310777
16.1909722222222,-0.0149434409536902
16.1923611111111,0.00683014773308643
16.19375,0.0658036700831073
16.1951388888889,0.132781844077688
16.1965277777778,0.148931035022671
16.1979166666667,0.0924699881953974
16.1993055555556,0.0095378341017597
16.2006944444444,0.0107709111370017
16.2020833333333,-0.00301430044598403
16.2034722222222,-0.0358338052654202
16.2048611111111,0.0194705432513613
16.20625,0.00234928736039883
16.2076388888889,-0.0501114064599987
16.2090277777778,-0.0234018216070207
16.2104166666667,0.0756211050611471
16.2118055555556,0.0791301804582022
16.2131944444444,0.0537976034370746
16.2145833333333,0.0788492027037953
16.2159722222222,0.0623228939534642
16.2173611111111,0.0316722229969584
16.21875,0.000253146217787061
16.2201388888889,0.0905721602140877
16.2215277777778,0.155546811423421
16.2229166666667,0.0814882724692485
16.2243055555556,0.114279399347186
16.2256944444444,0.055915320120828
16.2270833333333,0.0115880340104558
16.2284722222222,-0.0219611224595067
16.2298611111111,0.0894848504120724
16.23125,0.0763256473599941
16.2326388888889,0.0617464867754406
16.2340277777778,0.0367333578093507
16.2354166666667,0.113524513780106
16.2368055555556,0.104243300429338
16.2381944444444,0.0703823318818989
16.2395833333333,0.0449437936593993
16.2409722222222,0.0579658190011716
16.2423611111111,-0.00204410847647132
16.24375,0.0661531591219104
16.2451388888889,0.052899738189512
16.2465277777778,0.0623272040551118
16.2479166666667,0.123858643584538
16.2493055555556,0.103771976971558
16.2506944444444,0.0807072070711729
16.2520833333333,0.096626090507292
16.2534722222222,0.0678270042903581
16.2548611111111,0.180443614310549
16.25625,0.0808858126591525
16.2576388888889,0.105676206677782
16.2590277777778,0.0519454930490627
16.2604166666667,0.0431129863150991
16.2618055555556,0.0493415277075784
16.2631944444444,0.0476868027519943
16.2645833333333,0.0729568562094064
16.2659722222222,0.0376483531807274
16.2673611111111,0.0434528306169381
16.26875,0.0697242997750422
16.2701388888889,0.00216160466622069
16.2715277777778,0.0300326900296033
16.2729166666667,0.0183157442939642
16.2743055555556,0.0154961694281467
16.2756944444444,0.0356079801469107
16.2770833333333,0.0829204156317763
16.2784722222222,0.119433957098168
16.2798611111111,0.0416196506145701
16.28125,0.102025510464602
16.2826388888889,0.0319164647785863
16.2840277777778,0.0454889998848662
16.2854166666667,0.0103083869839118
16.2868055555556,0.0202940782455604
16.2881944444444,0.0632157806792141
16.2895833333333,0.0273221374454972
16.2909722222222,0.0133328441142042
16.2923611111111,0.0235596130205595
16.29375,0.0412201427961973
16.2951388888889,0.0327466856391892
16.2965277777778,0.0725691310563524
16.2979166666667,-0.0253390985090062
16.2993055555556,-0.0323982550533059
16.3006944444444,-0.0484333376876252
16.3020833333333,-0.0935574122633124
16.3034722222222,0.011158321440346
16.3048611111111,-0.0298695981855435
16.30625,-0.092548273023989
16.3076388888889,-0.0448179912099345
16.3090277777778,-0.00456108132833157
16.3104166666667,0.00393908593624358
16.3118055555556,-0.0461806203884762
16.3131944444444,-0.0678161180594583
16.3145833333333,-0.0408470037918284
16.3159722222222,0.0112250188529589
16.3173611111111,-0.0341572724869301
16.31875,-0.0374492492468644
16.3201388888889,0.0266802389594367
16.3215277777778,-0.0648709226234076
16.3229166666667,-0.00789065157464502
16.3243055555556,0.00122814297087759
16.3256944444444,-0.00145644414996636
16.3270833333333,-0.00645144689272709
16.3284722222222,0.00911379255443752
16.3298611111111,-0.0164178040447725
16.33125,-0.0236992669210155
16.3326388888889,-0.0391017094526132
16.3340277777778,-0.0470979869870278
16.3354166666667,0.0298130001633755
16.3368055555556,0.114824037734322
16.3381944444444,0.0347557163621303
16.3395833333333,0.0120217630122299
16.3409722222222,-0.0330289785770792
16.3423611111111,0.101694386082579
16.34375,0.0174668574906952
16.3451388888889,0.0822414183231879
16.3465277777778,0.042819548257974
16.3479166666667,-0.00284360428275867
16.3493055555556,0.0710290929276969
16.3506944444444,0.0780828279829142
16.3520833333333,0.0276571178041333
16.3534722222222,0.000328198492885245
16.3548611111111,-0.0269197992013557
16.35625,0.0401930880905451
16.3576388888889,0.0559458787264901
16.3590277777778,0.0409798785519608
16.3604166666667,0.0395426647788012
16.3618055555556,0.030566989160628
16.3631944444444,0.0103679446824166
16.3645833333333,0.0609805258946147
16.3659722222222,0.104135254475355
16.3673611111111,0.0557141815954083
16.36875,0.0964438445675411
16.3701388888889,0.0717245997957123
16.3715277777778,0.0779582928246111
16.3729166666667,0.0622081522511444
16.3743055555556,0.0552994956318313
16.3756944444444,0.0111876017802449
16.3770833333333,-0.0289274148805874
16.3784722222222,0.0305241677986858
16.3798611111111,0.0378734078949386
16.38125,-0.0109630859994965
16.3826388888889,0.0420126409624813
16.3840277777778,0.0824541539797899
16.3854166666667,0.103652049913707
16.3868055555556,0.128546755187604
16.3881944444444,0.0872660936949835
16.3895833333333,0.0173705807580563
16.3909722222222,-0.0197656187455956
16.3923611111111,0.00286968406674615
16.39375,0.0093437322939188
16.3951388888889,0.0665421253615369
16.3965277777778,0.0606469791629329
16.3979166666667,0.0510104123020609
16.3993055555556,0.0365437609502063
16.4006944444444,-0.0197929700308514
16.4020833333333,0.00667722853884084
16.4034722222222,0.112965632647698
16.4048611111111,0.124704689307041
16.40625,0.13851245117137
16.4076388888889,0.111643710278507
16.4090277777778,0.047441005050618
16.4104166666667,0.0636009047984558
16.4118055555556,0.0603987896600535
16.4131944444444,0.0826429582005762
16.4145833333333,0.0848800095901605
16.4159722222222,0.0712673168817251
16.4173611111111,0.0944478283382715
16.41875,0.0923446827623351
16.4201388888889,0.0950581529486742
16.4215277777778,0.0829778504410414
16.4229166666667,0.00833905486855967
16.4243055555556,0.0255887182974543
16.4256944444444,0.0171635593389541
16.4270833333333,0.032258456946767
16.4284722222222,-0.0093382003448415
16.4298611111111,0.0340732267406087
16.43125,0.0668743532727573
16.4326388888889,0.0277667791200737
16.4340277777778,0.105088370734173
16.4354166666667,0.0652933659296823
16.4368055555556,0.0734291055054916
16.4381944444444,0.0361588070321291
16.4395833333333,0.0108435047884811
16.4409722222222,0.0935365573960389
16.4423611111111,0.204215637927216
16.44375,0.138708577781725
16.4451388888889,0.115062116521824
16.4465277777778,0.137696422453845
16.4479166666667,0.171691787165572
16.4493055555556,0.175447900245993
16.4506944444444,0.147934510374309
16.4520833333333,0.161830405536432
16.4534722222222,0.199046214682139
16.4548611111111,0.152389146261982
16.45625,0.18252087377213
16.4576388888889,0.155441257875857
16.4590277777778,0.153800868302667
16.4604166666667,0.162045214463904
16.4618055555556,0.0927175845033881
16.4631944444444,0.144030157715778
16.4645833333333,0.125942591584205
16.4659722222222,0.0571769469819059
16.4673611111111,0.100891727913868
16.46875,0.0731887948231775
16.4701388888889,0.114857396168067
16.4715277777778,0.143628288362728
16.4729166666667,0.0338777222498384
16.4743055555556,0.026705613658211
16.4756944444444,0.0911884232445574
16.4770833333333,0.124347142949834
16.4784722222222,0.166640030723138
16.4798611111111,0.142664519108044
16.48125,0.191080669110473
16.4826388888889,0.169122121603371
16.4840277777778,0.190926171575779
16.4854166666667,0.2427550322293
16.4868055555556,0.128677141264583
16.4881944444444,0.161471557007936
16.4895833333333,0.166499456015497
16.4909722222222,0.136686415892999
16.4923611111111,0.115442162072746
16.49375,0.131695295979864
16.4951388888889,0.189411900441587
16.4965277777778,0.165578441506668
16.4979166666667,0.0520367930776043
16.4993055555556,0.0509870344202927
16.5006944444444,0.0561272269047989
16.5020833333333,0.115088241619809
16.5034722222222,0.0405982657250093
16.5048611111111,0.0771593153449226
16.50625,0.0334747101792079
16.5076388888889,0.10495666984376
16.5090277777778,0.0501504466798365
16.5104166666667,0.0452611124802052
16.5118055555556,0.0796873018714646
16.5131944444444,0.139589650691951
16.5145833333333,0.091005637143057
16.5159722222222,0.0641371683692854
16.5173611111111,0.0190927806566161
16.51875,0.0939875526406798
16.5201388888889,0.0584318718418347
16.5215277777778,0.057670308164577
16.5229166666667,0.143340289159166
16.5243055555556,0.0931919919474722
16.5256944444444,0.0764909745731971
16.5270833333333,0.0843594997622972
16.5284722222222,0.128164160519002
16.5298611111111,0.0868448195460083
16.53125,0.0935351867779968
16.5326388888889,0.0764849938179198
16.5340277777778,0.0205145001214636
16.5354166666667,0.0504740362724921
16.5368055555556,0.0181003934409197
16.5381944444444,-0.081474565167219
16.5395833333333,0.00441953815244406
16.5409722222222,0.0224278951351612
16.5423611111111,0.00437584744417367
16.54375,0.0334573719127923
16.5451388888889,-0.0250820654120195
16.5465277777778,-0.0272746528478884
16.5479166666667,-0.126164654108089
16.5493055555556,-0.152097127727755
16.5506944444444,-0.0218538718175331
16.5520833333333,0.0407914050234778
16.5534722222222,0.0809303547801047
16.5548611111111,0.0342616119629516
16.55625,0.00524148418148049
16.5576388888889,-0.0244347657891554
16.5590277777778,0.0112497562624238
16.5604166666667,-0.0192767681566518
16.5618055555556,5.95624169946852e-05
16.5631944444444,0.0143388338780205
16.5645833333333,0.0273429057213232
16.5659722222222,-0.0606769972453171
16.5673611111111,-0.00548932325455807
16.56875,-0.040279037170341
16.5701388888889,-0.0254742685506684
16.5715277777778,0.017833760648986
16.5729166666667,-0.00331637403942271
16.5743055555556,0.0522295306096464
16.5756944444444,0.0757182525322054
16.5770833333333,0.0520244763015379
16.5784722222222,0.124255685899955
16.5798611111111,-0.00743723627685379
16.58125,-0.0155898421051652
16.5826388888889,-0.108757692799194
16.5840277777778,-0.0213276431048805
16.5854166666667,0.0301436496558386
16.5868055555556,-0.0208960126228345
16.5881944444444,-0.0281953452636491
16.5895833333333,-0.0190161699186636
16.5909722222222,-0.0387329563295232
16.5923611111111,-0.135872214091604
16.59375,-0.143188729562428
16.5951388888889,-0.0385135627255103
16.5965277777778,0.0192164048134134
16.5979166666667,0.024143905826104
16.5993055555556,-0.0220324195998275
16.6006944444444,-0.00119910910421023
16.6020833333333,0.087047338930124
16.6034722222222,0.0954339847091982
16.6048611111111,0.089982773215476
16.60625,0.126547734646614
16.6076388888889,0.0938644079998294
16.6090277777778,0.12037147661391
16.6104166666667,0.0917701073657834
16.6118055555556,0.0714313885732114
16.6131944444444,0.0203657281491746
16.6145833333333,0.111369149187165
16.6159722222222,0.161598949218817
16.6173611111111,0.112780476992393
16.61875,0.0578613087488843
16.6201388888889,0.0713411629679752
16.6215277777778,0.0964157107481287
16.6229166666667,0.139182662776459
16.6243055555556,0.0547827613952854
16.6256944444444,0.0957977948856276
16.6270833333333,0.0422513319071893
16.6284722222222,0.0655127466317787
16.6298611111111,0.0985687244302308
16.63125,0.0110506490595438
16.6326388888889,0.091494284312842
16.6340277777778,0.0911965212802379
16.6354166666667,0.159074420612769
16.6368055555556,0.0750126368207448
16.6381944444444,0.184734106624632
16.6395833333333,0.0760677655928346
16.6409722222222,0.156164892898058
16.6423611111111,0.190377183035755
16.64375,0.183205895054395
16.6451388888889,0.17997396205997
16.6465277777778,0.135764924021822
16.6479166666667,0.126201200550671
16.6493055555556,0.0737265253540551
16.6506944444444,0.109813170563978
16.6520833333333,0.0994171030687948
16.6534722222222,0.0959948647484548
16.6548611111111,0.1390487692085
16.65625,0.111587436019432
16.6576388888889,0.221540265024961
16.6590277777778,0.193221980751918
16.6604166666667,0.208111394634968
16.6618055555556,0.195853175128401
16.6631944444444,0.17174148781701
16.6645833333333,0.212094990715953
16.6659722222222,0.20585184214393
16.6673611111111,0.199541007354999
16.66875,0.199725260495233
16.6701388888889,0.162007259745876
16.6715277777778,0.27134776764905
16.6729166666667,0.318031219847952
16.6743055555556,0.19999642593444
16.6756944444444,0.205162367389241
16.6770833333333,0.174855015311854
16.6784722222222,0.218044891207403
16.6798611111111,0.0746476954630083
16.68125,0.0723252608850092
16.6826388888889,0.129838938572393
16.6840277777778,0.144403335144597
16.6854166666667,0.151155077160882
16.6868055555556,0.160027129010176
16.6881944444444,0.123633978243251
16.6895833333333,0.105787121173797
16.6909722222222,0.101232780320564
16.6923611111111,0.159233286220935
16.69375,0.153664501454856
16.6951388888889,0.113591751206304
16.6965277777778,0.143263905858593
16.6979166666667,0.12287137428924
16.6993055555556,0.145956219898762
16.7006944444444,0.161730340616202
16.7020833333333,0.174692191354513
16.7034722222222,0.228015148573928
16.7048611111111,0.237022859064469
16.70625,0.217010558668041
16.7076388888889,0.222209588005012
16.7090277777778,0.143919427865893
16.7104166666667,0.166693917358535
16.7118055555556,0.205841729892712
16.7131944444444,0.131089223909079
16.7145833333333,0.12774961144139
16.7159722222222,0.151098092685001
16.7173611111111,0.120654945404726
16.71875,0.0953578724522322
16.7201388888889,0.135076631819761
16.7215277777778,0.164208912621705
16.7229166666667,0.14261943255983
16.7243055555556,0.102168524965077
16.7256944444444,0.138291262144029
16.7270833333333,0.178892251189333
16.7284722222222,0.113170743964544
16.7298611111111,0.12642386666937
16.73125,0.0923298803493763
16.7326388888889,0.101121078481628
16.7340277777778,0.132437972961786
16.7354166666667,0.149235125598291
16.7368055555556,0.159232802741106
16.7381944444444,0.142154896418975
16.7395833333333,0.171967050509325
16.7409722222222,0.1938851673608
16.7423611111111,0.141824856826753
16.74375,0.0950105046604393
16.7451388888889,0.04186315235758
16.7465277777778,0.0607349555503833
16.7479166666667,0.0700095331747227
16.7493055555556,0.224838865103305
16.7506944444444,0.149385169015984
16.7520833333333,0.151493190674028
16.7534722222222,0.153335793672228
16.7548611111111,0.110640980555521
16.75625,0.159667754564356
16.7576388888889,0.0718131016801583
16.7590277777778,0.139900298079007
16.7604166666667,0.0874945599726629
16.7618055555556,0.109449142043592
16.7631944444444,0.0827668513586153
16.7645833333333,0.0992502330684412
16.7659722222222,0.0695621192311735
16.7673611111111,0.0616176073477386
16.76875,0.00972393099675822
16.7701388888889,0.0895868827028825
16.7715277777778,0.0553208533493414
16.7729166666667,0.083548770698289
16.7743055555556,0.0785654720974431
16.7756944444444,0.0860155813539998
16.7770833333333,0.00493424656191332
16.7784722222222,0.000108639123529355
16.7798611111111,0.07820396600158
16.78125,0.118206156314773
16.7826388888889,0.123839013377314
16.7840277777778,0.10557936936425
16.7854166666667,0.119337684989906
16.7868055555556,0.0792755933214935
16.7881944444444,0.147047734558623
16.7895833333333,0.104143576825737
16.7909722222222,0.0802641157876849
16.7923611111111,0.0843092459065697
16.79375,0.0475769372154086
16.7951388888889,0.0485912072583816
16.7965277777778,0.0543743409759608
16.7979166666667,0.123605757530393
16.7993055555556,0.128523849955563
16.8006944444444,0.0954754201283681
16.8020833333333,0.109236919087504
16.8034722222222,0.0881753000406092
16.8048611111111,0.120364745227276
16.80625,0.0483172422948957
16.8076388888889,0.0624489576328289
16.8090277777778,0.0391855821685745
16.8104166666667,0.0454332508082394
16.8118055555556,0.0155651057680018
16.8131944444444,0.0632186274973245
16.8145833333333,0.0860665498440863
16.8159722222222,0.0945394665206405
16.8173611111111,0.110375878165948
16.81875,0.127116021441892
16.8201388888889,0.0992586080034063
16.8215277777778,0.0765034531833448
16.8229166666667,0.0834892286372412
16.8243055555556,0.0790155867262243
16.8256944444444,0.0955245627648642
16.8270833333333,0.187632908688894
16.8284722222222,0.14448728465893
16.8298611111111,0.157744230234689
16.83125,0.204112223912067
16.8326388888889,0.156644776508541
16.8340277777778,0.116477421350562
16.8354166666667,0.0554098383795937
16.8368055555556,0.0528673317523025
16.8381944444444,0.132561026949971
16.8395833333333,0.051736376950563
16.8409722222222,0.0981535379270184
16.8423611111111,0.0849833543466008
16.84375,0.0932128340983998
16.8451388888889,-0.0148322892520664
16.8465277777778,-0.00150425024449437
16.8479166666667,0.037116097481756
16.8493055555556,0.0175646565302648
16.8506944444444,0.00317122995099745
16.8520833333333,0.0391426729749296
16.8534722222222,7.42667302931436e-05
16.8548611111111,0.0467198528526462
16.85625,0.0396702449872594
16.8576388888889,0.096386094694823
16.8590277777778,0.114218481642004
16.8604166666667,0.0799405881616675
16.8618055555556,0.109201104307831
16.8631944444444,0.0122153535727497
16.8645833333333,-0.0212579777060631
16.8659722222222,0.0349400958709338
16.8673611111111,0.0620570147689455
16.86875,0.0511931948868021
16.8701388888889,0.156641678327217
16.8715277777778,0.1052688354998
16.8729166666667,0.0338378902808189
16.8743055555556,0.071410491348229
16.8756944444444,0.169506847069669
16.8770833333333,0.12959103582476
16.8784722222222,0.186710911678145
16.8798611111111,0.165954871794693
16.88125,0.0857963259017733
16.8826388888889,0.106489997109917
16.8840277777778,0.0385180845703593
16.8854166666667,0.144340126751348
16.8868055555556,0.146521792542906
16.8881944444444,0.0735523099628559
16.8895833333333,0.116576789564391
16.8909722222222,0.0647503127337181
16.8923611111111,0.0528500344836205
16.89375,0.093186097888308
16.8951388888889,0.128668130685809
16.8965277777778,0.0626620085790882
16.8979166666667,0.0806439242897168
16.8993055555556,0.00723212684092637
16.9006944444444,0.0272110819862865
16.9020833333333,0.107649312400735
16.9034722222222,0.116702560754604
16.9048611111111,0.100418049768358
16.90625,0.149492054946768
16.9076388888889,0.16392250520613
16.9090277777778,0.145130919166951
16.9104166666667,0.106322378747433
16.9118055555556,0.0744934704658402
16.9131944444444,0.0104581455834353
16.9145833333333,0.00685467636416769
16.9159722222222,0.0320405558662044
16.9173611111111,0.0767102116486381
16.91875,0.0455119381136488
16.9201388888889,0.0530574395256907
16.9215277777778,-0.0279872487674813
16.9229166666667,-0.0156958804990374
16.9243055555556,0.0993949906543854
16.9256944444444,0.0151733759494532
16.9270833333333,-0.00784541894317406
16.9284722222222,0.0502820029780731
16.9298611111111,0.0358893117315196
16.93125,0.0509373427882725
16.9326388888889,-0.0242185407176147
16.9340277777778,0.0354296358940254
16.9354166666667,0.0149413792755919
16.9368055555556,0.0696671315807561
16.9381944444444,0.0805109312749535
16.9395833333333,0.12737267753258
16.9409722222222,0.0774079498516843
16.9423611111111,0.0508584107535366
16.94375,0.0884933941690484
16.9451388888889,0.124311856334026
16.9465277777778,0.169021105321758
16.9479166666667,0.238473524296013
16.9493055555556,0.186177294349361
16.9506944444444,0.199962214984087
16.9520833333333,0.202462855996382
16.9534722222222,0.247450359445641
16.9548611111111,0.208443948558985
16.95625,0.166019824758395
16.9576388888889,0.144915176788999
16.9590277777778,0.146224375388137
16.9604166666667,0.119023787134323
16.9618055555556,0.0766383284732445
16.9631944444444,0.186892380011394
16.9645833333333,0.123400803922544
16.9659722222222,0.157298740262887
16.9673611111111,0.168046298578844
16.96875,0.0689970353230732
16.9701388888889,-0.0515685117297601
16.9715277777778,0.0642199419598582
16.9729166666667,0.108269330488368
16.9743055555556,0.106891453181284
16.9756944444444,0.107380595960401
16.9770833333333,0.0768380545992062
16.9784722222222,0.0911173559667639
16.9798611111111,0.0994976369504599
16.98125,0.145189547509567
16.9826388888889,0.0717773927428436
16.9840277777778,0.107974107380041
16.9854166666667,0.0675041896230494
16.9868055555556,0.126346297580707
16.9881944444444,0.140436222878965
16.9895833333333,0.17739589535742
16.9909722222222,0.13938512057103
16.9923611111111,0.127926381288001
16.99375,0.122819738970238
16.9951388888889,0.0901893815519219
16.9965277777778,0.144717262855196
16.9979166666667,0.179673678149781
16.9993055555556,0.134670449598595
17.0006944444444,0.0955303659435214
17.0020833333333,0.0504100144475184
17.0034722222222,0.0401641113585647
17.0048611111111,0.0790287480254389
17.00625,0.131122525725913
17.0076388888889,0.131529808792121
17.0090277777778,0.0851352630417
17.0104166666667,0.113348758892193
17.0118055555556,0.1368147577646
17.0131944444444,0.107660948072185
17.0145833333333,0.0787863918135635
17.0159722222222,0.0336081029470443
17.0173611111111,0.0519850577288677
17.01875,0.0853742057549373
17.0201388888889,0.0392090324930653
17.0215277777778,0.126838381522288
17.0229166666667,0.170201351801866
17.0243055555556,0.129112035126996
17.0256944444444,0.128394709028715
17.0270833333333,0.0763412685608835
17.0284722222222,0.0688723024279453
17.0298611111111,0.0908101929633604
17.03125,0.14254898295268
17.0326388888889,0.057991314948887
17.0340277777778,0.0723849898256431
17.0354166666667,0.0754665189850519
17.0368055555556,0.0850931554446803
17.0381944444444,0.0980629260644864
17.0395833333333,0.0590042295635274
17.0409722222222,0.0550834034318443
17.0423611111111,-0.00741514300502368
17.04375,-0.00755796334410503
17.0451388888889,-0.0805580954216451
17.0465277777778,0.0379466730944409
17.0479166666667,0.0828011074572013
17.0493055555556,0.0779417826766882
17.0506944444444,0.0819725422340348
17.0520833333333,0.0740292505528827
17.0534722222222,0.138700899804409
17.0548611111111,0.0717838839600187
17.05625,0.0547959635838902
17.0576388888889,0.0266766998266271
17.0590277777778,0.082536406850533
17.0604166666667,0.165617207022932
17.0618055555556,0.0919455170769612
17.0631944444444,0.0438382430098977
17.0645833333333,-0.0207130351289816
17.0659722222222,0.0212207749923892
17.0673611111111,0.0764950289045292
17.06875,0.0211361113147072
17.0701388888889,-0.00681169703612905
17.0715277777778,0.0216557958881333
17.0729166666667,0.14406902566041
17.0743055555556,0.0961104923520906
17.0756944444444,0.111964012881379
17.0770833333333,0.103843015273877
17.0784722222222,0.0848350991563181
17.0798611111111,0.0817323661425992
17.08125,0.162781493081916
17.0826388888889,0.0315357588319038
17.0840277777778,-0.0125416414101666
17.0854166666667,-0.0131994339875402
17.0868055555556,0.0148420503195359
17.0881944444444,-0.0326203936279673
17.0895833333333,-0.108535173624557
17.0909722222222,-0.104560866751665
17.0923611111111,-0.060351726707008
17.09375,-0.00192396274304667
17.0951388888889,-0.0204215242543351
17.0965277777778,0.0534830858106037
17.0979166666667,0.0871353757253745
17.0993055555556,0.0180928948080538
17.1006944444444,0.0246204715156638
17.1020833333333,0.030143430589726
17.1034722222222,-0.017541244417952
17.1048611111111,0.0689151083041524
17.10625,0.0551349921196704
17.1076388888889,0.0856446106047464
17.1090277777778,-0.00856549154851428
17.1104166666667,-0.00792340811671255
17.1118055555556,-0.0166866138680999
17.1131944444444,-0.0355086685237833
17.1145833333333,0.0674855198729225
17.1159722222222,0.0419088458595193
17.1173611111111,0.00888700154408737
17.11875,0.0355634986131933
17.1201388888889,0.0781624139012143
17.1215277777778,0.0694817106901424
17.1229166666667,0.0513898679438177
17.1243055555556,0.105388567068865
17.1256944444444,0.088806572139718
17.1270833333333,0.0566811113863524
17.1284722222222,0.0400153675590172
17.1298611111111,0.0143912594867299
17.13125,0.0361037084644711
17.1326388888889,-0.0155443700173528
17.1340277777778,-0.0418375968582668
17.1354166666667,-0.000541484438237541
17.1368055555556,-0.0605804753996588
17.1381944444444,0.0203413078768562
17.1395833333333,0.0946766975955655
17.1409722222222,-0.0177656165916169
17.1423611111111,0.0742515399827171
17.14375,-0.0126103259935924
17.1451388888889,0.0608905065592944
17.1465277777778,0.022885685767928
17.1479166666667,0.0604622180383493
17.1493055555556,0.06525131444596
17.1506944444444,0.026879435706018
17.1520833333333,0.0724843046930545
17.1534722222222,0.0483992499518016
17.1548611111111,0.0218606001905795
17.15625,0.125048328598096
17.1576388888889,0.169611883840494
17.1590277777778,0.189593519162191
17.1604166666667,0.152357750619487
17.1618055555556,0.142504976139283
17.1631944444444,0.154393993173512
17.1645833333333,0.102683568131205
17.1659722222222,0.107017516874981
17.1673611111111,0.0759430672635225
17.16875,0.0188315723484537
17.1701388888889,-0.0499072833255698
17.1715277777778,0.0173058693418494
17.1729166666667,0.0439077331233484
17.1743055555556,0.0811126651924513
17.1756944444444,0.066373968017849
17.1770833333333,0.07048243913311
17.1784722222222,0.0308621446690603
17.1798611111111,0.0782473752377828
17.18125,0.0955437292501146
17.1826388888889,0.148275973150795
17.1840277777778,0.0505094652395465
17.1854166666667,0.0659955437352241
17.1868055555556,0.0303281370081145
17.1881944444444,-0.0458827480056424
17.1895833333333,0.0195227459427568
17.1909722222222,0.0399875334531297
17.1923611111111,0.00682997514812548
17.19375,0.0349714339990802
17.1951388888889,0.0621050790143638
17.1965277777778,0.0216934978753219
17.1979166666667,0.0468958539556881
17.1993055555556,0.078213976401121
17.2006944444444,0.107738857047455
17.2020833333333,0.017028923682121
17.2034722222222,0.0553861192102319
17.2048611111111,0.0634914986700896
17.20625,-0.0346928950092058
17.2076388888889,-0.0252325021770188
17.2090277777778,0.0216322451810408
17.2104166666667,-0.019132226202397
17.2118055555556,-0.0677539466382961
17.2131944444444,-0.0395053658460684
17.2145833333333,-0.0428420109934229
17.2159722222222,0.0406173838341348
17.2173611111111,0.00798072207818919
17.21875,-0.0189943672454891
17.2201388888889,0.049557617386767
17.2215277777778,0.0937488271933916
17.2229166666667,0.108904098942527
17.2243055555556,0.0511450443126064
17.2256944444444,0.0434345142354271
17.2270833333333,-0.0670523359004788
17.2284722222222,-0.00581843462295216
17.2298611111111,-0.0133860666841903
17.23125,0.0261823841972191
17.2326388888889,0.0815986256144976
17.2340277777778,0.0459915669079879
17.2354166666667,0.0860001170218879
17.2368055555556,0.026280514063571
17.2381944444444,-0.0657169384417251
17.2395833333333,-0.0974154167834358
17.2409722222222,-0.00283324242229785
17.2423611111111,-0.0634212257306541
17.24375,-0.0126384434509342
17.2451388888889,-0.0172500711997467
17.2465277777778,0.0240436727571298
17.2479166666667,-0.00114460158952279
17.2493055555556,-0.0341582806944343
17.2506944444444,-0.0617746356644466
17.2520833333333,-0.00952262015884386
17.2534722222222,-0.0203808818767414
17.2548611111111,-0.0492143081514799
17.25625,-0.0706101625310811
17.2576388888889,-0.0773036744987334
17.2590277777778,-0.108251761241452
17.2604166666667,-0.108617373464945
17.2618055555556,-0.0854836896342045
17.2631944444444,-0.0673565274854444
17.2645833333333,-0.0568132211849909
17.2659722222222,0.0148284469117124
17.2673611111111,0.012299347678423
17.26875,0.0247190984369962
17.2701388888889,0.0496909976717097
17.2715277777778,0.0153597807814819
17.2729166666667,0.021488689568623
17.2743055555556,-0.00666558478257821
17.2756944444444,-0.0722567763876412
17.2770833333333,-0.0319828143814125
17.2784722222222,-0.00585414519177145
17.2798611111111,-0.0323866375058168
17.28125,0.0719729058937104
17.2826388888889,0.00735755752703437
17.2840277777778,-0.0838863079756022
17.2854166666667,0.0576166650030466
17.2868055555556,0.073909840108761
17.2881944444444,0.0290854166107825
17.2895833333333,0.0717532419924358
17.2909722222222,0.00802325945549406
17.2923611111111,0.0224354214916376
17.29375,0.106408135670292
17.2951388888889,0.0567832077695424
17.2965277777778,0.028398043955038
17.2979166666667,0.012168426450001
17.2993055555556,-0.0374385876771021
17.3006944444444,0.0152346450906992
17.3020833333333,-0.000884493587006078
17.3034722222222,-0.00834104570231933
17.3048611111111,-0.0305278124408598
17.30625,-0.016313632013737
17.3076388888889,-0.0548731611712949
17.3090277777778,0.0207700666802491
17.3104166666667,-0.00458012337924339
17.3118055555556,-0.0248184517561877
17.3131944444444,0.0235219926110331
17.3145833333333,0.0118465450230186
17.3159722222222,0.0200336182116252
17.3173611111111,0.00984901524056927
17.31875,-0.0308407152624385
17.3201388888889,0.0256071296186663
17.3215277777778,0.0447584549955891
17.3229166666667,0.0534513718722643
17.3243055555556,0.0914433887743518
17.3256944444444,0.0793289517303207
17.3270833333333,0.0609933449098473
17.3284722222222,0.115202724887525
17.3298611111111,0.0730841626845536
17.33125,0.154970326819267
17.3326388888889,0.175790445140515
17.3340277777778,0.127189687603558
17.3354166666667,0.0542395792651378
17.3368055555556,0.0511772204542945
17.3381944444444,0.0164009683573383
17.3395833333333,-0.0593646108191493
17.3409722222222,-0.03120473583254
17.3423611111111,0.00645913165391781
17.34375,-0.0246776253087795
17.3451388888889,-0.00473220282190817
17.3465277777778,0.0229574116414865
17.3479166666667,-0.0020845880076888
17.3493055555556,0.024231105687405
17.3506944444444,0.000545172051883022
17.3520833333333,0.0398451412479771
17.3534722222222,-0.0434478103642893
17.3548611111111,0.0134966146518763
17.35625,0.0222294457675147
17.3576388888889,0.0281414303030722
17.3590277777778,0.0692258988287698
17.3604166666667,0.0291275223364775
17.3618055555556,0.0174245884784858
17.3631944444444,0.0370323404659919
17.3645833333333,0.05412991249711
17.3659722222222,0.131985346903445
17.3673611111111,0.0472487000175731
17.36875,0.0317219452964143
17.3701388888889,0.0250588840686997
17.3715277777778,0.0699134083133656
17.3729166666667,0.0571694168808688
17.3743055555556,0.0794643121797578
17.3756944444444,0.0765805063587545
17.3770833333333,0.0263118982613594
17.3784722222222,0.00266197693935968
17.3798611111111,0.0314313206558667
17.38125,-0.00541416386334049
17.3826388888889,0.0387876705725065
17.3840277777778,0.0477405636790684
17.3854166666667,0.0655680626546432
17.3868055555556,0.0536281750334259
17.3881944444444,0.00833822292426569
17.3895833333333,0.00747092446771357
17.3909722222222,-0.00863390590380047
17.3923611111111,0.0205128965307927
17.39375,0.0227371270389617
17.3951388888889,0.0171194390139479
17.3965277777778,0.0168566612997709
17.3979166666667,0.0807454280667273
17.3993055555556,0.00608094870901
17.4006944444444,-0.00428441007814223
17.4020833333333,-0.0250258473425773
17.4034722222222,-0.0269402564076173
17.4048611111111,-0.0336932229846079
17.40625,-0.0451969515702822
17.4076388888889,0.0120662336198989
17.4090277777778,-0.0651189672598194
17.4104166666667,-0.0647889919187568
17.4118055555556,-0.0206565003311806
17.4131944444444,0.054364508615898
17.4145833333333,-0.00481558668184943
17.4159722222222,0.0423498867794294
17.4173611111111,0.0210499853722871
17.41875,0.0592252373157507
17.4201388888889,0.066393214373223
17.4215277777778,0.0810124993730642
17.4229166666667,0.050954833727586
17.4243055555556,0.0469631159833952
17.4256944444444,0.0494762859335807
17.4270833333333,0.0751518816585201
17.4284722222222,0.0558839834612556
17.4298611111111,0.0523266108359688
17.43125,-0.00194691145984733
17.4326388888889,0.0282727295829925
17.4340277777778,-0.0200613237837616
17.4354166666667,-0.120420760706972
17.4368055555556,-0.0962013688225204
17.4381944444444,-0.000313291884775431
17.4395833333333,0.0526895688158161
17.4409722222222,0.0198886103789336
17.4423611111111,0.0262856524685008
17.44375,-0.0685224690789738
17.4451388888889,-0.0245459681089294
17.4465277777778,0.0195126592969856
17.4479166666667,-0.0277647694956592
17.4493055555556,0.00359042392182525
17.4506944444444,0.0830327887786774
17.4520833333333,0.0367992777473757
17.4534722222222,0.00546911120590534
17.4548611111111,0.011563457504624
17.45625,-0.0407418023527121
17.4576388888889,-0.0833818602749992
17.4590277777778,-0.0683671447626005
17.4604166666667,-0.136012890861459
17.4618055555556,-0.0541857778901555
17.4631944444444,-0.104990244301339
17.4645833333333,-0.0282255121755818
17.4659722222222,-0.00242937364530431
17.4673611111111,-0.056647574717635
17.46875,-0.0520594460198938
17.4701388888889,-0.0738888420869398
17.4715277777778,-0.0439943305577365
17.4729166666667,-0.0451655017251832
17.4743055555556,-0.0696750220719351
17.4756944444444,0.0108207472528968
17.4770833333333,-0.012962207320382
17.4784722222222,0.00664708221792235
17.4798611111111,0.0483266407643416
17.48125,-0.0056757891747671
17.4826388888889,0.0122349151175908
17.4840277777778,0.0842677701304808
17.4854166666667,0.0680487803134794
17.4868055555556,0.0536493782619986
17.4881944444444,0.123643141456872
17.4895833333333,0.0721419152082702
17.4909722222222,0.0517511284207177
17.4923611111111,0.079245768545013
17.49375,0.0206008884429684
17.4951388888889,0.0204003135258884
17.4965277777778,-0.00981520431226338
17.4979166666667,0.0822618049868474
17.4993055555556,0.0679896704305087
17.5006944444444,0.0104946351860141
17.5020833333333,0.0285801124364186
17.5034722222222,0.0474972128976313
17.5048611111111,-0.00266258144429758
17.50625,0.0294848926244839
17.5076388888889,-0.00826164229460281
17.5090277777778,-0.0350218531695012
17.5104166666667,-0.0324693743659438
17.5118055555556,0.00665377383268487
17.5131944444444,-0.0063643197605476
17.5145833333333,0.0202971367827467
17.5159722222222,-0.0175549384785834
17.5173611111111,-0.0175104870934609
17.51875,-0.0512311153007037
17.5201388888889,-0.0420062416530196
17.5215277777778,-0.043814535661633
17.5229166666667,-0.0486196612894746
17.5243055555556,-0.0327486060612573
17.5256944444444,-0.0289517066879252
17.5270833333333,-0.0426521833378883
17.5284722222222,-0.0142073373892221
17.5298611111111,-0.0539474451566813
17.53125,-0.0362754351229565
17.5326388888889,-0.0521426860131919
17.5340277777778,-0.016482034213742
17.5354166666667,-0.00116069181528976
17.5368055555556,0.00533059331565656
17.5381944444444,-0.0390518154768359
17.5395833333333,0.0180301735850044
17.5409722222222,-0.0700240117187252
17.5423611111111,-0.037140114517417
17.54375,-0.0302666667008838
17.5451388888889,-0.0502915232127337
17.5465277777778,-0.0017415415143759
17.5479166666667,0.0045075060986334
17.5493055555556,-0.00412437818476401
17.5506944444444,-0.0354493047376552
17.5520833333333,-0.0955320357124581
17.5534722222222,-0.0856325462603367
17.5548611111111,-0.0844683934492568
17.55625,-0.0841247580854632
17.5576388888889,-0.0573692141701959
17.5590277777778,-0.0344673903638729
17.5604166666667,-0.0023185468092717
17.5618055555556,0.05477517451122
17.5631944444444,-0.0382679806807015
17.5645833333333,-0.0541781639460102
17.5659722222222,-0.0507254890721847
17.5673611111111,-0.00133435712227184
17.56875,0.00122338739955218
17.5701388888889,-0.0289180446422805
17.5715277777778,-0.0816601509589438
17.5729166666667,-0.0548752886163388
17.5743055555556,-0.0605141164511561
17.5756944444444,0.00618749430199112
17.5770833333333,0.00720196082465995
17.5784722222222,0.0482338102068928
17.5798611111111,0.0224721910366208
17.58125,-0.000579670334331632
17.5826388888889,0.024417230252504
17.5840277777778,0.0666163495896809
17.5854166666667,0.00670503285844183
17.5868055555556,-0.0131985473055425
17.5881944444444,0.0215274397736386
17.5895833333333,0.00453442639630421
17.5909722222222,0.0233335493852922
17.5923611111111,-0.0322987132260282
17.59375,-0.0514030590266278
17.5951388888889,-0.0534852767771457
17.5965277777778,-0.0363792770069262
17.5979166666667,-0.0190193283591718
17.5993055555556,-0.0221794279895181
17.6006944444444,-0.019399570998419
17.6020833333333,0.00400322427855539
17.6034722222222,-0.0269559520284416
17.6048611111111,-0.0525323149849233
17.60625,0.032178821603115
17.6076388888889,0.00812848933758485
17.6090277777778,-0.0219166088828996
17.6104166666667,-0.0304581066197434
17.6118055555556,-0.0549524188043452
17.6131944444444,0.00145167309014928
17.6145833333333,0.0182388447611464
17.6159722222222,0.00943654413619664
17.6173611111111,-0.0285995995131839
17.61875,-0.0270304977324489
17.6201388888889,-0.0269138483557247
17.6215277777778,-0.0476252028303887
17.6229166666667,-0.0454522774620191
17.6243055555556,-0.00851195482772846
17.6256944444444,0.00866515541566701
17.6270833333333,0.0371091013576359
17.6284722222222,0.017850203030318
17.6298611111111,0.0278639518610187
17.63125,0.00785836801032508
17.6326388888889,0.00612137297834498
17.6340277777778,0.0137525364658613
17.6354166666667,-0.0659910997265169
17.6368055555556,-0.0136212838736584
17.6381944444444,-0.000803028864537082
17.6395833333333,-0.0130020295783533
17.6409722222222,0.0119666745006922
17.6423611111111,0.0265685484649868
17.64375,0.0368115786943733
17.6451388888889,0.0504789822857056
17.6465277777778,0.0489037701099056
17.6479166666667,0.0054333281919104
17.6493055555556,0.0136130892532952
17.6506944444444,-0.0238503680618394
17.6520833333333,-0.0134499206777668
17.6534722222222,-0.0434169140544078
17.6548611111111,-0.0047459190114264
17.65625,0.0502507781025594
17.6576388888889,0.0665191828937868
17.6590277777778,-0.0133887216165004
17.6604166666667,-0.00158325972297097
17.6618055555556,0.0460000229298942
17.6631944444444,0.00633147386100142
17.6645833333333,0.00550295039085426
17.6659722222222,-0.00482752267626528
17.6673611111111,0.00631401731171335
17.66875,0.0432109783463455
17.6701388888889,0.0182354099099315
17.6715277777778,0.0212226522740651
17.6729166666667,0.023265853481119
17.6743055555556,0.0194204402721661
17.6756944444444,0.0393644311659082
17.6770833333333,0.0164003619642822
17.6784722222222,0.0353445864717437
17.6798611111111,0.0653644947598984
17.68125,-0.00479217626728861
17.6826388888889,0.0328338225811959
17.6840277777778,0.038266181762587
17.6854166666667,0.0256806193885038
17.6868055555556,0.0582442481788436
17.6881944444444,0.00819337558503006
17.6895833333333,0.0506094792783033
17.6909722222222,-0.0114096540670898
17.6923611111111,-0.0199097806550858
17.69375,0.0172344191466692
17.6951388888889,0.0817277502935324
17.6965277777778,0.165129538053431
17.6979166666667,0.141175008099585
17.6993055555556,0.133883517969115
17.7006944444444,0.0868532877647314
17.7020833333333,0.102021739654379
17.7034722222222,0.150804321659517
17.7048611111111,0.0969032448339637
17.70625,0.10316752645429
17.7076388888889,0.0994099848610144
17.7090277777778,0.0610736961883703
17.7104166666667,0.112898175371382
17.7118055555556,0.129012401579135
17.7131944444444,0.109491992857953
17.7145833333333,0.136268226279234
17.7159722222222,0.162888374774546
17.7173611111111,0.120383141695174
17.71875,0.0671023427969689
17.7201388888889,0.1023396031374
17.7215277777778,0.182244066337945
17.7229166666667,0.114014604896261
17.7243055555556,0.0922812915763366
17.7256944444444,0.179101083453169
17.7270833333333,0.115798040992162
17.7284722222222,0.0663389336335224
17.7298611111111,0.13492504512639
17.73125,0.238293761036251
17.7326388888889,0.19431744566761
17.7340277777778,0.169409019945725
17.7354166666667,0.178997947554487
17.7368055555556,0.161307897361228
17.7381944444444,0.126457048426114
17.7395833333333,0.145744272497935
17.7409722222222,0.120476548719994
17.7423611111111,0.140583572902579
17.74375,0.0991912017802695
17.7451388888889,0.0919004480643124
17.7465277777778,0.106098486960813
17.7479166666667,0.0735420510128831
17.7493055555556,0.136666938122416
17.7506944444444,0.112355836271181
17.7520833333333,0.0924049590518095
17.7534722222222,0.12555296809265
17.7548611111111,0.117875109381982
17.75625,0.171434268810759
17.7576388888889,0.101558995180406
17.7590277777778,0.0670814512231663
17.7604166666667,0.0694516205782011
17.7618055555556,0.0889206853091199
17.7631944444444,0.128804628280041
17.7645833333333,0.170684080648865
17.7659722222222,0.133578350704104
17.7673611111111,0.141635359411303
17.76875,0.0875246534685241
17.7701388888889,0.0480884501841002
17.7715277777778,0.112501909954923
17.7729166666667,0.125284163941261
17.7743055555556,0.0972877691742898
17.7756944444444,0.100052236370093
17.7770833333333,0.0889498294221331
17.7784722222222,0.0811869154370179
17.7798611111111,0.0901711763235297
17.78125,0.101535129665431
17.7826388888889,0.0739239874980452
17.7840277777778,0.0643924475630896
17.7854166666667,0.0331099170074352
17.7868055555556,-0.0114844416368663
17.7881944444444,0.0271581015299019
17.7895833333333,0.0597967901421737
17.7909722222222,0.095702590091014
17.7923611111111,0.0572514436039814
17.79375,0.0788598872388651
17.7951388888889,0.0120774904801096
17.7965277777778,0.0508828204241121
17.7979166666667,0.0480279944233887
17.7993055555556,-0.00291265789437298
17.8006944444444,0.0490688662994853
17.8020833333333,0.0832822093724559
17.8034722222222,0.0988138370569985
17.8048611111111,0.0552746945029655
17.80625,0.0365599301404736
17.8076388888889,0.0835101839073987
17.8090277777778,0.0475227722476738
17.8104166666667,0.0247828032161412
17.8118055555556,0.0361421743247957
17.8131944444444,0.11284395107392
17.8145833333333,0.158547399788485
17.8159722222222,0.15326995815753
17.8173611111111,0.161419255482287
17.81875,0.131808794467284
17.8201388888889,0.122756767480697
17.8215277777778,0.120345664276136
17.8229166666667,0.17290796635623
17.8243055555556,0.154660220284063
17.8256944444444,0.169544268270602
17.8270833333333,0.176609267847037
17.8284722222222,0.119828763606978
17.8298611111111,0.108263480313058
17.83125,0.165021693125723
17.8326388888889,0.183740386962727
17.8340277777778,0.172389173791296
17.8354166666667,0.13598349742423
17.8368055555556,0.147222079699763
17.8381944444444,0.153219472842902
17.8395833333333,0.0970543593780958
17.8409722222222,0.119351722783714
17.8423611111111,0.123989695665807
17.84375,0.12424142640799
17.8451388888889,0.167038564942129
17.8465277777778,0.157312468176537
17.8479166666667,0.0967819005624874
17.8493055555556,0.146033364732888
17.8506944444444,0.0507545954218274
17.8520833333333,0.0644091491556136
17.8534722222222,0.13793721156412
17.8548611111111,0.0742783280261732
17.85625,0.0623560269219098
17.8576388888889,-0.00906575936236955
17.8590277777778,0.0741428676933365
17.8604166666667,0.111509664624547
17.8618055555556,0.101775496638787
17.8631944444444,0.124866378554917
17.8645833333333,0.0918396057730665
17.8659722222222,0.161950316017973
17.8673611111111,0.066916444941448
17.86875,0.084464699915251
17.8701388888889,0.123202890598843
17.8715277777778,0.109124292769522
17.8729166666667,0.0419919773141674
17.8743055555556,0.135247700516941
17.8756944444444,0.0782949389459194
17.8770833333333,0.0602427173437084
17.8784722222222,0.0479067948222391
17.8798611111111,0.00130761700618344
17.88125,0.0429250185535422
17.8826388888889,0.0315586551087956
17.8840277777778,0.0187878767823946
17.8854166666667,0.118571988432741
17.8868055555556,0.105760907785077
17.8881944444444,0.0874367743374133
17.8895833333333,0.102112805004605
17.8909722222222,0.0752580845798842
17.8923611111111,0.133363338860468
17.89375,0.137411580645234
17.8951388888889,0.0720353187585073
17.8965277777778,0.0963369600574619
17.8979166666667,0.0801710676734383
17.8993055555556,0.0646274413923166
17.9006944444444,0.0496439807239208
17.9020833333333,0.0061109567493625
17.9034722222222,0.00727806208101796
17.9048611111111,0.00444062729123663
17.90625,0.0344243624167639
17.9076388888889,0.0739174155656441
17.9090277777778,0.0769866554735792
17.9104166666667,0.0571887278749088
17.9118055555556,0.0513577110023706
17.9131944444444,0.0206679586192145
17.9145833333333,0.0344863625955783
17.9159722222222,-0.032420268477477
17.9173611111111,0.0113595040008388
17.91875,0.117989042576946
17.9201388888889,0.0621218553686391
17.9215277777778,0.0320709084087593
17.9229166666667,0.0477793925557928
17.9243055555556,0.0587029299127914
17.9256944444444,0.0665031758575223
17.9270833333333,0.0421676164993815
17.9284722222222,0.0467153087322362
17.9298611111111,0.0860640641422413
17.93125,0.0479665822364565
17.9326388888889,0.054529867423366
17.9340277777778,-0.0215510279016756
17.9354166666667,-0.0341173056053021
17.9368055555556,-0.0195546344348319
17.9381944444444,0.0111980443911754
17.9395833333333,0.0122557383998369
17.9409722222222,-0.0714455364104087
17.9423611111111,-0.0704880854185168
17.94375,-0.095109874594025
17.9451388888889,-0.0708571670554857
17.9465277777778,-0.0312279444516516
17.9479166666667,-0.126022372894711
17.9493055555556,-0.0670720962307297
17.9506944444444,-0.0804517980811663
17.9520833333333,-0.0474379655991452
17.9534722222222,-0.017183104350759
17.9548611111111,-0.0691085951409326
17.95625,-0.0369953542934679
17.9576388888889,-0.00821741478553064
17.9590277777778,-0.065662170012918
17.9604166666667,-0.0528484609658188
17.9618055555556,0.0250111871141632
17.9631944444444,0.0614519553488223
17.9645833333333,-0.0215711898380755
17.9659722222222,-0.0587263704495156
17.9673611111111,0.0416701100341364
17.96875,0.0828159771534627
17.9701388888889,0.0811318430202568
17.9715277777778,-0.0224563605549674
17.9729166666667,-0.00149148372118144
17.9743055555556,0.0433781578381399
17.9756944444444,0.00982234871868607
17.9770833333333,0.0283081750059204
17.9784722222222,-0.0221499476762359
17.9798611111111,-0.038115223530344
17.98125,-0.00139529315790206
17.9826388888889,-0.0588134064369693
17.9840277777778,0.00960731041309687
17.9854166666667,0.0872784595572155
17.9868055555556,0.060661162474754
17.9881944444444,-0.0242382597489833
17.9895833333333,0.0418926351847152
17.9909722222222,0.0494094038758894
17.9923611111111,0.0276734680730658
17.99375,0.102135996537006
17.9951388888889,0.0658856728101868
17.9965277777778,0.0459582097276303
17.9979166666667,0.0594399139058938
17.9993055555556,0.0282661524652918
18.0006944444444,0.0570128179283331
18.0020833333333,0.0805252447837111
18.0034722222222,0.0528654819082523
18.0048611111111,0.0664173597891397
18.00625,0.0283054407449257
18.0076388888889,0.0856217314131199
18.0090277777778,0.144474294651015
18.0104166666667,0.0853653153208729
18.0118055555556,0.057600155086176
18.0131944444444,0.11295420047086
18.0145833333333,0.122478232411638
18.0159722222222,0.149582177392758
18.0173611111111,0.123065641512763
18.01875,0.0391277619637271
18.0201388888889,0.0428603149928504
18.0215277777778,0.0477395311005302
18.0229166666667,0.0404194585572496
18.0243055555556,0.0712276292473942
18.0256944444444,0.059505222120047
18.0270833333333,0.0678045285508701
18.0284722222222,-0.0279921554193412
18.0298611111111,-0.0262186068180202
18.03125,-0.0425396304353258
18.0326388888889,-0.0393734180756853
18.0340277777778,-0.0311535995788186
18.0354166666667,0.016191567972118
18.0368055555556,0.00614350774405403
18.0381944444444,0.0441027448654213
18.0395833333333,0.0247775289379359
18.0409722222222,0.0273013951765933
18.0423611111111,0.0508248326752948
18.04375,0.0199203319569005
18.0451388888889,0.0835790624079288
18.0465277777778,0.0881617719827498
18.0479166666667,0.135390798316787
18.0493055555556,0.0829460520345997
18.0506944444444,0.00208925171957272
18.0520833333333,-0.0227081301620489
18.0534722222222,0.0488179255265221
18.0548611111111,0.107316909918535
18.05625,0.05455671691191
18.0576388888889,0.0363529219723797
18.0590277777778,0.00343176789856597
18.0604166666667,0.0407366835533759
18.0618055555556,0.076834412072533
18.0631944444444,0.041638733509701
18.0645833333333,0.091250703390854
18.0659722222222,0.0117032141465691
18.0673611111111,0.00851366852709658
18.06875,0.0261967717678943
18.0701388888889,0.0357938522908014
18.0715277777778,0.0103951142259116
18.0729166666667,0.0332459916777382
18.0743055555556,0.0642324949755644
18.0756944444444,0.0445702434028496
18.0770833333333,0.0257963979976833
18.0784722222222,-0.0260789319405926
18.0798611111111,0.0434158814604156
18.08125,0.0570187520514837
18.0826388888889,0.0112718161516038
18.0840277777778,-0.0317885073143176
18.0854166666667,0.0257204359226216
18.0868055555556,-0.00205465472613654
18.0881944444444,-0.0253448310046468
18.0895833333333,0.0377108843544795
18.0909722222222,0.0188951560851139
18.0923611111111,-0.0429479391513458
18.09375,0.00482131601768964
18.0951388888889,0.0524596354450325
18.0965277777778,0.0113184342463501
18.0979166666667,0.0601908783050541
18.0993055555556,0.0779898331987947
18.1006944444444,0.0692860019360637
18.1020833333333,0.130539295891644
18.1034722222222,0.106465058114329
18.1048611111111,0.122487969624427
18.10625,0.0896243209822129
18.1076388888889,0.158369342286772
18.1090277777778,0.166491486069984
18.1104166666667,0.133619297029026
18.1118055555556,0.164145155753573
18.1131944444444,0.0555666234073609
18.1145833333333,0.0188213055434161
18.1159722222222,0.0516789412548206
18.1173611111111,-0.00104718544111312
18.11875,-0.00304720896728008
18.1201388888889,-0.0547268146674075
18.1215277777778,0.0169647311842142
18.1229166666667,0.0434319628839667
18.1243055555556,-0.00215015623039589
18.1256944444444,0.0139906704008361
18.1270833333333,-0.0150548338864513
18.1284722222222,-0.0354195475298794
18.1298611111111,0.0285603985733855
18.13125,0.000883322492812894
18.1326388888889,-0.0403498448173482
18.1340277777778,-0.0630176160943194
18.1354166666667,0.0216524775813477
18.1368055555556,0.0822217644087042
18.1381944444444,0.140326855086605
18.1395833333333,0.110522200609967
18.1409722222222,0.102999278317883
18.1423611111111,0.089508750614921
18.14375,0.0885039609388284
18.1451388888889,0.114900842794225
18.1465277777778,0.111603994386105
18.1479166666667,0.0470547040839262
18.1493055555556,0.050445788823425
18.1506944444444,0.0152475694938995
18.1520833333333,0.0244575369414063
18.1534722222222,0.0120570049913247
18.1548611111111,0.00929939014872624
18.15625,0.0419767294357573
18.1576388888889,0.102674350443342
18.1590277777778,0.0522642248766367
18.1604166666667,0.0974902479764385
18.1618055555556,0.0663183576969841
18.1631944444444,0.0614965965424365
18.1645833333333,0.0183853233031732
18.1659722222222,0.000211848812498409
18.1673611111111,0.0244914177609365
18.16875,-0.0041945758104788
18.1701388888889,0.0369094496049012
18.1715277777778,0.024644737931225
18.1729166666667,-0.000545832700610106
18.1743055555556,0.0218932264367666
18.1756944444444,0.0413509755041679
18.1770833333333,0.0529772748727984
18.1784722222222,0.0549202136854538
18.1798611111111,0.0549961163879494
18.18125,0.0532279359351839
18.1826388888889,0.0785579745021024
18.1840277777778,0.0255318816729584
18.1854166666667,0.0485102544612336
18.1868055555556,0.0585201350749812
18.1881944444444,0.0610501699676663
18.1895833333333,0.0463798010144865
18.1909722222222,0.0470862358004526
18.1923611111111,0.0252632482844806
18.19375,0.05371075340816
18.1951388888889,0.0435039127144115
18.1965277777778,0.010659931799893
18.1979166666667,0.022405504382479
18.1993055555556,0.0656844309086776
18.2006944444444,0.00686192919378448
18.2020833333333,0.0234383399761505
18.2034722222222,0.0545063519863543
18.2048611111111,0.0191215284125619
18.20625,0.0485665099967052
18.2076388888889,0.0264311929698514
18.2090277777778,0.0548330891887917
18.2104166666667,0.116047419603771
18.2118055555556,0.041557477098859
18.2131944444444,0.0246786600760543
18.2145833333333,0.0297409171910134
18.2159722222222,0.0294458586515616
18.2173611111111,0.0477407325776354
18.21875,-0.00484020593027207
18.2201388888889,-0.0457434128842479
18.2215277777778,0.00160906024082606
18.2229166666667,0.0134349419179012
18.2243055555556,0.0590290120883546
18.2256944444444,0.0176802098489908
18.2270833333333,-0.000731930735612434
18.2284722222222,0.0329341958271279
18.2298611111111,0.0360726233444095
18.23125,0.0330217581355462
18.2326388888889,0.0561873777703254
18.2340277777778,0.0407439868239802
18.2354166666667,0.00274628638543275
18.2368055555556,0.0520328484935412
18.2381944444444,0.0465583407001602
18.2395833333333,0.0029989004279441
18.2409722222222,0.0630647740836783
18.2423611111111,0.020360408577401
18.24375,0.0282000408178233
18.2451388888889,0.120327949297927
18.2465277777778,0.154815494097095
18.2479166666667,0.140808423754055
18.2493055555556,0.0814427718104441
18.2506944444444,0.133233172810383
18.2520833333333,0.155466919005842
18.2534722222222,0.0773227438006263
18.2548611111111,0.0570732447188928
18.25625,0.145211514661541
18.2576388888889,0.120998273331772
18.2590277777778,0.105598009492326
18.2604166666667,0.0908954905928084
18.2618055555556,0.0958496609577133
18.2631944444444,0.0792879824924435
18.2645833333333,0.0656737927468548
18.2659722222222,0.0780688193016108
18.2673611111111,0.105985051996453
18.26875,0.108886536691555
18.2701388888889,0.0544597868661758
18.2715277777778,0.0777937852615982
18.2729166666667,0.0800487038062209
18.2743055555556,0.0157823902763377
18.2756944444444,-0.000914157757099039
18.2770833333333,0.00373436466401648
18.2784722222222,-0.00784734006658401
18.2798611111111,0.0129601023700964
18.28125,0.00661915373332817
18.2826388888889,-0.0656867110695497
18.2840277777778,-0.0409100164017269
18.2854166666667,-0.0647971062307895
18.2868055555556,-0.0701471570177715
18.2881944444444,-0.0155899827492159
18.2895833333333,-0.0197360604488393
18.2909722222222,-0.0166169478840355
18.2923611111111,-0.0248941064868577
18.29375,-0.0245658309727348
18.2951388888889,-0.10074459585684
18.2965277777778,-0.125877881568063
18.2979166666667,-0.0552535873647807
18.2993055555556,0.0259585777502465
18.3006944444444,0.00524339056365465
18.3020833333333,0.0400321141656242
18.3034722222222,-0.0178929547308271
18.3048611111111,-0.0921118809362771
18.30625,-0.09469336907609
18.3076388888889,-0.135336833841021
18.3090277777778,-0.107026399333709
18.3104166666667,-0.0461382041862995
18.3118055555556,-0.062263960286314
18.3131944444444,0.0262221978365099
18.3145833333333,0.0315122791428519
18.3159722222222,0.0674320011800003
18.3173611111111,0.0317087249272962
18.31875,-0.0237798137396788
18.3201388888889,-0.0144837788779092
18.3215277777778,-0.0271917083039402
18.3229166666667,-0.0486624623225107
18.3243055555556,-0.0471051362472801
18.3256944444444,-0.00855520891291751
18.3270833333333,-0.0457516670314174
18.3284722222222,-0.0424706387538192
18.3298611111111,-0.105574973542439
18.33125,-0.100566823974603
18.3326388888889,-0.0463114104280112
18.3340277777778,-0.0797588976242959
18.3354166666667,-0.00979977518547538
18.3368055555556,-0.0236757757739088
18.3381944444444,-0.0522183476879774
18.3395833333333,-0.0314863343382624
18.3409722222222,-0.0845896112501869
18.3423611111111,-0.0663121398727531
18.34375,-0.0707476186883497
18.3451388888889,-0.0640415276884291
18.3465277777778,-0.0570304943342855
18.3479166666667,-0.0584033353369636
18.3493055555556,-0.0915849247547889
18.3506944444444,-0.10997445978335
18.3520833333333,-0.0961733456543569
18.3534722222222,-0.0722281955113845
18.3548611111111,-0.0745583223906336
18.35625,-0.0783847990113363
18.3576388888889,-0.124328139503954
18.3590277777778,-0.0243155813248769
18.3604166666667,-0.0556778803267058
18.3618055555556,-0.0519823129258472
18.3631944444444,-0.0428596513586365
18.3645833333333,-0.0542633480339231
18.3659722222222,0.00438965632940375
18.3673611111111,-0.0135286857799193
18.36875,-0.0312383254114983
18.3701388888889,0.0379097888788984
18.3715277777778,0.0555914309131616
18.3729166666667,0.0434001213520245
18.3743055555556,0.024027024525308
18.3756944444444,0.0157114279834322
18.3770833333333,0.0217806106133356
18.3784722222222,0.0166728871052174
18.3798611111111,0.0215606985419582
18.38125,0.00672130935330016
18.3826388888889,-0.00921603370433192
18.3840277777778,0.0215618634949716
18.3854166666667,0.0279093511443621
18.3868055555556,0.0364195466995643
18.3881944444444,-0.0452094181619981
18.3895833333333,-0.00816305104534155
18.3909722222222,0.0402455969491821
18.3923611111111,0.0221921354476379
18.39375,-0.00255680518361697
18.3951388888889,-0.0157478511455608
18.3965277777778,0.0199954099583412
18.3979166666667,-0.008930573955096
18.3993055555556,0.0402399480963605
18.4006944444444,0.0269751484020673
18.4020833333333,-0.0385353106611292
18.4034722222222,-0.0303716714519396
18.4048611111111,-0.00616372336842286
18.40625,-0.0249556974950121
18.4076388888889,-0.00120718875145172
18.4090277777778,0.0075344121531553
18.4104166666667,-0.0276699027058975
18.4118055555556,-0.00183401841175322
18.4131944444444,-0.0535984782607149
18.4145833333333,-0.0633608537784888
18.4159722222222,-0.0642592976206893
18.4173611111111,-0.0163963508209697
18.41875,0.0408078377831045
18.4201388888889,0.0211633787185636
18.4215277777778,0.0457707716668176
18.4229166666667,0.00894151754745687
18.4243055555556,-0.0111602614961721
18.4256944444444,-0.00907787175434615
18.4270833333333,-0.0594277856864392
18.4284722222222,-0.0462872730567464
18.4298611111111,0.0481540509868883
18.43125,-0.00848205003531669
18.4326388888889,-0.0765096699917323
18.4340277777778,-0.0937326744779749
18.4354166666667,-0.0267076588851492
18.4368055555556,-0.0262921861250143
18.4381944444444,-0.0228979833116986
18.4395833333333,-0.0139339057239932
18.4409722222222,0.0329225075712528
18.4423611111111,0.0644565990050291
18.44375,0.0592152797867753
18.4451388888889,-0.0074863301739932
18.4465277777778,0.0251207014719568
18.4479166666667,0.00866021982195014
18.4493055555556,0.0597721390453413
18.4506944444444,0.0332351656562111
18.4520833333333,0.0566480670578345
18.4534722222222,0.0231841342510984
18.4548611111111,0.0233809707025657
18.45625,0.0426426287849071
18.4576388888889,0.0415735300324229
18.4590277777778,0.0022848053772331
18.4604166666667,-0.023877494218884
18.4618055555556,-0.0668156286407522
18.4631944444444,-0.0205081579051631
18.4645833333333,0.017571135543137
18.4659722222222,0.0177348327534444
18.4673611111111,-0.0234356673908592
18.46875,0.00113860410261571
18.4701388888889,-0.0214183087231823
18.4715277777778,0.0463950359310488
18.4729166666667,0.0399523159543573
18.4743055555556,0.0662861464362114
18.4756944444444,0.058414992401122
18.4770833333333,0.0783611558356969
18.4784722222222,0.00364321568449267
18.4798611111111,0.0518464434616139
18.48125,0.00973924770105457
18.4826388888889,0.0172904972673091
18.4840277777778,-0.0640456326256459
18.4854166666667,-0.0698440015804747
18.4868055555556,-0.0544790060572784
18.4881944444444,-0.0459182960964291
18.4895833333333,-0.0466399009136601
18.4909722222222,-0.0137211943768088
18.4923611111111,-0.0231789806156552
18.49375,-0.0233591464237474
18.4951388888889,-0.0230656858347352
18.4965277777778,0.00385855948869187
18.4979166666667,0.0110845553345255
18.4993055555556,0.0131782992190821
18.5006944444444,0.0207344774414038
18.5020833333333,0.0186728255679738
18.5034722222222,0.00918431885414177
18.5048611111111,-0.0273187886337833
18.50625,-0.0655263627091544
18.5076388888889,0.0115674547697731
18.5090277777778,-0.0363581427425913
18.5104166666667,-0.0459061483827803
18.5118055555556,-0.0714438604448199
18.5131944444444,-0.0266745504992641
18.5145833333333,-0.025721207807437
18.5159722222222,-0.0271460508480966
18.5173611111111,-0.0416171487997148
18.51875,-0.0064569770644771
18.5201388888889,-0.0301671570984782
18.5215277777778,0.00531677232745134
18.5229166666667,-0.0183643790385332
18.5243055555556,-0.0565300224912291
18.5256944444444,-0.0407495264318922
18.5270833333333,-0.0199528170609943
18.5284722222222,0.0188120789417606
18.5298611111111,0.029202727171369
18.53125,0.0503842967578753
18.5326388888889,0.0678525110773386
18.5340277777778,0.0598183716729201
18.5354166666667,-0.0330127496202603
18.5368055555556,-0.013861927582535
18.5381944444444,-0.0287640144132128
18.5395833333333,-0.0481419197858978
18.5409722222222,-0.0103676403210489
18.5423611111111,-0.000158167794682269
18.54375,-0.0330896175461041
18.5451388888889,-0.0205583819836596
18.5465277777778,-0.017839428400736
18.5479166666667,-0.0124640565605899
18.5493055555556,-0.076457326322083
18.5506944444444,-0.0712854474194129
18.5520833333333,-0.0713938701888465
18.5534722222222,-0.0228497720598292
18.5548611111111,-0.0403922479931648
18.55625,-0.0295155325035839
18.5576388888889,-0.051302324387851
18.5590277777778,-0.0896028235136871
18.5604166666667,-0.0751093313210214
18.5618055555556,-0.0585717432266234
18.5631944444444,-0.0420358572049101
18.5645833333333,-0.0550987673020139
18.5659722222222,-0.036848494344505
18.5673611111111,-0.0415096320983569
18.56875,-0.0211158449616121
18.5701388888889,-0.0468771651313091
18.5715277777778,-0.033284031394561
18.5729166666667,-0.0622286862747705
18.5743055555556,-0.0900493387576714
18.5756944444444,-0.0627500389944083
18.5770833333333,-0.0394720318444398
18.5784722222222,-0.0816108206019377
18.5798611111111,-0.101989391194939
18.58125,0.00247210917772547
18.5826388888889,-0.0278797986791599
18.5840277777778,-0.0501578709182312
18.5854166666667,0.00469333650892133
18.5868055555556,-0.022673281598817
18.5881944444444,-0.0123947643494604
18.5895833333333,-0.0704518764856989
18.5909722222222,-0.0148433500908208
18.5923611111111,-0.0232287746149501
18.59375,-0.0114583633627669
18.5951388888889,-0.0177126685636836
18.5965277777778,0.0364111772630547
18.5979166666667,0.00376135726622145
18.5993055555556,-0.0134670285644625
18.6006944444444,-0.0315320292506439
18.6020833333333,-0.0327763372334629
18.6034722222222,-0.0509595213960056
18.6048611111111,-0.0716514961088264
18.60625,-0.0698073518300939
18.6076388888889,-0.0473597597548642
18.6090277777778,0.0192475574541512
18.6104166666667,-0.00524305063300875
18.6118055555556,0.0168104601131058
18.6131944444444,0.0525257014456199
18.6145833333333,0.0315289122015048
18.6159722222222,-0.000862223533609165
18.6173611111111,0.00183457427091786
18.61875,0.0061543926312392
18.6201388888889,0.0135462096735265
18.6215277777778,-0.0375495131396139
18.6229166666667,0.0313123965278248
18.6243055555556,0.0712349974896465
18.6256944444444,-0.0409558643018954
18.6270833333333,-0.0433439751936942
18.6284722222222,0.00470531713588436
18.6298611111111,0.0599221578059555
18.63125,0.0295782881861226
18.6326388888889,0.0121045746411741
18.6340277777778,-0.0668249416467629
18.6354166666667,-0.0586533358585231
18.6368055555556,-0.0535578984790619
18.6381944444444,0.0113840251222746
18.6395833333333,0.0461863550304639
18.6409722222222,0.0587545879874918
18.6423611111111,0.0632960665650436
18.64375,0.0405064263375435
18.6451388888889,0.10118834648336
18.6465277777778,0.0826795341577119
18.6479166666667,0.0747291918665151
18.6493055555556,0.100426118049896
18.6506944444444,0.112656771046413
18.6520833333333,0.153971617997682
18.6534722222222,0.149426393895894
18.6548611111111,0.119056322835258
18.65625,0.109563369182872
18.6576388888889,0.105723329418761
18.6590277777778,0.0626907321738494
18.6604166666667,0.0826220024941172
18.6618055555556,0.0339048306191996
18.6631944444444,0.0319632924046093
18.6645833333333,0.0838791876928861
18.6659722222222,0.141128159695034
18.6673611111111,0.123120270214194
18.66875,0.0985217605808335
18.6701388888889,0.0861056804917476
18.6715277777778,0.0600606672266318
18.6729166666667,0.109487734257095
18.6743055555556,0.0288391868927956
18.6756944444444,-0.0217279117811146
18.6770833333333,-0.00196764257972956
18.6784722222222,-0.0172912752537272
18.6798611111111,-0.0165920310615202
18.68125,-0.0168718924214431
18.6826388888889,-0.0596092640365106
18.6840277777778,-0.00935957850841634
18.6854166666667,-0.0443357483657676
18.6868055555556,-0.0272838059694056
18.6881944444444,-0.0423450804184695
18.6895833333333,-0.0278602010203304
18.6909722222222,-0.00111485343618705
18.6923611111111,0.023965381817874
18.69375,0.0364773252596935
18.6951388888889,-0.0202491746053563
18.6965277777778,0.0526675290849532
18.6979166666667,0.072218194696531
18.6993055555556,0.00762771292254462
18.7006944444444,0.0441539841410049
18.7020833333333,-0.00660218992167469
18.7034722222222,-0.0173274247633577
18.7048611111111,-0.0311176727292429
18.70625,-0.0294580066021448
18.7076388888889,0.0255788954532575
18.7090277777778,-0.0357064167604453
18.7104166666667,-0.0992404653450244
18.7118055555556,-0.0368462222390456
18.7131944444444,-0.0158427215497999
18.7145833333333,-0.0139784460127486
18.7159722222222,0.000952149573690288
18.7173611111111,0.0689050871458162
18.71875,0.0276909250150948
18.7201388888889,-0.00934530490301699
18.7215277777778,-0.0221590617821259
18.7229166666667,-0.0291600609376089
18.7243055555556,0.0141895384791544
18.7256944444444,0.0177042384500233
18.7270833333333,-0.00796570812503374
18.7284722222222,0.0040347120586405
18.7298611111111,0.00997413957157191
18.73125,0.0838003906662765
18.7326388888889,0.0313112922240695
18.7340277777778,0.0196410585546611
18.7354166666667,0.021562887362
18.7368055555556,0.00369033378406797
18.7381944444444,-0.0342205328127875
18.7395833333333,-0.00694875148307258
18.7409722222222,0.00484423201068923
18.7423611111111,-0.0425481664632715
18.74375,-0.0267622521932839
18.7451388888889,0.00918035564050426
18.7465277777778,0.0166104478236475
18.7479166666667,0.040077796533889
18.7493055555556,-0.0117931973458283
18.7506944444444,-0.0122350875775984
18.7520833333333,-0.0674260136054488
18.7534722222222,-0.0376176304426111
18.7548611111111,-0.00750537347518314
18.75625,0.00576106507999812
18.7576388888889,-0.0443950648524874
18.7590277777778,-0.0111437369409808
18.7604166666667,-0.00833684939322284
18.7618055555556,0.0145293511252909
18.7631944444444,0.0383703347490673
18.7645833333333,0.0101917350975254
18.7659722222222,-0.0313307843974158
18.7673611111111,0.0221289357618816
18.76875,0.00620908121936535
18.7701388888889,-0.0156101113273102
18.7715277777778,-0.0119162127716992
18.7729166666667,-0.0215648610230278
18.7743055555556,-0.0649005247990305
18.7756944444444,-0.0375386375773993
18.7770833333333,-0.0305444536783919
18.7784722222222,-0.0206083002827763
18.7798611111111,-0.0421793745863308
18.78125,-0.0197479714779149
18.7826388888889,-0.0283517163066822
18.7840277777778,-0.0680635838904105
18.7854166666667,-0.100741223173367
18.7868055555556,-0.0603971648545499
18.7881944444444,-0.0243651763646795
18.7895833333333,0.00403269875385472
18.7909722222222,-0.0366190089144972
18.7923611111111,-0.0494646942767726
18.79375,-0.0321734748210352
18.7951388888889,-0.0272000260780939
18.7965277777778,-0.00100902632707978
18.7979166666667,-0.0840167534641436
18.7993055555556,-0.108276910916102
18.8006944444444,-0.0726513900269794
18.8020833333333,-0.0862326864652951
18.8034722222222,-0.081838741503325
18.8048611111111,-0.0901185256591983
18.80625,-0.0717410145179009
18.8076388888889,-0.0650239373128895
18.8090277777778,-0.0530828013109178
18.8104166666667,-0.0681022585385963
18.8118055555556,-0.0613700016178049
18.8131944444444,-0.0896808894480716
18.8145833333333,-0.109103687305855
18.8159722222222,-0.0930022327416752
18.8173611111111,-0.0729036254802598
18.81875,-0.0662976463144741
18.8201388888889,-0.0499061070158547
18.8215277777778,-0.0487279034788106
18.8229166666667,-0.0250880212515702
18.8243055555556,-0.0228160744587104
18.8256944444444,-0.0567763113052449
18.8270833333333,-0.0623216741266319
18.8284722222222,-0.0992893642643687
18.8298611111111,-0.112722966066043
18.83125,-0.111716026484495
18.8326388888889,-0.060276019771762
18.8340277777778,-0.0312083879198793
18.8354166666667,-0.108288140401951
18.8368055555556,-0.0648331046208502
18.8381944444444,-0.0888186748239651
18.8395833333333,-0.116620702057738
18.8409722222222,-0.100209469356719
18.8423611111111,-0.174536351903923
18.84375,-0.132984028555258
18.8451388888889,-0.104555947969404
18.8465277777778,-0.0897351045199524
18.8479166666667,-0.117667900573356
18.8493055555556,-0.101904957742167
18.8506944444444,-0.0805798712106096
18.8520833333333,-0.0700942250793173
18.8534722222222,-0.0681622908607293
18.8548611111111,-0.0687424424186887
18.85625,-0.137314600990743
18.8576388888889,-0.112324631356598
18.8590277777778,-0.10507613067887
18.8604166666667,-0.135746999025326
18.8618055555556,-0.126593818915119
18.8631944444444,-0.165939944154523
18.8645833333333,-0.163777179355264
18.8659722222222,-0.199176538692936
18.8673611111111,-0.210947486059064
18.86875,-0.153538879016309
18.8701388888889,-0.156068563495094
18.8715277777778,-0.21238544747956
18.8729166666667,-0.218938838247521
18.8743055555556,-0.18438465936964
18.8756944444444,-0.206835702289881
18.8770833333333,-0.213505317110561
18.8784722222222,-0.16089343055716
18.8798611111111,-0.128462562727039
18.88125,-0.179217834716801
18.8826388888889,-0.10900456633662
18.8840277777778,-0.12075040996
18.8854166666667,-0.164268165516283
18.8868055555556,-0.129030948917547
18.8881944444444,-0.165878429889377
18.8895833333333,-0.174908608429703
18.8909722222222,-0.13297277257894
18.8923611111111,-0.17342737707539
18.89375,-0.193091098726949
18.8951388888889,-0.159885573067684
18.8965277777778,-0.12216023788495
18.8979166666667,-0.161877736783578
18.8993055555556,-0.135228222293489
18.9006944444444,-0.116827500480921
18.9020833333333,-0.131721582639166
18.9034722222222,-0.137510962708849
18.9048611111111,-0.041897430606505
18.90625,-0.0314184250049962
18.9076388888889,-0.0636918336891166
18.9090277777778,-0.0744006245224666
18.9104166666667,-0.0863668586158875
18.9118055555556,-0.073151505304502
18.9131944444444,-0.0989048848516449
18.9145833333333,-0.0849407140252189
18.9159722222222,-0.119359653909057
18.9173611111111,-0.0986369947167266
18.91875,-0.0651033564822829
18.9201388888889,-0.0494801095503918
18.9215277777778,-0.0542433173403566
18.9229166666667,-0.151508740696395
18.9243055555556,-0.169865154019944
18.9256944444444,-0.112636175556374
18.9270833333333,-0.169619262369228
18.9284722222222,-0.14440757983828
18.9298611111111,-0.140320962943379
18.93125,-0.162916758987155
18.9326388888889,-0.19227271246788
18.9340277777778,-0.17488189990579
18.9354166666667,-0.121964596639787
18.9368055555556,-0.163200617925009
18.9381944444444,-0.103717905833244
18.9395833333333,-0.110898191039007
18.9409722222222,-0.083252428650853
18.9423611111111,-0.0845926491850736
18.94375,-0.0826870732564827
18.9451388888889,-0.134153859359223
18.9465277777778,-0.175264047789347
18.9479166666667,-0.132625211695675
18.9493055555556,-0.135936271927932
18.9506944444444,-0.138032608950949
18.9520833333333,-0.149387229783224
18.9534722222222,-0.11087664010827
18.9548611111111,-0.133376884356559
18.95625,-0.127454149778012
18.9576388888889,-0.141308882894043
18.9590277777778,-0.129213455017892
18.9604166666667,-0.162515814796879
18.9618055555556,-0.0878166120258288
18.9631944444444,-0.0549707594247924
18.9645833333333,-0.0281152703120829
18.9659722222222,-0.0540141943841529
18.9673611111111,-0.0484351872832694
18.96875,-0.120366534771769
18.9701388888889,-0.0830823659668959
18.9715277777778,-0.122326275585419
18.9729166666667,-0.0917222351237233
18.9743055555556,-0.0988494094307769
18.9756944444444,-0.0767241074630626
18.9770833333333,-0.0420348367657234
18.9784722222222,-0.0346716570583642
18.9798611111111,-0.0215551582017343
18.98125,-0.056294016330146
18.9826388888889,-0.0323148645719556
18.9840277777778,-0.0298154471788037
18.9854166666667,-0.0684240250302625
18.9868055555556,-0.0788480463969597
18.9881944444444,-0.0187657770096633
18.9895833333333,0.0134464416787489
18.9909722222222,0.0346864335160713
18.9923611111111,0.0301879422278224
18.99375,0.0141673549931551
18.9951388888889,-0.0671637939195535
18.9965277777778,-0.0287690434950235
18.9979166666667,0.0126044324046215
18.9993055555556,-0.0637249633473682
19.0006944444444,-0.109720746954736
19.0020833333333,-0.0749909051529936
19.0034722222222,-0.0736118188949511
19.0048611111111,-0.0228332086017331
19.00625,-0.0700873762431516
19.0076388888889,-0.0888357124261433
19.0090277777778,-0.040843790337392
19.0104166666667,-0.11963320053168
19.0118055555556,-0.0906185447232305
19.0131944444444,-0.0635081983158897
19.0145833333333,-0.128911360110834
19.0159722222222,-0.170840355891865
19.0173611111111,-0.108563791305228
19.01875,-0.138318714932393
19.0201388888889,-0.0960475057266606
19.0215277777778,-0.106493932940653
19.0229166666667,-0.134873794465629
19.0243055555556,-0.10992542084081
19.0256944444444,-0.120298598002853
19.0270833333333,-0.13819299208008
19.0284722222222,-0.205824904018707
19.0298611111111,-0.192263513132175
19.03125,-0.120345898142802
19.0326388888889,-0.155274815309236
19.0340277777778,-0.0973599717397787
19.0354166666667,-0.117734927253367
19.0368055555556,-0.143641063523526
19.0381944444444,-0.14269610135923
19.0395833333333,-0.104631438714245
19.0409722222222,-0.112392464673544
19.0423611111111,-0.145160839376247
19.04375,-0.127330738004363
19.0451388888889,-0.152374359140887
19.0465277777778,-0.151034433463008
19.0479166666667,-0.122939395266151
19.0493055555556,-0.111914945238604
19.0506944444444,-0.10154407042343
19.0520833333333,-0.0941006470912515
19.0534722222222,-0.13241489978619
19.0548611111111,-0.0931812245522102
19.05625,-0.0816869777771698
19.0576388888889,-0.105947451249278
19.0590277777778,-0.140518159164303
19.0604166666667,-0.0974038921881423
19.0618055555556,-0.100834015736829
19.0631944444444,-0.0925109024162022
19.0645833333333,-0.129520398237302
19.0659722222222,-0.123146885095568
19.0673611111111,-0.180435209041691
19.06875,-0.162053763083099
19.0701388888889,-0.0327220473061461
19.0715277777778,-0.0412902942186787
19.0729166666667,-0.0742612693298865
19.0743055555556,-0.0703085287591077
19.0756944444444,-0.048182154264045
19.0770833333333,-0.0595999541999012
19.0784722222222,-0.105804517958965
19.0798611111111,-0.0380725268115002
19.08125,-0.138048004655265
19.0826388888889,-0.144243759341837
19.0840277777778,-0.165741198017087
19.0854166666667,-0.143779551342927
19.0868055555556,-0.114676219543954
19.0881944444444,-0.0664354232908553
19.0895833333333,-0.0653122510654053
19.0909722222222,-0.0594130446718396
19.0923611111111,-0.0464025011945048
19.09375,-0.032863558650874
19.0951388888889,-0.0831465145912892
19.0965277777778,-0.131788556589167
19.0979166666667,-0.134564462311678
19.0993055555556,-0.135183035019152
19.1006944444444,-0.0691431760021048
19.1020833333333,-0.138086272603985
19.1034722222222,-0.10302828567117
19.1048611111111,-0.118007749030511
19.10625,-0.113183223077155
19.1076388888889,-0.0701721113730418
19.1090277777778,-0.0824488168912301
19.1104166666667,-0.147733093556837
19.1118055555556,-0.155404741470094
19.1131944444444,-0.145257751230535
19.1145833333333,-0.136512601754409
19.1159722222222,-0.12225299794873
19.1173611111111,-0.183458302748491
19.11875,-0.165403764370485
19.1201388888889,-0.0987639682807406
19.1215277777778,-0.0624858410543372
19.1229166666667,-0.095982407263996
19.1243055555556,-0.141477278988203
19.1256944444444,-0.124560363581424
19.1270833333333,-0.096511946925893
19.1284722222222,-0.110125447486953
19.1298611111111,-0.0981290254974229
19.13125,-0.0880355794085979
19.1326388888889,-0.0923534386081748
19.1340277777778,-0.0503434908753588
19.1354166666667,-0.113368668026309
19.1368055555556,-0.12118914389197
19.1381944444444,-0.0451281503878683
19.1395833333333,-0.0572960194835255
19.1409722222222,-0.053786105580235
19.1423611111111,-0.0578708529439071
19.14375,-0.0513847698119932
19.1451388888889,-0.0208757419788656
19.1465277777778,-0.00589181306019745
19.1479166666667,-0.0567874812243256
19.1493055555556,-0.0235636509618135
19.1506944444444,-0.0285436121763027
19.1520833333333,-0.0913400599716222
19.1534722222222,-0.116711962885817
19.1548611111111,-0.0881072583186751
19.15625,-0.0767136102208822
19.1576388888889,-0.059982721201742
19.1590277777778,-0.109511141818059
19.1604166666667,-0.074547894911492
19.1618055555556,-0.104768096571555
19.1631944444444,-0.0969260236681756
19.1645833333333,-0.0981761513164003
19.1659722222222,-0.119945568516771
19.1673611111111,-0.110663873114637
19.16875,-0.167513045525332
19.1701388888889,-0.148612986382035
19.1715277777778,-0.109760493596686
19.1729166666667,-0.105812037131586
19.1743055555556,-0.0768930985793919
19.1756944444444,-0.0824506049840358
19.1770833333333,-0.0718823344868519
19.1784722222222,-0.0743956510128607
19.1798611111111,-0.100616956067759
19.18125,-0.113959639972068
19.1826388888889,-0.110264774175243
19.1840277777778,-0.113488826457018
19.1854166666667,-0.0954911260136927
19.1868055555556,-0.0879022477973207
19.1881944444444,-0.135361760649172
19.1895833333333,-0.1278897713587
19.1909722222222,-0.114954884609425
19.1923611111111,-0.126085433127471
19.19375,-0.134097841249259
19.1951388888889,-0.104486168149774
19.1965277777778,-0.09179754795009
19.1979166666667,-0.0805037382958097
19.1993055555556,-0.0907281565220014
19.2006944444444,-0.116920178849788
19.2020833333333,-0.144162070065414
19.2034722222222,-0.142025685385723
19.2048611111111,-0.14481963459016
19.20625,-0.172459915314812
19.2076388888889,-0.134129229495418
19.2090277777778,-0.119758953309822
19.2104166666667,-0.113529396885771
19.2118055555556,-0.122852935232766
19.2131944444444,-0.137852634247013
19.2145833333333,-0.137283507222063
19.2159722222222,-0.159030760510516
19.2173611111111,-0.164890637918741
19.21875,-0.182832555026838
19.2201388888889,-0.1555997354552
19.2215277777778,-0.177071734693208
19.2229166666667,-0.189702708254531
19.2243055555556,-0.143684409238655
19.2256944444444,-0.161007176937484
19.2270833333333,-0.15891137197037
19.2284722222222,-0.179740914462915
19.2298611111111,-0.152679693112241
19.23125,-0.131856075152434
19.2326388888889,-0.11194075749016
19.2340277777778,-0.109555357833039
19.2354166666667,-0.12061558355175
19.2368055555556,-0.0986853667244423
19.2381944444444,-0.0768602672287901
19.2395833333333,-0.112701503899711
19.2409722222222,-0.138658594629758
19.2423611111111,-0.062394171706896
19.24375,-0.125989052492834
19.2451388888889,-0.16074714912818
19.2465277777778,-0.131505098337875
19.2479166666667,-0.203901783305058
19.2493055555556,-0.19611625451928
19.2506944444444,-0.183616263073675
19.2520833333333,-0.154034569476831
19.2534722222222,-0.172843201710088
19.2548611111111,-0.14585890432999
19.25625,-0.127435832099097
19.2576388888889,-0.108841466417947
19.2590277777778,-0.0822086198787315
19.2604166666667,-0.107400747856793
19.2618055555556,-0.187582864169675
19.2631944444444,-0.176572297126741
19.2645833333333,-0.152627589319787
19.2659722222222,-0.166881979566466
19.2673611111111,-0.134764704899498
19.26875,-0.10742439919099
19.2701388888889,-0.136954015203506
19.2715277777778,-0.160108765018065
19.2729166666667,-0.132502167148264
19.2743055555556,-0.144545438956786
19.2756944444444,-0.120274466272648
19.2770833333333,-0.156391311729585
19.2784722222222,-0.13045021827817
19.2798611111111,-0.167401631392345
19.28125,-0.157746565612513
19.2826388888889,-0.131370265190031
19.2840277777778,-0.149625604266624
19.2854166666667,-0.1425966455938
19.2868055555556,-0.125444358112846
19.2881944444444,-0.158678869348831
19.2895833333333,-0.135474132118971
19.2909722222222,-0.117697252586013
19.2923611111111,-0.134878492431203
19.29375,-0.163943417553142
19.2951388888889,-0.153946249844342
19.2965277777778,-0.162176685277386
19.2979166666667,-0.162396357698304
19.2993055555556,-0.167398140886213
19.3006944444444,-0.149500973148539
19.3020833333333,-0.134307613965803
19.3034722222222,-0.134487080407833
19.3048611111111,-0.120487910233225
19.30625,-0.158258225013152
19.3076388888889,-0.15717004085624
19.3090277777778,-0.183708090466043
19.3104166666667,-0.18847166465489
19.3118055555556,-0.152191692743367
19.3131944444444,-0.192673906191101
19.3145833333333,-0.172244994756268
19.3159722222222,-0.193565222024112
19.3173611111111,-0.167548919958997
19.31875,-0.16150635922314
19.3201388888889,-0.16317102957423
19.3215277777778,-0.207134119257317
19.3229166666667,-0.189140533845283
19.3243055555556,-0.133000602209751
19.3256944444444,-0.167439623378501
19.3270833333333,-0.165038030712282
19.3284722222222,-0.17836536902189
19.3298611111111,-0.187577457537127
19.33125,-0.136190290516878
19.3326388888889,-0.109873907678359
19.3340277777778,-0.102897417787174
19.3354166666667,-0.0986489177096321
19.3368055555556,-0.116093267722342
19.3381944444444,-0.0846756227122973
19.3395833333333,-0.10714059667633
19.3409722222222,-0.100166626158231
19.3423611111111,-0.138664560934135
19.34375,-0.122211920119624
19.3451388888889,-0.0973960539112907
19.3465277777778,-0.095551541748386
19.3479166666667,-0.147508845294364
19.3493055555556,-0.190357702831874
19.3506944444444,-0.170063492003555
19.3520833333333,-0.136112294529998
19.3534722222222,-0.135757085793931
19.3548611111111,-0.197797611497915
19.35625,-0.177912207570192
19.3576388888889,-0.0689112491988145
19.3590277777778,-0.110477282957083
19.3604166666667,-0.0942433980377663
19.3618055555556,-0.125323279509396
19.3631944444444,-0.13516006463231
19.3645833333333,-0.158623234492943
19.3659722222222,-0.171886755809133
19.3673611111111,-0.168927147469808
19.36875,-0.175722365527385
19.3701388888889,-0.155050329351576
19.3715277777778,-0.177286953563669
19.3729166666667,-0.145487030054143
19.3743055555556,-0.18552534229771
19.3756944444444,-0.209932077781701
19.3770833333333,-0.165384130173638
19.3784722222222,-0.174373479535943
19.3798611111111,-0.173089999526807
19.38125,-0.164583356889273
19.3826388888889,-0.148723622203682
19.3840277777778,-0.115163443952097
19.3854166666667,-0.0793001228733855
19.3868055555556,-0.123100008991679
19.3881944444444,-0.111380041153679
19.3895833333333,-0.0874329407727803
19.3909722222222,-0.0878921703207682
19.3923611111111,-0.0977866243375972
19.39375,-0.123889199015765
19.3951388888889,-0.0822049227167579
19.3965277777778,-0.0814293882128402
19.3979166666667,-0.0548765447204902
19.3993055555556,-0.041874715537048
19.4006944444444,-0.103916245968244
19.4020833333333,-0.0691419422826111
19.4034722222222,-0.121340177379176
19.4048611111111,-0.131139544543164
19.40625,-0.178026374955623
19.4076388888889,-0.151315256828625
19.4090277777778,-0.145524692850329
19.4104166666667,-0.113687369147344
19.4118055555556,-0.157136265077801
19.4131944444444,-0.115432191054597
19.4145833333333,-0.157025423011516
19.4159722222222,-0.148779178778257
19.4173611111111,-0.178509294589853
19.41875,-0.182341869732039
19.4201388888889,-0.189853990504347
19.4215277777778,-0.131402827983661
19.4229166666667,-0.147734621666331
19.4243055555556,-0.147556082228555
19.4256944444444,-0.14216223940241
19.4270833333333,-0.175872772242863
19.4284722222222,-0.134540414462425
19.4298611111111,-0.148988694153137
19.43125,-0.164757434749998
19.4326388888889,-0.126367465664714
19.4340277777778,-0.0842669991042541
19.4354166666667,-0.111805881142468
19.4368055555556,-0.130906303447736
19.4381944444444,-0.14296908079582
19.4395833333333,-0.16700643295018
19.4409722222222,-0.219328967344872
19.4423611111111,-0.210973294291454
19.44375,-0.221760781150824
19.4451388888889,-0.167257414350481
19.4465277777778,-0.175952444804924
19.4479166666667,-0.175324033781765
19.4493055555556,-0.17543808167201
19.4506944444444,-0.14659900828611
19.4520833333333,-0.192044196014002
19.4534722222222,-0.210928742314918
19.4548611111111,-0.214211334449809
19.45625,-0.165183163872089
19.4576388888889,-0.168292426490645
19.4590277777778,-0.155829285629751
19.4604166666667,-0.179124503074583
19.4618055555556,-0.105886588437588
19.4631944444444,-0.189621455859597
19.4645833333333,-0.222825535427637
19.4659722222222,-0.213837105962037
19.4673611111111,-0.207116280718461
19.46875,-0.213061202361434
19.4701388888889,-0.225999916734098
19.4715277777778,-0.185009807799847
19.4729166666667,-0.115601836174737
19.4743055555556,-0.117475896364029
19.4756944444444,-0.124632471303366
19.4770833333333,-0.117831131944852
19.4784722222222,-0.119578263992845
19.4798611111111,-0.131600384291059
19.48125,-0.112854341125367
19.4826388888889,-0.159112449352585
19.4840277777778,-0.118145614317555
19.4854166666667,-0.126251815868226
19.4868055555556,-0.136618187298465
19.4881944444444,-0.15649188424816
19.4895833333333,-0.0961606237113548
19.4909722222222,-0.10978630136875
19.4923611111111,-0.122687089798872
19.49375,-0.0923691068100706
19.4951388888889,-0.12820528707552
19.4965277777778,-0.197149879141973
19.4979166666667,-0.209072927959773
19.4993055555556,-0.193024027124942
19.5006944444444,-0.181869404631623
19.5020833333333,-0.183521590667491
19.5034722222222,-0.143670391583289
19.5048611111111,-0.149784978745615
19.50625,-0.159016179506887
19.5076388888889,-0.178476143263088
19.5090277777778,-0.146878184746687
19.5104166666667,-0.141165339370255
19.5118055555556,-0.183387282345125
19.5131944444444,-0.200423822624104
19.5145833333333,-0.129321009725583
19.5159722222222,-0.0663241684686667
19.5173611111111,-0.135232948352307
19.51875,-0.140956333765884
19.5201388888889,-0.15151032116776
19.5215277777778,-0.138030120391595
19.5229166666667,-0.12598229198975
19.5243055555556,-0.141298615389136
19.5256944444444,-0.153270678215549
19.5270833333333,-0.174518099371911
19.5284722222222,-0.15774458384617
19.5298611111111,-0.108880788798123
19.53125,-0.114812406027795
19.5326388888889,-0.0755338417894134
19.5340277777778,-0.0833720693900335
19.5354166666667,-0.0831851929928494
19.5368055555556,-0.114246080957284
19.5381944444444,-0.109909718504645
19.5395833333333,-0.106934055642537
19.5409722222222,-0.116991602100757
19.5423611111111,-0.0802183503845047
19.54375,-0.0891366403825097
19.5451388888889,-0.091811816747849
19.5465277777778,-0.055396514624206
19.5479166666667,-0.0550822713638082
19.5493055555556,-0.0679076796401637
19.5506944444444,-0.0970655730834537
19.5520833333333,-0.0471032143544975
19.5534722222222,-0.0224767112432703
19.5548611111111,-0.0521042392610293
19.55625,-0.14888635199529
19.5576388888889,-0.164882203315679
19.5590277777778,-0.142665928686718
19.5604166666667,-0.141524673585602
19.5618055555556,-0.119621435078194
19.5631944444444,-0.127328892707989
19.5645833333333,-0.166946066609595
19.5659722222222,-0.125274060435164
19.5673611111111,-0.117363588346328
19.56875,-0.118788806186387
19.5701388888889,-0.157659755262169
19.5715277777778,-0.153945912159439
19.5729166666667,-0.14336410082317
19.5743055555556,-0.16142128216398
19.5756944444444,-0.17915058690434
19.5770833333333,-0.151063319003256
19.5784722222222,-0.165392051110764
19.5798611111111,-0.154715914891881
19.58125,-0.207486031905071
19.5826388888889,-0.218265480127724
19.5840277777778,-0.179461218767535
19.5854166666667,-0.166619945189905
19.5868055555556,-0.17361407825794
19.5881944444444,-0.14528508960792
19.5895833333333,-0.176749847466698
19.5909722222222,-0.140424861128568
19.5923611111111,-0.180221704706197
19.59375,-0.209810798271541
19.5951388888889,-0.185573494500427
19.5965277777778,-0.196518535856616
19.5979166666667,-0.239461298893979
19.5993055555556,-0.250117062492303
19.6006944444444,-0.235163762980508
19.6020833333333,-0.207533843970873
19.6034722222222,-0.227358156411246
19.6048611111111,-0.18192774439248
19.60625,-0.136163998113869
19.6076388888889,-0.168691468265084
19.6090277777778,-0.119340184080829
19.6104166666667,-0.177823334997779
19.6118055555556,-0.228325048706177
19.6131944444444,-0.171289809796087
19.6145833333333,-0.161170890073666
19.6159722222222,-0.148470789218077
19.6173611111111,-0.138514369335263
19.61875,-0.160598193217792
19.6201388888889,-0.261961439037773
19.6215277777778,-0.275904560862012
19.6229166666667,-0.229851149710863
19.6243055555556,-0.198110737204132
19.6256944444444,-0.181559460589103
19.6270833333333,-0.181281564054736
19.6284722222222,-0.172171409990469
19.6298611111111,-0.193110873512439
19.63125,-0.19237883588245
19.6326388888889,-0.184628249245471
19.6340277777778,-0.197286711104526
19.6354166666667,-0.234837258027922
19.6368055555556,-0.252920266652525
19.6381944444444,-0.143259856072963
19.6395833333333,-0.198119716260711
19.6409722222222,-0.175756966904675
19.6423611111111,-0.190352274991547
19.64375,-0.189641994814327
19.6451388888889,-0.215060136914104
19.6465277777778,-0.258132674952076
19.6479166666667,-0.26189348843355
19.6493055555556,-0.236052176372422
19.6506944444444,-0.26321128588746
19.6520833333333,-0.263951446438425
19.6534722222222,-0.252780761566115
19.6548611111111,-0.273812229847016
19.65625,-0.271581645901763
19.6576388888889,-0.266656481213652
19.6590277777778,-0.24207246055748
19.6604166666667,-0.253862299998639
19.6618055555556,-0.222240221427073
19.6631944444444,-0.205562058475731
19.6645833333333,-0.202614890294377
19.6659722222222,-0.155673294769626
19.6673611111111,-0.16652603004912
19.66875,-0.112120259738786
19.6701388888889,-0.120270272339779
19.6715277777778,-0.166555251490223
19.6729166666667,-0.149470919709546
19.6743055555556,-0.119287345697953
19.6756944444444,-0.0927738948141259
19.6770833333333,-0.0876942648563507
19.6784722222222,-0.105352002142123
19.6798611111111,-0.110469884690686
19.68125,-0.0799362741115416
19.6826388888889,-0.0510792144553399
19.6840277777778,-0.0550443520760107
19.6854166666667,-0.0364433426497631
19.6868055555556,-0.0610639058934803
19.6881944444444,-0.0496679373193964
19.6895833333333,-0.0514444299310816
19.6909722222222,-0.0218038669519004
19.6923611111111,-0.0652217423226979
19.69375,-0.0178425283969572
19.6951388888889,-0.0437342336146287
19.6965277777778,-0.033267189338857
19.6979166666667,-0.0576585037325863
19.6993055555556,-0.070585007399852
19.7006944444444,-0.0640084157261961
19.7020833333333,-0.0654142013929497
19.7034722222222,-0.0692985546285173
19.7048611111111,-0.0487965234852207
19.70625,-0.0542349438910121
19.7076388888889,-0.0691828199744823
19.7090277777778,-0.102311119628861
19.7104166666667,-0.0698332056654668
19.7118055555556,-0.0485566304280546
19.7131944444444,-0.0416444065185297
19.7145833333333,0.00157873591066148
19.7159722222222,-0.00433380689217354
19.7173611111111,-0.0353358730414471
19.71875,-0.0589886670532896
19.7201388888889,-0.053554984997152
19.7215277777778,-0.0334653268609477
19.7229166666667,-0.0440886554851011
19.7243055555556,-0.0422019835651363
19.7256944444444,-0.0106299719904893
19.7270833333333,0.00255913777568976
19.7284722222222,-0.0281891364275952
19.7298611111111,-0.0132163908460791
19.73125,-0.00654537865713474
19.7326388888889,-0.0836164694304676
19.7340277777778,-0.0630008959787024
19.7354166666667,-0.0443565059129705
19.7368055555556,-0.0725005571019136
19.7381944444444,-0.0722214229923475
19.7395833333333,-0.0403844050761351
19.7409722222222,-0.0469606945791831
19.7423611111111,-0.0378088464305941
19.74375,-0.0239944141038736
19.7451388888889,-0.0224125391872391
19.7465277777778,-0.0713712017537657
19.7479166666667,-0.0709703103959537
19.7493055555556,-0.0415229522074003
19.7506944444444,-0.0275437762541522
19.7520833333333,-0.0375525866674155
19.7534722222222,-0.00684167569339006
19.7548611111111,-0.000980540381015935
19.75625,-0.0123349646436774
19.7576388888889,-0.025119794472273
19.7590277777778,0.0216090666208198
19.7604166666667,-0.0223449583133281
19.7618055555556,-0.0437222315741247
19.7631944444444,-0.0216437382728119
19.7645833333333,-0.00391457014717413
19.7659722222222,0.0301227727500732
19.7673611111111,0.0096966394846614
19.76875,-0.0112308505732267
19.7701388888889,0.00986422478533292
19.7715277777778,0.0207607716838755
19.7729166666667,0.0389406659713228
19.7743055555556,0.00962286421620164
19.7756944444444,0.0213453742778315
19.7770833333333,-0.0405384637097614
19.7784722222222,-0.0355681098942235
19.7798611111111,-0.037033045250147
19.78125,-0.0572510210753241
19.7826388888889,-0.0658142087911848
19.7840277777778,-0.0219194312585927
19.7854166666667,-0.0293291885122227
19.7868055555556,-0.0686904361951823
19.7881944444444,-0.071477365992097
19.7895833333333,-0.062744666124164
19.7909722222222,-0.0393019175947944
19.7923611111111,-0.0378523302072384
19.79375,-0.032520568391713
19.7951388888889,-0.0255013363840734
19.7965277777778,-0.00441149658154889
19.7979166666667,-0.00750233807312236
19.7993055555556,-0.0276530984319679
19.8006944444444,-0.0243587197388266
19.8020833333333,-0.0158859334915169
19.8034722222222,-0.0510792031777521
19.8048611111111,0.00650978296930049
19.80625,0.0405739079089144
19.8076388888889,0.0296408457858634
19.8090277777778,0.0251986238722181
19.8104166666667,-0.00603659740600942
19.8118055555556,0.0212090961021401
19.8131944444444,0.0186483395505949
19.8145833333333,0.0252090174866954
19.8159722222222,0.0693390008089776
19.8173611111111,0.103254470945806
19.81875,0.0878667407033338
19.8201388888889,0.0391170913310943
19.8215277777778,0.00638614373733918
19.8229166666667,-0.0195260810723305
19.8243055555556,-0.010272074105194
19.8256944444444,0.0208202229107609
19.8270833333333,0.0156653828496722
19.8284722222222,0.00864161044971457
19.8298611111111,0.0376464272240953
19.83125,0.0540508682257459
19.8326388888889,0.0662962425116851
19.8340277777778,0.0494393730986257
19.8354166666667,0.114578788196943
19.8368055555556,0.116908685692822
19.8381944444444,0.0851109270693005
19.8395833333333,0.0512483083590781
19.8409722222222,0.0282433908514119
19.8423611111111,0.0440595430250744
19.84375,0.0189223030400332
19.8451388888889,-0.0126113599269582
19.8465277777778,0.00646531028569701
19.8479166666667,0.000224685011580893
19.8493055555556,-0.0105737730997861
19.8506944444444,0.0402913588594181
19.8520833333333,0.0612927471259247
19.8534722222222,0.0842131640300074
19.8548611111111,0.000241268277684753
19.85625,-0.0160124903210259
19.8576388888889,-0.019738717673596
19.8590277777778,0.0119660428236544
19.8604166666667,0.0254181401533769
19.8618055555556,0.00754812815873669
19.8631944444444,0.0209300363924176
19.8645833333333,0.0346992916815661
19.8659722222222,0.00863475087879591
19.8673611111111,-0.00169437091179846
19.86875,0.0136462958392001
19.8701388888889,-0.0060861591380601
19.8715277777778,-0.0161703406129546
19.8729166666667,-0.0113713963769665
19.8743055555556,0.00257744050499879
19.8756944444444,0.00083920658979958
19.8770833333333,0.0419978788402254
19.8784722222222,0.0530198506300553
19.8798611111111,0.0486498483132952
19.88125,0.0337542184091642
19.8826388888889,0.0205128153355366
19.8840277777778,0.0188577154115474
19.8854166666667,-0.00261321250669112
19.8868055555556,-0.0188736881274381
19.8881944444444,-0.011779788848186
19.8895833333333,0.0353848680419042
19.8909722222222,0.0307656077832526
19.8923611111111,0.0443726505868939
19.89375,0.0616749104771956
19.8951388888889,0.0510355979763975
19.8965277777778,0.060603183250359
19.8979166666667,0.0969862365623831
19.8993055555556,0.0597189824621181
19.9006944444444,0.0589236039151212
19.9020833333333,0.0625466653501115
19.9034722222222,0.0162297882332206
19.9048611111111,0.0414315509534872
19.90625,0.0230200283860087
19.9076388888889,0.0266505782778458
19.9090277777778,0.00516334137140229
19.9104166666667,0.00671454018430273
19.9118055555556,-0.015844693296449
19.9131944444444,-0.0456725268089261
19.9145833333333,-0.0192345217597433
19.9159722222222,0.0228233278146792
19.9173611111111,-0.0126247382948045
19.91875,0.0434668261283044
19.9201388888889,0.0456008605754447
19.9215277777778,0.0128131810066332
19.9229166666667,0.0224130509882303
19.9243055555556,0.0871753064754834
19.9256944444444,0.0828283786087323
19.9270833333333,0.0728890095909336
19.9284722222222,0.0733821399299878
19.9298611111111,0.024003661613243
19.93125,0.0524050127793635
19.9326388888889,0.0949104053720159
19.9340277777778,0.0926479374350371
19.9354166666667,0.0383098582264744
19.9368055555556,0.068704298961342
19.9381944444444,0.0616453912589148
19.9395833333333,-0.0178906260158348
19.9409722222222,-0.0184633264781202
19.9423611111111,0.0188262640764995
19.94375,0.00974095522940401
19.9451388888889,0.0189792705399425
19.9465277777778,0.0254576380485406
19.9479166666667,0.0167396540980025
19.9493055555556,0.011544456649775
19.9506944444444,0.0126629445535589
19.9520833333333,0.0143439953305078
19.9534722222222,-0.0308035676354171
19.9548611111111,-0.0315464684807829
19.95625,-0.0291449933883641
19.9576388888889,0.0239767743161881
19.9590277777778,-0.000935074526267573
19.9604166666667,0.0375993768223212
19.9618055555556,0.0562254621985483
19.9631944444444,0.0257466735725804
19.9645833333333,0.0355440818400928
19.9659722222222,0.0520723552236317
19.9673611111111,0.0614213029028052
19.96875,0.0675990010333311
19.9701388888889,0.0428148421472475
19.9715277777778,0.036281831004078
19.9729166666667,0.0413240622955276
19.9743055555556,0.0195498440578679
19.9756944444444,0.0614365190353513
19.9770833333333,0.0992302231237328
19.9784722222222,0.0597126788605774
19.9798611111111,0.0496630111985851
19.98125,0.0475919128380579
19.9826388888889,0.0623238993260135
19.9840277777778,0.0368340744573855
19.9854166666667,0.0451985479811547
19.9868055555556,0.0537894238602533
19.9881944444444,0.00947561206400765
19.9895833333333,0.000609333727388804
19.9909722222222,0.0252299714383675
19.9923611111111,0.0185644571749208
19.99375,0.0309849518961973
19.9951388888889,0.0368370563007059
19.9965277777778,0.0134379440051905
19.9979166666667,0.0615738291255844
19.9993055555556,0.0553276614398169
20.0006944444444,0.0241199162740989
20.0020833333333,0.0146577859895018
20.0034722222222,0.0059505873969455
20.0048611111111,0.0192445567515901
20.00625,0.0297742915870193
20.0076388888889,0.032563540739361
20.0090277777778,0.000524931334476854
20.0104166666667,0.0114324730923657
20.0118055555556,0.0590116793231515
20.0131944444444,0.0462347027698697
20.0145833333333,0.0345604912159367
20.0159722222222,0.00952004022671068
20.0173611111111,0.0286084600792298
20.01875,0.0531821099559094
20.0201388888889,0.0809310032335499
20.0215277777778,0.0609738899870286
20.0229166666667,0.0104470306584321
20.0243055555556,0.00670781464445711
20.0256944444444,-0.0035220633521881
20.0270833333333,0.0269433105098482
20.0284722222222,0.0381600025624658
20.0298611111111,0.0128104654746648
20.03125,0.029838880457024
20.0326388888889,0.0183436435147004
20.0340277777778,0.0152925239211857
20.0354166666667,0.0167737734860829
20.0368055555556,0.0153576339910516
20.0381944444444,-0.0104986808599707
20.0395833333333,-0.00118311692936767
20.0409722222222,0.00299844109411042
20.0423611111111,-0.0196419508150145
20.04375,-0.0338942117329349
20.0451388888889,-0.00601947168503088
20.0465277777778,0.00469965703176417
20.0479166666667,0.0238644420381311
20.0493055555556,0.0241483982157143
20.0506944444444,-0.0166282349239544
20.0520833333333,-0.0236868091736239
20.0534722222222,-0.0282973171608552
20.0548611111111,-0.0201164548460307
20.05625,-0.0137430721983746
20.0576388888889,-0.00889235280903607
20.0590277777778,-0.00601874127395667
20.0604166666667,-0.0495798185982138
20.0618055555556,-0.0314590476968497
20.0631944444444,-0.0374480475798294
20.0645833333333,-0.0484888834781211
20.0659722222222,-0.0345322127424539
20.0673611111111,-0.0371793250543777
20.06875,-0.0376844538462025
20.0701388888889,-0.0205989824266707
20.0715277777778,-0.0133207021864247
20.0729166666667,-0.0364570949957624
20.0743055555556,-0.0325260585628361
20.0756944444444,-0.0152789442834966
20.0770833333333,-0.0217621299435674
20.0784722222222,0.00631233031104272
20.0798611111111,-0.0253913917459583
20.08125,-0.00338389714973467
20.0826388888889,0.00484952189430014
20.0840277777778,-0.0544241232030663
20.0854166666667,-0.0618854371764585
20.0868055555556,-0.031931006313002
20.0881944444444,-0.0224557548639751
20.0895833333333,-0.0128272836572364
20.0909722222222,-0.031344307501218
20.0923611111111,-0.0587116439714716
20.09375,-0.0481708510015675
20.0951388888889,-0.0795002686249029
20.0965277777778,-0.0686677260159803
20.0979166666667,-0.0435624278020302
20.0993055555556,-0.0319858754900513
20.1006944444444,-0.057592223472217
20.1020833333333,-0.0617549035050378
20.1034722222222,-0.0357005223097427
20.1048611111111,-0.0252127795382374
20.10625,-0.0131074062809254
20.1076388888889,-0.0728435353516068
20.1090277777778,-0.104247038065226
20.1104166666667,-0.103631363157161
20.1118055555556,-0.0751788483160012
20.1131944444444,-0.0539383171134187
20.1145833333333,-0.06848520151256
20.1159722222222,-0.0503074791594646
20.1173611111111,-0.0519008378320807
20.11875,-0.0358938957285285
20.1201388888889,-0.0568749886081752
20.1215277777778,-0.053559092182303
20.1229166666667,-0.0820105748527025
20.1243055555556,-0.100264013983893
20.1256944444444,-0.088630401495868
20.1270833333333,-0.0710490039718262
20.1284722222222,-0.094473510128236
20.1298611111111,-0.0901519572198871
20.13125,-0.0617003950329106
20.1326388888889,-0.0460551841243906
20.1340277777778,-0.044232341647995
20.1354166666667,-0.0330219387543097
20.1368055555556,-0.0579450823299446
20.1381944444444,-0.0198763931126559
20.1395833333333,-0.0217114351138323
20.1409722222222,-0.036009377119097
20.1423611111111,-0.0451946101707444
20.14375,-0.0795445548562412
20.1451388888889,-0.0909035061798663
20.1465277777778,-0.0689421750624283
20.1479166666667,-0.104373720083272
20.1493055555556,-0.0868179343903479
20.1506944444444,-0.0684372406230063
20.1520833333333,-0.031902363179668
20.1534722222222,-0.00610344554635786
20.1548611111111,0.0259198165360289
20.15625,-0.0325058332742155
20.1576388888889,-0.0298197935211392
20.1590277777778,-0.0480580117972265
20.1604166666667,-0.0327072461244238
20.1618055555556,-0.0446376547137808
20.1631944444444,-0.0305893573029561
20.1645833333333,-0.00377713128752115
20.1659722222222,0.0436674420230706
20.1673611111111,0.0510453224007183
20.16875,0.00907850296194719
20.1701388888889,-0.00820124932168666
20.1715277777778,-0.00550406722770747
20.1729166666667,-0.00199876997838315
20.1743055555556,0.0103344579418582
20.1756944444444,0.00540098984231699
20.1770833333333,-0.000160104920790633
20.1784722222222,-0.01077881745629
20.1798611111111,-0.00773724578321722
20.18125,0.00344595760179042
20.1826388888889,0.0146144934123416
20.1840277777778,0.00529694139939159
20.1854166666667,0.00061137217004084
20.1868055555556,-0.0116467513297085
20.1881944444444,-0.0108346717973028
20.1895833333333,-0.0517248579423472
20.1909722222222,-0.00553519871237577
20.1923611111111,0.00896088084302599
20.19375,0.0188113825583695
20.1951388888889,-0.010190356745487
20.1965277777778,-0.0186591233472738
20.1979166666667,0.00347041600946647
20.1993055555556,0.00602656355419858
20.2006944444444,-0.010785157812122
20.2020833333333,-0.0357449413978123
20.2034722222222,-0.0234814966611367
20.2048611111111,-0.032349804766385
20.20625,-0.0103615794413905
20.2076388888889,-0.0267190922876043
20.2090277777778,-0.0211155082357732
20.2104166666667,-0.0469999227612845
20.2118055555556,-0.0513748465364722
20.2131944444444,-0.0369949439856453
20.2145833333333,-0.0235342645721445
20.2159722222222,-0.0136725834258259
20.2173611111111,-0.0321546697381773
20.21875,-0.0224291978562348
20.2201388888889,-0.0234550437682403
20.2215277777778,-0.00736715450816914
20.2229166666667,0.00430608647302095
20.2243055555556,0.00569380195588752
20.2256944444444,-0.00805489794680389
20.2270833333333,0.0113267503703888
20.2284722222222,0.0335687436002566
20.2298611111111,0.029402577149654
20.23125,0.00565424169663542
20.2326388888889,0.0363829015841985
20.2340277777778,0.0520459864537454
20.2354166666667,0.0566067382777908
20.2368055555556,0.0602074348488831
20.2381944444444,0.0647947924065444
20.2395833333333,0.0639011710646281
20.2409722222222,0.0577537601285545
20.2423611111111,0.0585758496026624
20.24375,0.0595286134414338
20.2451388888889,0.0584386300161302
20.2465277777778,0.0636471556209501
20.2479166666667,0.0721821679794286
20.2493055555556,0.0571343105933093
20.2506944444444,0.0546617031753379
20.2520833333333,0.0402956247499246
20.2534722222222,0.0545153800384422
20.2548611111111,0.0628026761629923
20.25625,0.0259596433468284
20.2576388888889,0.0448956166062959
20.2590277777778,0.0483926503406128
20.2604166666667,0.0287464589328597
20.2618055555556,0.0391378834192541
20.2631944444444,0.0207419816317892
20.2645833333333,0.0318024113381053
20.2659722222222,0.0313341317419625
20.2673611111111,0.0276603816176627
20.26875,0.0267961556243473
20.2701388888889,0.0401848524161834
20.2715277777778,0.0592147706906531
20.2729166666667,0.112232392659861
20.2743055555556,0.0805188300162347
20.2756944444444,0.0731440392319337
20.2770833333333,0.0786769397596181
20.2784722222222,0.0725736178160744
20.2798611111111,0.0426708601031066
20.28125,0.0464046403110436
20.2826388888889,0.0275246571496485
20.2840277777778,0.0299471163412311
20.2854166666667,0.0504458398897436
20.2868055555556,0.0560677738782484
20.2881944444444,0.0522395985735172
20.2895833333333,0.048781490259178
20.2909722222222,0.0660790779589658
20.2923611111111,0.0851783666182507
20.29375,0.0678466029681073
20.2951388888889,0.0928493313822987
20.2965277777778,0.119500715892403
20.2979166666667,0.106282829834465
20.2993055555556,0.0812686130692811
20.3006944444444,0.0684683448708695
20.3020833333333,0.0975258773643976
20.3034722222222,0.0906750168274267
20.3048611111111,0.0569403121685785
20.30625,0.0404492958593079
20.3076388888889,0.0440400034265268
20.3090277777778,0.0354250124485848
20.3104166666667,0.0345388500272373
20.3118055555556,0.0359496245539759
20.3131944444444,0.0280716602253816
20.3145833333333,0.0606690019225165
20.3159722222222,0.0512758389572372
20.3173611111111,0.0566157775943982
20.31875,0.0731293718120085
20.3201388888889,0.0549570679004491
20.3215277777778,0.0498269636427308
20.3229166666667,0.0771650786851626
20.3243055555556,0.0762203724609129
20.3256944444444,0.0716598161059158
20.3270833333333,0.0572661349613779
20.3284722222222,0.0636575647257773
20.3298611111111,0.0626544908611219
20.33125,0.0441024381087851
20.3326388888889,0.0877848152817766
20.3340277777778,0.093163556683703
20.3354166666667,0.0515744601094814
20.3368055555556,0.0557514621928406
20.3381944444444,0.0600541065648894
20.3395833333333,0.0893918966553619
20.3409722222222,0.0927769397372265
20.3423611111111,0.0665074745358654
20.34375,0.0380955374227235
20.3451388888889,0.0592808858704933
20.3465277777778,0.0593429701755143
20.3479166666667,0.0309407435284113
20.3493055555556,0.0583825528406641
20.3506944444444,0.0640635181763196
20.3520833333333,0.0624640225082721
20.3534722222222,0.0526924958579447
20.3548611111111,0.063724719909909
20.35625,0.065533910842655
20.3576388888889,0.0450373010023489
20.3590277777778,0.0420500667679815
20.3604166666667,0.0584851248344527
20.3618055555556,0.0526695192399239
20.3631944444444,0.0550958847488392
20.3645833333333,0.0438229548129144
20.3659722222222,0.0474883699666554
20.3673611111111,0.0491785363270914
20.36875,0.0507700223080913
20.3701388888889,0.0332848394166688
20.3715277777778,0.0263965577657488
20.3729166666667,0.0196626028781838
20.3743055555556,0.0270760155411999
20.3756944444444,0.0560710919752217
20.3770833333333,0.0460220319753652
20.3784722222222,0.0411322312510526
20.3798611111111,0.0371488623481782
20.38125,0.055663812566059
20.3826388888889,0.0346542565291277
20.3840277777778,0.031970935179632
20.3854166666667,0.0242396988401494
20.3868055555556,0.0439589316457454
20.3881944444444,0.0456080424268822
20.3895833333333,0.047259961571823
20.3909722222222,0.0641250938694578
20.3923611111111,0.0700791729659243
20.39375,0.0815324121753256
20.3951388888889,0.0721171367360988
20.3965277777778,0.0484535266645189
20.3979166666667,0.0480865702401874
20.3993055555556,0.0382724589566764
20.4006944444444,0.0520861496045147
20.4020833333333,0.0383486979686335
20.4034722222222,0.0610668897268043
20.4048611111111,0.0716109611357055
20.40625,0.0721923619668696
20.4076388888889,0.0851642987910144
20.4090277777778,0.0699138560013943
20.4104166666667,0.0795421876294091
20.4118055555556,0.0611910372311765
20.4131944444444,0.0552243434248841
20.4145833333333,0.0592301415480202
20.4159722222222,0.0852637249089896
20.4173611111111,0.0615838553155592
20.41875,0.0737382551337447
20.4201388888889,0.0611383865021996
20.4215277777778,0.0836046632225262
20.4229166666667,0.054973451907703
20.4243055555556,0.0513062249527668
20.4256944444444,0.0187911291857531
20.4270833333333,-0.0112176655516724
20.4284722222222,0.00424153897828265
20.4298611111111,0.00294594576449351
20.43125,0.0072536506829844
20.4326388888889,0.0240394930000455
20.4340277777778,0.0284481745708044
20.4354166666667,0.0128792379977937
20.4368055555556,0.0426332437614749
20.4381944444444,0.063556855105863
20.4395833333333,0.0405026299361418
20.4409722222222,0.0679785191728368
20.4423611111111,0.0897008609493636
20.44375,0.081702577898666
20.4451388888889,0.0963816309755731
20.4465277777778,0.0870211874858131
20.4479166666667,0.0972669617249916
20.4493055555556,0.0775488823068728
20.4506944444444,0.0569221597140655
20.4520833333333,0.0574567712554509
20.4534722222222,0.0811998486996836
20.4548611111111,0.0907467476622397
20.45625,0.096047914438989
20.4576388888889,0.0790503578552909
20.4590277777778,0.100033537251246
20.4604166666667,0.067617849292794
20.4618055555556,0.0437350660093715
20.4631944444444,0.0554378794105012
20.4645833333333,0.0448420200265409
20.4659722222222,0.0258756106495743
20.4673611111111,0.071815407977341
20.46875,0.0539104192848956
20.4701388888889,0.0537049198275609
20.4715277777778,0.0542580153380914
20.4729166666667,0.0559651716957392
20.4743055555556,0.0479427401848316
20.4756944444444,0.0638147258332539
20.4770833333333,0.0522849508159256
20.4784722222222,0.0539558282814303
20.4798611111111,0.0624519614348246
20.48125,0.0651142174440231
20.4826388888889,0.106756688807417
20.4840277777778,0.0997691490346586
20.4854166666667,0.0955736842498478
20.4868055555556,0.0918187107768787
20.4881944444444,0.0840578951475132
20.4895833333333,0.0923412712684142
20.4909722222222,0.0982839253096263
20.4923611111111,0.0639477274970858
20.49375,0.103566026593178
20.4951388888889,0.107596926671356
20.4965277777778,0.111509806867908
20.4979166666667,0.0983508524875333
20.4993055555556,0.0716789426131153
20.5006944444444,0.0819480388892002
20.5020833333333,0.0405250625369756
20.5034722222222,0.0399976767325056
20.5048611111111,0.0377919545437951
20.50625,0.045025408424288
20.5076388888889,0.0255557638731874
20.5090277777778,0.0152764274319302
20.5104166666667,0.0311690828484054
20.5118055555556,-0.0246746245363695
20.5131944444444,0.00175816464068995
20.5145833333333,0.0280545629767339
20.5159722222222,0.0264373841066847
20.5173611111111,0.0376635294058329
20.51875,0.036359640403728
20.5201388888889,0.0383159084958287
20.5215277777778,0.0620095342426431
20.5229166666667,0.0415149930676824
20.5243055555556,0.0316547779964615
20.5256944444444,0.0241441896842334
20.5270833333333,0.0400475528602219
20.5284722222222,0.0743703024761373
20.5298611111111,0.0561143693507883
20.53125,0.0257889657743573
20.5326388888889,0.0206929794829804
20.5340277777778,0.0212302744207983
20.5354166666667,0.0390392672423408
20.5368055555556,0.060545770575642
20.5381944444444,0.103118133607932
20.5395833333333,0.0934396480746769
20.5409722222222,0.0704289914998496
20.5423611111111,0.0332433335706795
20.54375,0.0216220424195551
20.5451388888889,0.0234668137528667
20.5465277777778,0.028398336557309
20.5479166666667,0.0393817880001824
20.5493055555556,0.028958661563983
20.5506944444444,0.0313856445149141
20.5520833333333,0.0577113898918461
20.5534722222222,0.0539236770950319
20.5548611111111,0.0251092365267248
20.55625,0.00148889007385574
20.5576388888889,0.0164906142065285
20.5590277777778,0.0399276712585277
20.5604166666667,0.0443078985946365
20.5618055555556,0.0505158419663668
20.5631944444444,0.0258719761461476
20.5645833333333,0.0198619948478024
20.5659722222222,0.0444479447205765
20.5673611111111,0.0410648672447406
20.56875,0.0385867652687713
20.5701388888889,0.0611642502910652
20.5715277777778,0.0692811453946579
20.5729166666667,0.0756803124444081
20.5743055555556,0.0545952047565895
20.5756944444444,0.0581206488248806
20.5770833333333,0.0128643853471924
20.5784722222222,0.0370853619817499
20.5798611111111,0.0578981251609561
20.58125,0.0542946773985618
20.5826388888889,0.07367529381353
20.5840277777778,0.083948697427318
20.5854166666667,0.091637394625665
20.5868055555556,0.0663356645512802
20.5881944444444,0.0883604251630407
20.5895833333333,0.0862742390928904
20.5909722222222,0.0597903363319705
20.5923611111111,0.03630551764808
20.59375,0.037048905386278
20.5951388888889,0.0529372783332621
20.5965277777778,0.0472721277197328
20.5979166666667,0.063604261389984
20.5993055555556,0.0728152950281845
20.6006944444444,0.0642865289865783
20.6020833333333,0.0564272445217129
20.6034722222222,0.063949820062013
20.6048611111111,0.0589611815959624
20.60625,0.04542349376626
20.6076388888889,0.0395374618689559
20.6090277777778,0.0645775929225725
20.6104166666667,0.0413210108277655
20.6118055555556,0.0213811236905573
20.6131944444444,0.0300634234999759
20.6145833333333,0.0217581132615367
20.6159722222222,0.0196325918283618
20.6173611111111,0.00779179945246923
20.61875,-0.0284051147016619
20.6201388888889,-0.0467367446743141
20.6215277777778,-0.03829794814742
20.6229166666667,-0.0419413462640098
20.6243055555556,-0.0147576486381659
20.6256944444444,-0.00737348373587168
20.6270833333333,0.00658211140381668
20.6284722222222,0.0179847418380809
20.6298611111111,-0.0164358633560909
20.63125,-0.0346397550175629
20.6326388888889,-0.0265374552399494
20.6340277777778,-0.0152752709814367
20.6354166666667,-0.0252033248240815
20.6368055555556,-0.0334763966145015
20.6381944444444,-0.0239684598376013
20.6395833333333,-0.00901512880060851
20.6409722222222,-0.0182154247883882
20.6423611111111,-0.0123620809383984
20.64375,-0.0125236305061511
20.6451388888889,-0.0120101890691958
20.6465277777778,-0.0183334208708593
20.6479166666667,-0.0194452784319162
20.6493055555556,-0.0239600951095612
20.6506944444444,-0.0126087039298763
20.6520833333333,-0.00783137147176154
20.6534722222222,0.00217515042273574
20.6548611111111,-0.0263567761492685
20.65625,-0.0254318464817315
20.6576388888889,-0.0322555802443589
20.6590277777778,-0.0490251483453823
20.6604166666667,-0.0182792312098449
20.6618055555556,-0.0179537577900411
20.6631944444444,-0.0501263386849717
20.6645833333333,-0.0743163455922648
20.6659722222222,-0.0688026207361117
20.6673611111111,-0.0400628435494777
20.66875,-0.0341773756696583
20.6701388888889,-0.0231188964421357
20.6715277777778,-0.0217441204568969
20.6729166666667,-0.034555688053898
20.6743055555556,-0.0412096767669275
20.6756944444444,-0.0480815598370376
20.6770833333333,-0.0609574534719909
20.6784722222222,-0.0440283773851609
20.6798611111111,-0.0363023085939724
20.68125,-0.0404449383703416
20.6826388888889,-0.0421822953668537
20.6840277777778,-0.0120217369471848
20.6854166666667,0.017910605957754
20.6868055555556,-0.00748101922746285
20.6881944444444,-0.017033473499515
20.6895833333333,-0.0309120889360146
20.6909722222222,-0.0157200255679827
20.6923611111111,-0.024577021690102
20.69375,-0.0167780018164434
20.6951388888889,-0.0121796931055076
20.6965277777778,-0.0350806309621473
20.6979166666667,-0.00237584079164522
20.6993055555556,-0.014020300073214
20.7006944444444,-0.0344853492812126
20.7020833333333,-0.0461462526405389
20.7034722222222,-0.0578084937575908
20.7048611111111,-0.0570109212261474
20.70625,-0.06815329524944
20.7076388888889,-0.0650057901279321
20.7090277777778,-0.0553743524097806
20.7104166666667,-0.0567042882072171
20.7118055555556,-0.0448893938825694
20.7131944444444,-0.0414048911519699
20.7145833333333,-0.0363918295131484
20.7159722222222,-0.028906377790086
20.7173611111111,-0.0296505326990159
20.71875,-0.0292978227154312
20.7201388888889,-0.0530430479162556
20.7215277777778,-0.0447806739300122
20.7229166666667,-0.0521480510991414
20.7243055555556,-0.0530998814022551
20.7256944444444,-0.048318083014362
20.7270833333333,-0.035766381939446
20.7284722222222,-0.0198378481389241
20.7298611111111,-0.0370453572605686
20.73125,-0.0457004619895139
20.7326388888889,-0.048634615526693
20.7340277777778,-0.0198057452192511
20.7354166666667,-0.0510101372021882
20.7368055555556,-0.0459193920542726
20.7381944444444,-0.0283610124986427
20.7395833333333,-0.0389783189390887
20.7409722222222,-0.0447484598717513
20.7423611111111,-0.02488370166636
20.74375,-0.0344771149896464
20.7451388888889,-0.0519538541547779
20.7465277777778,-0.0419443868908837
20.7479166666667,-0.0303942320239241
20.7493055555556,-0.0296082112548243
20.7506944444444,-0.0387210966869496
20.7520833333333,-0.0431787287378222
20.7534722222222,-0.0180434953370809
20.7548611111111,-0.0166642287014409
20.75625,-0.0491018260669139
20.7576388888889,-0.0363724116792045
20.7590277777778,0.000658475235408155
20.7604166666667,-0.0212933818391968
20.7618055555556,-0.00306955351230948
20.7631944444444,-0.00499779138534516
20.7645833333333,-0.00882853274014329
20.7659722222222,-0.0445416459457649
20.7673611111111,-0.00625522882860695
20.76875,-0.0166880318094594
20.7701388888889,-0.0160387376148775
20.7715277777778,-0.0239105779483138
20.7729166666667,-0.0193558761872367
20.7743055555556,-0.0177809426928712
20.7756944444444,-0.0412088590704376
20.7770833333333,-0.0207161211334
20.7784722222222,-0.00848595965688579
20.7798611111111,-0.0296491590145193
20.78125,-0.0391400630910456
20.7826388888889,-0.0213929166031952
20.7840277777778,0.00800401781787721
20.7854166666667,-0.0022096612436984
20.7868055555556,-0.0196288746331146
20.7881944444444,-0.0285694438906118
20.7895833333333,-0.043206495317815
20.7909722222222,-0.00512273596236685
20.7923611111111,0.00673273887994527
20.79375,0.0071123532202325
20.7951388888889,-0.0291804406446139
20.7965277777778,-0.0282117303452723
20.7979166666667,-0.0195077429136828
20.7993055555556,-0.015230871637642
20.8006944444444,-0.0318100736135956
20.8020833333333,-0.0253285702500839
20.8034722222222,-0.0337267306757608
20.8048611111111,-0.0183233158420258
20.80625,0.0208967694825517
20.8076388888889,-0.00394012588246379
20.8090277777778,-0.0354760463235183
20.8104166666667,-0.0473122031989763
20.8118055555556,-0.0279105344550338
20.8131944444444,-0.016339358722562
20.8145833333333,-0.0261681717104092
20.8159722222222,-0.0448862772337459
20.8173611111111,-0.0142594542770748
20.81875,-0.00706372056357372
20.8201388888889,-0.0379043381428159
20.8215277777778,-0.0462108790729441
20.8229166666667,-0.0439515301636838
20.8243055555556,-0.0186705484265941
20.8256944444444,-0.0669768228448496
20.8270833333333,-0.0689832897388238
20.8284722222222,-0.0880701930297943
20.8298611111111,-0.0635597425234034
20.83125,-0.0762434922565452
20.8326388888889,-0.0793263516904067
20.8340277777778,-0.0583598449861968
20.8354166666667,-0.075937556866863
20.8368055555556,-0.0781838325572472
20.8381944444444,-0.0739930637188583
20.8395833333333,-0.0686306699713092
20.8409722222222,-0.0552880328480477
20.8423611111111,-0.0540057758800373
20.84375,-0.0381962548858178
20.8451388888889,-0.0565282066736219
20.8465277777778,-0.0747572330334944
20.8479166666667,-0.0416205732595015
20.8493055555556,-0.0756793042835535
20.8506944444444,-0.0729995274535928
20.8520833333333,-0.0795427542027448
20.8534722222222,-0.0510815034587033
20.8548611111111,-0.0675485935621272
20.85625,-0.0729249522456364
20.8576388888889,-0.0694351542915197
20.8590277777778,-0.0584933841524207
20.8604166666667,-0.0428560317047871
20.8618055555556,-0.0203176215568722
20.8631944444444,-0.0160256413723437
20.8645833333333,-0.0415234702231611
20.8659722222222,-0.0386826037076919
20.8673611111111,-0.0412803902402096
20.86875,-0.0472568269644039
20.8701388888889,-0.0427108297875323
20.8715277777778,-0.0345599475822832
20.8729166666667,-0.0177960893404605
20.8743055555556,0.00940742205520473
20.8756944444444,0.00493657662426661
20.8770833333333,-0.0102591033525447
20.8784722222222,0.0163003986299455
20.8798611111111,-0.0109875338118612
20.88125,-0.0231638761347045
20.8826388888889,-0.0244986846446279
20.8840277777778,-0.0375989774615096
20.8854166666667,-0.00455607262604619
20.8868055555556,0.014807291714393
20.8881944444444,-0.00409552242309954
20.8895833333333,-0.0054838311849812
20.8909722222222,-0.0369846419105322
20.8923611111111,-0.0269762759095678
20.89375,-0.00155313801126378
20.8951388888889,0.0358508219033615
20.8965277777778,0.0233535937788598
20.8979166666667,0.0453733795042093
20.8993055555556,0.0242023121489226
20.9006944444444,0.0257028471063404
20.9020833333333,0.0291411576642142
20.9034722222222,0.04093823232721
20.9048611111111,0.0485930803704564
20.90625,0.0329612613026343
20.9076388888889,0.0337740146875139
20.9090277777778,0.0297943648210112
20.9104166666667,0.00898802952161847
20.9118055555556,-0.0112295513412194
20.9131944444444,-0.00878359600769807
20.9145833333333,0.0316535389550897
20.9159722222222,0.0343342004496177
20.9173611111111,0.0276641446089046
20.91875,0.0283991131569755
20.9201388888889,0.0311217977174094
20.9215277777778,0.0258782121951758
20.9229166666667,0.0621428607461151
20.9243055555556,0.0630571368190179
20.9256944444444,0.00708297515558825
20.9270833333333,0.0195749757812542
20.9284722222222,0.0228136032188918
20.9298611111111,0.0187746518005596
20.93125,0.0195797687777971
20.9326388888889,0.0239933075366746
20.9340277777778,0.0363572563512814
20.9354166666667,0.0320706189942132
20.9368055555556,0.0266225112512922
20.9381944444444,0.0212767495297294
20.9395833333333,0.0166852306592628
20.9409722222222,0.0401216765497542
20.9423611111111,0.0516125667798319
20.94375,0.0561566148199701
20.9451388888889,0.0616192581982605
20.9465277777778,0.0629177904072343
20.9479166666667,0.0443301478731783
20.9493055555556,0.0309765583131022
20.9506944444444,0.0106858230025523
20.9520833333333,-0.0360856877317808
20.9534722222222,0.00657669837170769
20.9548611111111,0.0191632451662488
20.95625,0.0136241242450145
20.9576388888889,0.0123689882917284
20.9590277777778,-0.0391325404059288
20.9604166666667,-0.0402153387238459
20.9618055555556,0.00303971016366937
20.9631944444444,0.00266309352839532
20.9645833333333,0.0310407885807224
20.9659722222222,0.0251444396995478
20.9673611111111,0.016314986478345
20.96875,0.00269921120833155
20.9701388888889,0.000501306561262531
20.9715277777778,0.00629036690531681
20.9729166666667,0.0220641856587933
20.9743055555556,0.0327903042287296
20.9756944444444,0.039980988617889
20.9770833333333,0.0459155555890514
20.9784722222222,0.04920913243622
20.9798611111111,0.0612591495234883
20.98125,0.0721270101181013
20.9826388888889,0.0154324839252723
20.9840277777778,0.0447419326872064
20.9854166666667,0.0809036877016041
20.9868055555556,0.0519524815857285
20.9881944444444,0.0354137962810147
20.9895833333333,0.0239566960758183
20.9909722222222,0.0384041548985843
20.9923611111111,0.042818014182715
20.99375,0.0495501907767649
20.9951388888889,0.0141076338179408
20.9965277777778,0.065962305157552
20.9979166666667,0.00696609626775727
20.9993055555556,0.00200976757658971
21.0006944444444,0.00171337382172874
21.0020833333333,0.021037910516986
21.0034722222222,0.0507965436016095
21.0048611111111,0.0756002406376446
21.00625,0.0872452588719247
21.0076388888889,0.0419521193481714
21.0090277777778,0.0391703284686558
21.0104166666667,0.0570405155404315
21.0118055555556,0.065543436058994
21.0131944444444,0.0557703386470838
21.0145833333333,0.0567470151037832
21.0159722222222,0.0308551418411627
21.0173611111111,0.0118763560347054
21.01875,0.0281287042959763
21.0201388888889,0.0395012199829263
21.0215277777778,0.0298966797262056
21.0229166666667,0.0197354883847025
21.0243055555556,0.0198759671472241
21.0256944444444,0.0289683887440579
21.0270833333333,0.0275695829129888
21.0284722222222,0.0326283943214165
21.0298611111111,0.0385341723007456
21.03125,0.0252125317575927
21.0326388888889,0.0220197320334114
21.0340277777778,0.0258418177463503
21.0354166666667,0.011792339461867
21.0368055555556,0.00730777825319999
21.0381944444444,0.0226162025350555
21.0395833333333,0.0154727668189137
21.0409722222222,-0.013339417054978
21.0423611111111,-0.0601999093465539
21.04375,-0.0592614433513759
21.0451388888889,-0.00756578368072105
21.0465277777778,-0.000984440945636009
21.0479166666667,-0.0121964819096616
21.0493055555556,-0.0382787839150412
21.0506944444444,-0.0150949915061506
21.0520833333333,0.0107943669202384
21.0534722222222,-0.0500960293359731
21.0548611111111,-0.0282805085933879
21.05625,-0.0160277890882504
21.0576388888889,-0.00634909284832378
21.0590277777778,-0.0213638997842613
21.0604166666667,-0.0316707949824055
21.0618055555556,-0.0449003913154478
21.0631944444444,-0.0539665791549898
21.0645833333333,-0.0459714100475264
21.0659722222222,-0.0353505498756075
21.0673611111111,-0.0539913892862393
21.06875,-0.0661411245789544
21.0701388888889,-0.0580144577046206
21.0715277777778,-0.0508007534886308
21.0729166666667,-0.045634007178097
21.0743055555556,-0.0748535742396726
21.0756944444444,-0.111324971567753
21.0770833333333,-0.0729846519630678
21.0784722222222,-0.0238676352951936
21.0798611111111,-0.0404140558494781
21.08125,-0.0506369195290034
21.0826388888889,-0.0285312638959358
21.0840277777778,-0.0196440372406437
21.0854166666667,-0.0167359323944395
21.0868055555556,-0.0498147766147717
21.0881944444444,-0.0570850887085368
21.0895833333333,-0.0506224624032193
21.0909722222222,-0.0449807052646845
21.0923611111111,-0.0496627828739184
21.09375,-0.0541119476002304
21.0951388888889,-0.0433281608771463
21.0965277777778,-0.0550673584929663
21.0979166666667,-0.0452454070335497
21.0993055555556,-0.0443064770023752
21.1006944444444,-0.0515642609895463
21.1020833333333,-0.0497282231707603
21.1034722222222,-0.0637464933158209
21.1048611111111,-0.0702127908070877
21.10625,-0.0411569710347857
21.1076388888889,-0.0356195797117116
21.1090277777778,-0.0520971830506243
21.1104166666667,-0.0511849713554125
21.1118055555556,-0.0557499360314131
21.1131944444444,-0.0378709810394738
21.1145833333333,-0.0538206937808451
21.1159722222222,-0.0490003236140013
21.1173611111111,-0.0687457234997716
21.11875,-0.0676437981470202
21.1201388888889,-0.0511977312339229
21.1215277777778,-0.0254735706529708
21.1229166666667,-0.0267674545445848
21.1243055555556,-0.034754000470622
21.1256944444444,-0.0355039616268424
21.1270833333333,-0.0308746399228025
21.1284722222222,0.016846915549122
21.1298611111111,-0.0256343951751085
21.13125,-0.0607890119312052
21.1326388888889,-0.0408189344630798
21.1340277777778,-0.0207728843088042
21.1354166666667,-0.0270558180850445
21.1368055555556,-0.033809306192995
21.1381944444444,-0.05214401745964
21.1395833333333,-0.047124758066431
21.1409722222222,-0.0829050565518002
21.1423611111111,-0.0658164927781136
21.14375,-0.0719477602435733
21.1451388888889,-0.0688160427099203
21.1465277777778,-0.0773183738215893
21.1479166666667,-0.0695054279177334
21.1493055555556,-0.0694124342300482
21.1506944444444,-0.0503564187220302
21.1520833333333,-0.081983303659575
21.1534722222222,-0.0611709780950201
21.1548611111111,-0.0369101029625121
21.15625,-0.0405500711612801
21.1576388888889,-0.0452035824524253
21.1590277777778,-0.0290972906242392
21.1604166666667,-0.0302167316548786
21.1618055555556,-0.0360125645315982
21.1631944444444,-0.101316535579824
21.1645833333333,-0.0984269597903161
21.1659722222222,-0.0586422782134584
21.1673611111111,-0.0575216751365011
21.16875,-0.0518435579454214
21.1701388888889,-0.0298617699199689
21.1715277777778,-0.0381157004086921
21.1729166666667,-0.0442181617779481
21.1743055555556,-0.0437444239247479
21.1756944444444,-0.0671415057625845
21.1770833333333,-0.0559784632715236
21.1784722222222,-0.0688805437737212
21.1798611111111,-0.0480168654122764
21.18125,-0.0597737433392962
21.1826388888889,-0.116168600964556
21.1840277777778,-0.108789779045951
21.1854166666667,-0.0943476137658883
21.1868055555556,-0.0519796329853012
21.1881944444444,-0.0650698823033508
21.1895833333333,-0.123533333728853
21.1909722222222,-0.103997265038791
21.1923611111111,-0.0450226192848666
21.19375,-0.0630106402701329
21.1951388888889,-0.0613915907004425
21.1965277777778,-0.0880853960609847
21.1979166666667,-0.0656532105593771
21.1993055555556,-0.0595060034090004
21.2006944444444,-0.116621645814827
21.2020833333333,-0.118583551179259
21.2034722222222,-0.13936323295569
21.2048611111111,-0.103936529967557
21.20625,-0.114867581044933
21.2076388888889,-0.103885544811843
21.2090277777778,-0.0600030680341083
21.2104166666667,-0.0592385077437651
21.2118055555556,-0.0263708386459235
21.2131944444444,-0.0145864901291231
21.2145833333333,-0.0180132013768887
21.2159722222222,-0.0275523787971347
21.2173611111111,-0.043861987955586
21.21875,-0.00244855687564831
21.2201388888889,-0.00417308650071967
21.2215277777778,0.01268317431356
21.2229166666667,0.0221587757195155
21.2243055555556,0.0199847063797924
21.2256944444444,0.040772104603678
21.2270833333333,0.0156146226813077
21.2284722222222,0.0106523819206532
21.2298611111111,0.0203544975030023
21.23125,0.0385156171965587
21.2326388888889,0.0364783475527219
21.2340277777778,0.0450085266777726
21.2354166666667,-0.00560743173530224
21.2368055555556,0.0253218105166346
21.2381944444444,0.0375467194460865
21.2395833333333,0.0108380145124848
21.2409722222222,0.0119710511570945
21.2423611111111,0.00808956838285308
21.24375,-0.00578087223665237
21.2451388888889,-0.00147340404380467
21.2465277777778,-0.0141519825838114
21.2479166666667,-0.00833778377097907
21.2493055555556,-0.0266997327714427
21.2506944444444,-0.0131492210670719
21.2520833333333,0.00270913570191161
21.2534722222222,-0.00967126809175686
21.2548611111111,-0.00578640939447189
21.25625,0.0138976593550934
21.2576388888889,0.0255264153412985
21.2590277777778,0.03340994368852
21.2604166666667,0.0540488069679919
21.2618055555556,0.00780734250088596
21.2631944444444,0.0147209778129768
21.2645833333333,0.018162612715939
21.2659722222222,0.0271271464692007
21.2673611111111,0.0484085027387303
21.26875,0.0446589830817103
21.2701388888889,0.0342178458896563
21.2715277777778,0.025796120702996
21.2729166666667,0.0361492052001022
21.2743055555556,0.0337954361383107
21.2756944444444,0.00543506054577092
21.2770833333333,-0.0240441372334948
21.2784722222222,0.0156452255222373
21.2798611111111,0.0202167259080339
21.28125,0.0502539330920978
21.2826388888889,0.0411091891875943
21.2840277777778,0.018239505093358
21.2854166666667,0.0268105718973816
21.2868055555556,0.0329195998503401
21.2881944444444,0.024197542888543
21.2895833333333,0.022578292146158
21.2909722222222,0.0344237889981419
21.2923611111111,0.0263651619824582
21.29375,0.0528430982100759
21.2951388888889,0.0500247696235957
21.2965277777778,0.0270978216696621
21.2979166666667,0.0225447098617807
21.2993055555556,0.0192761452238598
21.3006944444444,0.0209177563668949
21.3020833333333,0.0109661247048776
21.3034722222222,-0.0141553303067474
21.3048611111111,0.0169512148760149
21.30625,0.013870536505388
21.3076388888889,0.0328658874013604
21.3090277777778,-0.00139177898942125
21.3104166666667,-0.00836613093596068
21.3118055555556,0.0370566336391397
21.3131944444444,0.0389605009676891
21.3145833333333,0.0112215197844987
21.3159722222222,0.00181899673265096
21.3173611111111,-0.006638174502873
21.31875,0.0059600685207983
21.3201388888889,0.049562116652048
21.3215277777778,0.0467042804375223
21.3229166666667,0.0339020894922942
21.3243055555556,0.03684637726541
21.3256944444444,0.0504670198484648
21.3270833333333,0.0615885205705132
21.3284722222222,0.0542009656724508
21.3298611111111,0.0592325699991474
21.33125,0.0483781909878735
21.3326388888889,0.0583943787633958
21.3340277777778,0.07973173173644
21.3354166666667,0.0561674385281521
21.3368055555556,0.0571104679503096
21.3381944444444,0.0405825174347232
21.3395833333333,0.0780198253267705
21.3409722222222,0.102945692360125
21.3423611111111,0.106537714405859
21.34375,0.0664164178377783
21.3451388888889,0.0602004652619253
21.3465277777778,0.0678097407146362
21.3479166666667,0.0603289861559601
21.3493055555556,0.0691919735856011
21.3506944444444,0.0408215249175219
21.3520833333333,0.0508287236364544
21.3534722222222,0.0129381053051321
21.3548611111111,0.0153415441514848
21.35625,0.0547252925696643
21.3576388888889,0.0388560087754185
21.3590277777778,-0.00178614167827215
21.3604166666667,0.0460235591619184
21.3618055555556,0.0428931842797899
21.3631944444444,0.0284622721657927
21.3645833333333,0.0216698717103281
21.3659722222222,0.0330336493925443
21.3673611111111,0.0235450535016064
21.36875,0.0170359731999226
21.3701388888889,0.0125747585023868
21.3715277777778,0.0245798329760729
21.3729166666667,0.0396640442140177
21.3743055555556,0.0365136282832417
21.3756944444444,0.0233090578436542
21.3770833333333,0.0049438562828857
21.3784722222222,0.0127598191900961
21.3798611111111,0.019341100793817
21.38125,0.0176060380340498
21.3826388888889,0.00741572674401923
21.3840277777778,0.0217469893263204
21.3854166666667,0.0156111895004282
21.3868055555556,0.011208074824413
21.3881944444444,-0.00936565087029075
21.3895833333333,0.0013334742739392
21.3909722222222,0.00576453398061913
21.3923611111111,0.012125268036133
21.39375,0.0543488098061473
21.3951388888889,0.0109586236065674
21.3965277777778,0.0183984116451862
21.3979166666667,0.00222611070817083
21.3993055555556,0.00162329952656733
21.4006944444444,-0.000474960706009756
21.4020833333333,-0.013969787128012
21.4034722222222,-0.0265228516677532
21.4048611111111,-0.0109844575160866
21.40625,0.0258119399265019
21.4076388888889,0.0196674250178572
21.4090277777778,0.0153108572894728
21.4104166666667,0.0290580930620728
21.4118055555556,0.0213764854090293
21.4131944444444,0.0316994685336563
21.4145833333333,0.0355013300195908
21.4159722222222,0.0507035322757021
21.4173611111111,0.0435247121730846
21.41875,0.00997449520645687
21.4201388888889,0.019256908953316
21.4215277777778,0.0212249957511763
21.4229166666667,-0.00432229310504642
21.4243055555556,-0.024342444849778
21.4256944444444,0.0446751646551009
21.4270833333333,0.0413775208810563
21.4284722222222,0.00607332581653248
21.4298611111111,0.0362964235639299
21.43125,0.039179370269239
21.4326388888889,0.0450635070937477
21.4340277777778,0.0378991184260146
21.4354166666667,0.0458634924915553
21.4368055555556,0.0233794708699651
21.4381944444444,0.0010693001429011
21.4395833333333,0.0208620286617682
21.4409722222222,0.0517528139300083
21.4423611111111,0.0228996920541983
21.44375,0.0318234221897539
21.4451388888889,0.0401435999378521
21.4465277777778,0.0244630690214688
21.4479166666667,-0.000201424193582666
21.4493055555556,-0.00467232446594753
21.4506944444444,0.0140324821776366
21.4520833333333,0.0288300141342547
21.4534722222222,0.0113651944767248
21.4548611111111,-0.0121464395894499
21.45625,-0.00622339663997094
21.4576388888889,-0.000837000735785121
21.4590277777778,-0.000106921662483603
21.4604166666667,-0.00527822033997635
21.4618055555556,-0.0064388473921386
21.4631944444444,0.00296656098206904
21.4645833333333,0.00708992232091995
21.4659722222222,0.00661189933665501
21.4673611111111,-0.000114866407578369
21.46875,0.0048051823681231
21.4701388888889,0.0125066024079243
21.4715277777778,0.0109927516790974
21.4729166666667,0.0208312245527589
21.4743055555556,0.0213627472070533
21.4756944444444,0.0275048353742306
21.4770833333333,0.0140828152450159
21.4784722222222,-0.00991772931464516
21.4798611111111,0.0126330340800953
21.48125,0.0226025864274389
21.4826388888889,-0.0129004485093785
21.4840277777778,-0.0489687864937267
21.4854166666667,-0.0477736067773209
21.4868055555556,-0.0623464232615435
21.4881944444444,-0.0351049593590844
21.4895833333333,-0.0640613446055436
21.4909722222222,-0.00371846217823866
21.4923611111111,-0.00524901126603507
21.49375,-0.0105506072098443
21.4951388888889,-0.0115831147023699
21.4965277777778,-0.0421119277297746
21.4979166666667,-0.036667434814695
21.4993055555556,-0.0349450507575119
21.5006944444444,-0.0519035711428759
21.5020833333333,-0.0692800499878065
21.5034722222222,-0.0579339095141173
21.5048611111111,-0.0323183713870842
21.50625,-0.0318043525035387
21.5076388888889,-0.0428070256341481
21.5090277777778,-0.0534462390320968
21.5104166666667,-0.0221389629362186
21.5118055555556,-0.0064038323964881
21.5131944444444,-0.027169268837672
21.5145833333333,-0.0316532834473694
21.5159722222222,-0.0359310888138949
21.5173611111111,-0.0424797633534701
21.51875,-0.0179948580279441
21.5201388888889,-0.0412822281758164
21.5215277777778,-0.0388159930451361
21.5229166666667,-0.0309771941927561
21.5243055555556,-0.0120913567465372
21.5256944444444,-0.0422218132934012
21.5270833333333,-0.0459676335409919
21.5284722222222,-0.0554860829835448
21.5298611111111,-0.0251769165511163
21.53125,-0.0167900877845892
21.5326388888889,-0.0692809724332492
21.5340277777778,-0.10635330239483
21.5354166666667,-0.109280899173577
21.5368055555556,-0.0895475895586638
21.5381944444444,-0.0500913484972574
21.5395833333333,-0.0576069318354506
21.5409722222222,-0.0776587489667585
21.5423611111111,-0.0970466700055219
21.54375,-0.0697282515330777
21.5451388888889,-0.0860231016602752
21.5465277777778,-0.0857710227732563
21.5479166666667,-0.0724906467849865
21.5493055555556,-0.0458535548976399
21.5506944444444,-0.0482818027564232
21.5520833333333,-0.0623144673761836
21.5534722222222,-0.0713925526828786
21.5548611111111,-0.0531185393388289
21.55625,-0.066693260582567
21.5576388888889,-0.061207249263653
21.5590277777778,-0.0582112810285575
21.5604166666667,-0.0947799410389453
21.5618055555556,-0.0919454433270367
21.5631944444444,-0.0889756979213535
21.5645833333333,-0.0831507575924487
21.5659722222222,-0.0867334156134585
21.5673611111111,-0.09282236825307
21.56875,-0.0906423397189096
21.5701388888889,-0.0707909758295785
21.5715277777778,-0.0596971116678769
21.5729166666667,-0.0615423921448438
21.5743055555556,-0.0664595616242168
21.5756944444444,-0.080198658063005
21.5770833333333,-0.0647276653322601
21.5784722222222,-0.0606285271696642
21.5798611111111,-0.070026692379106
21.58125,-0.0470083688710964
21.5826388888889,-0.06572647596237
21.5840277777778,-0.0590082226893931
21.5854166666667,-0.0392020507151185
21.5868055555556,-0.041675482591297
21.5881944444444,-0.0429707331473816
21.5895833333333,-0.0194091838764284
21.5909722222222,0.00224753153461141
21.5923611111111,-0.0175622922020211
21.59375,-0.0560907873841286
21.5951388888889,-0.0565919538937825
21.5965277777778,-0.052222249161655
21.5979166666667,-0.0465974528543524
21.5993055555556,-0.0389743062776895
21.6006944444444,-0.0337303576653035
21.6020833333333,-0.0399004936430999
21.6034722222222,-0.0530463245282805
21.6048611111111,-0.0430227055786165
21.60625,-0.0269323855916461
21.6076388888889,0.0156790455802516
21.6090277777778,-0.00358669341010452
21.6104166666667,-0.00810032727021342
21.6118055555556,-0.017761829295324
21.6131944444444,-0.00782390198285309
21.6145833333333,0.0173465553040591
21.6159722222222,0.0101760889707123
21.6173611111111,0.00790918564675013
21.61875,0.0409516342386337
21.6201388888889,0.00922701954914226
21.6215277777778,0.00568114781571265
21.6229166666667,0.0297395684198302
21.6243055555556,0.000440952218839657
21.6256944444444,0.0040320868619386
21.6270833333333,0.0274238875639029
21.6284722222222,-0.0225400106049939
21.6298611111111,-0.027766905261559
21.63125,-0.0194904748389294
21.6326388888889,0.0129496853612389
21.6340277777778,-0.0182003432196555
21.6354166666667,-0.0283155272991948
21.6368055555556,-0.00214853462982655
21.6381944444444,-0.0316858814334067
21.6395833333333,-0.0534205685415955
21.6409722222222,-0.0523707889212927
21.6423611111111,-0.0314956627388468
21.64375,-0.0272989563294562
21.6451388888889,-0.0392679008503191
21.6465277777778,-0.0129337206473688
21.6479166666667,0.00637680775394504
21.6493055555556,0.0258959628019976
21.6506944444444,0.0112769548803785
21.6520833333333,-0.0316282330183972
21.6534722222222,-0.0209845068156265
21.6548611111111,-0.0220197306237996
21.65625,-0.026782373076974
21.6576388888889,-0.0178029060832459
21.6590277777778,-0.0164605529818501
21.6604166666667,-0.0245524394580072
21.6618055555556,-0.016578468966262
21.6631944444444,-0.0193370770512157
21.6645833333333,-0.0395561291595846
21.6659722222222,-0.0757059122585763
21.6673611111111,-0.0470006531332828
21.66875,-0.065036116432051
21.6701388888889,-0.0689064479661458
21.6715277777778,-0.12277629883216
21.6729166666667,-0.0590075531535995
21.6743055555556,-0.0471223190303017
21.6756944444444,-0.0385945383853012
21.6770833333333,-0.0593168217169138
21.6784722222222,-0.046476587738226
21.6798611111111,-0.0221012303368677
21.68125,-0.0327858018005134
21.6826388888889,0.00507452447567487
21.6840277777778,0.0108385039991958
21.6854166666667,0.0014457608963218
21.6868055555556,-0.0227922089478993
21.6881944444444,-0.0339685945031364
21.6895833333333,-0.0232482353850816
21.6909722222222,-0.0619363727557471
21.6923611111111,-0.0282772050264393
21.69375,-0.0120177834459539
21.6951388888889,-0.0172135010198443
21.6965277777778,-0.00162001373911696
21.6979166666667,0.04630814780447
21.6993055555556,0.00833049735223679
21.7006944444444,-0.00646990309596534
21.7020833333333,-0.0271098721603238
21.7034722222222,0.00395805720836883
21.7048611111111,-0.0179095467585998
21.70625,-0.0144745316648172
21.7076388888889,0.0144264197407395
21.7090277777778,-0.0300034308830851
21.7104166666667,-0.0400720868986218
21.7118055555556,-0.0586207704737046
21.7131944444444,-0.03393042683931
21.7145833333333,-0.00969375324059736
21.7159722222222,-0.0152787744731878
21.7173611111111,-0.0244336263319843
21.71875,0.00854568907504949
21.7201388888889,-0.0431806687259017
21.7215277777778,-0.0671707238113412
21.7229166666667,-0.052234975537792
21.7243055555556,-0.0565908691180567
21.7256944444444,-0.063454436168113
21.7270833333333,-0.0435957594322402
21.7284722222222,-0.0415674935598043
21.7298611111111,-0.0541909256541455
21.73125,-0.0359320912646689
21.7326388888889,-0.038784286858296
21.7340277777778,-0.0235446680551178
21.7354166666667,-0.0325047657427001
21.7368055555556,-0.00744339376726445
21.7381944444444,-0.0349814878222113
21.7395833333333,0.00581419156968884
21.7409722222222,0.0180837451395498
21.7423611111111,-0.00469934906877989
21.74375,-0.0487485465488261
21.7451388888889,0.00447893764444036
21.7465277777778,-0.00828449828370599
21.7479166666667,-0.013623380350739
21.7493055555556,-0.0269256524892251
21.7506944444444,-0.00974644707354917
21.7520833333333,-0.0317127522544048
21.7534722222222,-0.0438534230477284
21.7548611111111,-0.0530645861778322
21.75625,-0.0374819547530891
21.7576388888889,-0.0256621948917346
21.7590277777778,-0.0372407938230083
21.7604166666667,0.00204638334026157
21.7618055555556,0.031525758124704
21.7631944444444,0.0459085231934158
21.7645833333333,0.0119806727745887
21.7659722222222,-0.0342609662570709
21.7673611111111,-0.0394412721076199
21.76875,-0.0355329974448721
21.7701388888889,-0.0141707124937562
21.7715277777778,-0.00786508048520627
21.7729166666667,-0.0212203762721039
21.7743055555556,-0.0280328059524034
21.7756944444444,-0.0452139784034809
21.7770833333333,-0.0377929785509784
21.7784722222222,-0.0392454801032833
21.7798611111111,-0.0385409236884683
21.78125,-0.0298367127169762
21.7826388888889,-0.0655537170465847
21.7840277777778,-0.07153690452366
21.7854166666667,-0.053234111495788
21.7868055555556,-0.0444237621099528
21.7881944444444,-0.00888927358448745
21.7895833333333,-0.0150506779827066
21.7909722222222,-0.0395731759096509
21.7923611111111,-0.0329082560762701
21.79375,-0.0511975553232421
21.7951388888889,-0.0346415659764283
21.7965277777778,-0.0115405298035853
21.7979166666667,0.0038525414020114
21.7993055555556,0.000240605613247128
21.8006944444444,-0.0184292980047009
21.8020833333333,-0.0239855236252265
21.8034722222222,-0.0268647220072227
21.8048611111111,-0.0328896637979518
21.80625,-0.0517461960463803
21.8076388888889,-0.045752683164061
21.8090277777778,-0.0274797734660211
21.8104166666667,-0.0318311798858043
21.8118055555556,-0.050496481770673
21.8131944444444,-0.0626064781115935
21.8145833333333,-0.0855089076659813
21.8159722222222,-0.105001115212565
21.8173611111111,-0.0980050940852747
21.81875,-0.139786158252371
21.8201388888889,-0.122169366952453
21.8215277777778,-0.051250205364819
21.8229166666667,-0.066278784463031
21.8243055555556,-0.0882754307059887
21.8256944444444,-0.0856268286531837
21.8270833333333,-0.0789454143309444
21.8284722222222,-0.0584011235578052
21.8298611111111,-0.0451253123353687
21.83125,-0.0532828580514783
21.8326388888889,-0.0804876927146061
21.8340277777778,-0.0609833912935853
21.8354166666667,-0.0195356031058761
21.8368055555556,-0.0329939081510535
21.8381944444444,-0.0434059516401278
21.8395833333333,-0.0905710033555783
21.8409722222222,-0.117657836306676
21.8423611111111,-0.0947930574449216
21.84375,-0.064242442948172
21.8451388888889,-0.0502582249087701
21.8465277777778,-0.0381533192204333
21.8479166666667,-0.0594659190517971
21.8493055555556,-0.0638969520492239
21.8506944444444,-0.0990199542894342
21.8520833333333,-0.106236012642842
21.8534722222222,-0.066175510445333
21.8548611111111,-0.0502786311302391
21.85625,-0.0415325610539084
21.8576388888889,-0.0315698997424978
21.8590277777778,-0.0248625308335275
21.8604166666667,-0.0361422374971537
21.8618055555556,-0.0312372269191231
21.8631944444444,-0.0434684020580065
21.8645833333333,-0.0831976427169466
21.8659722222222,-0.0825536574759157
21.8673611111111,-0.0758720311256782
21.86875,-0.0824745075226264
21.8701388888889,-0.0867185806748259
21.8715277777778,-0.0771312707370916
21.8729166666667,-0.0624304046968689
21.8743055555556,-0.0813460909071547
21.8756944444444,-0.0354989514582036
21.8770833333333,-0.0568096787072532
21.8784722222222,-0.0728082385810812
21.8798611111111,-0.0801471057921319
21.88125,-0.0532713476249913
21.8826388888889,-0.0513378661031292
21.8840277777778,-0.076764488194879
21.8854166666667,-0.0882335871666513
21.8868055555556,-0.0682728982722441
21.8881944444444,-0.02929775071315
21.8895833333333,-0.0434830600814008
21.8909722222222,-0.0419938883847654
21.8923611111111,-0.0422044194004208
21.89375,-0.0440406544098499
21.8951388888889,-0.0202620527137692
21.8965277777778,-0.00473671640945001
21.8979166666667,-0.0308157492717534
21.8993055555556,-0.0486009888576628
21.9006944444444,-0.0404571866714374
21.9020833333333,-0.0483520286037441
21.9034722222222,-0.0178487060983377
21.9048611111111,-0.0179083286496967
21.90625,-0.0441756820767546
21.9076388888889,-0.033350059337529
21.9090277777778,-0.0444827677227336
21.9104166666667,-0.0388832113225412
21.9118055555556,-0.0384099151749165
21.9131944444444,-0.0345130818455535
21.9145833333333,-0.0276944589147681
21.9159722222222,-0.0638771208542473
21.9173611111111,-0.0442397997274461
21.91875,-0.0499017361843315
21.9201388888889,-0.0314717762838089
21.9215277777778,-0.0247435566932333
21.9229166666667,-0.0222771941591199
21.9243055555556,-0.0396083247485121
21.9256944444444,-0.0345853976478358
21.9270833333333,-0.0625161468196896
21.9284722222222,-0.0660246988965737
21.9298611111111,-0.0454519267025336
21.93125,-0.0723199021662875
21.9326388888889,-0.071872686632788
21.9340277777778,-0.0671310085137148
21.9354166666667,-0.0917250670668983
21.9368055555556,-0.0891378444368444
21.9381944444444,-0.0646625531343641
21.9395833333333,-0.080663863400662
21.9409722222222,-0.0912799329568324
21.9423611111111,-0.0816798863863892
21.94375,-0.0852853402835726
21.9451388888889,-0.0555274936644492
21.9465277777778,-0.0319433276951595
21.9479166666667,-0.0504838069147315
21.9493055555556,-0.0498909442821861
21.9506944444444,-0.0533432898961473
21.9520833333333,-0.0581746646911123
21.9534722222222,-0.0650512814677397
21.9548611111111,-0.0596507112962282
21.95625,-0.0336132041071926
21.9576388888889,-0.0368332808076032
21.9590277777778,-0.0699272373910287
21.9604166666667,-0.0827163074393042
21.9618055555556,-0.0801996871542241
21.9631944444444,-0.0811520639167083
21.9645833333333,-0.0859831424532536
21.9659722222222,-0.069809602131678
21.9673611111111,-0.0617190654890521
21.96875,-0.09859842896901
21.9701388888889,-0.0994052751301612
21.9715277777778,-0.0966747059316283
21.9729166666667,-0.0888661749556891
21.9743055555556,-0.0723992582721642
21.9756944444444,-0.0875683630338887
21.9770833333333,-0.088501778644944
21.9784722222222,-0.0779785894731796
21.9798611111111,-0.10511357675077
21.98125,-0.110653424424445
21.9826388888889,-0.104276790230936
21.9840277777778,-0.0845505569802731
21.9854166666667,-0.0743060096990218
21.9868055555556,-0.0959042443821196
21.9881944444444,-0.0948560093200688
21.9895833333333,-0.0904442996240547
21.9909722222222,-0.0923052975989152
21.9923611111111,-0.0944707303709536
21.99375,-0.0846019071027072
21.9951388888889,-0.0832435962102996
21.9965277777778,-0.0908338014339681
21.9979166666667,-0.078441203661288
21.9993055555556,-0.0907523631596368
22.0006944444444,-0.115541866311556
22.0020833333333,-0.142847952927831
22.0034722222222,-0.0995202264664127
22.0048611111111,-0.147292838496557
22.00625,-0.136799279220288
22.0076388888889,-0.128331968918474
22.0090277777778,-0.102058746100805
22.0104166666667,-0.118955457453328
22.0118055555556,-0.124633967209244
22.0131944444444,-0.125491785944201
22.0145833333333,-0.136361003276928
22.0159722222222,-0.124700857600877
22.0173611111111,-0.110088030625853
22.01875,-0.131397467712803
22.0201388888889,-0.147095770774574
22.0215277777778,-0.13133581376411
22.0229166666667,-0.113977510295541
22.0243055555556,-0.0979300418158786
22.0256944444444,-0.0720723539176509
22.0270833333333,-0.0886252086207278
22.0284722222222,-0.0310725924206908
22.0298611111111,-0.0475701976532021
22.03125,-0.0538323512677327
22.0326388888889,-0.0412885914252888
22.0340277777778,-0.0567946045495987
22.0354166666667,-0.0755161189240767
22.0368055555556,-0.0994444381104111
22.0381944444444,-0.127518738125676
22.0395833333333,-0.12705381374849
22.0409722222222,-0.124206405088215
22.0423611111111,-0.126348430985061
22.04375,-0.112107569390228
22.0451388888889,-0.0638284863444829
22.0465277777778,-0.0855264737425277
22.0479166666667,-0.0738539132933241
22.0493055555556,-0.0739205905911402
22.0506944444444,-0.0916581333697493
22.0520833333333,-0.095780549695337
22.0534722222222,-0.0968661850096704
22.0548611111111,-0.0974967067288248
22.05625,-0.103106879899044
22.0576388888889,-0.0866844475552583
22.0590277777778,-0.0639977911696449
22.0604166666667,-0.0556561630397387
22.0618055555556,-0.0814525320770759
22.0631944444444,-0.101175367569094
22.0645833333333,-0.0528744826807289
22.0659722222222,-0.0498530769805414
22.0673611111111,-0.0474170872414818
22.06875,-0.095554244137328
22.0701388888889,-0.149608686958168
22.0715277777778,-0.112416321721712
22.0729166666667,-0.0957512766396347
22.0743055555556,-0.105950013567007
22.0756944444444,-0.107147242371739
22.0770833333333,-0.112833700490212
22.0784722222222,-0.125495919869004
22.0798611111111,-0.124032160997956
22.08125,-0.105488069664266
22.0826388888889,-0.0971329938617053
22.0840277777778,-0.111905920265494
22.0854166666667,-0.0652208541232549
22.0868055555556,-0.106427285673366
22.0881944444444,-0.0994505137745326
22.0895833333333,-0.10549561260973
22.0909722222222,-0.1011167500395
22.0923611111111,-0.129568130832696
22.09375,-0.10452430764601
22.0951388888889,-0.0858482523228426
22.0965277777778,-0.0842062751056163
22.0979166666667,-0.0603307415557233
22.0993055555556,-0.0544146300303889
22.1006944444444,-0.0224660673281149
22.1020833333333,-0.0327011633786249
22.1034722222222,-0.0454408573570851
22.1048611111111,-0.0348764913510778
22.10625,-0.0499575970388854
22.1076388888889,-0.102202660003304
22.1090277777778,-0.0856514868324783
22.1104166666667,-0.0530082722546066
22.1118055555556,-0.052356693869903
22.1131944444444,-0.0351802332514029
22.1145833333333,-0.0565916505965031
22.1159722222222,-0.0830226733626048
22.1173611111111,-0.0550172867298143
22.11875,-0.0777996676542483
22.1201388888889,-0.131973652547195
22.1215277777778,-0.0921197085817114
22.1229166666667,-0.0893936891982521
22.1243055555556,-0.0698973996695635
22.1256944444444,-0.0745706174990611
22.1270833333333,-0.104630398439106
22.1284722222222,-0.0885819615683012
22.1298611111111,-0.0900682260761949
22.13125,-0.102747798524048
22.1326388888889,-0.105110087067846
22.1340277777778,-0.152646662395043
22.1354166666667,-0.165969768954971
22.1368055555556,-0.157281094626445
22.1381944444444,-0.136726713623059
22.1395833333333,-0.146421424992383
22.1409722222222,-0.136349885438898
22.1423611111111,-0.136101917512691
22.14375,-0.126793285962481
22.1451388888889,-0.112412966898817
22.1465277777778,-0.136518807116314
22.1479166666667,-0.106441844571698
22.1493055555556,-0.0955025129317245
22.1506944444444,-0.153695513116444
22.1520833333333,-0.15702814697356
22.1534722222222,-0.140859243842228
22.1548611111111,-0.122105734519696
22.15625,-0.109754552645105
22.1576388888889,-0.0937116479624651
22.1590277777778,-0.102255442638841
22.1604166666667,-0.0882618145901171
22.1618055555556,-0.0913020963417229
22.1631944444444,-0.0803135535519066
22.1645833333333,-0.0846131954034068
22.1659722222222,-0.10207110178189
22.1673611111111,-0.0829281803962532
22.16875,-0.06915802865079
22.1701388888889,-0.062560687710226
22.1715277777778,-0.0367042493421159
22.1729166666667,-0.0316799190776281
22.1743055555556,-0.0851883258963792
22.1756944444444,-0.0988307118081832
22.1770833333333,-0.0961411794113684
22.1784722222222,-0.0657004951276844
22.1798611111111,-0.130862837831903
22.18125,-0.120343702459523
22.1826388888889,-0.129322509150497
22.1840277777778,-0.11284621658034
22.1854166666667,-0.100720432988077
22.1868055555556,-0.0643116953642989
22.1881944444444,-0.0210502080372891
22.1895833333333,-0.0366178642252775
22.1909722222222,-0.0397971083168279
22.1923611111111,-0.0377927522934123
22.19375,-0.0426141384112532
22.1951388888889,-0.086394005058674
22.1965277777778,-0.101616502718388
22.1979166666667,-0.0914474583239004
22.1993055555556,-0.0867345645280114
22.2006944444444,-0.0899436718222237
22.2020833333333,-0.0879067278458176
22.2034722222222,-0.0843510887490654
22.2048611111111,-0.0650557159718532
22.20625,-0.0502313592043139
22.2076388888889,-0.0513884245279973
22.2090277777778,-0.0606199757459608
22.2104166666667,-0.044521109173704
22.2118055555556,-0.0352782348796843
22.2131944444444,-0.0513712567143624
22.2145833333333,-0.0737517652262918
22.2159722222222,-0.0794685753226249
22.2173611111111,-0.0661977824909941
22.21875,-0.0620791885460543
22.2201388888889,-0.0759150608278379
22.2215277777778,-0.0834156633792912
22.2229166666667,-0.0800150561901697
22.2243055555556,-0.0718343085579028
22.2256944444444,-0.0711672332211307
22.2270833333333,-0.0835967505393945
22.2284722222222,-0.0932821143587549
22.2298611111111,-0.121838258363299
22.23125,-0.0982356583386483
22.2326388888889,-0.0688883831690433
22.2340277777778,-0.108931318810324
22.2354166666667,-0.113328085084354
22.2368055555556,-0.113871173815935
22.2381944444444,-0.116897949100999
22.2395833333333,-0.102619886383352
22.2409722222222,-0.08369571085491
22.2423611111111,-0.110159160250936
22.24375,-0.114020419905577
22.2451388888889,-0.128309259597629
22.2465277777778,-0.114809865053571
22.2479166666667,-0.112636915612181
22.2493055555556,-0.132616311963637
22.2506944444444,-0.112539162016592
22.2520833333333,-0.113253392230225
22.2534722222222,-0.128914791787105
22.2548611111111,-0.118824257816075
22.25625,-0.0842011618161272
22.2576388888889,-0.101320787775741
22.2590277777778,-0.136132653914237
22.2604166666667,-0.143706070164414
22.2618055555556,-0.131834020581481
22.2631944444444,-0.138266990582983
22.2645833333333,-0.109600244311263
22.2659722222222,-0.131468132655544
22.2673611111111,-0.12712516197485
22.26875,-0.145424722471192
22.2701388888889,-0.144266343603185
22.2715277777778,-0.146413095402247
22.2729166666667,-0.143699005353231
22.2743055555556,-0.116586756272779
22.2756944444444,-0.119921303269024
22.2770833333333,-0.109315480115838
22.2784722222222,-0.105574256939784
22.2798611111111,-0.101285443248017
22.28125,-0.122786721604034
22.2826388888889,-0.112987752165985
22.2840277777778,-0.107242840725498
22.2854166666667,-0.13954006091921
22.2868055555556,-0.131369915643333
22.2881944444444,-0.126891806451223
22.2895833333333,-0.114663939922945
22.2909722222222,-0.103772389762082
22.2923611111111,-0.122737784425494
22.29375,-0.0912975359789003
22.2951388888889,-0.11981753228595
22.2965277777778,-0.120702608037798
22.2979166666667,-0.116968347802399
22.2993055555556,-0.119346685642349
22.3006944444444,-0.101319124437884
22.3020833333333,-0.106099994640928
22.3034722222222,-0.124628553637229
22.3048611111111,-0.128217928756094
22.30625,-0.0925997932106696
22.3076388888889,-0.0840399221017711
22.3090277777778,-0.0966310369534789
22.3104166666667,-0.133227818136275
22.3118055555556,-0.142213890697146
22.3131944444444,-0.142484815551524
22.3145833333333,-0.155156440980273
22.3159722222222,-0.135072194409935
22.3173611111111,-0.108037320591086
22.31875,-0.155675880921112
22.3201388888889,-0.18223014460702
22.3215277777778,-0.154270422160138
22.3229166666667,-0.175085046946076
22.3243055555556,-0.187678415278529
22.3256944444444,-0.185464286264429
22.3270833333333,-0.188868040087197
22.3284722222222,-0.152715720070627
22.3298611111111,-0.150388245402245
22.33125,-0.128275543510484
22.3326388888889,-0.108920174126807
22.3340277777778,-0.148371529979184
22.3354166666667,-0.151328965479552
22.3368055555556,-0.194966701537099
22.3381944444444,-0.179070388872922
22.3395833333333,-0.166873454413004
22.3409722222222,-0.182771846756219
22.3423611111111,-0.203447789245335
22.34375,-0.198252772250936
22.3451388888889,-0.194402120721107
22.3465277777778,-0.175624679474194
22.3479166666667,-0.159409282653674
22.3493055555556,-0.158074471203784
22.3506944444444,-0.162308515437085
22.3520833333333,-0.166053215095591
22.3534722222222,-0.191781630997033
22.3548611111111,-0.187898302266495
22.35625,-0.181599863005012
22.3576388888889,-0.194797250459898
22.3590277777778,-0.206507654846399
22.3604166666667,-0.138269743883545
22.3618055555556,-0.125223978599257
22.3631944444444,-0.15786542382458
22.3645833333333,-0.144373446779814
22.3659722222222,-0.205333672279375
22.3673611111111,-0.189467384338142
22.36875,-0.160801471229775
22.3701388888889,-0.153481641144244
22.3715277777778,-0.172089583666902
22.3729166666667,-0.150153227002497
22.3743055555556,-0.164166523074409
22.3756944444444,-0.163308698119825
22.3770833333333,-0.168749243671885
22.3784722222222,-0.154711325497166
22.3798611111111,-0.168501022810956
22.38125,-0.15146130657158
22.3826388888889,-0.165529157642747
22.3840277777778,-0.138593780817822
22.3854166666667,-0.0934887564144363
22.3868055555556,-0.107397616705618
22.3881944444444,-0.145204007670153
22.3895833333333,-0.126488360964233
22.3909722222222,-0.147545272310305
22.3923611111111,-0.117569263615132
22.39375,-0.127203529926423
22.3951388888889,-0.137196488807901
22.3965277777778,-0.132607143684588
22.3979166666667,-0.110902264648541
22.3993055555556,-0.110746708937774
22.4006944444444,-0.113759968010203
22.4020833333333,-0.113723789833994
22.4034722222222,-0.121913138451341
22.4048611111111,-0.136921909060737
22.40625,-0.125013723703245
22.4076388888889,-0.128251957438607
22.4090277777778,-0.138891397944574
22.4104166666667,-0.131704205973667
22.4118055555556,-0.144658626712036
22.4131944444444,-0.133690784277085
22.4145833333333,-0.149269903688819
22.4159722222222,-0.17788157707545
22.4173611111111,-0.183942115373478
22.41875,-0.146208007657246
22.4201388888889,-0.163265374010621
22.4215277777778,-0.167153403565394
22.4229166666667,-0.16522673405918
22.4243055555556,-0.0987283591003504
22.4256944444444,-0.10753746018573
22.4270833333333,-0.120589546457203
22.4284722222222,-0.125883630530178
22.4298611111111,-0.134893619079169
22.43125,-0.0968906764201122
22.4326388888889,-0.145743382582693
22.4340277777778,-0.187845195218002
22.4354166666667,-0.248599160238729
22.4368055555556,-0.217579358628968
22.4381944444444,-0.215053552245522
22.4395833333333,-0.210824968839935
22.4409722222222,-0.218229998182261
22.4423611111111,-0.207490182211073
22.44375,-0.202459355576692
22.4451388888889,-0.241340133469901
22.4465277777778,-0.232811823759839
22.4479166666667,-0.254630109767585
22.4493055555556,-0.242868215623162
22.4506944444444,-0.169407201485251
22.4520833333333,-0.187686397482747
22.4534722222222,-0.172386781588634
22.4548611111111,-0.184713296531556
22.45625,-0.184201633003776
22.4576388888889,-0.195728512815062
22.4590277777778,-0.190778929411197
22.4604166666667,-0.189080252167257
22.4618055555556,-0.165499006664952
22.4631944444444,-0.157106980678898
22.4645833333333,-0.146349091698899
22.4659722222222,-0.173708711743581
22.4673611111111,-0.169584540849477
22.46875,-0.158466453527617
22.4701388888889,-0.150841892112141
22.4715277777778,-0.180248368042148
22.4729166666667,-0.182099763050933
22.4743055555556,-0.167702209313867
22.4756944444444,-0.142380878227976
22.4770833333333,-0.152274529683862
22.4784722222222,-0.178903751391872
22.4798611111111,-0.21585408179181
22.48125,-0.188980152123535
22.4826388888889,-0.170215917667337
22.4840277777778,-0.183337443596463
22.4854166666667,-0.217025953646873
22.4868055555556,-0.238089957088841
22.4881944444444,-0.247499016671532
22.4895833333333,-0.158749028727854
22.4909722222222,-0.148566233124302
22.4923611111111,-0.16309017043097
22.49375,-0.174711779390792
22.4951388888889,-0.176501772651905
22.4965277777778,-0.168800252941633
22.4979166666667,-0.218309590812552
22.4993055555556,-0.203964118834135
22.5006944444444,-0.16556996887935
22.5020833333333,-0.17459069715662
22.5034722222222,-0.186311011413677
22.5048611111111,-0.188200222128378
22.50625,-0.1678723869659
22.5076388888889,-0.163910331774603
22.5090277777778,-0.235388823875357
22.5104166666667,-0.209796558788167
22.5118055555556,-0.193037131924847
22.5131944444444,-0.174545282670495
22.5145833333333,-0.18019188635732
22.5159722222222,-0.154949049212554
22.5173611111111,-0.165805347034971
22.51875,-0.189987714144665
22.5201388888889,-0.165285055389974
22.5215277777778,-0.139588925415869
22.5229166666667,-0.178329871066294
22.5243055555556,-0.188008618252763
22.5256944444444,-0.194102271785679
22.5270833333333,-0.193120195783609
22.5284722222222,-0.185601959433107
22.5298611111111,-0.168799185881444
22.53125,-0.168283135291312
22.5326388888889,-0.174136780569515
22.5340277777778,-0.162542722955933
22.5354166666667,-0.150687647772259
22.5368055555556,-0.0961352091440624
22.5381944444444,-0.113315415405865
22.5395833333333,-0.104721348672468
22.5409722222222,-0.0989958618728557
22.5423611111111,-0.1029478566182
22.54375,-0.105241700595903
22.5451388888889,-0.0937437453480923
22.5465277777778,-0.0997140883109198
22.5479166666667,-0.108478006244269
22.5493055555556,-0.10357763224478
22.5506944444444,-0.107751789306558
22.5520833333333,-0.0922429282982277
22.5534722222222,-0.10323800915917
22.5548611111111,-0.119274894241725
22.55625,-0.0832212587339966
22.5576388888889,-0.121351284793959
22.5590277777778,-0.103570887742184
22.5604166666667,-0.0976701505376699
22.5618055555556,-0.0851625909946424
22.5631944444444,-0.100083215725441
22.5645833333333,-0.075755546750762
22.5659722222222,-0.0854607030171075
22.5673611111111,-0.0579822054010095
22.56875,-0.0698038892371092
22.5701388888889,-0.121574972130948
22.5715277777778,-0.134829829485417
22.5729166666667,-0.133493735664446
22.5743055555556,-0.117359601663924
22.5756944444444,-0.127201788296807
22.5770833333333,-0.134764800099441
22.5784722222222,-0.134403769912632
22.5798611111111,-0.114003577213117
22.58125,-0.0767538575440589
22.5826388888889,-0.0939240681208948
22.5840277777778,-0.113834791729654
22.5854166666667,-0.0745166124857937
22.5868055555556,-0.0739382422917996
22.5881944444444,-0.134354376188088
22.5895833333333,-0.150744735925888
22.5909722222222,-0.132760195999055
22.5923611111111,-0.136337791369119
22.59375,-0.148294272747368
22.5951388888889,-0.15730389298372
22.5965277777778,-0.13309949844808
22.5979166666667,-0.137452489380492
22.5993055555556,-0.130106222531722
22.6006944444444,-0.125542657316915
22.6020833333333,-0.12462152330018
22.6034722222222,-0.127095358437181
22.6048611111111,-0.127249996005465
22.60625,-0.12411367902566
22.6076388888889,-0.148063001178823
22.6090277777778,-0.111142239704744
22.6104166666667,-0.120199699793342
22.6118055555556,-0.166192488370346
22.6131944444444,-0.121804511210849
22.6145833333333,-0.1183016257437
22.6159722222222,-0.144539609147634
22.6173611111111,-0.173250609691441
22.61875,-0.165967642279754
22.6201388888889,-0.131092014949565
22.6215277777778,-0.149030117372628
22.6229166666667,-0.180306428859111
22.6243055555556,-0.156498972030988
22.6256944444444,-0.104210337948306
22.6270833333333,-0.147693023801344
22.6284722222222,-0.153285998133668
22.6298611111111,-0.13906045148878
22.63125,-0.148981142792845
22.6326388888889,-0.146616257198535
22.6340277777778,-0.154777151411855
22.6354166666667,-0.169137996712266
22.6368055555556,-0.183498824169876
22.6381944444444,-0.200595708875879
22.6395833333333,-0.184913833400245
22.6409722222222,-0.173888309431021
22.6423611111111,-0.176778531504323
22.64375,-0.162776069923153
22.6451388888889,-0.19535665732115
22.6465277777778,-0.173767496600841
22.6479166666667,-0.190759415113177
22.6493055555556,-0.200890251241151
22.6506944444444,-0.233224511009868
22.6520833333333,-0.193762664421852
22.6534722222222,-0.190892996651984
22.6548611111111,-0.22258483542454
22.65625,-0.22437054164818
22.6576388888889,-0.250045188523165
22.6590277777778,-0.207681656302942
22.6604166666667,-0.192136062529445
22.6618055555556,-0.204396131577484
22.6631944444444,-0.182614510698713
22.6645833333333,-0.184662134716706
22.6659722222222,-0.111281462790031
22.6673611111111,-0.206233405972293
22.66875,-0.217870254552267
22.6701388888889,-0.213715263205906
22.6715277777778,-0.197435767619764
22.6729166666667,-0.163096870584306
22.6743055555556,-0.209198444593729
22.6756944444444,-0.202202883616951
22.6770833333333,-0.199773554544663
22.6784722222222,-0.22391963923421
22.6798611111111,-0.229631120965624
22.68125,-0.208200522236177
22.6826388888889,-0.171922142248252
22.6840277777778,-0.166048528081119
22.6854166666667,-0.165122573808011
22.6868055555556,-0.16295122334488
22.6881944444444,-0.180266474121492
22.6895833333333,-0.172451146471733
22.6909722222222,-0.209419787560071
22.6923611111111,-0.20252202104548
22.69375,-0.159668250810033
22.6951388888889,-0.197787128879316
22.6965277777778,-0.199115044875608
22.6979166666667,-0.187815616862855
22.6993055555556,-0.209236143264381
22.7006944444444,-0.236429650675442
22.7020833333333,-0.264851994072522
22.7034722222222,-0.226255207970308
22.7048611111111,-0.226614449930033
22.70625,-0.228282628439947
22.7076388888889,-0.240377533556209
22.7090277777778,-0.239970100749038
22.7104166666667,-0.238776392095217
22.7118055555556,-0.248656533675624
22.7131944444444,-0.247710102205623
22.7145833333333,-0.238989834132255
22.7159722222222,-0.231384848258833
22.7173611111111,-0.220918453006329
22.71875,-0.250318072375595
22.7201388888889,-0.248894502003975
22.7215277777778,-0.217669916718019
22.7229166666667,-0.209614887801553
22.7243055555556,-0.225002886599094
22.7256944444444,-0.224329240179944
22.7270833333333,-0.201704409633978
22.7284722222222,-0.213864947343829
22.7298611111111,-0.246834126032247
22.73125,-0.198320028566598
22.7326388888889,-0.201399836549277
22.7340277777778,-0.248661733995677
22.7354166666667,-0.251545063882354
22.7368055555556,-0.265975967274501
22.7381944444444,-0.229553608024694
22.7395833333333,-0.232627677381761
22.7409722222222,-0.198317998668381
22.7423611111111,-0.230105030826407
22.74375,-0.238303414476939
22.7451388888889,-0.243144321414736
22.7465277777778,-0.218435605717407
22.7479166666667,-0.22254614169923
22.7493055555556,-0.219953741632064
22.7506944444444,-0.241688340483227
22.7520833333333,-0.201983313266241
22.7534722222222,-0.188824718853309
22.7548611111111,-0.225345885261458
22.75625,-0.248876222884454
22.7576388888889,-0.260088328681843
22.7590277777778,-0.22131223277643
22.7604166666667,-0.208532400398295
22.7618055555556,-0.216728783095476
22.7631944444444,-0.191004302249141
22.7645833333333,-0.188171323081977
22.7659722222222,-0.19367973399487
22.7673611111111,-0.194404891312491
22.76875,-0.180410171566979
22.7701388888889,-0.172672325907395
22.7715277777778,-0.188419575340693
22.7729166666667,-0.174416994601333
22.7743055555556,-0.196168788036003
22.7756944444444,-0.217334458494063
22.7770833333333,-0.228060874295975
22.7784722222222,-0.26964500960593
22.7798611111111,-0.262542978162785
22.78125,-0.283260291385185
22.7826388888889,-0.246328274767222
22.7840277777778,-0.252179845749805
22.7854166666667,-0.262334744625528
22.7868055555556,-0.200480575186898
22.7881944444444,-0.210779397264101
22.7895833333333,-0.187372370966787
22.7909722222222,-0.179683274824092
22.7923611111111,-0.178478083817757
22.79375,-0.169710597854747
22.7951388888889,-0.154165803732758
22.7965277777778,-0.208439294192727
22.7979166666667,-0.239923852572429
22.7993055555556,-0.241918169106142
22.8006944444444,-0.23129749292981
22.8020833333333,-0.21915004787859
22.8034722222222,-0.203200736167418
22.8048611111111,-0.211467105695324
22.80625,-0.199672849548492
22.8076388888889,-0.204824573397808
22.8090277777778,-0.187270231156487
22.8104166666667,-0.212018916278609
22.8118055555556,-0.215271339554233
22.8131944444444,-0.201053883204011
22.8145833333333,-0.208062007608006
22.8159722222222,-0.213787668567217
22.8173611111111,-0.184845499984313
22.81875,-0.193281049195255
22.8201388888889,-0.169008034978913
22.8215277777778,-0.105673533936165
22.8229166666667,-0.139965173671044
22.8243055555556,-0.192251745861169
22.8256944444444,-0.175535569045882
22.8270833333333,-0.157236942151745
22.8284722222222,-0.193328072285105
22.8298611111111,-0.2020891184659
22.83125,-0.178274214659178
22.8326388888889,-0.173137274440451
22.8340277777778,-0.202632513094262
22.8354166666667,-0.203779787598012
22.8368055555556,-0.21181772675771
22.8381944444444,-0.211294947256759
22.8395833333333,-0.221444912122832
22.8409722222222,-0.218976424735292
22.8423611111111,-0.247086398898538
22.84375,-0.229482891625277
22.8451388888889,-0.192402067252318
22.8465277777778,-0.216901968211425
22.8479166666667,-0.217752120397427
22.8493055555556,-0.211687558855703
22.8506944444444,-0.176171626882234
22.8520833333333,-0.226031827601187
22.8534722222222,-0.221158914209142
22.8548611111111,-0.202096584356323
22.85625,-0.194485435547806
22.8576388888889,-0.197316994845657
22.8590277777778,-0.183790646771642
22.8604166666667,-0.183385653301423
22.8618055555556,-0.209730731196079
22.8631944444444,-0.201939597519417
22.8645833333333,-0.185945710334855
22.8659722222222,-0.182723476745569
22.8673611111111,-0.197995675582631
22.86875,-0.172038400117158
22.8701388888889,-0.197715980572928
22.8715277777778,-0.209090609246836
22.8729166666667,-0.220584934012486
22.8743055555556,-0.213604573262575
22.8756944444444,-0.208061664222214
22.8770833333333,-0.228998433445704
22.8784722222222,-0.224671454101585
22.8798611111111,-0.232830113627672
22.88125,-0.255485024627901
22.8826388888889,-0.25769662478517
22.8840277777778,-0.258614197322236
22.8854166666667,-0.253812763235773
22.8868055555556,-0.251688804628661
22.8881944444444,-0.19697434335224
22.8895833333333,-0.211799995930172
22.8909722222222,-0.257486410085934
22.8923611111111,-0.248601252078983
22.89375,-0.237764028324928
22.8951388888889,-0.224220884978771
22.8965277777778,-0.216215527736403
22.8979166666667,-0.254485267822841
22.8993055555556,-0.212795761021916
22.9006944444444,-0.186396540448388
22.9020833333333,-0.196070386256402
22.9034722222222,-0.216848213816167
22.9048611111111,-0.232973072115169
22.90625,-0.242789967764106
22.9076388888889,-0.23048706338149
22.9090277777778,-0.22278662803531
22.9104166666667,-0.22837637478805
22.9118055555556,-0.213061309951917
22.9131944444444,-0.256984745601393
22.9145833333333,-0.236298446400435
22.9159722222222,-0.262312902648674
22.9173611111111,-0.229904510651702
22.91875,-0.219512669854091
22.9201388888889,-0.223120563080281
22.9215277777778,-0.215080190652139
22.9229166666667,-0.222397589024154
22.9243055555556,-0.249233268531319
22.9256944444444,-0.235751786749864
22.9270833333333,-0.190171530981902
22.9284722222222,-0.156337056793114
22.9298611111111,-0.207089175102082
22.93125,-0.221940467850885
22.9326388888889,-0.238745665566822
22.9340277777778,-0.216254530795028
22.9354166666667,-0.214232137127978
22.9368055555556,-0.232404405352028
22.9381944444444,-0.264277237694704
22.9395833333333,-0.231104811248464
22.9409722222222,-0.196052084772731
22.9423611111111,-0.180186316155891
22.94375,-0.183031813970571
22.9451388888889,-0.209167175032975
22.9465277777778,-0.218292757962424
22.9479166666667,-0.229162994851022
22.9493055555556,-0.245759487865621
22.9506944444444,-0.248577349600264
22.9520833333333,-0.27492658372759
22.9534722222222,-0.285171750454117
22.9548611111111,-0.273269207604815
22.95625,-0.271996625289408
22.9576388888889,-0.282250575306736
22.9590277777778,-0.307790038217931
22.9604166666667,-0.310205092406033
22.9618055555556,-0.288003016096254
22.9631944444444,-0.298678914848184
22.9645833333333,-0.283828461197761
22.9659722222222,-0.264748831141019
22.9673611111111,-0.249128024663574
22.96875,-0.25375932627847
22.9701388888889,-0.290391938318439
22.9715277777778,-0.295980196756538
22.9729166666667,-0.289569803916034
22.9743055555556,-0.302669189360847
22.9756944444444,-0.283995861931129
22.9770833333333,-0.302132319126824
22.9784722222222,-0.306246064035282
22.9798611111111,-0.299381385265441
22.98125,-0.312026999262137
22.9826388888889,-0.30497694179719
22.9840277777778,-0.267413001229076
22.9854166666667,-0.253228411026685
22.9868055555556,-0.248849785976015
22.9881944444444,-0.257480764506022
22.9895833333333,-0.257894039153041
22.9909722222222,-0.273363066163451
22.9923611111111,-0.289065986637851
22.99375,-0.295305429055273
22.9951388888889,-0.273436861444263
22.9965277777778,-0.277052759015597
22.9979166666667,-0.310436569985754
22.9993055555556,-0.279177950205477
23.0006944444444,-0.301367477229209
23.0020833333333,-0.244540896525581
23.0034722222222,-0.236387535778455
23.0048611111111,-0.265568375084759
23.00625,-0.273909595021824
23.0076388888889,-0.255574102859279
23.0090277777778,-0.252704822203318
23.0104166666667,-0.269532070798602
23.0118055555556,-0.235435187570652
23.0131944444444,-0.285619997455808
23.0145833333333,-0.295379750972587
23.0159722222222,-0.29308101815909
23.0173611111111,-0.302099709460866
23.01875,-0.286628320495645
23.0201388888889,-0.262554921929918
23.0215277777778,-0.281462975508839
23.0229166666667,-0.26503011550615
23.0243055555556,-0.288945502883684
23.0256944444444,-0.281531312285088
23.0270833333333,-0.308822598035346
23.0284722222222,-0.279950508353366
23.0298611111111,-0.25871043144976
23.03125,-0.253223633312685
23.0326388888889,-0.176795672063962
23.0340277777778,-0.201756970583922
23.0354166666667,-0.215849473555653
23.0368055555556,-0.264875315461985
23.0381944444444,-0.249013042093568
23.0395833333333,-0.269442246717173
23.0409722222222,-0.240030538353255
23.0423611111111,-0.265451728313953
23.04375,-0.212556421280549
23.0451388888889,-0.202780291862725
23.0465277777778,-0.193844595736777
23.0479166666667,-0.256592834115677
23.0493055555556,-0.223450708068672
23.0506944444444,-0.23679558028507
23.0520833333333,-0.227973011692338
23.0534722222222,-0.242047344021835
23.0548611111111,-0.224870120253197
23.05625,-0.285311721633691
23.0576388888889,-0.279830939003382
23.0590277777778,-0.262777323084397
23.0604166666667,-0.254679534569679
23.0618055555556,-0.266816871106491
23.0631944444444,-0.241379087138877
23.0645833333333,-0.238676142753938
23.0659722222222,-0.230717722680392
23.0673611111111,-0.186826491932643
23.06875,-0.173746696853797
23.0701388888889,-0.210193648323997
23.0715277777778,-0.200972656138384
23.0729166666667,-0.174784511069566
23.0743055555556,-0.163136760648707
23.0756944444444,-0.165388657674438
23.0770833333333,-0.189484812251953
23.0784722222222,-0.186957585845406
23.0798611111111,-0.16955912073635
23.08125,-0.1591236402195
23.0826388888889,-0.147571094537737
23.0840277777778,-0.145981775967439
23.0854166666667,-0.180264760587237
23.0868055555556,-0.195499074197513
23.0881944444444,-0.210856738178928
23.0895833333333,-0.204904968636191
23.0909722222222,-0.199171295806864
23.0923611111111,-0.249999402187611
23.09375,-0.227373481274068
23.0951388888889,-0.164324456494773
23.0965277777778,-0.187677193476953
23.0979166666667,-0.197067172631091
23.0993055555556,-0.185720672876174
23.1006944444444,-0.2166919249094
23.1020833333333,-0.229252040933627
23.1034722222222,-0.183236119498888
23.1048611111111,-0.16299466577082
23.10625,-0.172785599055906
23.1076388888889,-0.194322150701965
23.1090277777778,-0.154885519648808
23.1104166666667,-0.117821301804564
23.1118055555556,-0.142868011766716
23.1131944444444,-0.155098974613375
23.1145833333333,-0.163853931292303
23.1159722222222,-0.163775507313406
23.1173611111111,-0.147978891838327
23.11875,-0.164785922764039
23.1201388888889,-0.113251519585642
23.1215277777778,-0.122380753645164
23.1229166666667,-0.119692063226558
23.1243055555556,-0.105053297144179
23.1256944444444,-0.127149465374673
23.1270833333333,-0.15989300080444
23.1284722222222,-0.152359700415576
23.1298611111111,-0.144532727523294
23.13125,-0.192736975081378
23.1326388888889,-0.191981436457579
23.1340277777778,-0.191730196574025
23.1354166666667,-0.193158446955362
23.1368055555556,-0.161923329016315
23.1381944444444,-0.118937475029542
23.1395833333333,-0.134989673593155
23.1409722222222,-0.139551606434501
23.1423611111111,-0.13698526253588
23.14375,-0.143035262485837
23.1451388888889,-0.130044489121601
23.1465277777778,-0.14147888224713
23.1479166666667,-0.133578460593143
23.1493055555556,-0.1487804671537
23.1506944444444,-0.152342026836174
23.1520833333333,-0.13819941492892
23.1534722222222,-0.179881387080772
23.1548611111111,-0.125367583939045
23.15625,-0.166987782387722
23.1576388888889,-0.162192049001152
23.1590277777778,-0.151999280011138
23.1604166666667,-0.156346475456783
23.1618055555556,-0.138280101709909
23.1631944444444,-0.168334450076186
23.1645833333333,-0.159527183986497
23.1659722222222,-0.171757623526102
23.1673611111111,-0.166478757647599
23.16875,-0.181280844273719
23.1701388888889,-0.163208581726823
23.1715277777778,-0.135393909540122
23.1729166666667,-0.134040512595777
23.1743055555556,-0.141219870630539
23.1756944444444,-0.134771364012746
23.1770833333333,-0.104980764452341
23.1784722222222,-0.126764279903987
23.1798611111111,-0.103854512404578
23.18125,-0.0944558849223935
23.1826388888889,-0.120814238971754
23.1840277777778,-0.117296459843475
23.1854166666667,-0.126299252622713
23.1868055555556,-0.0985438608170763
23.1881944444444,-0.0805869448921484
23.1895833333333,-0.0647957279021302
23.1909722222222,-0.102293255646646
23.1923611111111,-0.0833046946959862
23.19375,-0.082850167457698
23.1951388888889,-0.0752930807376645
23.1965277777778,-0.0995956193661292
23.1979166666667,-0.124073666975565
23.1993055555556,-0.136946290963256
23.2006944444444,-0.114550277986605
23.2020833333333,-0.120781622473223
23.2034722222222,-0.131657563750881
23.2048611111111,-0.105747236920902
23.20625,-0.104052465896747
23.2076388888889,-0.111679078701989
23.2090277777778,-0.134323289425829
23.2104166666667,-0.126677554029347
23.2118055555556,-0.130340839906397
23.2131944444444,-0.146827483214368
23.2145833333333,-0.144794311781464
23.2159722222222,-0.104382758105275
23.2173611111111,-0.102625236112311
23.21875,-0.115168163220325
23.2201388888889,-0.109501340639926
23.2215277777778,-0.104622090205709
23.2229166666667,-0.0905766697808566
23.2243055555556,-0.0695583392606055
23.2256944444444,-0.0861050741590996
23.2270833333333,-0.0754283680059013
23.2284722222222,-0.0511700009354135
23.2298611111111,-0.0571238445470875
23.23125,-0.0840756844425466
23.2326388888889,-0.0694247904762869
23.2340277777778,-0.0414019446248708
23.2354166666667,-0.0267270493077231
23.2368055555556,-0.018896171614538
23.2381944444444,-0.0468970672445574
23.2395833333333,-0.0736926488410784
23.2409722222222,-0.0598349439911106
23.2423611111111,-0.048627365487715
23.24375,-0.0638094120380503
23.2451388888889,-0.0523207514465191
23.2465277777778,-0.0976638659418629
23.2479166666667,-0.0838706569085538
23.2493055555556,-0.0512781818813307
23.2506944444444,-0.0542756747432804
23.2520833333333,-0.0547046925378125
23.2534722222222,-0.06558670158896
23.2548611111111,-0.0911600666260955
23.25625,-0.0502064453858857
23.2576388888889,-0.059721373376437
23.2590277777778,-0.0564970678300931
23.2604166666667,-0.0457191811943147
23.2618055555556,-0.0436999044079836
23.2631944444444,-0.066952789441104
23.2645833333333,-0.0519160986272551
23.2659722222222,-0.0215767211703701
23.2673611111111,-0.0201497909764882
23.26875,-0.0414400408944556
23.2701388888889,-0.0580236747944685
23.2715277777778,-0.0720317431646456
23.2729166666667,-0.0754773878249047
23.2743055555556,-0.0339464491131776
23.2756944444444,-0.0310452284996244
23.2770833333333,-0.0512856995294728
23.2784722222222,-0.0772932904731284
23.2798611111111,-0.0747315922747116
23.28125,-0.133798877355517
23.2826388888889,-0.130659295922402
23.2840277777778,-0.112672310205545
23.2854166666667,-0.0953758723428524
23.2868055555556,-0.0986447417689817
23.2881944444444,-0.123631558002594
23.2895833333333,-0.0996595168577147
23.2909722222222,-0.0931561601674601
23.2923611111111,-0.0889207063952554
23.29375,-0.070377640126376
23.2951388888889,-0.100811030549981
23.2965277777778,-0.137401766764521
23.2979166666667,-0.0997532626234965
23.2993055555556,-0.0728311998627725
23.3006944444444,-0.0909899444961432
23.3020833333333,-0.0843189305018307
23.3034722222222,-0.091364670872785
23.3048611111111,-0.088640376126423
23.30625,-0.0890848981669079
23.3076388888889,-0.0815972741729277
23.3090277777778,-0.071236713430192
23.3104166666667,-0.123245703468042
23.3118055555556,-0.131020706447475
23.3131944444444,-0.102712847853607
23.3145833333333,-0.0825210977048544
23.3159722222222,-0.0521785725093084
23.3173611111111,-0.0562990858251774
23.31875,-0.0705778529845878
23.3201388888889,-0.0969695191474958
23.3215277777778,-0.0813091837001806
23.3229166666667,-0.101196385297662
23.3243055555556,-0.0855659633325383
23.3256944444444,-0.0869724449558074
23.3270833333333,-0.0625576946154593
23.3284722222222,-0.0142613578588599
23.3298611111111,-0.0404893696053524
23.33125,-0.0759176669068045
23.3326388888889,-0.0991184692839353
23.3340277777778,-0.0880434549292274
23.3354166666667,-0.0689102246787109
23.3368055555556,-0.0515629396807396
23.3381944444444,-0.115560168527776
23.3395833333333,-0.10605069888814
23.3409722222222,-0.106098143747202
23.3423611111111,-0.0922937867318187
23.34375,-0.0918165742171567
23.3451388888889,-0.110230685503124
23.3465277777778,-0.0983222444761583
23.3479166666667,-0.0693734276988826
23.3493055555556,-0.0685872628921428
23.3506944444444,-0.0886224490549502
23.3520833333333,-0.0998740897636629
23.3534722222222,-0.0704517594795382
23.3548611111111,-0.0849374538214112
23.35625,-0.0850470397569174
23.3576388888889,-0.0803577164402408
23.3590277777778,-0.0898277064188567
23.3604166666667,-0.0795622603493237
23.3618055555556,-0.0828829265239
23.3631944444444,-0.0792063070667301
23.3645833333333,-0.0963177288979147
23.3659722222222,-0.0815047841053895
23.3673611111111,-0.110174842889149
23.36875,-0.0814676106946786
23.3701388888889,-0.0763701199330272
23.3715277777778,-0.0664274434395832
23.3729166666667,-0.0651417630735149
23.3743055555556,-0.0749266076359565
23.3756944444444,-0.050150672730875
23.3770833333333,-0.0682240577280288
23.3784722222222,-0.0918666101280596
23.3798611111111,-0.0894705985135213
23.38125,-0.0801143300290492
23.3826388888889,-0.0914327355558022
23.3840277777778,-0.0327832574837499
23.3854166666667,-0.00603856758756669
23.3868055555556,-0.0381182860923523
23.3881944444444,-0.0243802819513797
23.3895833333333,-0.0341771095051537
23.3909722222222,-0.0401112245690189
23.3923611111111,-0.0320479012365453
23.39375,-0.00245581299246376
23.3951388888889,-0.0499806875107763
23.3965277777778,-0.0401567777663109
23.3979166666667,-0.00992714308855358
23.3993055555556,-0.0133519388474351
23.4006944444444,-0.0483348803238771
23.4020833333333,-0.0627793508282
23.4034722222222,-0.0541059927741295
23.4048611111111,-0.0185102296125833
23.40625,-0.0347390875664713
23.4076388888889,0.00276791024039696
23.4090277777778,-0.0454138101668624
23.4104166666667,-0.049634559884501
23.4118055555556,-0.040452878724195
23.4131944444444,-0.0335522827945995
23.4145833333333,-0.0364790211414086
23.4159722222222,-0.0307450972883929
23.4173611111111,-0.0433612097894794
23.41875,-0.0332548151167294
23.4201388888889,-0.0335879524910803
23.4215277777778,-0.0535400437702637
23.4229166666667,-0.0786177301442273
23.4243055555556,-0.0702516560290489
23.4256944444444,-0.0527216941281329
23.4270833333333,-0.0733547988814106
23.4284722222222,-0.0679547431609739
23.4298611111111,-0.0244433186835007
23.43125,-0.0246144061074732
23.4326388888889,-0.0475680413256649
23.4340277777778,-0.0560909884602996
23.4354166666667,-0.0718209350713849
23.4368055555556,-0.0656477163923938
23.4381944444444,-0.073282303131259
23.4395833333333,-0.0778052436259972
23.4409722222222,-0.0516541056680448
23.4423611111111,-0.0518835455728424
23.44375,-0.0647784812830628
23.4451388888889,-0.0692158887701844
23.4465277777778,-0.0753893251028772
23.4479166666667,-0.0926746295743135
23.4493055555556,-0.104625335682476
23.4506944444444,-0.0627149904325145
23.4520833333333,-0.0409677969653111
23.4534722222222,-0.0672366934061133
23.4548611111111,-0.0996976802630205
23.45625,-0.0984816303576633
23.4576388888889,-0.0882219833478132
23.4590277777778,-0.0616229234337936
23.4604166666667,-0.0766592893024498
23.4618055555556,-0.052207441121819
23.4631944444444,-0.0631783019583263
23.4645833333333,-0.0390287262118771
23.4659722222222,-0.0410470778901536
23.4673611111111,-0.0596947884624976
23.46875,-0.0255842941909711
23.4701388888889,-0.0545064764379973
23.4715277777778,-0.106750291254284
23.4729166666667,-0.0583868378622514
23.4743055555556,-0.0446918456238081
23.4756944444444,-0.050539179762178
23.4770833333333,-0.0563215132931151
23.4784722222222,-0.0846321366204925
23.4798611111111,-0.0791622176235688
23.48125,-0.0943554733020878
23.4826388888889,-0.0636974956714334
23.4840277777778,-0.100017185960227
23.4854166666667,-0.0980906742306895
23.4868055555556,-0.0909385556443531
23.4881944444444,-0.0936154607933389
23.4895833333333,-0.0888433048485184
23.4909722222222,-0.115078385234563
23.4923611111111,-0.0849424759980026
23.49375,-0.0747554692355048
23.4951388888889,-0.0791474371919341
23.4965277777778,-0.0774063121174875
23.4979166666667,-0.08405563116311
23.4993055555556,-0.0985989597951839
23.5006944444444,-0.0709817983908707
23.5020833333333,-0.0746980540736348
23.5034722222222,-0.0734298902884878
23.5048611111111,-0.071916651817391
23.50625,-0.00686886196883272
23.5076388888889,-0.0563721825290981
23.5090277777778,-0.136168698247287
23.5104166666667,-0.104238933252616
23.5118055555556,-0.0903289718755757
23.5131944444444,-0.0826405526208938
23.5145833333333,-0.0458001829474826
23.5159722222222,-0.0628100774849305
23.5173611111111,-0.0919935284086849
23.51875,-0.0774144950173475
23.5201388888889,-0.0863863891041427
23.5215277777778,-0.0735139242943115
23.5229166666667,-0.0903385398371831
23.5243055555556,-0.0847823295676295
23.5256944444444,-0.0957153373666098
23.5270833333333,-0.0741145762160157
23.5284722222222,-0.0786344561625255
23.5298611111111,-0.0817589260436689
23.53125,-0.104302445731916
23.5326388888889,-0.0537981422984426
23.5340277777778,-0.0681124201214217
23.5354166666667,-0.0618501103014198
23.5368055555556,-0.0546598946561593
23.5381944444444,-0.0790927064017218
23.5395833333333,-0.0752299151501306
23.5409722222222,-0.0689383171683257
23.5423611111111,-0.0408839735595834
23.54375,-0.0149992679861798
23.5451388888889,-0.0241655701266861
23.5465277777778,-0.0886757133614888
23.5479166666667,-0.0917928835571697
23.5493055555556,-0.077230307739314
23.5506944444444,-0.11154897194106
23.5520833333333,-0.119135895280699
23.5534722222222,-0.114391840397165
23.5548611111111,-0.0942961055932597
23.55625,-0.104813815494946
23.5576388888889,-0.0697122030975955
23.5590277777778,-0.0841131972465026
23.5604166666667,-0.0588294150857567
23.5618055555556,-0.0365223266486613
23.5631944444444,-0.03831650796311
23.5645833333333,-0.0255651722555497
23.5659722222222,-0.0469038179954084
23.5673611111111,-0.0464863372435602
23.56875,-0.0599741443750538
23.5701388888889,-0.0481225872301205
23.5715277777778,-0.0464049434819498
23.5729166666667,-0.0394199523643826
23.5743055555556,-0.0237470249603701
23.5756944444444,-0.043605332830586
23.5770833333333,-0.0483405420654731
23.5784722222222,-0.039120614351015
23.5798611111111,-0.0175591561162763
23.58125,-0.007409409886361
23.5826388888889,-0.0106250325546229
23.5840277777778,-0.0150524119593003
23.5854166666667,-0.0491152571844451
23.5868055555556,-0.0145978626492726
23.5881944444444,-0.0296639591226395
23.5895833333333,-0.0221150741705632
23.5909722222222,-0.0297757025569574
23.5923611111111,-0.0155627727079541
23.59375,-0.000981491073242678
23.5951388888889,0.00635234367872782
23.5965277777778,-0.0462091921641779
23.5979166666667,-0.0406553113899752
23.5993055555556,-0.0308931772745746
23.6006944444444,0.0411364502133107
23.6020833333333,0.0046771344103319
23.6034722222222,-0.0532975101423028
23.6048611111111,-0.0581393441037675
23.60625,-0.0389901306990418
23.6076388888889,-0.0176683817608646
23.6090277777778,-0.00202926549496382
23.6104166666667,-0.0206242598368601
23.6118055555556,-0.0359641537390586
23.6131944444444,-0.0541089801126455
23.6145833333333,-0.0614679667107282
23.6159722222222,-0.0578899788530967
23.6173611111111,-0.066812386193234
23.61875,-0.07022008590978
23.6201388888889,-0.0893117698795689
23.6215277777778,-0.0523283328548825
23.6229166666667,-0.0324588563424954
23.6243055555556,-0.021342701312246
23.6256944444444,-0.0529491851795736
23.6270833333333,-0.0669601470704391
23.6284722222222,-0.0688053468735217
23.6298611111111,-0.057833556619078
23.63125,-0.0262744244135674
23.6326388888889,-0.038194266635407
23.6340277777778,-0.0410684522045177
23.6354166666667,-0.0503014842944026
23.6368055555556,-0.0383823906985994
23.6381944444444,-0.0276269026603607
23.6395833333333,-0.0211444624956188
23.6409722222222,-0.013846762491911
23.6423611111111,-0.0232362737505581
23.64375,-0.0711105872208764
23.6451388888889,-0.05877642570976
23.6465277777778,-0.0571054996449561
23.6479166666667,-0.0411495729736559
23.6493055555556,-0.0255324319754739
23.6506944444444,-0.0133739901055693
23.6520833333333,-0.0315267880826527
23.6534722222222,-0.0686518124887642
23.6548611111111,-0.027404571544911
23.65625,-0.0903237104830632
23.6576388888889,-0.111714572710112
23.6590277777778,-0.0912677498075295
23.6604166666667,-0.0880453642010413
23.6618055555556,-0.0741873008964457
23.6631944444444,-0.0776733524173005
23.6645833333333,-0.0747636911499163
23.6659722222222,-0.0688791547803037
23.6673611111111,-0.0839888880262928
23.66875,-0.0879269807625095
23.6701388888889,-0.0926091871459486
23.6715277777778,-0.0736537018569065
23.6729166666667,-0.0652648495378188
23.6743055555556,-0.0198767961610506
23.6756944444444,0.0241455525012147
23.6770833333333,-0.0273584020463748
23.6784722222222,-0.0414973696714707
23.6798611111111,-0.0690832765974331
23.68125,-0.0663762379103879
23.6826388888889,-0.040581114368434
23.6840277777778,-0.0389876227872066
23.6854166666667,-0.0306764561928584
23.6868055555556,-0.0363425687560579
23.6881944444444,-0.0408973041778876
23.6895833333333,-0.0342710333939095
23.6909722222222,-0.0443927304914452
23.6923611111111,-0.09202850204281
23.69375,-0.070486914226815
23.6951388888889,-0.061164394560463
23.6965277777778,-0.0288930774181525
23.6979166666667,-0.0202805917858186
23.6993055555556,-0.0578909738287956
23.7006944444444,-0.0678968211855002
23.7020833333333,-0.112096712441328
23.7034722222222,-0.110682325559644
23.7048611111111,-0.113943033369843
23.70625,-0.0676345158481843
23.7076388888889,-0.061610708944958
23.7090277777778,-0.0122422344228748
23.7104166666667,-0.0326957646198097
23.7118055555556,-0.0585307330408937
23.7131944444444,-0.0340298359478092
23.7145833333333,-0.0173366253490254
23.7159722222222,-0.0319384609090252
23.7173611111111,-0.0277321219616533
23.71875,-0.0195926709587984
23.7201388888889,-0.0733955334786163
23.7215277777778,-0.0299093914290033
23.7229166666667,-0.0287484610413365
23.7243055555556,-0.0435142839237287
23.7256944444444,-0.0549229746542142
23.7270833333333,-0.0455560889102518
23.7284722222222,-0.0435132302661853
23.7298611111111,-0.0109021804230597
23.73125,-0.044987273552381
23.7326388888889,-0.0322524248503752
23.7340277777778,-0.0161313464094814
23.7354166666667,-0.0343387491463286
23.7368055555556,-0.0647645845745338
23.7381944444444,-0.0728256084954578
23.7395833333333,-0.0474419544015857
23.7409722222222,-0.0609707150781377
23.7423611111111,-0.0606877603345239
23.74375,-0.0554934149641679
23.7451388888889,-0.037884862742377
23.7465277777778,-0.0450276401953993
23.7479166666667,-0.0628457944385478
23.7493055555556,-0.0504040638052142
23.7506944444444,-0.102581309907302
23.7520833333333,-0.0866249446592817
23.7534722222222,-0.0484983052668979
23.7548611111111,-0.0537267153868979
23.75625,-0.0707456412251882
23.7576388888889,-0.0818981867562951
23.7590277777778,-0.0687911158112484
23.7604166666667,-0.0912517242904732
23.7618055555556,-0.0970122986668655
23.7631944444444,-0.081432944126401
23.7645833333333,-0.0697733255601392
23.7659722222222,-0.0811037571458996
23.7673611111111,-0.0859220066022628
23.76875,-0.0726655825692148
23.7701388888889,-0.0687245121422829
23.7715277777778,-0.0733593448241403
23.7729166666667,-0.0840223902128519
23.7743055555556,-0.118404197363085
23.7756944444444,-0.0726746442574328
23.7770833333333,-0.0580036376040713
23.7784722222222,-0.0773943972672994
23.7798611111111,-0.0984351510533755
23.78125,-0.0981861612236259
23.7826388888889,-0.0689890257286855
23.7840277777778,-0.0685175189788679
23.7854166666667,-0.0635462603840406
23.7868055555556,-0.0284231413987733
23.7881944444444,-0.0147926460789283
23.7895833333333,-0.0269238685588809
23.7909722222222,-0.0543164245091923
23.7923611111111,-0.0772622374012019
23.79375,-0.069740045522571
23.7951388888889,-0.0437917200984513
23.7965277777778,-0.0647473133440586
23.7979166666667,-0.0844176018635289
23.7993055555556,-0.113159622334107
23.8006944444444,-0.131798312524103
23.8020833333333,-0.126164451760476
23.8034722222222,-0.110295876296654
23.8048611111111,-0.0990235856418405
23.80625,-0.12640052558222
23.8076388888889,-0.141405818049306
23.8090277777778,-0.11656046234943
23.8104166666667,-0.120689533514745
23.8118055555556,-0.111847229588311
23.8131944444444,-0.0687468707130752
23.8145833333333,-0.0854009620608227
23.8159722222222,-0.0603022973990371
23.8173611111111,-0.0698608537933049
23.81875,-0.0372749938607868
23.8201388888889,-0.053000280241126
23.8215277777778,-0.0857787380350234
23.8229166666667,-0.133494693913879
23.8243055555556,-0.122545754447755
23.8256944444444,-0.102426362957935
23.8270833333333,-0.110401231563343
23.8284722222222,-0.108807638412625
23.8298611111111,-0.110589263048724
23.83125,-0.0911558907708057
23.8326388888889,-0.083108386273852
23.8340277777778,-0.102939003077993
23.8354166666667,-0.100877585135418
23.8368055555556,-0.0562816126960175
23.8381944444444,-0.0720741786440808
23.8395833333333,-0.0975672355501792
23.8409722222222,-0.17361223639491
23.8423611111111,-0.147148699076644
23.84375,-0.131658039512411
23.8451388888889,-0.0944533858593209
23.8465277777778,-0.143507104524042
23.8479166666667,-0.136449214608161
23.8493055555556,-0.125953252027243
23.8506944444444,-0.140500381863036
23.8520833333333,-0.14125218934553
23.8534722222222,-0.150046444898936
23.8548611111111,-0.143631833401575
23.85625,-0.134817262455933
23.8576388888889,-0.111644048402929
23.8590277777778,-0.117749362972742
23.8604166666667,-0.124832792804319
23.8618055555556,-0.137283491037808
23.8631944444444,-0.146132185260724
23.8645833333333,-0.138335191200197
23.8659722222222,-0.116356946568403
23.8673611111111,-0.0805995486819513
23.86875,-0.118868188597218
23.8701388888889,-0.106885070123146
23.8715277777778,-0.121807706622406
23.8729166666667,-0.113277544866458
23.8743055555556,-0.124786371749466
23.8756944444444,-0.133107077470799
23.8770833333333,-0.137434963603971
23.8784722222222,-0.13648961081389
23.8798611111111,-0.163068489674788
23.88125,-0.170969748038362
23.8826388888889,-0.173936049751557
23.8840277777778,-0.181926453324513
23.8854166666667,-0.153635744406118
23.8868055555556,-0.172079220483011
23.8881944444444,-0.201602629745549
23.8895833333333,-0.191965647032677
23.8909722222222,-0.171537320707366
23.8923611111111,-0.154506193445906
23.89375,-0.163427189816646
23.8951388888889,-0.146651600954354
23.8965277777778,-0.155323392313172
23.8979166666667,-0.171285145558805
23.8993055555556,-0.155665329569967
23.9006944444444,-0.156899926376301
23.9020833333333,-0.180386653028808
23.9034722222222,-0.175019088219194
23.9048611111111,-0.194833930526813
23.90625,-0.167388720302961
23.9076388888889,-0.145928304471119
23.9090277777778,-0.145188490000865
23.9104166666667,-0.164314576511116
23.9118055555556,-0.180646246860561
23.9131944444444,-0.157775288855607
23.9145833333333,-0.141780939837738
23.9159722222222,-0.147973701649522
23.9173611111111,-0.144544996608987
23.91875,-0.180679284585112
23.9201388888889,-0.172826611009635
23.9215277777778,-0.194152041148069
23.9229166666667,-0.180677649877759
23.9243055555556,-0.180987716471627
23.9256944444444,-0.188859684094359
23.9270833333333,-0.164266064517266
23.9284722222222,-0.165029435085451
23.9298611111111,-0.15511916973082
23.93125,-0.14171758056518
23.9326388888889,-0.133327652629658
23.9340277777778,-0.175219762712485
23.9354166666667,-0.166343028439278
23.9368055555556,-0.202335888010142
23.9381944444444,-0.164871044542375
23.9395833333333,-0.216423626951535
23.9409722222222,-0.210356330219455
23.9423611111111,-0.153827646364648
23.94375,-0.0881419557656549
23.9451388888889,-0.101607302757287
23.9465277777778,-0.10903540751298
23.9479166666667,-0.129090574498202
23.9493055555556,-0.13971890710913
23.9506944444444,-0.156993491113694
23.9520833333333,-0.156587902680221
23.9534722222222,-0.148184300005951
23.9548611111111,-0.147962171036619
23.95625,-0.1643379931064
23.9576388888889,-0.150466843437653
23.9590277777778,-0.164510033157456
23.9604166666667,-0.184158926597084
23.9618055555556,-0.199108304576632
23.9631944444444,-0.164349520166158
23.9645833333333,-0.146363710671154
23.9659722222222,-0.170615157723685
23.9673611111111,-0.183924160840238
23.96875,-0.152441349236398
23.9701388888889,-0.1227853435161
23.9715277777778,-0.0990166277238074
23.9729166666667,-0.113630391195173
23.9743055555556,-0.106322081119594
23.9756944444444,-0.0991926690006837
23.9770833333333,-0.118509098987669
23.9784722222222,-0.122264653518909
23.9798611111111,-0.117229708341132
23.98125,-0.145161259823614
23.9826388888889,-0.14028033877691
23.9840277777778,-0.147803633057543
23.9854166666667,-0.164183670745297
23.9868055555556,-0.188442096458072
23.9881944444444,-0.182830879074333
23.9895833333333,-0.180439949242971
23.9909722222222,-0.173760211122139
23.9923611111111,-0.191187920128594
23.99375,-0.172998097409661
23.9951388888889,-0.162959704889858
23.9965277777778,-0.162748143568112
23.9979166666667,-0.182815051207198
23.9993055555556,-0.185181130841992
