"wake_aligned_time_hours","value"
0.000694444444444444,1.32742112192015
0.00208333333333333,1.30711995159453
0.00347222222222222,1.29556487930058
0.00486111111111111,1.28090672730785
0.00625,1.31874570358453
0.00763888888888889,1.31053223497817
0.00902777777777778,1.34442358009191
0.0104166666666667,1.34603157246859
0.0118055555555556,1.29994759398994
0.0131944444444444,1.27467962124442
0.0145833333333333,1.29784407254568
0.0159722222222222,1.30390529871244
0.0173611111111111,1.27516877100816
0.01875,1.3034183305647
0.0201388888888889,1.3123645819094
0.0215277777777778,1.35757735880491
0.0229166666666667,1.42358313384307
0.0243055555555556,1.42793588262276
0.0256944444444444,1.46241681218515
0.0270833333333333,1.4485825626433
0.0284722222222222,1.37219729594455
0.0298611111111111,1.3720860074751
0.03125,1.35496933922745
0.0326388888888889,1.39117164971373
0.0340277777777778,1.4258560554103
0.0354166666666667,1.38182068362137
0.0368055555555556,1.3715778946224
0.0381944444444444,1.35069002072346
0.0395833333333333,1.37330936048763
0.0409722222222222,1.34828752782521
0.0423611111111111,1.35217291023424
0.04375,1.34612470545781
0.0451388888888889,1.30055778984734
0.0465277777777778,1.31265102248785
0.0479166666666667,1.36102299286499
0.0493055555555556,1.35328371727168
0.0506944444444444,1.40250880064975
0.0520833333333333,1.39958192413985
0.0534722222222222,1.38969911359148
0.0548611111111111,1.28162864920506
0.05625,1.29420671520793
0.0576388888888889,1.29875518660359
0.0590277777777778,1.31256815329626
0.0604166666666667,1.30728658104749
0.0618055555555556,1.2571474950999
0.0631944444444444,1.28159925664005
0.0645833333333333,1.33396126327206
0.0659722222222222,1.36364460521462
0.0673611111111111,1.35871145202577
0.06875,1.29750046844881
0.0701388888888889,1.32876179454021
0.0715277777777778,1.30491513911307
0.0729166666666667,1.22175098561126
0.0743055555555556,1.27469955730018
0.0756944444444444,1.30002959418985
0.0770833333333333,1.32580221303086
0.0784722222222222,1.34514120724021
0.0798611111111111,1.32639165953844
0.08125,1.29371351798954
0.0826388888888889,1.29308498818998
0.0840277777777778,1.28222832991742
0.0854166666666667,1.28601023509503
0.0868055555555556,1.2794622298315
0.0881944444444445,1.23055867943913
0.0895833333333333,1.23517648337075
0.0909722222222222,1.24632867118407
0.0923611111111111,1.2717597667725
0.09375,1.25892701930189
0.0951388888888889,1.25384483013982
0.0965277777777778,1.23678919503015
0.0979166666666667,1.25566181334189
0.0993055555555555,1.2856663484843
0.100694444444444,1.27161709735761
0.102083333333333,1.27889761476473
0.103472222222222,1.28668382623372
0.104861111111111,1.31839985001934
0.10625,1.31178684779174
0.107638888888889,1.31548942476954
0.109027777777778,1.27277792914102
0.110416666666667,1.28120192129531
0.111805555555556,1.30415688854877
0.113194444444444,1.26464241738495
0.114583333333333,1.27350951043008
0.115972222222222,1.26469200454038
0.117361111111111,1.28838189853336
0.11875,1.29673728123181
0.120138888888889,1.31291355616191
0.121527777777778,1.30638847106729
0.122916666666667,1.33552009901935
0.124305555555556,1.29353187711384
0.125694444444444,1.26556375879655
0.127083333333333,1.26061015379446
0.128472222222222,1.26762700775641
0.129861111111111,1.30022776853665
0.13125,1.31891833126171
0.132638888888889,1.30769244956405
0.134027777777778,1.28461732195697
0.135416666666667,1.29550214828828
0.136805555555556,1.26951056035421
0.138194444444444,1.23471732193851
0.139583333333333,1.21962059873511
0.140972222222222,1.21007937326438
0.142361111111111,1.20826878263789
0.14375,1.21168806965203
0.145138888888889,1.20875506288828
0.146527777777778,1.2335147953871
0.147916666666667,1.26062377939653
0.149305555555556,1.27642667371159
0.150694444444444,1.23241133970164
0.152083333333333,1.20170494696905
0.153472222222222,1.23450200623978
0.154861111111111,1.25134568122377
0.15625,1.2860866152447
0.157638888888889,1.23634799147424
0.159027777777778,1.22219451352935
0.160416666666667,1.21003113226762
0.161805555555556,1.23305117919389
0.163194444444444,1.2524545415048
0.164583333333333,1.27702670448719
0.165972222222222,1.26173091903456
0.167361111111111,1.25301807719207
0.16875,1.25910029556625
0.170138888888889,1.25042384029619
0.171527777777778,1.20211424167366
0.172916666666667,1.22455948373845
0.174305555555556,1.21283353214646
0.175694444444444,1.21156051267848
0.177083333333333,1.2672646448169
0.178472222222222,1.28590178208388
0.179861111111111,1.27219064267143
0.18125,1.35526933948364
0.182638888888889,1.36092809250687
0.184027777777778,1.28694273288469
0.185416666666667,1.3121750269459
0.186805555555556,1.26863188624816
0.188194444444444,1.26556934574841
0.189583333333333,1.30321051028152
0.190972222222222,1.29770569192391
0.192361111111111,1.2725429560476
0.19375,1.26782724241109
0.195138888888889,1.29784223239898
0.196527777777778,1.30069744196043
0.197916666666667,1.29677230653236
0.199305555555556,1.25508863478523
0.200694444444444,1.23947144682807
0.202083333333333,1.27371259274747
0.203472222222222,1.23888882131436
0.204861111111111,1.22255404510212
0.20625,1.24181857476404
0.207638888888889,1.24652520760452
0.209027777777778,1.23734434386779
0.210416666666667,1.28498650197776
0.211805555555556,1.24525817411122
0.213194444444444,1.23479053892867
0.214583333333333,1.28912300758102
0.215972222222222,1.31787322270549
0.217361111111111,1.28033646591622
0.21875,1.26825360751784
0.220138888888889,1.28328058830633
0.221527777777778,1.2474837384292
0.222916666666667,1.20314235163561
0.224305555555556,1.17455604852994
0.225694444444444,1.21221950235812
0.227083333333333,1.22560688833564
0.228472222222222,1.24018163970184
0.229861111111111,1.23796488124193
0.23125,1.2085357539199
0.232638888888889,1.2442249677201
0.234027777777778,1.20577172586238
0.235416666666667,1.23451685252264
0.236805555555556,1.23708725134291
0.238194444444444,1.23054629369785
0.239583333333333,1.24426457556428
0.240972222222222,1.21992940443638
0.242361111111111,1.23469161903022
0.24375,1.22978194728755
0.245138888888889,1.24335513701251
0.246527777777778,1.26708379434738
0.247916666666667,1.27425241830393
0.249305555555556,1.24412457559291
0.250694444444444,1.21087323937274
0.252083333333333,1.25784585384698
0.253472222222222,1.30403550717046
0.254861111111111,1.25540479211407
0.25625,1.20174312832956
0.257638888888889,1.21084431891086
0.259027777777778,1.21764392742501
0.260416666666667,1.25100363155476
0.261805555555556,1.2353125806517
0.263194444444444,1.20875199059231
0.264583333333333,1.24486050114778
0.265972222222222,1.19208669969056
0.267361111111111,1.16913935417336
0.26875,1.16801619290598
0.270138888888889,1.24173061809816
0.271527777777778,1.26665855925784
0.272916666666667,1.20349083147938
0.274305555555556,1.19521571903392
0.275694444444444,1.21966061304992
0.277083333333333,1.22017871898583
0.278472222222222,1.18746356890881
0.279861111111111,1.1663265076983
0.28125,1.13109451909189
0.282638888888889,1.17201822105879
0.284027777777778,1.22023825705618
0.285416666666667,1.21516807140291
0.286805555555556,1.19103202923458
0.288194444444444,1.18612248065238
0.289583333333333,1.22190946736096
0.290972222222222,1.24743207685569
0.292361111111111,1.24041855665475
0.29375,1.19053752132419
0.295138888888889,1.20852508882756
0.296527777777778,1.25360383909373
0.297916666666667,1.22796393957006
0.299305555555556,1.20313455821189
0.300694444444444,1.20615617584989
0.302083333333333,1.26308293544076
0.303472222222222,1.23896043191028
0.304861111111111,1.23328036534046
0.30625,1.22017599311721
0.307638888888889,1.23768727335648
0.309027777777778,1.27039730711048
0.310416666666667,1.29846437901518
0.311805555555556,1.29398567966727
0.313194444444444,1.3033532829956
0.314583333333333,1.26616398969346
0.315972222222222,1.20249268467076
0.317361111111111,1.17229469520215
0.31875,1.23330603528282
0.320138888888889,1.26822918860977
0.321527777777778,1.28490952831031
0.322916666666667,1.2355554534196
0.324305555555556,1.26670218205878
0.325694444444444,1.25142231369217
0.327083333333333,1.22865124122829
0.328472222222222,1.19467166528485
0.329861111111111,1.22206721248142
0.33125,1.27151855275266
0.332638888888889,1.25368118294943
0.334027777777778,1.27815732965582
0.335416666666667,1.24462675495266
0.336805555555556,1.27418991472183
0.338194444444444,1.26248770430751
0.339583333333333,1.2383579214414
0.340972222222222,1.2737689508651
0.342361111111111,1.27825714553608
0.34375,1.24542588880305
0.345138888888889,1.23977611996519
0.346527777777778,1.24881971580215
0.347916666666667,1.26061573024339
0.349305555555556,1.28819756937565
0.350694444444444,1.25845970793371
0.352083333333333,1.24462285150594
0.353472222222222,1.20715542181734
0.354861111111111,1.22210352758871
0.35625,1.21466379496922
0.357638888888889,1.23260112718456
0.359027777777778,1.24727715910444
0.360416666666667,1.2513065668881
0.361805555555556,1.25628410102435
0.363194444444444,1.20939352557374
0.364583333333333,1.22164092677943
0.365972222222222,1.2781277145164
0.367361111111111,1.20623443850877
0.36875,1.19813095937486
0.370138888888889,1.19674557195359
0.371527777777778,1.11816048004101
0.372916666666667,1.15866558616157
0.374305555555556,1.16921170001856
0.375694444444444,1.17565225925396
0.377083333333333,1.12772589575477
0.378472222222222,1.14999932749672
0.379861111111111,1.1734828789153
0.38125,1.17040060128823
0.382638888888889,1.17825437319421
0.384027777777778,1.16041571274756
0.385416666666667,1.15996833387556
0.386805555555556,1.15128210552122
0.388194444444444,1.1384842326939
0.389583333333333,1.1616247259611
0.390972222222222,1.15053265248457
0.392361111111111,1.14497085742979
0.39375,1.17290319659633
0.395138888888889,1.17466597568852
0.396527777777778,1.17411475582999
0.397916666666667,1.17883533399733
0.399305555555556,1.12439362508511
0.400694444444444,1.08464796011111
0.402083333333333,1.0761025103053
0.403472222222222,1.11039730375569
0.404861111111111,1.10357566287766
0.40625,1.11963012220249
0.407638888888889,1.15424362648291
0.409027777777778,1.13518378810742
0.410416666666667,1.15824425945591
0.411805555555556,1.15261981541015
0.413194444444444,1.16286222019619
0.414583333333333,1.1697113188934
0.415972222222222,1.11160760507349
0.417361111111111,1.09520931039512
0.41875,1.09863325461213
0.420138888888889,1.09703445901499
0.421527777777778,1.15584824881421
0.422916666666667,1.11854956159091
0.424305555555556,1.06421177172843
0.425694444444444,1.09633381063511
0.427083333333333,1.07227452512637
0.428472222222222,1.05325572129155
0.429861111111111,1.04750040698429
0.43125,1.04524979984299
0.432638888888889,1.0628129796974
0.434027777777778,1.03255315199431
0.435416666666667,1.05553464785687
0.436805555555556,1.09591832026193
0.438194444444444,1.07394346994582
0.439583333333333,1.11455169670778
0.440972222222222,1.16075475720473
0.442361111111111,1.17719656822658
0.44375,1.17885282236234
0.445138888888889,1.1378493800943
0.446527777777778,1.14704149504363
0.447916666666667,1.20950989672901
0.449305555555556,1.12253531590769
0.450694444444444,1.14788658911407
0.452083333333333,1.16594687460282
0.453472222222222,1.16254335471435
0.454861111111111,1.16258868256419
0.45625,1.14443160111851
0.457638888888889,1.16266477099132
0.459027777777778,1.15765538877256
0.460416666666667,1.12509836323027
0.461805555555556,1.07533204617916
0.463194444444444,1.10557342142019
0.464583333333333,1.1405378565395
0.465972222222222,1.14229341288538
0.467361111111111,1.17796537839827
0.46875,1.18739269995986
0.470138888888889,1.18815635001052
0.471527777777778,1.18308605163098
0.472916666666667,1.18238839100996
0.474305555555556,1.15506223637965
0.475694444444444,1.15394218030329
0.477083333333333,1.12334484134351
0.478472222222222,1.11457550198435
0.479861111111111,1.14401504101682
0.48125,1.20599493750872
0.482638888888889,1.19478730344511
0.484027777777778,1.17300780909769
0.485416666666667,1.24863881902883
0.486805555555556,1.2524024277575
0.488194444444444,1.20898754817831
0.489583333333333,1.19611851650532
0.490972222222222,1.20782514168963
0.492361111111111,1.1614817831868
0.49375,1.22855680180574
0.495138888888889,1.17449797533704
0.496527777777778,1.11583130145572
0.497916666666667,1.17404991477018
0.499305555555556,1.2048616714199
0.500694444444444,1.23579496651279
0.502083333333333,1.26990538228265
0.503472222222222,1.24149350372149
0.504861111111111,1.20539757877677
0.50625,1.22719859108638
0.507638888888889,1.2425794662998
0.509027777777778,1.26889374467891
0.510416666666667,1.20227759118551
0.511805555555556,1.23036070819311
0.513194444444444,1.23534804013349
0.514583333333333,1.20703931072835
0.515972222222222,1.2370238840995
0.517361111111111,1.22686437254559
0.51875,1.239540604412
0.520138888888889,1.21120516778458
0.521527777777778,1.22176703663708
0.522916666666667,1.2102962965906
0.524305555555556,1.23061010637479
0.525694444444444,1.24475853366866
0.527083333333333,1.18292903733522
0.528472222222222,1.18483320497559
0.529861111111111,1.25062397756886
0.53125,1.21123893446523
0.532638888888889,1.20629314702562
0.534027777777778,1.1963811324922
0.535416666666667,1.23944132310041
0.536805555555556,1.23029016920121
0.538194444444444,1.27023431516829
0.539583333333333,1.29440333710692
0.540972222222222,1.26161518156351
0.542361111111111,1.24522171699803
0.54375,1.23421174485781
0.545138888888889,1.24234690522889
0.546527777777778,1.26613571526179
0.547916666666667,1.34440863050748
0.549305555555556,1.34221987115207
0.550694444444444,1.38501127100657
0.552083333333333,1.36701745314992
0.553472222222222,1.36807646850428
0.554861111111111,1.4242824872791
0.55625,1.36864666977333
0.557638888888889,1.34719186500158
0.559027777777778,1.3456352687992
0.560416666666667,1.3632033759614
0.561805555555556,1.322107914738
0.563194444444444,1.30763254614114
0.564583333333333,1.31602845928904
0.565972222222222,1.27767146962891
0.567361111111111,1.29436278334331
0.56875,1.36989624755899
0.570138888888889,1.40184153954112
0.571527777777778,1.36945449634373
0.572916666666667,1.37326134244601
0.574305555555556,1.33463787995786
0.575694444444444,1.37713651535209
0.577083333333333,1.36510489193
0.578472222222222,1.35645806307265
0.579861111111111,1.38080609351599
0.58125,1.3751802584093
0.582638888888889,1.39267181842683
0.584027777777778,1.38224891525674
0.585416666666667,1.37122009369722
0.586805555555556,1.30547985826068
0.588194444444444,1.34206060889069
0.589583333333333,1.32980297743279
0.590972222222222,1.27520213096694
0.592361111111111,1.29560709121276
0.59375,1.32110474138286
0.595138888888889,1.33333137129959
0.596527777777778,1.32491461294672
0.597916666666667,1.29101806414966
0.599305555555556,1.26485561779669
0.600694444444444,1.31735777080718
0.602083333333333,1.29841110425159
0.603472222222222,1.32550465505646
0.604861111111111,1.33830124625721
0.60625,1.29414622222713
0.607638888888889,1.31901765796894
0.609027777777778,1.32871672730944
0.610416666666667,1.3375737182796
0.611805555555556,1.38897450009779
0.613194444444444,1.35902684235781
0.614583333333333,1.3465657987993
0.615972222222222,1.32990111881348
0.617361111111111,1.32543982404797
0.61875,1.31989336147474
0.620138888888889,1.27040119652104
0.621527777777778,1.29803202306174
0.622916666666667,1.30929885490411
0.624305555555556,1.32713654040055
0.625694444444444,1.3280609964835
0.627083333333333,1.32347712205203
0.628472222222222,1.27972041743611
0.629861111111111,1.31397499868862
0.63125,1.31059364347282
0.632638888888889,1.29879127777511
0.634027777777778,1.35104197226338
0.635416666666667,1.36764194116434
0.636805555555556,1.35891642625805
0.638194444444444,1.3346789890083
0.639583333333333,1.33339331347533
0.640972222222222,1.3492164807996
0.642361111111111,1.34464395604077
0.64375,1.38853413604048
0.645138888888889,1.40249746792069
0.646527777777778,1.34276545807073
0.647916666666667,1.33341223306219
0.649305555555556,1.32331802225656
0.650694444444444,1.31936330280146
0.652083333333333,1.31866902698997
0.653472222222222,1.36265059862108
0.654861111111111,1.40957229637832
0.65625,1.37639319009724
0.657638888888889,1.33260521274947
0.659027777777778,1.33150454837398
0.660416666666667,1.31980807891553
0.661805555555556,1.36383370427909
0.663194444444444,1.37845782046111
0.664583333333333,1.38562994155095
0.665972222222222,1.41039998561214
0.667361111111111,1.37656177880977
0.66875,1.35613834716342
0.670138888888889,1.32771348989043
0.671527777777778,1.28080060720114
0.672916666666667,1.26951325910014
0.674305555555556,1.27595889037412
0.675694444444444,1.25182374372926
0.677083333333333,1.33844535102193
0.678472222222222,1.36394647994795
0.679861111111111,1.3382878961409
0.68125,1.33703932646333
0.682638888888889,1.37144892524016
0.684027777777778,1.33758789667112
0.685416666666667,1.31932446643786
0.686805555555556,1.3098134334915
0.688194444444444,1.33033396474713
0.689583333333333,1.3318528675658
0.690972222222222,1.36192397866398
0.692361111111111,1.36099659612871
0.69375,1.3477881644428
0.695138888888889,1.29927214414363
0.696527777777778,1.32888097452241
0.697916666666667,1.3504757372295
0.699305555555556,1.34595247460719
0.700694444444444,1.30787565223366
0.702083333333333,1.31483169576647
0.703472222222222,1.3194222224965
0.704861111111111,1.3110743266638
0.70625,1.32371467884098
0.707638888888889,1.31075901625564
0.709027777777778,1.3491068251469
0.710416666666667,1.31688160608922
0.711805555555556,1.29587744766225
0.713194444444444,1.31439046011477
0.714583333333333,1.32326377373898
0.715972222222222,1.33053868510412
0.717361111111111,1.33231509911201
0.71875,1.32112653193628
0.720138888888889,1.31084982449582
0.721527777777778,1.3410139428515
0.722916666666667,1.34368033734385
0.724305555555556,1.34280003516358
0.725694444444444,1.38116604979245
0.727083333333333,1.38660401429309
0.728472222222222,1.40280090534084
0.729861111111111,1.34995616216618
0.73125,1.36979768652672
0.732638888888889,1.41099921182482
0.734027777777778,1.39087033615809
0.735416666666667,1.38727919398142
0.736805555555556,1.37911642937712
0.738194444444444,1.37989146525332
0.739583333333333,1.36204704188672
0.740972222222222,1.35597263581949
0.742361111111111,1.35089043576625
0.74375,1.37664346499559
0.745138888888889,1.34858536843314
0.746527777777778,1.33879352457264
0.747916666666667,1.38800135326451
0.749305555555556,1.3978289734116
0.750694444444444,1.39520216675564
0.752083333333333,1.37977355379662
0.753472222222222,1.37847687511825
0.754861111111111,1.37373532743675
0.75625,1.38108758051202
0.757638888888889,1.39552921472992
0.759027777777778,1.37975528366313
0.760416666666667,1.38025932285466
0.761805555555556,1.42101231162008
0.763194444444444,1.36025083528806
0.764583333333333,1.33956910651869
0.765972222222222,1.33846956198859
0.767361111111111,1.33472035082712
0.76875,1.32186885811451
0.770138888888889,1.36145200961068
0.771527777777778,1.34874927271409
0.772916666666667,1.32326985300972
0.774305555555556,1.39871212029578
0.775694444444444,1.41655434932358
0.777083333333333,1.38748338730452
0.778472222222222,1.38692580072234
0.779861111111111,1.39349954760935
0.78125,1.35292291594355
0.782638888888889,1.37653433927964
0.784027777777778,1.36614803313529
0.785416666666667,1.37736870621243
0.786805555555556,1.33973737223691
0.788194444444444,1.38650921963759
0.789583333333333,1.36347383988165
0.790972222222222,1.33137281753148
0.792361111111111,1.32009286115676
0.79375,1.35052403630815
0.795138888888889,1.33796597392034
0.796527777777778,1.31180695559188
0.797916666666667,1.32504100870417
0.799305555555556,1.28702272281579
0.800694444444444,1.27269096481236
0.802083333333333,1.29156066061035
0.803472222222222,1.28512187635253
0.804861111111111,1.28705179891581
0.80625,1.30308497452957
0.807638888888889,1.28565494593715
0.809027777777778,1.29055089012577
0.810416666666667,1.32704652591889
0.811805555555556,1.32413904590696
0.813194444444444,1.32864181684665
0.814583333333333,1.33813680892156
0.815972222222222,1.35803353947818
0.817361111111111,1.36529652691585
0.81875,1.41031688969599
0.820138888888889,1.44149686690877
0.821527777777778,1.39145370014326
0.822916666666667,1.36376615100842
0.824305555555556,1.31964844207018
0.825694444444444,1.39898930762256
0.827083333333333,1.41233731165561
0.828472222222222,1.38348807660057
0.829861111111111,1.39752947857385
0.83125,1.41787757929666
0.832638888888889,1.38071564396189
0.834027777777778,1.37617890227124
0.835416666666667,1.38579535779443
0.836805555555556,1.37318155165711
0.838194444444444,1.36084866363672
0.839583333333333,1.34359719153577
0.840972222222222,1.30357663539817
0.842361111111111,1.30424626289341
0.84375,1.29593541955173
0.845138888888889,1.29254344006728
0.846527777777778,1.26607554850194
0.847916666666667,1.26869708229788
0.849305555555556,1.2834201749767
0.850694444444444,1.3337005635834
0.852083333333333,1.34163583714296
0.853472222222222,1.36277496560758
0.854861111111111,1.37708385313886
0.85625,1.35477235826201
0.857638888888889,1.31697692607004
0.859027777777778,1.30766609114653
0.860416666666667,1.30547349017847
0.861805555555556,1.25748656443072
0.863194444444444,1.28510808111743
0.864583333333333,1.28969648083974
0.865972222222222,1.27890788400121
0.867361111111111,1.29385373667036
0.86875,1.35957510339732
0.870138888888889,1.36942790634498
0.871527777777778,1.37055800429221
0.872916666666667,1.34764910945543
0.874305555555556,1.32526767603358
0.875694444444444,1.2879451666235
0.877083333333333,1.30981690116695
0.878472222222222,1.31717751083921
0.879861111111111,1.30735917929308
0.88125,1.32834134804953
0.882638888888889,1.33729644811034
0.884027777777778,1.3251709764559
0.885416666666667,1.40240072240468
0.886805555555556,1.35958279586693
0.888194444444444,1.38845601668967
0.889583333333333,1.36733402707929
0.890972222222222,1.33971121489319
0.892361111111111,1.36609839950924
0.89375,1.38972354472089
0.895138888888889,1.43137376070041
0.896527777777778,1.39240310619337
0.897916666666667,1.40263840303807
0.899305555555556,1.38282325412178
0.900694444444444,1.38680852509286
0.902083333333333,1.36325446216899
0.903472222222222,1.36702089361387
0.904861111111111,1.37842539365001
0.90625,1.38859952826405
0.907638888888889,1.38838375930051
0.909027777777778,1.3785304734971
0.910416666666667,1.39035598218057
0.911805555555556,1.35850821369693
0.913194444444444,1.34301956032397
0.914583333333333,1.38576200416994
0.915972222222222,1.38973767315258
0.917361111111111,1.40961581073714
0.91875,1.38984159863164
0.920138888888889,1.36652938435421
0.921527777777778,1.34504695802915
0.922916666666667,1.37882103533106
0.924305555555556,1.37292012866866
0.925694444444444,1.36099844368024
0.927083333333333,1.35427971573222
0.928472222222222,1.33928025133964
0.929861111111111,1.34846235648572
0.93125,1.41128722899845
0.932638888888889,1.41791976638204
0.934027777777778,1.4292348686203
0.935416666666667,1.4267739581166
0.936805555555556,1.41779993569346
0.938194444444444,1.45557850229434
0.939583333333333,1.45499450806607
0.940972222222222,1.45779202987182
0.942361111111111,1.44427433567172
0.94375,1.4406293965939
0.945138888888889,1.46852186978543
0.946527777777778,1.48515820096096
0.947916666666667,1.48752492029893
0.949305555555556,1.52547237109959
0.950694444444444,1.49523064840862
0.952083333333333,1.5618081642535
0.953472222222222,1.50856942473753
0.954861111111111,1.43285060840709
0.95625,1.39222262790301
0.957638888888889,1.4195115529693
0.959027777777778,1.44013344532357
0.960416666666667,1.39976803008845
0.961805555555556,1.3797531488125
0.963194444444444,1.40830262786256
0.964583333333333,1.38131903893805
0.965972222222222,1.41211492954942
0.967361111111111,1.39788326110087
0.96875,1.37082289775985
0.970138888888889,1.44487168309531
0.971527777777778,1.43810970165194
0.972916666666667,1.45296036378273
0.974305555555556,1.42210758267902
0.975694444444444,1.40546605709588
0.977083333333333,1.40309017892877
0.978472222222222,1.45630219204326
0.979861111111111,1.44088242852249
0.98125,1.44352723106843
0.982638888888889,1.37776505905896
0.984027777777778,1.32250004147205
0.985416666666667,1.36661019073044
0.986805555555556,1.36648220119595
0.988194444444444,1.3294742075676
0.989583333333333,1.3141144753396
0.990972222222222,1.298972477633
0.992361111111111,1.35209938731498
0.99375,1.40193797953779
0.995138888888889,1.4241972921693
0.996527777777778,1.43328177024661
0.997916666666667,1.46296517178023
0.999305555555556,1.48719696645512
1.00069444444444,1.57949946132234
1.00208333333333,1.52888638982345
1.00347222222222,1.48869416862884
1.00486111111111,1.45722068997251
1.00625,1.50169858744532
1.00763888888889,1.52579409257207
1.00902777777778,1.50351257974634
1.01041666666667,1.51780984339279
1.01180555555556,1.45633872915877
1.01319444444444,1.42104783156144
1.01458333333333,1.38057141876905
1.01597222222222,1.41336499621488
1.01736111111111,1.42346327148403
1.01875,1.45411430770292
1.02013888888889,1.45386472429979
1.02152777777778,1.45873724883171
1.02291666666667,1.41095192016203
1.02430555555556,1.42764555121067
1.02569444444444,1.4088133744757
1.02708333333333,1.42193927577151
1.02847222222222,1.41461680272305
1.02986111111111,1.47440695227124
1.03125,1.49255490157678
1.03263888888889,1.43969749905974
1.03402777777778,1.40849247377215
1.03541666666667,1.44580918560088
1.03680555555556,1.43794062449219
1.03819444444444,1.4051892933313
1.03958333333333,1.45786614866606
1.04097222222222,1.46656353844053
1.04236111111111,1.47348355832887
1.04375,1.45376971628788
1.04513888888889,1.4020603404544
1.04652777777778,1.44286372413154
1.04791666666667,1.46663986871371
1.04930555555556,1.4166455812488
1.05069444444444,1.40814766816392
1.05208333333333,1.43604208393545
1.05347222222222,1.44297256830425
1.05486111111111,1.41343046231447
1.05625,1.40423369119447
1.05763888888889,1.38890990247396
1.05902777777778,1.40121602079504
1.06041666666667,1.39123422722332
1.06180555555556,1.4290185631127
1.06319444444444,1.42072223590032
1.06458333333333,1.42801689635962
1.06597222222222,1.43826158742446
1.06736111111111,1.4925492908428
1.06875,1.45665462746763
1.07013888888889,1.39422869474023
1.07152777777778,1.38162728088178
1.07291666666667,1.38227069765531
1.07430555555556,1.41322316372817
1.07569444444444,1.42778527564243
1.07708333333333,1.43997487675625
1.07847222222222,1.43290937656688
1.07986111111111,1.43167224742718
1.08125,1.46506313030684
1.08263888888889,1.40810594335198
1.08402777777778,1.45601086678436
1.08541666666667,1.50924469360679
1.08680555555556,1.47000681754906
1.08819444444444,1.4453532263838
1.08958333333333,1.47482997756703
1.09097222222222,1.4865789671965
1.09236111111111,1.47075675179981
1.09375,1.5052811386995
1.09513888888889,1.48039553549323
1.09652777777778,1.37835576599212
1.09791666666667,1.36630929018547
1.09930555555556,1.35656271893154
1.10069444444444,1.35311736522645
1.10208333333333,1.41160333984708
1.10347222222222,1.39188161666027
1.10486111111111,1.39153974904754
1.10625,1.39564458069996
1.10763888888889,1.39830934687996
1.10902777777778,1.43924314043063
1.11041666666667,1.41294705207661
1.11180555555556,1.37086518753377
1.11319444444444,1.41447551659233
1.11458333333333,1.44690769873056
1.11597222222222,1.46071151729572
1.11736111111111,1.44994880937392
1.11875,1.46896712026383
1.12013888888889,1.46153072176054
1.12152777777778,1.41662679494333
1.12291666666667,1.42647801704604
1.12430555555556,1.40720629499835
1.12569444444444,1.42985321971512
1.12708333333333,1.43713186072135
1.12847222222222,1.42614607507917
1.12986111111111,1.39339991014551
1.13125,1.4312884765305
1.13263888888889,1.45019936869928
1.13402777777778,1.4892610143933
1.13541666666667,1.47017784814061
1.13680555555556,1.51483450592118
1.13819444444444,1.45532487012836
1.13958333333333,1.45454589386213
1.14097222222222,1.45884613318973
1.14236111111111,1.46218799795905
1.14375,1.40266913766863
1.14513888888889,1.42734753078391
1.14652777777778,1.43836312186653
1.14791666666667,1.45338595620076
1.14930555555556,1.46884444366662
1.15069444444444,1.44868486954176
1.15208333333333,1.405099971824
1.15347222222222,1.40055790030857
1.15486111111111,1.41990643487362
1.15625,1.42017265231147
1.15763888888889,1.45130005363938
1.15902777777778,1.44387572079998
1.16041666666667,1.47260732434036
1.16180555555556,1.43845616135041
1.16319444444444,1.38595977719642
1.16458333333333,1.37568439876958
1.16597222222222,1.38482170531879
1.16736111111111,1.36202951491735
1.16875,1.41098560722595
1.17013888888889,1.42777610276322
1.17152777777778,1.45051714721469
1.17291666666667,1.46823710490119
1.17430555555556,1.38305537116311
1.17569444444444,1.38653439025999
1.17708333333333,1.41529359922405
1.17847222222222,1.3838549743633
1.17986111111111,1.36248627863195
1.18125,1.38924752662864
1.18263888888889,1.41168185045339
1.18402777777778,1.41196417895372
1.18541666666667,1.42628664310669
1.18680555555556,1.42460868163412
1.18819444444444,1.44622222342956
1.18958333333333,1.48983895623855
1.19097222222222,1.47290110977593
1.19236111111111,1.46308505176441
1.19375,1.44836745343826
1.19513888888889,1.47483885303341
1.19652777777778,1.46396038510107
1.19791666666667,1.42113062853113
1.19930555555556,1.40923742596626
1.20069444444444,1.44701465396714
1.20208333333333,1.45702898574087
1.20347222222222,1.47363919108584
1.20486111111111,1.45764326145778
1.20625,1.43017986913312
1.20763888888889,1.42460743503683
1.20902777777778,1.42558963791738
1.21041666666667,1.44672712261436
1.21180555555556,1.43415071285405
1.21319444444444,1.42260925983066
1.21458333333333,1.47937847947312
1.21597222222222,1.439044581292
1.21736111111111,1.40190221847946
1.21875,1.40362154527385
1.22013888888889,1.35934731657019
1.22152777777778,1.34890523372923
1.22291666666667,1.36239692298507
1.22430555555556,1.40864244975603
1.22569444444444,1.43719407014008
1.22708333333333,1.3640682655953
1.22847222222222,1.43820180882687
1.22986111111111,1.42272994133197
1.23125,1.41741654904389
1.23263888888889,1.38565292690151
1.23402777777778,1.42706235405058
1.23541666666667,1.43891406572279
1.23680555555556,1.41591622991286
1.23819444444444,1.44157890565347
1.23958333333333,1.44612406118068
1.24097222222222,1.46225065494277
1.24236111111111,1.46237524899629
1.24375,1.51612332146111
1.24513888888889,1.5209611381681
1.24652777777778,1.50945973927407
1.24791666666667,1.51082019053551
1.24930555555556,1.5520621901378
1.25069444444444,1.51080037195336
1.25208333333333,1.52166998329749
1.25347222222222,1.53084233602056
1.25486111111111,1.53690081585601
1.25625,1.53566098563622
1.25763888888889,1.44432786888934
1.25902777777778,1.46113222361089
1.26041666666667,1.45293899478762
1.26180555555556,1.51641428576329
1.26319444444444,1.5169987195184
1.26458333333333,1.46384168903633
1.26597222222222,1.51336031262071
1.26736111111111,1.47794606148995
1.26875,1.45871800530349
1.27013888888889,1.41750441705871
1.27152777777778,1.41346161033505
1.27291666666667,1.3726640144061
1.27430555555556,1.41387504641269
1.27569444444444,1.42798783167618
1.27708333333333,1.34929129204436
1.27847222222222,1.33980720485183
1.27986111111111,1.39763510932617
1.28125,1.41570801305824
1.28263888888889,1.41908349108102
1.28402777777778,1.41774972765455
1.28541666666667,1.46047784614603
1.28680555555556,1.4433134419315
1.28819444444444,1.3669163388628
1.28958333333333,1.38048153235325
1.29097222222222,1.3834731100533
1.29236111111111,1.34628223929856
1.29375,1.38404568095339
1.29513888888889,1.39634676179471
1.29652777777778,1.38349440169042
1.29791666666667,1.36262938683079
1.29930555555556,1.40380436884447
1.30069444444444,1.44932269691993
1.30208333333333,1.49212142664505
1.30347222222222,1.5054534877921
1.30486111111111,1.48148689854487
1.30625,1.48195946382711
1.30763888888889,1.4317571158093
1.30902777777778,1.41914303641691
1.31041666666667,1.42856039357296
1.31180555555556,1.45245397796326
1.31319444444444,1.41889919286493
1.31458333333333,1.42930077807978
1.31597222222222,1.41901342976819
1.31736111111111,1.38950553033312
1.31875,1.43582849051155
1.32013888888889,1.46112682617496
1.32152777777778,1.4784272469377
1.32291666666667,1.48392636053767
1.32430555555556,1.4787368486585
1.32569444444444,1.48674462500934
1.32708333333333,1.48737877624965
1.32847222222222,1.43497376216928
1.32986111111111,1.40648847433732
1.33125,1.43385891998785
1.33263888888889,1.43585374516536
1.33402777777778,1.44844196439796
1.33541666666667,1.47005346728287
1.33680555555556,1.48310823943718
1.33819444444444,1.47530146340865
1.33958333333333,1.46407038131351
1.34097222222222,1.46313199663937
1.34236111111111,1.41471005370054
1.34375,1.41256591808554
1.34513888888889,1.37277823469186
1.34652777777778,1.41227735706127
1.34791666666667,1.36422344806881
1.34930555555556,1.35864318605525
1.35069444444444,1.40345843045695
1.35208333333333,1.37419690269775
1.35347222222222,1.37011363918793
1.35486111111111,1.3677245286243
1.35625,1.37354357691633
1.35763888888889,1.4227104840023
1.35902777777778,1.44829391951144
1.36041666666667,1.43278699167501
1.36180555555556,1.36799409843327
1.36319444444444,1.38892767552878
1.36458333333333,1.42583297272339
1.36597222222222,1.4111398951075
1.36736111111111,1.32536107683995
1.36875,1.32776916823727
1.37013888888889,1.34406252840307
1.37152777777778,1.36621804403242
1.37291666666667,1.35224461053322
1.37430555555556,1.31962999863852
1.37569444444444,1.30495514285222
1.37708333333333,1.33121637968548
1.37847222222222,1.30967420803987
1.37986111111111,1.37798011169542
1.38125,1.31801263388951
1.38263888888889,1.34795084774393
1.38402777777778,1.4741548936888
1.38541666666667,1.49320439650123
1.38680555555556,1.48730264802312
1.38819444444444,1.44015240139403
1.38958333333333,1.46238064468285
1.39097222222222,1.51851699570496
1.39236111111111,1.5512294936233
1.39375,1.53486378605767
1.39513888888889,1.58072756739283
1.39652777777778,1.54364054345186
1.39791666666667,1.54075755855396
1.39930555555556,1.50301328818534
1.40069444444444,1.533052564236
1.40208333333333,1.58088356366293
1.40347222222222,1.56948768610852
1.40486111111111,1.50287485804969
1.40625,1.5236194280725
1.40763888888889,1.43994169119066
1.40902777777778,1.44590837595358
1.41041666666667,1.37978361079759
1.41180555555556,1.53721320134827
1.41319444444444,1.5113424797695
1.41458333333333,1.49518349151618
1.41597222222222,1.53353937915715
1.41736111111111,1.52360690577975
1.41875,1.58053997368139
1.42013888888889,1.62737960093718
1.42152777777778,1.55349284910748
1.42291666666667,1.46129156075059
1.42430555555556,1.48571827586558
1.42569444444444,1.51277749860231
1.42708333333333,1.52657984321421
1.42847222222222,1.55306967819185
1.42986111111111,1.49847176823627
1.43125,1.52258980177922
1.43263888888889,1.50829119279641
1.43402777777778,1.49106995871517
1.43541666666667,1.44768947647803
1.43680555555556,1.45582830179734
1.43819444444444,1.48707261553814
1.43958333333333,1.48262892424985
1.44097222222222,1.50197335928553
1.44236111111111,1.50397012621279
1.44375,1.55089850574291
1.44513888888889,1.54133132353073
1.44652777777778,1.57008016751009
1.44791666666667,1.60013744049639
1.44930555555556,1.69104708299494
1.45069444444444,1.66034178104805
1.45208333333333,1.65609282487374
1.45347222222222,1.61705369053635
1.45486111111111,1.57607022161923
1.45625,1.65617596219621
1.45763888888889,1.55764733386742
1.45902777777778,1.63676112212203
1.46041666666667,1.71249688590399
1.46180555555556,1.74059516155024
1.46319444444444,1.71566528260922
1.46458333333333,1.66067978370198
1.46597222222222,1.60059386310073
1.46736111111111,1.59560079585031
1.46875,1.62055070985839
1.47013888888889,1.59509760447356
1.47152777777778,1.61921601423937
1.47291666666667,1.6468058868777
1.47430555555556,1.68208783710489
1.47569444444444,1.61529877597767
1.47708333333333,1.58029421623419
1.47847222222222,1.56617293795697
1.47986111111111,1.49160494000928
1.48125,1.58020351821167
1.48263888888889,1.62753831385615
1.48402777777778,1.54624621381604
1.48541666666667,1.5900411853485
1.48680555555556,1.6472207829309
1.48819444444444,1.70584634332123
1.48958333333333,1.71580910769675
1.49097222222222,1.73099033418112
1.49236111111111,1.72306368342676
1.49375,1.72729649175292
1.49513888888889,1.7248768569159
1.49652777777778,1.78400163101725
1.49791666666667,1.81763561014589
1.49930555555556,1.79292898299802
1.50069444444444,1.7729792033017
1.50208333333333,1.82260588989467
1.50347222222222,1.85887592161276
1.50486111111111,1.76512170491274
1.50625,1.76036063761677
1.50763888888889,1.84631239899239
1.50902777777778,1.85380839437523
1.51041666666667,1.87125271653782
1.51180555555556,1.82538542658015
1.51319444444444,1.76221637976217
1.51458333333333,1.73199973980947
1.51597222222222,1.79320854535704
1.51736111111111,1.70215968820392
1.51875,1.72415059514507
1.52013888888889,1.74783535534516
1.52152777777778,1.82919735375892
1.52291666666667,1.86243650094744
1.52430555555556,1.83904228478
1.52569444444444,1.84161917148221
1.52708333333333,1.85331330616405
1.52847222222222,1.91261115127142
1.52986111111111,1.90328804349583
1.53125,1.78122206727622
1.53263888888889,1.82619015925967
1.53402777777778,1.90051565466549
1.53541666666667,1.87491310697766
1.53680555555556,1.84034538179686
1.53819444444444,1.86918271870378
1.53958333333333,1.93536517266939
1.54097222222222,1.8991155250665
1.54236111111111,1.90638139263123
1.54375,1.95862242330268
1.54513888888889,1.93657784410627
1.54652777777778,1.9785878046013
1.54791666666667,1.8706574277257
1.54930555555556,1.86474490679354
1.55069444444444,1.91785054930163
1.55208333333333,1.92821996627577
1.55347222222222,1.87921453737087
1.55486111111111,1.84222427345624
1.55625,1.88250809086084
1.55763888888889,1.90122515885309
1.55902777777778,1.90418219047943
1.56041666666667,2.04530148094243
1.56180555555556,1.93618998682231
1.56319444444444,1.88444065891609
1.56458333333333,1.94148680731981
1.56597222222222,1.93897903210332
1.56736111111111,1.97170615180526
1.56875,1.91120424675378
1.57013888888889,1.92862390468203
1.57152777777778,2.06264957209193
1.57291666666667,2.06956956130327
1.57430555555556,2.01771564917431
1.57569444444444,1.93846438648934
1.57708333333333,1.93405824975186
1.57847222222222,1.92651244305464
1.57986111111111,1.94533977996105
1.58125,1.93038231853043
1.58263888888889,1.97160137423998
1.58402777777778,1.97575711669098
1.58541666666667,1.97002311126405
1.58680555555556,1.91849921673939
1.58819444444444,1.89120971622931
1.58958333333333,1.9667418479567
1.59097222222222,1.89658702149786
1.59236111111111,1.95544176875941
1.59375,2.0623174997399
1.59513888888889,1.99626225920243
1.59652777777778,1.93213836405571
1.59791666666667,1.94858127128287
1.59930555555556,2.07081811546625
1.60069444444444,1.99060530201186
1.60208333333333,2.03094165429876
1.60347222222222,1.94567592573298
1.60486111111111,1.95946311420207
1.60625,2.06304645609438
1.60763888888889,2.02010897245585
1.60902777777778,2.05193593191625
1.61041666666667,1.97651040420326
1.61180555555556,2.06066660667656
1.61319444444444,2.02627386600786
1.61458333333333,2.0415375597108
1.61597222222222,2.05867807851236
1.61736111111111,2.07940422314867
1.61875,2.11144883597798
1.62013888888889,2.04851080221124
1.62152777777778,2.03947876980434
1.62291666666667,2.05688132228946
1.62430555555556,2.06983516057104
1.62569444444444,2.10064576986573
1.62708333333333,2.14050687771177
1.62847222222222,2.06228265310071
1.62986111111111,2.04782521533402
1.63125,2.05338012361647
1.63263888888889,2.01979441131698
1.63402777777778,2.09469312415584
1.63541666666667,2.1575825956927
1.63680555555556,2.13651236864688
1.63819444444444,2.2015838182934
1.63958333333333,2.28424756878333
1.64097222222222,2.21251759360972
1.64236111111111,2.23272002581153
1.64375,2.18353843004317
1.64513888888889,2.1683599130326
1.64652777777778,2.14437025124711
1.64791666666667,2.18313385745687
1.64930555555556,2.13280496851705
1.65069444444444,2.15438864100626
1.65208333333333,2.14446790529591
1.65347222222222,2.27966332897494
1.65486111111111,2.16605428782468
1.65625,2.18201360348109
1.65763888888889,2.19279684733939
1.65902777777778,2.13305512595469
1.66041666666667,1.97964401234168
1.66180555555556,2.0650595812429
1.66319444444444,2.14678654279812
1.66458333333333,2.218305222086
1.66597222222222,2.23747603577637
1.66736111111111,2.10944551571801
1.66875,2.04920326722031
1.67013888888889,2.08666440628066
1.67152777777778,2.19370431159749
1.67291666666667,2.19573560248859
1.67430555555556,2.26314998629528
1.67569444444444,2.22860798483236
1.67708333333333,2.23578992282116
1.67847222222222,2.20310385442163
1.67986111111111,2.19011502847629
1.68125,2.24956262038668
1.68263888888889,2.34667619613528
1.68402777777778,2.26616359716659
1.68541666666667,2.2380175931203
1.68680555555556,2.33942863359069
1.68819444444444,2.39774176555157
1.68958333333333,2.37661142103575
1.69097222222222,2.31042374625198
1.69236111111111,2.32670059019851
1.69375,2.29616929671249
1.69513888888889,2.27290846155705
1.69652777777778,2.35462248597193
1.69791666666667,2.3781689511159
1.69930555555556,2.40242095993882
1.70069444444444,2.38228241906728
1.70208333333333,2.4128009147338
1.70347222222222,2.35756020947521
1.70486111111111,2.38084989964861
1.70625,2.4485450516751
1.70763888888889,2.33518308910759
1.70902777777778,2.32269347323096
1.71041666666667,2.43872184668844
1.71180555555556,2.46540112912948
1.71319444444444,2.40587288333808
1.71458333333333,2.40269538290748
1.71597222222222,2.47285616919839
1.71736111111111,2.59859428487441
1.71875,2.43504904341456
1.72013888888889,2.46397649080334
1.72152777777778,2.50503695416941
1.72291666666667,2.54363482974067
1.72430555555556,2.4969669298294
1.72569444444444,2.58807139583498
1.72708333333333,2.64677282478157
1.72847222222222,2.572576956018
1.72986111111111,2.63160770728781
1.73125,2.66065115318004
1.73263888888889,2.61839844062421
1.73402777777778,2.63156505890593
1.73541666666667,2.56137737473221
1.73680555555556,2.57023891908545
1.73819444444444,2.58643715639561
1.73958333333333,2.50735967593721
1.74097222222222,2.57223508909747
1.74236111111111,2.53515243476471
1.74375,2.62430079884173
1.74513888888889,2.62365128716605
1.74652777777778,2.50396380935972
1.74791666666667,2.64896057036428
1.74930555555556,2.58753282790752
1.75069444444444,2.64682692148395
1.75208333333333,2.61588266374845
1.75347222222222,2.58720301418892
1.75486111111111,2.6482924977695
1.75625,2.57859041069232
1.75763888888889,2.54978540678811
1.75902777777778,2.53493229632039
1.76041666666667,2.60439813305699
1.76180555555556,2.57784853183438
1.76319444444444,2.58424772140948
1.76458333333333,2.59125994221383
1.76597222222222,2.61132431176265
1.76736111111111,2.65595251800039
1.76875,2.66167934154431
1.77013888888889,2.73735128677878
1.77152777777778,2.75401122357092
1.77291666666667,2.79701740983118
1.77430555555556,2.82398920566649
1.77569444444444,2.78141739687605
1.77708333333333,2.82223053671722
1.77847222222222,2.81923885167753
1.77986111111111,2.74461253231542
1.78125,2.72687514406956
1.78263888888889,2.73991632711998
1.78402777777778,2.75830276238707
1.78541666666667,2.71956685505103
1.78680555555556,2.74210801043523
1.78819444444444,2.76049516939029
1.78958333333333,2.75913809385855
1.79097222222222,2.7637302307412
1.79236111111111,2.79723467185741
1.79375,2.82982699225682
1.79513888888889,2.76589858614072
1.79652777777778,2.86469355615712
1.79791666666667,2.91814846911694
1.79930555555556,2.78847253018034
1.80069444444444,2.7274997231324
1.80208333333333,2.80816825822852
1.80347222222222,2.68827041271269
1.80486111111111,2.82079530419228
1.80625,2.86205998312279
1.80763888888889,2.82174407474294
1.80902777777778,2.85829725656407
1.81041666666667,2.84019394672627
1.81180555555556,2.86168371208918
1.81319444444444,2.93177878221094
1.81458333333333,2.81323161568316
1.81597222222222,2.87851585691946
1.81736111111111,2.8831841243884
1.81875,2.9125775186647
1.82013888888889,2.90668962223808
1.82152777777778,2.87586651709736
1.82291666666667,2.71189584687503
1.82430555555556,2.7520356758032
1.82569444444444,2.82867961525414
1.82708333333333,2.77415049670113
1.82847222222222,2.69796322077211
1.82986111111111,2.75201008900862
1.83125,2.75525929892083
1.83263888888889,2.75235936375385
1.83402777777778,2.80753132914873
1.83541666666667,2.70065225806792
1.83680555555556,2.77087034165507
1.83819444444444,2.72434607306432
1.83958333333333,2.66862854118635
1.84097222222222,2.73305920103716
1.84236111111111,2.6719419570023
1.84375,2.63033654237943
1.84513888888889,2.70861211132787
1.84652777777778,2.79733973648084
1.84791666666667,2.73610945079929
1.84930555555556,2.85591845043205
1.85069444444444,2.79130927074348
1.85208333333333,2.82535110346067
1.85347222222222,2.72182193338066
1.85486111111111,2.80865313163078
1.85625,2.76982853415649
1.85763888888889,2.80127595598822
1.85902777777778,2.79223228376862
1.86041666666667,2.83791217761668
1.86180555555556,2.8035426672353
1.86319444444444,2.85505678343612
1.86458333333333,2.94832927392594
1.86597222222222,2.91814370549007
1.86736111111111,2.90312463699209
1.86875,2.88731291286279
1.87013888888889,2.89860292890336
1.87152777777778,2.90515459366646
1.87291666666667,2.82234930264688
1.87430555555556,2.76991785676816
1.87569444444444,2.80719299569122
1.87708333333333,2.90076271635229
1.87847222222222,2.80696476450995
1.87986111111111,2.76254050828189
1.88125,2.86471025693558
1.88263888888889,2.85408700287745
1.88402777777778,2.91467497528002
1.88541666666667,2.97155126865097
1.88680555555556,2.90052398995219
1.88819444444444,2.96908348531941
1.88958333333333,2.94695821337754
1.89097222222222,3.01178125508532
1.89236111111111,2.93194306994209
1.89375,2.92212361955663
1.89513888888889,2.90659751240919
1.89652777777778,2.88404955246763
1.89791666666667,2.87445788694832
1.89930555555556,2.82652520244891
1.90069444444444,2.82359271264962
1.90208333333333,2.89268740230064
1.90347222222222,2.82849739244006
1.90486111111111,2.7245364494219
1.90625,2.82306197653147
1.90763888888889,2.80195054924116
1.90902777777778,2.69826897087734
1.91041666666667,2.7267315856911
1.91180555555556,2.69441867931872
1.91319444444444,2.77286643176214
1.91458333333333,2.7217587132913
1.91597222222222,2.77197941899853
1.91736111111111,2.75958307678937
1.91875,2.83321321793404
1.92013888888889,2.86739065890779
1.92152777777778,2.75754814965625
1.92291666666667,2.80307737443395
1.92430555555556,2.8339850871723
1.92569444444444,2.96393799157011
1.92708333333333,2.96112619524796
1.92847222222222,2.90595436379364
1.92986111111111,2.86756813202078
1.93125,2.85024907444667
1.93263888888889,2.9722332973808
1.93402777777778,2.97687949275329
1.93541666666667,2.95462674049447
1.93680555555556,2.93746146608484
1.93819444444444,2.8893914100261
1.93958333333333,2.81593401011432
1.94097222222222,2.80739369641083
1.94236111111111,2.72965142471917
1.94375,2.77614431964183
1.94513888888889,2.85030856995365
1.94652777777778,2.82246546024406
1.94791666666667,2.94625374946643
1.94930555555556,2.94022740156868
1.95069444444444,2.86081832302483
1.95208333333333,2.90282009319226
1.95347222222222,2.92526454216725
1.95486111111111,2.77372139429271
1.95625,2.82794345160191
1.95763888888889,2.81427699074187
1.95902777777778,2.79657765869303
1.96041666666667,2.73870171221426
1.96180555555556,2.79541429182565
1.96319444444444,2.73772734581694
1.96458333333333,2.62271049856586
1.96597222222222,2.65584976440673
1.96736111111111,2.8407533275769
1.96875,2.8505924303341
1.97013888888889,2.7529153607147
1.97152777777778,2.79027209741793
1.97291666666667,2.79284689417172
1.97430555555556,2.6850961491818
1.97569444444444,2.80305721229446
1.97708333333333,2.82562766613036
1.97847222222222,2.78455607820227
1.97986111111111,2.77339887861918
1.98125,2.67940008690002
1.98263888888889,2.69356163011587
1.98402777777778,2.70612798651328
1.98541666666667,2.68724774067114
1.98680555555556,2.76821254471921
1.98819444444444,2.67381833245304
1.98958333333333,2.834745376761
1.99097222222222,2.76145620985158
1.99236111111111,2.75640388578176
1.99375,2.67166266153013
1.99513888888889,2.77262031306462
1.99652777777778,2.73805450799881
1.99791666666667,2.79263433778495
1.99930555555556,2.75294517170688
2.00069444444444,2.797617129003
2.00208333333333,2.85348436368529
2.00347222222222,2.84233969216537
2.00486111111111,2.78009229297813
2.00625,2.71244711583839
2.00763888888889,2.72018257376589
2.00902777777778,2.71378553222009
2.01041666666667,2.81943924703582
2.01180555555556,2.79218373575871
2.01319444444444,2.72910085517592
2.01458333333333,2.66579888045601
2.01597222222222,2.78852018104816
2.01736111111111,2.7649806071076
2.01875,2.74310174748314
2.02013888888889,2.73510198441108
2.02152777777778,2.83006499254466
2.02291666666667,2.78130923871996
2.02430555555556,2.76289081900708
2.02569444444444,2.83528632074091
2.02708333333333,2.63438741392708
2.02847222222222,2.6192567444633
2.02986111111111,2.73206750618143
2.03125,2.62485698937136
2.03263888888889,2.63167328289332
2.03402777777778,2.78286324041216
2.03541666666667,2.70155729116192
2.03680555555556,2.77814093749416
2.03819444444444,2.81706001212493
2.03958333333333,2.81341213947382
2.04097222222222,2.80271950544085
2.04236111111111,2.75867598064596
2.04375,2.73864255697668
2.04513888888889,2.78760709524834
2.04652777777778,2.75775156881364
2.04791666666667,2.7591472068881
2.04930555555556,2.71478310376532
2.05069444444444,2.71137653024414
2.05208333333333,2.78173637714212
2.05347222222222,2.76785137406173
2.05486111111111,2.75418122616169
2.05625,2.79423338376816
2.05763888888889,2.79098963478228
2.05902777777778,2.75985239491471
2.06041666666667,2.76633707469807
2.06180555555556,2.74864557162682
2.06319444444444,2.73665260567646
2.06458333333333,2.67083103486614
2.06597222222222,2.63447966701603
2.06736111111111,2.68317640212528
2.06875,2.71325922850519
2.07013888888889,2.71229093043587
2.07152777777778,2.72654804769538
2.07291666666667,2.74505572426259
2.07430555555556,2.76747669258809
2.07569444444444,2.7077064291272
2.07708333333333,2.73554266077731
2.07847222222222,2.70945948932471
2.07986111111111,2.70603041226875
2.08125,2.78466530323243
2.08263888888889,2.85802275038677
2.08402777777778,2.80425980485932
2.08541666666667,2.79900897913644
2.08680555555556,2.89620119821425
2.08819444444444,2.77174304285231
2.08958333333333,2.83063442457972
2.09097222222222,2.74986638390535
2.09236111111111,2.77311202725419
2.09375,2.71173387010148
2.09513888888889,2.8386307445833
2.09652777777778,2.86720884901926
2.09791666666667,2.9280179431599
2.09930555555556,2.9136779231894
2.10069444444444,2.88189255889832
2.10208333333333,2.74783239899694
2.10347222222222,2.73377243539584
2.10486111111111,2.77657238520899
2.10625,2.81158917255596
2.10763888888889,2.79321908157923
2.10902777777778,2.88971371135169
2.11041666666667,2.91510489263031
2.11180555555556,2.97183188314827
2.11319444444444,2.90367231308188
2.11458333333333,2.94677380161168
2.11597222222222,3.00597800342645
2.11736111111111,2.98360982703397
2.11875,2.96241873136652
2.12013888888889,2.93782623996152
2.12152777777778,2.8892531416399
2.12291666666667,2.99043466231307
2.12430555555556,2.89642944530194
2.12569444444444,2.83985673619326
2.12708333333333,2.90276116123395
2.12847222222222,2.86947540106957
2.12986111111111,2.89229005153568
2.13125,2.93444935057463
2.13263888888889,2.94386341090541
2.13402777777778,3.00803541706724
2.13541666666667,3.02937990056376
2.13680555555556,3.01774534846127
2.13819444444444,2.88109034903952
2.13958333333333,2.92173462000524
2.14097222222222,2.90617876024162
2.14236111111111,2.91534974667672
2.14375,2.90223341301788
2.14513888888889,2.89238680541717
2.14652777777778,3.04242516028368
2.14791666666667,2.99627296734803
2.14930555555556,2.92633885358393
2.15069444444444,2.92234089504927
2.15208333333333,2.9079430513021
2.15347222222222,2.94521021983284
2.15486111111111,2.97843910635424
2.15625,2.9635449911883
2.15763888888889,2.9041465161922
2.15902777777778,2.88531194589529
2.16041666666667,2.96950939854582
2.16180555555556,2.94606476206005
2.16319444444444,3.02446363740475
2.16458333333333,3.02736983032947
2.16597222222222,3.0205651700396
2.16736111111111,2.95210641695539
2.16875,2.85764225899569
2.17013888888889,2.94203790669908
2.17152777777778,2.91003719233354
2.17291666666667,2.91748905139724
2.17430555555556,2.86242198594217
2.17569444444444,2.86518063052633
2.17708333333333,2.88775882311165
2.17847222222222,2.79384175017854
2.17986111111111,2.79236280597193
2.18125,2.84076389082003
2.18263888888889,2.88128759412447
2.18402777777778,2.82436541276606
2.18541666666667,2.85769859250836
2.18680555555556,2.87654096080695
2.18819444444444,2.89192895572381
2.18958333333333,2.87414931327835
2.19097222222222,2.91486404876451
2.19236111111111,2.93647345935775
2.19375,2.90926891436951
2.19513888888889,2.92081905342638
2.19652777777778,2.85886453899454
2.19791666666667,2.84212184639497
2.19930555555556,2.89403295398665
2.20069444444444,2.87154186937039
2.20208333333333,2.83284519218236
2.20347222222222,2.8696416839265
2.20486111111111,2.85872507605677
2.20625,2.85775749716983
2.20763888888889,2.8787106197277
2.20902777777778,2.82850169327827
2.21041666666667,2.87167014758027
2.21180555555556,2.87799967299971
2.21319444444444,2.96961852135388
2.21458333333333,2.85186195403898
2.21597222222222,2.81729821222708
2.21736111111111,2.8885197827775
2.21875,2.92862707307889
2.22013888888889,2.92405170511228
2.22152777777778,2.94709225069429
2.22291666666667,2.99005037205092
2.22430555555556,2.89152676340293
2.22569444444444,2.92823189121948
2.22708333333333,2.95519666064128
2.22847222222222,2.82664344265327
2.22986111111111,2.8534450688552
2.23125,2.93370703846292
2.23263888888889,2.94460155668895
2.23402777777778,3.00717484496685
2.23541666666667,3.04047290667753
2.23680555555556,3.05166174881664
2.23819444444444,3.00023746265199
2.23958333333333,3.10537925647962
2.24097222222222,3.03475617628696
2.24236111111111,3.07020268182748
2.24375,3.04089064164263
2.24513888888889,2.99309693151028
2.24652777777778,2.97918003523169
2.24791666666667,2.99127428877998
2.24930555555556,2.91701304536892
2.25069444444444,2.99425396859344
2.25208333333333,3.05908653085951
2.25347222222222,3.08033135858037
2.25486111111111,3.05118105681361
2.25625,3.07741001529723
2.25763888888889,3.1392213647644
2.25902777777778,3.08921656839399
2.26041666666667,3.06842486609428
2.26180555555556,3.03729338740074
2.26319444444444,3.04687286351455
2.26458333333333,3.06138092053526
2.26597222222222,3.022941711988
2.26736111111111,2.99885612449332
2.26875,2.97686418226442
2.27013888888889,2.89670256303774
2.27152777777778,2.91957380116691
2.27291666666667,2.97117592142643
2.27430555555556,2.88798232029611
2.27569444444444,2.87665259849431
2.27708333333333,2.90794579870999
2.27847222222222,3.01489993778838
2.27986111111111,3.07931008536016
2.28125,2.9068073602645
2.28263888888889,2.9712409412589
2.28402777777778,3.01015770656837
2.28541666666667,3.01407047124529
2.28680555555556,2.96312831819838
2.28819444444444,3.0726134718594
2.28958333333333,3.09471074043698
2.29097222222222,3.06327362398214
2.29236111111111,3.06194519917355
2.29375,3.06756724595923
2.29513888888889,2.92377307074698
2.29652777777778,2.90514598983164
2.29791666666667,2.88608071849858
2.29930555555556,2.93985404829318
2.30069444444444,2.98609640403978
2.30208333333333,3.06462649668793
2.30347222222222,3.11139608315519
2.30486111111111,3.04587779345142
2.30625,3.00337045249605
2.30763888888889,3.01738440952377
2.30902777777778,2.96585833432304
2.31041666666667,3.01602102767808
2.31180555555556,3.06126748763553
2.31319444444444,3.016995852058
2.31458333333333,3.0206528690115
2.31597222222222,3.0621434788572
2.31736111111111,3.09129104397033
2.31875,3.01375552438627
2.32013888888889,3.0569372525489
2.32152777777778,3.02646314040003
2.32291666666667,2.95501649173958
2.32430555555556,2.94123521855579
2.32569444444444,3.08487312931165
2.32708333333333,3.00884317760859
2.32847222222222,3.00679987565161
2.32986111111111,3.07432858199762
2.33125,3.02373896198146
2.33263888888889,2.95695749435706
2.33402777777778,2.94354516363426
2.33541666666667,2.97153396265128
2.33680555555556,3.10488738174978
2.33819444444444,3.07693736573581
2.33958333333333,2.93467449021016
2.34097222222222,2.9660099250189
2.34236111111111,2.99532374052482
2.34375,3.13029364482626
2.34513888888889,3.07836832284827
2.34652777777778,3.06603122169051
2.34791666666667,3.10863879865438
2.34930555555556,2.9621229819085
2.35069444444444,2.99950120226571
2.35208333333333,2.9373929336214
2.35347222222222,2.84621600465648
2.35486111111111,2.94123233595511
2.35625,2.94982513456882
2.35763888888889,3.00318876106128
2.35902777777778,2.97256854333839
2.36041666666667,2.93470935615384
2.36180555555556,2.94430815715443
2.36319444444444,2.96787862429345
2.36458333333333,3.02893710477479
2.36597222222222,2.98989247178306
2.36736111111111,2.86621711493747
2.36875,2.93575992929825
2.37013888888889,2.95548011264544
2.37152777777778,2.86689504387008
2.37291666666667,2.90128126830442
2.37430555555556,2.85752797441406
2.37569444444444,2.92870384096042
2.37708333333333,2.87843746853036
2.37847222222222,2.88223516535662
2.37986111111111,2.87560955002098
2.38125,2.92754606479729
2.38263888888889,3.08629662571223
2.38402777777778,3.07015443575644
2.38541666666667,2.92645835860104
2.38680555555556,2.98143720767788
2.38819444444444,3.12844251156659
2.38958333333333,3.03597650747444
2.39097222222222,2.91634727737589
2.39236111111111,2.80942248939411
2.39375,2.94068307328869
2.39513888888889,2.9862729013973
2.39652777777778,2.94189651632631
2.39791666666667,2.94649625509172
2.39930555555556,3.09988502981267
2.40069444444444,3.07085551472532
2.40208333333333,3.06913136791381
2.40347222222222,3.00281756527319
2.40486111111111,2.95587341799527
2.40625,2.92722981262046
2.40763888888889,3.00193951535668
2.40902777777778,3.0483544167836
2.41041666666667,3.08978356137821
2.41180555555556,2.99991653990504
2.41319444444444,3.02519529487787
2.41458333333333,3.05272768648039
2.41597222222222,3.01337936489113
2.41736111111111,2.89059715979179
2.41875,2.88965783508595
2.42013888888889,2.81674269869974
2.42152777777778,2.90393739846862
2.42291666666667,2.9728496593236
2.42430555555556,3.03037009242217
2.42569444444444,2.98135976493359
2.42708333333333,2.96118686511811
2.42847222222222,2.94076009028012
2.42986111111111,2.92866042416505
2.43125,2.98226886815266
2.43263888888889,2.94369921041338
2.43402777777778,2.90767826377162
2.43541666666667,2.97958577522454
2.43680555555556,3.03107141704626
2.43819444444444,3.00177093295733
2.43958333333333,3.01866654477183
2.44097222222222,3.03364421411675
2.44236111111111,2.96043442011295
2.44375,2.94915965870196
2.44513888888889,3.03536085361486
2.44652777777778,3.07359085493403
2.44791666666667,2.98916610998001
2.44930555555556,3.0394790789641
2.45069444444444,2.94057421237104
2.45208333333333,2.96033896003674
2.45347222222222,2.88949643855763
2.45486111111111,3.02082060638035
2.45625,3.09925534093526
2.45763888888889,3.16264422729335
2.45902777777778,3.10993690596189
2.46041666666667,3.0278349268601
2.46180555555556,3.0095491773839
2.46319444444444,3.01211227377172
2.46458333333333,3.01746624715727
2.46597222222222,2.89456572104009
2.46736111111111,2.89812457306323
2.46875,2.92901079414878
2.47013888888889,3.06154807449658
2.47152777777778,3.0998171369822
2.47291666666667,3.07967424736283
2.47430555555556,3.102710806299
2.47569444444444,2.99693491739674
2.47708333333333,3.06941969458933
2.47847222222222,3.0825937459044
2.47986111111111,3.06542621250894
2.48125,3.03311405428434
2.48263888888889,3.01123418066512
2.48402777777778,2.86920384342965
2.48541666666667,2.96235009700664
2.48680555555556,3.03438410787164
2.48819444444444,3.06020638240168
2.48958333333333,3.10271577256404
2.49097222222222,2.98688085041028
2.49236111111111,3.01878172507497
2.49375,2.95654308163196
2.49513888888889,3.01032043696771
2.49652777777778,3.11406500868789
2.49791666666667,3.01820076936604
2.49930555555556,2.97998027188697
2.50069444444444,2.96093030354858
2.50208333333333,3.01685617494728
2.50347222222222,3.17349051738677
2.50486111111111,3.17868523795201
2.50625,3.10670008311742
2.50763888888889,3.06614946543814
2.50902777777778,3.04910191601211
2.51041666666667,3.01891083736402
2.51180555555556,2.96089893344308
2.51319444444444,3.09296760250324
2.51458333333333,3.03600792173451
2.51597222222222,3.03955690317846
2.51736111111111,3.10772619611465
2.51875,2.96354942884368
2.52013888888889,3.11045558112533
2.52152777777778,3.16615434395987
2.52291666666667,3.1851738576321
2.52430555555556,3.24100512607787
2.52569444444444,3.10010632186903
2.52708333333333,3.08260288514547
2.52847222222222,3.03315372240023
2.52986111111111,3.1255733845818
2.53125,3.14153280504198
2.53263888888889,3.00788377904671
2.53402777777778,3.03879499072897
2.53541666666667,3.02596789634093
2.53680555555556,3.03462441314649
2.53819444444444,2.9912791843698
2.53958333333333,3.0084881726668
2.54097222222222,3.05479227981043
2.54236111111111,3.0466331409903
2.54375,3.06559652266336
2.54513888888889,2.93126209135224
2.54652777777778,2.93210071536725
2.54791666666667,2.90175843533228
2.54930555555556,2.98252633241499
2.55069444444444,2.97910171384211
2.55208333333333,2.98599136915783
2.55347222222222,3.07042937800944
2.55486111111111,3.16625682320196
2.55625,3.14514650195687
2.55763888888889,3.15496715394649
2.55902777777778,3.11866460209431
2.56041666666667,3.06691502957705
2.56180555555556,3.0495865046853
2.56319444444444,3.05407699327541
2.56458333333333,3.05294499413779
2.56597222222222,3.08138772972466
2.56736111111111,3.1033497433375
2.56875,3.04941362932468
2.57013888888889,3.14876778370032
2.57152777777778,3.13446640831476
2.57291666666667,3.22131811683035
2.57430555555556,3.14139876900328
2.57569444444444,3.1621817522151
2.57708333333333,3.16125731997117
2.57847222222222,3.03985291565518
2.57986111111111,3.10788683119799
2.58125,3.16561166565801
2.58263888888889,3.12766610770549
2.58402777777778,3.10693253306109
2.58541666666667,3.12936733934041
2.58680555555556,3.20229560259148
2.58819444444444,3.23570283602661
2.58958333333333,3.12483196735582
2.59097222222222,3.14698798627586
2.59236111111111,3.19139014479498
2.59375,3.25587805853719
2.59513888888889,3.13263289294137
2.59652777777778,3.10544540953116
2.59791666666667,3.1067026489033
2.59930555555556,3.18675036523366
2.60069444444444,3.18884944563869
2.60208333333333,3.12342122212152
2.60347222222222,3.14803855442411
2.60486111111111,3.18954095135649
2.60625,3.2173001401317
2.60763888888889,3.2062330113852
2.60902777777778,3.28941141383491
2.61041666666667,3.19599404456813
2.61180555555556,3.1829364404548
2.61319444444444,3.21138586745216
2.61458333333333,3.24556343762467
2.61597222222222,3.19668808080656
2.61736111111111,3.20177128592556
2.61875,3.19688427972376
2.62013888888889,3.2322787822368
2.62152777777778,3.13196567596005
2.62291666666667,3.15763350397398
2.62430555555556,3.1423985503689
2.62569444444444,3.03923724790185
2.62708333333333,3.05936668039575
2.62847222222222,3.13219232391722
2.62986111111111,3.06085522403947
2.63125,3.27877015062458
2.63263888888889,3.26376034419409
2.63402777777778,3.24519855118413
2.63541666666667,3.24736827773889
2.63680555555556,3.20093220112308
2.63819444444444,3.18809662835716
2.63958333333333,3.20065702588279
2.64097222222222,3.19778593753983
2.64236111111111,3.18250250868849
2.64375,3.29131170061117
2.64513888888889,3.29666905480143
2.64652777777778,3.2998254435612
2.64791666666667,3.24840381010373
2.64930555555556,3.28739725919784
2.65069444444444,3.25616499906618
2.65208333333333,3.25805096680786
2.65347222222222,3.29758573313019
2.65486111111111,3.20549271663576
2.65625,3.22847285393576
2.65763888888889,3.19465162278694
2.65902777777778,3.2403925144123
2.66041666666667,3.19838199974506
2.66180555555556,3.24203691904233
2.66319444444444,3.23723581600966
2.66458333333333,3.23641867900967
2.66597222222222,3.25385008597959
2.66736111111111,3.24965634395762
2.66875,3.21442830323823
2.67013888888889,3.28287123507451
2.67152777777778,3.30057495673241
2.67291666666667,3.21112480256027
2.67430555555556,3.21166429576939
2.67569444444444,3.25429581933195
2.67708333333333,3.24646862149578
2.67847222222222,3.21895386207296
2.67986111111111,3.18376691119539
2.68125,3.11651242865467
2.68263888888889,3.13334392589101
2.68402777777778,3.14624642254785
2.68541666666667,3.11528735334716
2.68680555555556,3.25369325472861
2.68819444444444,3.25317037403709
2.68958333333333,3.2588181154429
2.69097222222222,3.19639278898303
2.69236111111111,3.24763842399901
2.69375,3.30393506506545
2.69513888888889,3.30697958451546
2.69652777777778,3.27879785188324
2.69791666666667,3.32596681299369
2.69930555555556,3.3967072256722
2.70069444444444,3.26250370991051
2.70208333333333,3.29689821795929
2.70347222222222,3.42459262365242
2.70486111111111,3.38942601270042
2.70625,3.1986880858713
2.70763888888889,3.25498707740257
2.70902777777778,3.29693504118826
2.71041666666667,3.29828795057256
2.71180555555556,3.36253791166237
2.71319444444444,3.28891756515329
2.71458333333333,3.28006838487228
2.71597222222222,3.28715740139286
2.71736111111111,3.20630430496143
2.71875,3.22349364038246
2.72013888888889,3.24462225643918
2.72152777777778,3.31974689150229
2.72291666666667,3.36629625957847
2.72430555555556,3.31938602839286
2.72569444444444,3.29547256153077
2.72708333333333,3.34335923796675
2.72847222222222,3.28743714331339
2.72986111111111,3.28898430151632
2.73125,3.33008455768616
2.73263888888889,3.36209913854953
2.73402777777778,3.17367087236295
2.73541666666667,3.0848169715493
2.73680555555556,3.2007166583091
2.73819444444444,3.1296084456495
2.73958333333333,3.15982661902051
2.74097222222222,3.15173521379397
2.74236111111111,3.13972491053864
2.74375,3.13051329123011
2.74513888888889,3.15928112332166
2.74652777777778,3.21515872138397
2.74791666666667,3.26998435412844
2.74930555555556,3.20707314843933
2.75069444444444,3.22482187609266
2.75208333333333,3.22888550394059
2.75347222222222,3.13278276550273
2.75486111111111,3.2455861013794
2.75625,3.18328883817187
2.75763888888889,3.20837827681021
2.75902777777778,3.15753988653809
2.76041666666667,3.11042521966932
2.76180555555556,3.09921877385428
2.76319444444444,3.12556274836417
2.76458333333333,3.16762641356637
2.76597222222222,3.27266482237804
2.76736111111111,3.23083498982402
2.76875,3.08497836831491
2.77013888888889,3.19886641412741
2.77152777777778,3.14120073688682
2.77291666666667,3.14122211443027
2.77430555555556,3.1431295003059
2.77569444444444,3.12522027365863
2.77708333333333,3.20033701552932
2.77847222222222,3.22480909715096
2.77986111111111,3.27715725583335
2.78125,3.36007332711325
2.78263888888889,3.3252373106281
2.78402777777778,3.33965259666244
2.78541666666667,3.3410602036654
2.78680555555556,3.25849187285096
2.78819444444444,3.30325723384973
2.78958333333333,3.25540006022047
2.79097222222222,3.22896774669643
2.79236111111111,3.23042979880081
2.79375,3.19226884653559
2.79513888888889,3.28378125564506
2.79652777777778,3.36291752520095
2.79791666666667,3.41021519909613
2.79930555555556,3.42767119331053
2.80069444444444,3.34078938675812
2.80208333333333,3.38664843693376
2.80347222222222,3.30597058425735
2.80486111111111,3.42343231524186
2.80625,3.38415577380297
2.80763888888889,3.27113547732821
2.80902777777778,3.28471489717951
2.81041666666667,3.26795272965139
2.81180555555556,3.23034755761813
2.81319444444444,3.2552648331254
2.81458333333333,3.1464097641424
2.81597222222222,3.33675733871913
2.81736111111111,3.30492722432207
2.81875,3.31318169680734
2.82013888888889,3.32254789442212
2.82152777777778,3.31480900499116
2.82291666666667,3.30917225636697
2.82430555555556,3.26020962449412
2.82569444444444,3.31125562032064
2.82708333333333,3.28619561132994
2.82847222222222,3.22321293083796
2.82986111111111,3.28586199731023
2.83125,3.28437703436861
2.83263888888889,3.27373684865112
2.83402777777778,3.19860986428005
2.83541666666667,3.24567676462524
2.83680555555556,3.26730894151124
2.83819444444444,3.240766564485
2.83958333333333,3.29504637120602
2.84097222222222,3.26427634693682
2.84236111111111,3.22309503165675
2.84375,3.23792152411285
2.84513888888889,3.214616581044
2.84652777777778,3.20065685108459
2.84791666666667,3.28411544941657
2.84930555555556,3.26832318527294
2.85069444444444,3.19330291946399
2.85208333333333,3.1938110419487
2.85347222222222,3.23871842893461
2.85486111111111,3.30932444108029
2.85625,3.22232116278261
2.85763888888889,3.21056238422791
2.85902777777778,3.21548994308958
2.86041666666667,3.27329203220084
2.86180555555556,3.23331569577257
2.86319444444444,3.23453901834786
2.86458333333333,3.20921796929091
2.86597222222222,3.19983572383722
2.86736111111111,3.17592758317788
2.86875,3.22214190840411
2.87013888888889,3.16596982307732
2.87152777777778,3.17485433194922
2.87291666666667,3.18342966501911
2.87430555555556,3.25990460944963
2.87569444444444,3.27092970444801
2.87708333333333,3.24379184418668
2.87847222222222,3.26470375822236
2.87986111111111,3.29799191132188
2.88125,3.22379345074917
2.88263888888889,3.3185102965186
2.88402777777778,3.23963526499768
2.88541666666667,3.23328571096063
2.88680555555556,3.19862180568278
2.88819444444444,3.23584521167271
2.88958333333333,3.2136032300815
2.89097222222222,3.24851318535705
2.89236111111111,3.26853242809574
2.89375,3.27259558233413
2.89513888888889,3.26615581607737
2.89652777777778,3.22231163159634
2.89791666666667,3.26774341643148
2.89930555555556,3.12856822870672
2.90069444444444,3.15753231612655
2.90208333333333,3.18982993272599
2.90347222222222,3.17914063731208
2.90486111111111,3.1768317480851
2.90625,3.14768791588935
2.90763888888889,3.25576594561338
2.90902777777778,3.30605614028231
2.91041666666667,3.22733371917934
2.91180555555556,3.27868992991745
2.91319444444444,3.30519379464289
2.91458333333333,3.34111396426005
2.91597222222222,3.27013323239982
2.91736111111111,3.27764785520732
2.91875,3.1705736958643
2.92013888888889,3.10845948148189
2.92152777777778,3.16973997142787
2.92291666666667,3.14361716972024
2.92430555555556,3.16766096173475
2.92569444444444,3.1867174090445
2.92708333333333,3.13893183329608
2.92847222222222,3.23112420472006
2.92986111111111,3.2157509858006
2.93125,3.18201807626116
2.93263888888889,3.18934313671178
2.93402777777778,3.19836323244187
2.93541666666667,3.18295237308989
2.93680555555556,3.26575827952474
2.93819444444444,3.16191996315164
2.93958333333333,3.13315696221136
2.94097222222222,3.18496874045581
2.94236111111111,3.17717387610717
2.94375,3.17411658928419
2.94513888888889,3.08330460115491
2.94652777777778,3.16976771904777
2.94791666666667,3.11776436314452
2.94930555555556,3.07833589578668
2.95069444444444,3.1425793412126
2.95208333333333,3.18858194894138
2.95347222222222,3.26810870362446
2.95486111111111,3.1374319013734
2.95625,3.19890492194022
2.95763888888889,3.26979362336298
2.95902777777778,3.234965684541
2.96041666666667,3.31254722699989
2.96180555555556,3.31961472714941
2.96319444444444,3.27623374218121
2.96458333333333,3.19895799071218
2.96597222222222,3.13883962247346
2.96736111111111,3.11602599109678
2.96875,3.09856807478063
2.97013888888889,3.21379449985921
2.97152777777778,3.28920880784591
2.97291666666667,3.25055652628342
2.97430555555556,3.22193278376304
2.97569444444444,3.19823990087335
2.97708333333333,3.27638029903173
2.97847222222222,3.28699824020267
2.97986111111111,3.27303457782293
2.98125,3.20587701844672
2.98263888888889,3.25385102849454
2.98402777777778,3.38069383996228
2.98541666666667,3.26210407198717
2.98680555555556,3.2816848602891
2.98819444444444,3.26063231232188
2.98958333333333,3.30829611927562
2.99097222222222,3.26319435460493
2.99236111111111,3.34178987136421
2.99375,3.34213165981385
2.99513888888889,3.37524387609214
2.99652777777778,3.38200670778751
2.99791666666667,3.44948615748435
2.99930555555556,3.4018980440544
3.00069444444444,3.41848622304698
3.00208333333333,3.48852068021893
3.00347222222222,3.47715541233619
3.00486111111111,3.34030983634293
3.00625,3.33629534233808
3.00763888888889,3.34892695507656
3.00902777777778,3.43065640812429
3.01041666666667,3.37004249180978
3.01180555555556,3.40532467146715
3.01319444444444,3.45681469106426
3.01458333333333,3.44720149129629
3.01597222222222,3.31491013631845
3.01736111111111,3.32135136846453
3.01875,3.28892536816498
3.02013888888889,3.34849087076883
3.02152777777778,3.27118714582175
3.02291666666667,3.2806948932757
3.02430555555556,3.29626572114726
3.02569444444444,3.27073097713757
3.02708333333333,3.39476943300416
3.02847222222222,3.38907557941352
3.02986111111111,3.37392995706449
3.03125,3.4089925528566
3.03263888888889,3.41601914356152
3.03402777777778,3.3091776210318
3.03541666666667,3.24268271849801
3.03680555555556,3.26249606511556
3.03819444444444,3.28766737849141
3.03958333333333,3.31343224621223
3.04097222222222,3.2827506705389
3.04236111111111,3.23090877937308
3.04375,3.27260427185082
3.04513888888889,3.31027718340357
3.04652777777778,3.26751597948372
3.04791666666667,3.25747932578418
3.04930555555556,3.19887713675698
3.05069444444444,3.27078978894899
3.05208333333333,3.40335430584227
3.05347222222222,3.40983229455228
3.05486111111111,3.34377916480725
3.05625,3.32663484252368
3.05763888888889,3.36245889404944
3.05902777777778,3.40973412310084
3.06041666666667,3.35514484790464
3.06180555555556,3.35174853925884
3.06319444444444,3.23657430383687
3.06458333333333,3.2835925910715
3.06597222222222,3.45504292358955
3.06736111111111,3.45458284712086
3.06875,3.48153070469697
3.07013888888889,3.48378933517262
3.07152777777778,3.48127316389233
3.07291666666667,3.56428597421075
3.07430555555556,3.56963626696418
3.07569444444444,3.41792984366417
3.07708333333333,3.37980688098818
3.07847222222222,3.38310339807222
3.07986111111111,3.41836202943077
3.08125,3.31723822782437
3.08263888888889,3.28746480494738
3.08402777777778,3.27685256584547
3.08541666666667,3.34799045849591
3.08680555555556,3.34262728730838
3.08819444444444,3.37583777250101
3.08958333333333,3.35237386330031
3.09097222222222,3.4065266574764
3.09236111111111,3.46046184780076
3.09375,3.30966766860957
3.09513888888889,3.44436443820169
3.09652777777778,3.44596897213409
3.09791666666667,3.48314597293114
3.09930555555556,3.47579087146868
3.10069444444444,3.43956703104079
3.10208333333333,3.4137747284025
3.10347222222222,3.42052771863838
3.10486111111111,3.31861181809955
3.10625,3.4030724585553
3.10763888888889,3.38285338203733
3.10902777777778,3.28063315494607
3.11041666666667,3.39234056873557
3.11180555555556,3.4130273057272
3.11319444444444,3.35308665352563
3.11458333333333,3.42400372393429
3.11597222222222,3.43036169822017
3.11736111111111,3.46330069805185
3.11875,3.37297367603828
3.12013888888889,3.37291643972819
3.12152777777778,3.41836844441481
3.12291666666667,3.37352821496005
3.12430555555556,3.40537934859594
3.12569444444444,3.41979442293445
3.12708333333333,3.37413560431451
3.12847222222222,3.39136034816504
3.12986111111111,3.44559445992112
3.13125,3.39001937349637
3.13263888888889,3.41240738455517
3.13402777777778,3.39770135458559
3.13541666666667,3.36121495842934
3.13680555555556,3.34212769841154
3.13819444444444,3.39776916742325
3.13958333333333,3.3909161094386
3.14097222222222,3.27409417659044
3.14236111111111,3.35322601499657
3.14375,3.34361203037202
3.14513888888889,3.32543643175314
3.14652777777778,3.37748107867936
3.14791666666667,3.38018208469885
3.14930555555556,3.37156988952309
3.15069444444444,3.29990800342367
3.15208333333333,3.24813383077271
3.15347222222222,3.30971838109234
3.15486111111111,3.36392540961814
3.15625,3.32776660789425
3.15763888888889,3.30642196958264
3.15902777777778,3.30725257601899
3.16041666666667,3.36112183356037
3.16180555555556,3.40969469873312
3.16319444444444,3.38583145923524
3.16458333333333,3.40207895642923
3.16597222222222,3.37127137340683
3.16736111111111,3.34961148149489
3.16875,3.39847450669312
3.17013888888889,3.38196630017056
3.17152777777778,3.27271587355373
3.17291666666667,3.31651766849682
3.17430555555556,3.28074666856788
3.17569444444444,3.36462951546535
3.17708333333333,3.40035320768443
3.17847222222222,3.50322275350957
3.17986111111111,3.41448637919811
3.18125,3.35473318900447
3.18263888888889,3.41489284797261
3.18402777777778,3.46262885102847
3.18541666666667,3.4779799023224
3.18680555555556,3.42388204202832
3.18819444444444,3.37216162509751
3.18958333333333,3.40742198886505
3.19097222222222,3.40486217907319
3.19236111111111,3.45513670247048
3.19375,3.46383840247989
3.19513888888889,3.4053767872431
3.19652777777778,3.38482873292329
3.19791666666667,3.36480334892869
3.19930555555556,3.46432415400942
3.20069444444444,3.38647815868258
3.20208333333333,3.45953503213823
3.20347222222222,3.44676825463772
3.20486111111111,3.35277215053638
3.20625,3.29285564587762
3.20763888888889,3.46083484090865
3.20902777777778,3.40130061411609
3.21041666666667,3.37947888342043
3.21180555555556,3.4422847135365
3.21319444444444,3.45593570666388
3.21458333333333,3.43442183236281
3.21597222222222,3.41965143857834
3.21736111111111,3.46916578024471
3.21875,3.44555546292104
3.22013888888889,3.39665782499748
3.22152777777778,3.46619059039901
3.22291666666667,3.35644335124642
3.22430555555556,3.27812785347924
3.22569444444444,3.30009259322348
3.22708333333333,3.36532399649683
3.22847222222222,3.40534156778478
3.22986111111111,3.37331869361204
3.23125,3.28589459298179
3.23263888888889,3.2681057811932
3.23402777777778,3.30234967434779
3.23541666666667,3.30801354176675
3.23680555555556,3.2974409951518
3.23819444444444,3.45076494032207
3.23958333333333,3.39531473088001
3.24097222222222,3.40652982345472
3.24236111111111,3.30382921279098
3.24375,3.29461772773803
3.24513888888889,3.31109374578033
3.24652777777778,3.29188151908922
3.24791666666667,3.26967724294518
3.24930555555556,3.36703027696737
3.25069444444444,3.32158588393591
3.25208333333333,3.38904149927199
3.25347222222222,3.41465529002715
3.25486111111111,3.45585456933661
3.25625,3.48966891605679
3.25763888888889,3.38272005595335
3.25902777777778,3.36808322652001
3.26041666666667,3.47411657430096
3.26180555555556,3.47203340029344
3.26319444444444,3.48306429937482
3.26458333333333,3.51712852600651
3.26597222222222,3.46115549874802
3.26736111111111,3.47936109266632
3.26875,3.48151448703992
3.27013888888889,3.48374751877971
3.27152777777778,3.46074223179991
3.27291666666667,3.45862629987299
3.27430555555556,3.48516881734133
3.27569444444444,3.4983762396872
3.27708333333333,3.44653499672189
3.27847222222222,3.48357484183895
3.27986111111111,3.46527361648623
3.28125,3.46009832785775
3.28263888888889,3.43862959007112
3.28402777777778,3.37499984214703
3.28541666666667,3.29337781071663
3.28680555555556,3.31751703771142
3.28819444444444,3.29240778538709
3.28958333333333,3.4110571312656
3.29097222222222,3.42365943662822
3.29236111111111,3.41651897275199
3.29375,3.50874270906051
3.29513888888889,3.34482641704381
3.29652777777778,3.30162073653502
3.29791666666667,3.37243301058809
3.29930555555556,3.45006866311034
3.30069444444444,3.42080574030367
3.30208333333333,3.39564591029348
3.30347222222222,3.48012390557987
3.30486111111111,3.39635509847353
3.30625,3.42285493692073
3.30763888888889,3.41159472404358
3.30902777777778,3.46147523219387
3.31041666666667,3.44927659203764
3.31180555555556,3.48209362315635
3.31319444444444,3.53296238444435
3.31458333333333,3.50284139210979
3.31597222222222,3.51732093709831
3.31736111111111,3.45776543025859
3.31875,3.47594457040541
3.32013888888889,3.49782212138176
3.32152777777778,3.44504523516322
3.32291666666667,3.45384121142017
3.32430555555556,3.53263952169257
3.32569444444444,3.51903482805627
3.32708333333333,3.48036301565046
3.32847222222222,3.47414434058592
3.32986111111111,3.39820715009545
3.33125,3.41969617048899
3.33263888888889,3.34865246516032
3.33402777777778,3.16812190476805
3.33541666666667,3.27153703848492
3.33680555555556,3.29800030606944
3.33819444444444,3.28391746410945
3.33958333333333,3.22566433413575
3.34097222222222,3.26344450923614
3.34236111111111,3.32098459179668
3.34375,3.25310404484471
3.34513888888889,3.19614752715453
3.34652777777778,3.29310326740146
3.34791666666667,3.39130050357431
3.34930555555556,3.2726594490946
3.35069444444444,3.29795513351758
3.35208333333333,3.39052568869355
3.35347222222222,3.31375095687651
3.35486111111111,3.27022971127493
3.35625,3.33682230968339
3.35763888888889,3.27357239746799
3.35902777777778,3.33533563733101
3.36041666666667,3.26097831288973
3.36180555555556,3.27052159402675
3.36319444444444,3.36267466900249
3.36458333333333,3.39040707533558
3.36597222222222,3.37262704422077
3.36736111111111,3.32583727089067
3.36875,3.29429842289848
3.37013888888889,3.21191190635165
3.37152777777778,3.25353488386609
3.37291666666667,3.28128666033347
3.37430555555556,3.32874691473941
3.37569444444444,3.31430672908823
3.37708333333333,3.41961998949448
3.37847222222222,3.4783672498508
3.37986111111111,3.43414208613336
3.38125,3.33685801264519
3.38263888888889,3.29773672206327
3.38402777777778,3.17688709980498
3.38541666666667,3.30605826979037
3.38680555555556,3.34009152756383
3.38819444444444,3.3810767330726
3.38958333333333,3.33738985470807
3.39097222222222,3.35948963973671
3.39236111111111,3.37352200168495
3.39375,3.36880975114182
3.39513888888889,3.42571017277737
3.39652777777778,3.40285162745044
3.39791666666667,3.35686126610885
3.39930555555556,3.44593816349904
3.40069444444444,3.41259445806344
3.40208333333333,3.34406263743838
3.40347222222222,3.34591512158513
3.40486111111111,3.35714747920632
3.40625,3.36895946929852
3.40763888888889,3.32038268707693
3.40902777777778,3.31576922287544
3.41041666666667,3.35301315729817
3.41180555555556,3.36847402947644
3.41319444444444,3.31888171315193
3.41458333333333,3.37182494853934
3.41597222222222,3.46414046590527
3.41736111111111,3.39084282338619
3.41875,3.43416212062041
3.42013888888889,3.38934177850684
3.42152777777778,3.44679465696216
3.42291666666667,3.41619603918244
3.42430555555556,3.3842428267623
3.42569444444444,3.40393435387562
3.42708333333333,3.36351821760337
3.42847222222222,3.38749872080671
3.42986111111111,3.46531930784384
3.43125,3.47083240881562
3.43263888888889,3.38393363542855
3.43402777777778,3.41756240334362
3.43541666666667,3.37981419503689
3.43680555555556,3.36180969780932
3.43819444444444,3.36717757711808
3.43958333333333,3.34275817361971
3.44097222222222,3.38119222084681
3.44236111111111,3.31333423693975
3.44375,3.41356330547637
3.44513888888889,3.37136828482151
3.44652777777778,3.42561890244484
3.44791666666667,3.46922446151574
3.44930555555556,3.44010033925374
3.45069444444444,3.34189040501912
3.45208333333333,3.40839645047983
3.45347222222222,3.33490112339923
3.45486111111111,3.32269773066044
3.45625,3.38626208691547
3.45763888888889,3.33832885824144
3.45902777777778,3.41273510321975
3.46041666666667,3.42093451614181
3.46180555555556,3.38057864555158
3.46319444444444,3.39754497997463
3.46458333333333,3.32571939334273
3.46597222222222,3.35855262190104
3.46736111111111,3.36509448531394
3.46875,3.44550068487724
3.47013888888889,3.40351817195614
3.47152777777778,3.49320301791032
3.47291666666667,3.45447029401859
3.47430555555556,3.31887470915914
3.47569444444444,3.32138174593449
3.47708333333333,3.37537242289633
3.47847222222222,3.42137075876196
3.47986111111111,3.46331684877475
3.48125,3.44116932014624
3.48263888888889,3.36937269767125
3.48402777777778,3.43606590561569
3.48541666666667,3.38474181344112
3.48680555555556,3.34551528915763
3.48819444444444,3.28640881254027
3.48958333333333,3.40340831786394
3.49097222222222,3.39583730657895
3.49236111111111,3.35978323095789
3.49375,3.38725780515621
3.49513888888889,3.36336881707112
3.49652777777778,3.37823785978059
3.49791666666667,3.2836668976148
3.49930555555556,3.27769687414169
3.50069444444444,3.2793227143089
3.50208333333333,3.3491418103377
3.50347222222222,3.30464448451996
3.50486111111111,3.36520746648312
3.50625,3.40265895088514
3.50763888888889,3.50482931693395
3.50902777777778,3.44989522963762
3.51041666666667,3.4468129127721
3.51180555555556,3.45114656751355
3.51319444444444,3.35548370232185
3.51458333333333,3.41680654207865
3.51597222222222,3.40303888837496
3.51736111111111,3.34187315363437
3.51875,3.38625301847855
3.52013888888889,3.37552557120721
3.52152777777778,3.40653600752354
3.52291666666667,3.28961486483614
3.52430555555556,3.33208013216654
3.52569444444444,3.44944230477636
3.52708333333333,3.32174927035968
3.52847222222222,3.30451124937584
3.52986111111111,3.18839333411306
3.53125,3.23026228191952
3.53263888888889,3.25258102824291
3.53402777777778,3.10252111037572
3.53541666666667,3.19580844730139
3.53680555555556,3.13462788917124
3.53819444444444,3.28686472003659
3.53958333333333,3.34876551861564
3.54097222222222,3.38079221174431
3.54236111111111,3.43122644223273
3.54375,3.32370476881663
3.54513888888889,3.25574822617074
3.54652777777778,3.28033546328545
3.54791666666667,3.34217981855075
3.54930555555556,3.35699552933375
3.55069444444444,3.39779616117477
3.55208333333333,3.31668695510676
3.55347222222222,3.29309786438942
3.55486111111111,3.28835932975014
3.55625,3.24338470583161
3.55763888888889,3.35015781223774
3.55902777777778,3.30563718815645
3.56041666666667,3.27053866366545
3.56180555555556,3.29490272561709
3.56319444444444,3.28315425713857
3.56458333333333,3.37206321875254
3.56597222222222,3.42655712097883
3.56736111111111,3.38955718681216
3.56875,3.28158584028948
3.57013888888889,3.28206217885017
3.57152777777778,3.2480355634292
3.57291666666667,3.25212587664525
3.57430555555556,3.28251608304679
3.57569444444444,3.24928636501233
3.57708333333333,3.16476753078401
3.57847222222222,3.20226177489385
3.57986111111111,3.2267462647163
3.58125,3.22561909820574
3.58263888888889,3.27360045860832
3.58402777777778,3.34468956248524
3.58541666666667,3.1687069290628
3.58680555555556,3.14805711997052
3.58819444444444,3.21780625504752
3.58958333333333,3.18138022641341
3.59097222222222,3.21225522473454
3.59236111111111,3.23343641104798
3.59375,3.28919238686562
3.59513888888889,3.26554005066554
3.59652777777778,3.23922409296036
3.59791666666667,3.25192792326212
3.59930555555556,3.20403334207833
3.60069444444444,3.16939067954818
3.60208333333333,3.18590642601252
3.60347222222222,3.09235869710644
3.60486111111111,3.15316735823949
3.60625,3.19663546194633
3.60763888888889,3.19068031907082
3.60902777777778,3.25496760362759
3.61041666666667,3.23181041057222
3.61180555555556,3.1880693794849
3.61319444444444,3.17053789976984
3.61458333333333,3.21062724218393
3.61597222222222,3.23581955904762
3.61736111111111,3.29928883663068
3.61875,3.18660346478224
3.62013888888889,3.24860664696045
3.62152777777778,3.26576797098853
3.62291666666667,3.23445551287383
3.62430555555556,3.12969270547231
3.62569444444444,3.10890361433849
3.62708333333333,3.02487110279501
3.62847222222222,3.13300109926611
3.62986111111111,3.07665256261826
3.63125,3.14804850637913
3.63263888888889,3.11563321728259
3.63402777777778,3.06023891029259
3.63541666666667,3.03780968683461
3.63680555555556,3.07271226732681
3.63819444444444,3.14262558144828
3.63958333333333,3.1212056086647
3.64097222222222,3.1570206985871
3.64236111111111,3.0776413689057
3.64375,3.03281968505743
3.64513888888889,3.30097797555228
3.64652777777778,3.16487963099033
3.64791666666667,3.04235077659289
3.64930555555556,3.05149962694695
3.65069444444444,3.21266827929144
3.65208333333333,3.12036031718055
3.65347222222222,3.08388982142011
3.65486111111111,3.20291852027178
3.65625,3.17539591948191
3.65763888888889,3.08928510501981
3.65902777777778,3.16508260220289
3.66041666666667,3.23870913607379
3.66180555555556,3.18483390140037
3.66319444444444,3.1947311557581
3.66458333333333,3.14364540452758
3.66597222222222,3.18905462513057
3.66736111111111,3.21143795604507
3.66875,3.18944927553336
3.67013888888889,3.20134696232155
3.67152777777778,3.14245664757987
3.67291666666667,3.02442658344905
3.67430555555556,3.10243781771084
3.67569444444444,3.10588570006192
3.67708333333333,3.02744112798944
3.67847222222222,3.09734902859355
3.67986111111111,3.10996329022533
3.68125,3.11460527428736
3.68263888888889,3.06956716669103
3.68402777777778,3.08590078516553
3.68541666666667,3.17808262993892
3.68680555555556,3.17478110315899
3.68819444444444,3.22099656150366
3.68958333333333,3.17304339170456
3.69097222222222,3.21313016613324
3.69236111111111,3.10973030149937
3.69375,3.08830964605014
3.69513888888889,2.97923869478206
3.69652777777778,2.97317116138525
3.69791666666667,3.00750881897577
3.69930555555556,2.98384607734469
3.70069444444444,3.11928139502803
3.70208333333333,3.18689841467887
3.70347222222222,3.1281380591883
3.70486111111111,3.12574885050456
3.70625,3.15598091917733
3.70763888888889,3.16576628396908
3.70902777777778,3.11534428099791
3.71041666666667,3.19109356592099
3.71180555555556,3.13630112121503
3.71319444444444,3.18604146880719
3.71458333333333,3.13375869805614
3.71597222222222,3.07164216078507
3.71736111111111,3.14757146530164
3.71875,3.11645922735333
3.72013888888889,3.14873811064909
3.72152777777778,3.05790670669638
3.72291666666667,2.99559383358962
3.72430555555556,3.14399486734221
3.72569444444444,3.07510373303046
3.72708333333333,3.10818679559355
3.72847222222222,3.0733103587168
3.72986111111111,3.08209134124219
3.73125,3.10286714297409
3.73263888888889,3.10321425169706
3.73402777777778,3.13992650969575
3.73541666666667,2.9836776050739
3.73680555555556,3.03080653801405
3.73819444444444,3.0861135370781
3.73958333333333,3.15569855675101
3.74097222222222,3.11947693354916
3.74236111111111,3.1426220739757
3.74375,3.06504795742532
3.74513888888889,3.14110330718259
3.74652777777778,3.17914322555065
3.74791666666667,3.27341559447348
3.74930555555556,3.25058075762043
3.75069444444444,3.29436971962724
3.75208333333333,3.23132085693379
3.75347222222222,3.11948947351115
3.75486111111111,3.06009805616302
3.75625,3.14675679743445
3.75763888888889,3.05616029088347
3.75902777777778,2.98313009341247
3.76041666666667,2.98995431867118
3.76180555555556,3.02115945294499
3.76319444444444,3.09909730156263
3.76458333333333,3.05264232754707
3.76597222222222,3.09211568047603
3.76736111111111,3.06419668776294
3.76875,3.0505087522883
3.77013888888889,3.03988817118419
3.77152777777778,3.07391959999998
3.77291666666667,3.05871546786589
3.77430555555556,3.07956082190077
3.77569444444444,3.10620080573484
3.77708333333333,3.19004984455804
3.77847222222222,3.17128575185314
3.77986111111111,3.1989437200812
3.78125,3.10877505024274
3.78263888888889,3.10767503378292
3.78402777777778,3.13703040075799
3.78541666666667,3.21193709475299
3.78680555555556,3.23945082485676
3.78819444444444,3.2879174845914
3.78958333333333,3.28136367082596
3.79097222222222,3.17664750109116
3.79236111111111,3.21757097783188
3.79375,3.29408213540912
3.79513888888889,3.27484736377994
3.79652777777778,3.20019898672899
3.79791666666667,3.20957545014719
3.79930555555556,3.1646117498974
3.80069444444444,3.16729988738894
3.80208333333333,3.1350382328406
3.80347222222222,3.14817714025577
3.80486111111111,3.22345493152738
3.80625,3.28286348114411
3.80763888888889,3.11046020594736
3.80902777777778,3.17849348508442
3.81041666666667,3.15105762138963
3.81180555555556,3.11520720099409
3.81319444444444,3.2618901053071
3.81458333333333,3.21266139626037
3.81597222222222,3.30617423312118
3.81736111111111,3.19107446960484
3.81875,3.18097517664544
3.82013888888889,3.17358984813094
3.82152777777778,3.2315056470409
3.82291666666667,3.25018481110223
3.82430555555556,3.25812868145605
3.82569444444444,3.18974803432822
3.82708333333333,3.14364656305561
3.82847222222222,3.06412706424793
3.82986111111111,3.0773225538681
3.83125,3.11082028953979
3.83263888888889,3.12147295475006
3.83402777777778,3.10893458771209
3.83541666666667,3.12968711992726
3.83680555555556,3.15419553184261
3.83819444444444,3.16182848770171
3.83958333333333,3.12543987721826
3.84097222222222,3.19591690431659
3.84236111111111,3.16441325200722
3.84375,3.05242242125484
3.84513888888889,3.16060769241303
3.84652777777778,3.03801848707527
3.84791666666667,3.07228775504666
3.84930555555556,3.14232887470474
3.85069444444444,3.170222823446
3.85208333333333,3.08630445936695
3.85347222222222,3.1431841511031
3.85486111111111,3.19699758940221
3.85625,3.14003152987609
3.85763888888889,3.23354445928087
3.85902777777778,3.22433634674953
3.86041666666667,3.20700325801969
3.86180555555556,3.23548735211293
3.86319444444444,3.13136325176805
3.86458333333333,3.21394484966993
3.86597222222222,3.13516732640254
3.86736111111111,3.128425585269
3.86875,3.1702960462682
3.87013888888889,3.17063325120757
3.87152777777778,3.11104272385438
3.87291666666667,3.03774738657929
3.87430555555556,3.1259045445562
3.87569444444444,3.01647185856011
3.87708333333333,3.09774783093637
3.87847222222222,3.12349799127008
3.87986111111111,3.16078909518818
3.88125,3.13583288632023
3.88263888888889,3.18761844532254
3.88402777777778,3.18971851674219
3.88541666666667,3.13333321935963
3.88680555555556,3.13546210870147
3.88819444444444,3.07732988810477
3.88958333333333,3.19286054742833
3.89097222222222,3.1529265014672
3.89236111111111,3.15764388029774
3.89375,3.21761873998369
3.89513888888889,3.18895157648871
3.89652777777778,3.18332307562232
3.89791666666667,3.10203595883213
3.89930555555556,3.0885661115055
3.90069444444444,3.09357940894862
3.90208333333333,3.16091569185257
3.90347222222222,3.10433659940958
3.90486111111111,3.15888524890567
3.90625,3.19121829804033
3.90763888888889,3.18348365133007
3.90902777777778,3.20944928382834
3.91041666666667,3.15089824448029
3.91180555555556,3.15818779859226
3.91319444444444,3.08493228603154
3.91458333333333,3.14594079415003
3.91597222222222,3.23384527559237
3.91736111111111,3.19782968730976
3.91875,3.10364688729246
3.92013888888889,3.11356779951913
3.92152777777778,3.13071414568772
3.92291666666667,3.04955132626075
3.92430555555556,3.13628652510854
3.92569444444444,3.16137538592486
3.92708333333333,3.18267951900139
3.92847222222222,3.17392096602668
3.92986111111111,3.2794373545299
3.93125,3.21376017764211
3.93263888888889,3.18787108540535
3.93402777777778,3.12868035459891
3.93541666666667,3.16197737286488
3.93680555555556,3.07847778504093
3.93819444444444,3.06510487231736
3.93958333333333,3.06754615659515
3.94097222222222,3.09336284838617
3.94236111111111,3.06536721531302
3.94375,3.05928559541702
3.94513888888889,3.20621440927188
3.94652777777778,3.18575919756045
3.94791666666667,3.05834685822328
3.94930555555556,3.02453011343411
3.95069444444444,2.93598103381693
3.95208333333333,2.88517804910894
3.95347222222222,2.86011882742556
3.95486111111111,3.00078254411618
3.95625,2.95106078499773
3.95763888888889,2.97708807905515
3.95902777777778,3.04474041528767
3.96041666666667,3.03530398867403
3.96180555555556,3.05394564507452
3.96319444444444,3.05889074110736
3.96458333333333,3.01163147923226
3.96597222222222,2.9811658188949
3.96736111111111,3.02471034970135
3.96875,3.04468526010712
3.97013888888889,2.97571670292566
3.97152777777778,2.99882687284922
3.97291666666667,2.99775227194031
3.97430555555556,3.07058433959881
3.97569444444444,2.93240274868906
3.97708333333333,2.87747862714071
3.97847222222222,2.98881981881335
3.97986111111111,3.06952472683663
3.98125,2.97812016691392
3.98263888888889,2.97636975108335
3.98402777777778,2.96511588810633
3.98541666666667,3.05547585919499
3.98680555555556,2.96471868839425
3.98819444444444,2.85464000976334
3.98958333333333,2.98737779431045
3.99097222222222,2.96244317516685
3.99236111111111,3.08052007855071
3.99375,3.08066809773173
3.99513888888889,2.9838398817558
3.99652777777778,3.02248693530758
3.99791666666667,3.01754136218379
3.99930555555556,3.11005276860048
4.00069444444444,3.08466129677991
4.00208333333333,3.1055838691319
4.00347222222222,3.15921316916744
4.00486111111111,3.15446534500147
4.00625,3.2316540710402
4.00763888888889,3.20619428418577
4.00902777777778,3.17365974102169
4.01041666666667,3.20426228406529
4.01180555555556,3.03705907984947
4.01319444444444,3.07605558345715
4.01458333333333,3.13506017468249
4.01597222222222,3.12627392996103
4.01736111111111,3.06018268093156
4.01875,3.08219975423689
4.02013888888889,3.16860400892794
4.02152777777778,3.17443549594376
4.02291666666667,3.11152093564471
4.02430555555556,3.09092786930501
4.02569444444444,3.04094168543816
4.02708333333333,3.1113586505875
4.02847222222222,3.1498684048901
4.02986111111111,3.14917324254289
4.03125,3.22192778846792
4.03263888888889,3.28178545124829
4.03402777777778,3.17623757815299
4.03541666666667,3.16336229677002
4.03680555555556,3.29193255864084
4.03819444444444,3.25911109129588
4.03958333333333,3.17380889845391
4.04097222222222,3.24753128472716
4.04236111111111,3.19176846027374
4.04375,3.26856909377811
4.04513888888889,3.24413270756602
4.04652777777778,3.25699987374246
4.04791666666667,3.31242374858508
4.04930555555556,3.27329711662605
4.05069444444444,3.25675621569157
4.05208333333333,3.03777173204968
4.05347222222222,3.10503030735999
4.05486111111111,3.19900838424762
4.05625,3.18683951598282
4.05763888888889,3.10750828390941
4.05902777777778,3.04257762752473
4.06041666666667,3.14779048812265
4.06180555555556,3.11060574373851
4.06319444444444,3.07267074988534
4.06458333333333,3.25700425315648
4.06597222222222,3.15069250226021
4.06736111111111,3.16078126033147
4.06875,3.16702790279562
4.07013888888889,3.19198628871391
4.07152777777778,3.11992798027893
4.07291666666667,3.11539609417319
4.07430555555556,3.00100132241845
4.07569444444444,3.06626572986444
4.07708333333333,3.063552080342
4.07847222222222,3.11227071024477
4.07986111111111,3.11885747710864
4.08125,3.06766432831685
4.08263888888889,3.14506975470732
4.08402777777778,3.12878745169689
4.08541666666667,3.01780563647548
4.08680555555556,3.0889663472857
4.08819444444444,3.05707840070128
4.08958333333333,3.06290332362056
4.09097222222222,3.1057473841069
4.09236111111111,3.08952505588532
4.09375,3.10294753710429
4.09513888888889,3.14275678347486
4.09652777777778,3.06153169572353
4.09791666666667,3.20908465702087
4.09930555555556,3.17650312463442
4.10069444444444,3.21787645777067
4.10208333333333,3.35591622565563
4.10347222222222,3.27358920214077
4.10486111111111,3.19481062144041
4.10625,3.0519053915143
4.10763888888889,3.1548002187411
4.10902777777778,3.22777272444839
4.11041666666667,3.34020191694299
4.11180555555556,3.30860689515869
4.11319444444444,3.2657621650522
4.11458333333333,3.33920023077478
4.11597222222222,3.28103584011396
4.11736111111111,3.30127889530733
4.11875,3.15550257456799
4.12013888888889,3.21885936519383
4.12152777777778,3.15252284652243
4.12291666666667,3.19958791486919
4.12430555555556,3.25191345706582
4.12569444444444,3.2438754135867
4.12708333333333,3.29376834998528
4.12847222222222,3.24944672420621
4.12986111111111,3.19255060306129
4.13125,3.20467272957166
4.13263888888889,3.26596012858053
4.13402777777778,3.22112878564124
4.13541666666667,3.25052962596218
4.13680555555556,3.23568154670298
4.13819444444444,3.2405893205603
4.13958333333333,3.17479908950627
4.14097222222222,3.19814706124365
4.14236111111111,3.16493743504708
4.14375,3.26208459079266
4.14513888888889,3.21571496208509
4.14652777777778,3.16035950342814
4.14791666666667,3.26228136896534
4.14930555555556,3.18850015896062
4.15069444444444,3.29707922391593
4.15208333333333,3.29061375593146
4.15347222222222,3.28705453246832
4.15486111111111,3.37408149082214
4.15625,3.37296980778376
4.15763888888889,3.39895440657934
4.15902777777778,3.39472512435168
4.16041666666667,3.32406248420477
4.16180555555556,3.23669519747297
4.16319444444444,3.16591485093037
4.16458333333333,3.33082941059023
4.16597222222222,3.25394999183404
4.16736111111111,3.19425452742726
4.16875,3.25387633966903
4.17013888888889,3.15850003801325
4.17152777777778,3.19964845884591
4.17291666666667,3.21497707009316
4.17430555555556,3.24640502542257
4.17569444444444,3.22309889098008
4.17708333333333,3.15448885283743
4.17847222222222,3.10262519096335
4.17986111111111,3.1182994145155
4.18125,3.12214514228205
4.18263888888889,3.09441451862454
4.18402777777778,3.18085574115316
4.18541666666667,3.18584868232409
4.18680555555556,3.18074791038409
4.18819444444444,3.18964650811317
4.18958333333333,3.24794320027033
4.19097222222222,3.18448861787717
4.19236111111111,3.15156995475913
4.19375,3.05434729924425
4.19513888888889,3.02746330454946
4.19652777777778,3.08841850950072
4.19791666666667,3.01131510297457
4.19930555555556,3.09626278281212
4.20069444444444,3.13564561237892
4.20208333333333,3.16428613146146
4.20347222222222,3.19905503352483
4.20486111111111,3.21758478835225
4.20625,3.25147931863864
4.20763888888889,3.21622265363578
4.20902777777778,3.23879432111979
4.21041666666667,3.22054732295374
4.21180555555556,3.22772570448928
4.21319444444444,3.21530862187346
4.21458333333333,3.15906991661061
4.21597222222222,3.20326720160743
4.21736111111111,3.19009603063265
4.21875,3.12471605662101
4.22013888888889,3.13414134542147
4.22152777777778,3.12838380376498
4.22291666666667,3.17547420789798
4.22430555555556,3.22172344396512
4.22569444444444,3.17710462113221
4.22708333333333,3.19883554577827
4.22847222222222,3.18300673574209
4.22986111111111,3.1240394449234
4.23125,3.29555782864491
4.23263888888889,3.28296728233496
4.23402777777778,3.34708432296912
4.23541666666667,3.35653707641798
4.23680555555556,3.31153492569923
4.23819444444444,3.24072867169976
4.23958333333333,3.29250366042058
4.24097222222222,3.3944310747087
4.24236111111111,3.32020920395851
4.24375,3.32830249736706
4.24513888888889,3.33867650449276
4.24652777777778,3.29978639980157
4.24791666666667,3.21881890864422
4.24930555555556,3.16216296128308
4.25069444444444,3.29872187041988
4.25208333333333,3.28860281010469
4.25347222222222,3.1786456100146
4.25486111111111,3.31304342826207
4.25625,3.33529645959536
4.25763888888889,3.26507236778736
4.25902777777778,3.13854604919751
4.26041666666667,3.23642671634754
4.26180555555556,3.30656395191948
4.26319444444444,3.16030634298921
4.26458333333333,3.23634488960107
4.26597222222222,3.22880707293749
4.26736111111111,3.23230113267899
4.26875,3.24251757800579
4.27013888888889,3.21196822752555
4.27152777777778,3.21581875284513
4.27291666666667,3.10175556441148
4.27430555555556,3.11771503051122
4.27569444444444,3.20069453289111
4.27708333333333,3.15175228228172
4.27847222222222,3.19142874610921
4.27986111111111,3.15656238356605
4.28125,3.27166827224195
4.28263888888889,3.13659656636417
4.28402777777778,3.20541257351637
4.28541666666667,3.11305752019087
4.28680555555556,3.19295803673565
4.28819444444444,3.10947600885294
4.28958333333333,3.14958390008969
4.29097222222222,3.04891848742962
4.29236111111111,3.16073580076297
4.29375,3.11566542575757
4.29513888888889,3.11806844726205
4.29652777777778,3.27723342895508
4.29791666666667,3.23036613573631
4.29930555555556,3.21625530421734
4.30069444444444,3.21379156894982
4.30208333333333,3.16712093748152
4.30347222222222,3.16884551564852
4.30486111111111,3.20256271248062
4.30625,3.17263915846745
4.30763888888889,3.20956470626096
4.30902777777778,3.17366424987714
4.31041666666667,3.2590320936963
4.31180555555556,3.32425374597311
4.31319444444444,3.28405665044983
4.31458333333333,3.34911877647042
4.31597222222222,3.30344616016994
4.31736111111111,3.21470748071869
4.31875,3.22482854316632
4.32013888888889,3.17451200009634
4.32152777777778,3.13081613274912
4.32291666666667,3.12885400195916
4.32430555555556,3.19071953335777
4.32569444444444,3.17080516830087
4.32708333333333,3.2192050479725
4.32847222222222,3.17267257655039
4.32986111111111,3.29296081182857
4.33125,3.17973030562202
4.33263888888889,3.16641644532482
4.33402777777778,3.19225802991539
4.33541666666667,3.14252809096749
4.33680555555556,3.21904946257671
4.33819444444444,3.20838124421736
4.33958333333333,3.2053335940962
4.34097222222222,3.2329331745704
4.34236111111111,3.23727908154329
4.34375,3.19267490714788
4.34513888888889,3.18980767422666
4.34652777777778,3.20962531502048
4.34791666666667,3.21668080179952
4.34930555555556,3.21770715033015
4.35069444444444,3.27500582085922
4.35208333333333,3.17677347532784
4.35347222222222,3.02210164931913
4.35486111111111,3.11040655879925
4.35625,3.00444593541324
4.35763888888889,3.03556851485123
4.35902777777778,3.17129337268571
4.36041666666667,3.13568003870547
4.36180555555556,3.06512686262528
4.36319444444444,3.20030473793546
4.36458333333333,3.18001865642766
4.36597222222222,3.09524757372836
4.36736111111111,3.04869555408756
4.36875,3.06320466135939
4.37013888888889,3.15429122901211
4.37152777777778,3.14606334800716
4.37291666666667,3.16371208200852
4.37430555555556,3.24463892608881
4.37569444444444,3.24087923093777
4.37708333333333,3.19182679411024
4.37847222222222,3.1634415307641
4.37986111111111,3.15346270511548
4.38125,3.18947104747097
4.38263888888889,3.16272952347994
4.38402777777778,3.01825449233254
4.38541666666667,3.04613712949057
4.38680555555556,3.1467410899202
4.38819444444444,3.13523261591792
4.38958333333333,3.14862614293893
4.39097222222222,3.11751337140799
4.39236111111111,3.08203938639141
4.39375,3.18548296455915
4.39513888888889,3.24101816448383
4.39652777777778,3.11485554682091
4.39791666666667,3.10495201610029
4.39930555555556,3.17377274483442
4.40069444444444,3.12160064247747
4.40208333333333,3.0349521677196
4.40347222222222,3.11995996632533
4.40486111111111,3.27542498884102
4.40625,3.22722125706573
4.40763888888889,3.20335987592737
4.40902777777778,3.12400569699705
4.41041666666667,3.06607358845572
4.41180555555556,3.12169438918432
4.41319444444444,3.09481848547856
4.41458333333333,3.14045823519429
4.41597222222222,3.09034665203343
4.41736111111111,3.04361655743172
4.41875,3.01467760184159
4.42013888888889,3.10672566199675
4.42152777777778,3.17948010887951
4.42291666666667,3.10756656352431
4.42430555555556,3.01378894824535
4.42569444444444,3.11412501802358
4.42708333333333,3.05690460385134
4.42847222222222,3.02757938688
4.42986111111111,3.0955222522219
4.43125,3.09808022667964
4.43263888888889,3.17344849406431
4.43402777777778,3.17446264712761
4.43541666666667,3.13318377654379
4.43680555555556,3.10489328420411
4.43819444444444,3.13451541253676
4.43958333333333,3.10778551814457
4.44097222222222,3.15416470109175
4.44236111111111,3.13016352268557
4.44375,3.0447604609436
4.44513888888889,3.09365810357034
4.44652777777778,3.0988933453996
4.44791666666667,3.14753343063717
4.44930555555556,3.03982754925887
4.45069444444444,3.05293981422981
4.45208333333333,3.13596851458152
4.45347222222222,3.06698199008902
4.45486111111111,3.10549449442575
4.45625,3.11607812799863
4.45763888888889,3.0681527749418
4.45902777777778,3.11503135499234
4.46041666666667,2.99421367382475
4.46180555555556,3.14266937033894
4.46319444444444,3.15508183771744
4.46458333333333,3.20169252365828
4.46597222222222,3.22907477567593
4.46736111111111,3.19180326921167
4.46875,3.21848176300526
4.47013888888889,3.20474249954025
4.47152777777778,3.22340966254473
4.47291666666667,3.20919580144187
4.47430555555556,3.21852356969068
4.47569444444444,3.19462349385023
4.47708333333333,3.13232621687154
4.47847222222222,3.19247082794706
4.47986111111111,3.10693293501933
4.48125,3.16531756751239
4.48263888888889,3.07218226852516
4.48402777777778,3.09683855748425
4.48541666666667,3.16599360319475
4.48680555555556,3.10150196135044
4.48819444444444,3.02978882427017
4.48958333333333,3.07460134811699
4.49097222222222,3.06991315623124
4.49236111111111,3.14334801865121
4.49375,3.11774936775366
4.49513888888889,3.10018268158038
4.49652777777778,3.08651722392067
4.49791666666667,3.14052883791427
4.49930555555556,3.26181290532152
4.50069444444444,3.24389532120277
4.50208333333333,3.26728601890306
4.50347222222222,3.20309383675456
4.50486111111111,3.20161698402216
4.50625,3.25417360862096
4.50763888888889,3.20927533864975
4.50902777777778,3.12388653061042
4.51041666666667,3.20631886656086
4.51180555555556,3.11080891993362
4.51319444444444,3.14797166875408
4.51458333333333,3.11569437334935
4.51597222222222,3.10039683377991
4.51736111111111,3.0511614028799
4.51875,3.13309540357286
4.52013888888889,3.16756813503181
4.52152777777778,3.19368584051728
4.52291666666667,3.17115888660153
4.52430555555556,3.17855742648244
4.52569444444444,3.25818934395288
4.52708333333333,3.16532114952803
4.52847222222222,3.0257976940088
4.52986111111111,3.11181624589488
4.53125,3.15186283932378
4.53263888888889,3.1768320848917
4.53402777777778,3.18564813933025
4.53541666666667,3.19371687422196
4.53680555555556,3.20091127056163
4.53819444444444,3.10523196519042
4.53958333333333,3.04455586577145
4.54097222222222,3.17642419637491
4.54236111111111,3.15246605358397
4.54375,3.15561331147949
4.54513888888889,3.08773185268044
4.54652777777778,3.0671852065747
4.54791666666667,3.09610297573575
4.54930555555556,3.0414894169569
4.55069444444444,3.00034395075093
4.55208333333333,3.0492694377775
4.55347222222222,2.99633662077288
4.55486111111111,2.88625138387084
4.55625,2.8354513101466
4.55763888888889,3.00239501432904
4.55902777777778,2.97435176132247
4.56041666666667,3.05121572705607
4.56180555555556,3.03154605213863
4.56319444444444,3.03845932281266
4.56458333333333,2.96733810047309
4.56597222222222,3.0273122613163
4.56736111111111,3.05351434816296
4.56875,3.11611859083176
4.57013888888889,3.02736957758665
4.57152777777778,3.15060747539004
4.57291666666667,3.18937215395272
4.57430555555556,3.15634441842635
4.57569444444444,3.18723371335616
4.57708333333333,3.07224095436434
4.57847222222222,3.00922398402976
4.57986111111111,2.98127778391528
4.58125,3.05449856714656
4.58263888888889,3.04580455144246
4.58402777777778,3.04894761607051
4.58541666666667,3.03926486458629
4.58680555555556,3.05592369784291
4.58819444444444,2.96069355057552
4.58958333333333,2.96769118544956
4.59097222222222,2.9109063515005
4.59236111111111,2.89779843285059
4.59375,2.89121243019899
4.59513888888889,2.91420689629701
4.59652777777778,3.03980296254158
4.59791666666667,3.01466633255283
4.59930555555556,2.94760721074417
4.60069444444444,3.00580475163956
4.60208333333333,2.94163663704259
4.60347222222222,2.98950686511273
4.60486111111111,3.07469223291924
4.60625,3.03603197686995
4.60763888888889,3.10017687768637
4.60902777777778,3.02393030436089
4.61041666666667,3.14638028749575
4.61180555555556,3.16030689179897
4.61319444444444,3.11848767433316
4.61458333333333,3.12344646016757
4.61597222222222,3.10691639864196
4.61736111111111,3.07872893232852
4.61875,3.02534169025098
4.62013888888889,3.05437535241246
4.62152777777778,3.02862844030062
4.62291666666667,3.09265550459425
4.62430555555556,3.12880124151707
4.62569444444444,3.22620129697025
4.62708333333333,3.13051621237149
4.62847222222222,3.00763481761018
4.62986111111111,3.10101017752963
4.63125,3.09319570033501
4.63263888888889,2.96991697132587
4.63402777777778,3.0267772586147
4.63541666666667,3.04665579423308
4.63680555555556,3.13800812539024
4.63819444444444,3.20666499514133
4.63958333333333,3.28677846215665
4.64097222222222,3.25658351818721
4.64236111111111,3.23671005241573
4.64375,3.23599755315731
4.64513888888889,3.26114041224122
4.64652777777778,3.24050967320489
4.64791666666667,3.23386135122428
4.64930555555556,3.22284526099761
4.65069444444444,3.22314242445553
4.65208333333333,3.13514109923194
4.65347222222222,3.1510278386871
4.65486111111111,3.12794074396292
4.65625,3.16459702943762
4.65763888888889,3.22026382143299
4.65902777777778,3.17664977752914
4.66041666666667,3.15515425299605
4.66180555555556,3.04694141427676
4.66319444444444,3.12757949610551
4.66458333333333,3.14226263354222
4.66597222222222,3.15885013890763
4.66736111111111,3.14975001369913
4.66875,3.11706997166077
4.67013888888889,3.05438605080048
4.67152777777778,2.95454844143242
4.67291666666667,2.96320561703023
4.67430555555556,3.01736248930295
4.67569444444444,2.98584123528252
4.67708333333333,3.11779820628464
4.67847222222222,3.02657634288073
4.67986111111111,3.10215924501419
4.68125,3.19090463069578
4.68263888888889,3.21383774229481
4.68402777777778,3.18805066580574
4.68541666666667,3.26846351631607
4.68680555555556,3.21214651416056
4.68819444444444,3.15188374405416
4.68958333333333,3.15139445094392
4.69097222222222,3.19459585990757
4.69236111111111,3.07165933037177
4.69375,3.04448216109226
4.69513888888889,3.03822010161976
4.69652777777778,3.05472663460299
4.69791666666667,3.10153180440888
4.69930555555556,3.13329379841685
4.70069444444444,3.14805424739917
4.70208333333333,3.15143409388761
4.70347222222222,3.13031612543389
4.70486111111111,3.13153490891059
4.70625,3.1271467265704
4.70763888888889,3.16596606651942
4.70902777777778,3.16528890368218
4.71041666666667,3.09774214153333
4.71180555555556,3.01076515203963
4.71319444444444,3.1477603642301
4.71458333333333,3.1662610522906
4.71597222222222,3.13935754150152
4.71736111111111,3.06965711134175
4.71875,3.05456755428885
4.72013888888889,3.03680709734559
4.72152777777778,2.97271090689426
4.72291666666667,3.10525742576147
4.72430555555556,3.14033367907008
4.72569444444444,3.03354527751605
4.72708333333333,3.10382594682276
4.72847222222222,3.10664724821846
4.72986111111111,3.06281190981468
4.73125,3.05403429257683
4.73263888888889,3.01971370309591
4.73402777777778,3.0655029889072
4.73541666666667,3.01673701926445
4.73680555555556,3.0135948895663
4.73819444444444,2.98617812800376
4.73958333333333,2.91661620666583
4.74097222222222,2.98178080747525
4.74236111111111,3.04375166594982
4.74375,2.94216115345558
4.74513888888889,3.02049564058582
4.74652777777778,2.95990335844457
4.74791666666667,3.0385282933712
4.74930555555556,3.02564433967229
4.75069444444444,3.02729395334919
4.75208333333333,3.04684533417885
4.75347222222222,2.91901391774571
4.75486111111111,2.98196018007894
4.75625,3.02577369858821
4.75763888888889,3.03589591860771
4.75902777777778,3.19341637505218
4.76041666666667,3.06886410544316
4.76180555555556,3.10731876783073
4.76319444444444,3.11405915483832
4.76458333333333,3.16564675572018
4.76597222222222,3.14659351547093
4.76736111111111,3.2292724152375
4.76875,3.26242878841857
4.77013888888889,3.22811019139675
4.77152777777778,3.15906207688774
4.77291666666667,3.09964047025889
4.77430555555556,3.11735710590981
4.77569444444444,3.08747135189672
4.77708333333333,3.09953200982263
4.77847222222222,3.16360286359054
4.77986111111111,3.22754293754697
4.78125,3.13245471996566
4.78263888888889,3.05865693259984
4.78402777777778,3.02941884910998
4.78541666666667,3.02020311060051
4.78680555555556,3.0318345092237
4.78819444444444,3.04369309917092
4.78958333333333,3.09082718697687
4.79097222222222,2.9775377014031
4.79236111111111,2.89843243058616
4.79375,2.92936751663064
4.79513888888889,3.02137702779534
4.79652777777778,3.08766763736804
4.79791666666667,3.06112662755574
4.79930555555556,3.0555562137564
4.80069444444444,3.08091403211933
4.80208333333333,3.13374249751369
4.80347222222222,3.04870910778642
4.80486111111111,3.06495385250698
4.80625,3.12904168741506
4.80763888888889,3.16544673447808
4.80902777777778,3.17498386176924
4.81041666666667,3.16332273647189
4.81180555555556,3.20733780225118
4.81319444444444,3.0564152651839
4.81458333333333,3.06943684622645
4.81597222222222,3.1989856048425
4.81736111111111,3.13643677040935
4.81875,3.16359444742401
4.82013888888889,3.14015572244922
4.82152777777778,3.10732188989719
4.82291666666667,3.09877441411217
4.82430555555556,3.00569721305122
4.82569444444444,3.13634680613875
4.82708333333333,3.11586900621653
4.82847222222222,3.06672935627168
4.82986111111111,3.07784559930946
4.83125,3.08201238427932
4.83263888888889,3.05522428267946
4.83402777777778,3.12935317503909
4.83541666666667,3.01155871493121
4.83680555555556,2.95747164426371
4.83819444444444,2.92169068453213
4.83958333333333,3.02339726776506
4.84097222222222,3.00289204847068
4.84236111111111,3.05083103070656
4.84375,2.95917604230344
4.84513888888889,3.20058569194128
4.84652777777778,3.19732157317301
4.84791666666667,3.13906112211446
4.84930555555556,3.08092212021351
4.85069444444444,3.1048563230286
4.85208333333333,3.20192247152329
4.85347222222222,3.17315191129843
4.85486111111111,3.19158894846837
4.85625,3.19077730675538
4.85763888888889,3.25338464577993
4.85902777777778,3.23369694809119
4.86041666666667,3.25104647278786
4.86180555555556,3.25426041014493
4.86319444444444,3.31311678320169
4.86458333333333,3.18629473169645
4.86597222222222,3.1820858724912
4.86736111111111,3.27107848823071
4.86875,3.31460593044758
4.87013888888889,3.2951503654321
4.87152777777778,3.25380135446787
4.87291666666667,3.22079962142743
4.87430555555556,3.21062009583771
4.87569444444444,3.26887691631913
4.87708333333333,3.23664964086066
4.87847222222222,3.23309210975965
4.87986111111111,3.16106330215931
4.88125,3.13015716137985
4.88263888888889,3.05490622121685
4.88402777777778,3.12776231904825
4.88541666666667,3.17344326535861
4.88680555555556,3.13227473994096
4.88819444444444,3.0732075150311
4.88958333333333,3.02877213656902
4.89097222222222,3.14444256196419
4.89236111111111,3.15255776574214
4.89375,3.09762716355423
4.89513888888889,3.07186644767721
4.89652777777778,3.1585147560512
4.89791666666667,3.06832342557609
4.89930555555556,3.0813800509274
4.90069444444444,2.98245581363638
4.90208333333333,2.92754633903503
4.90347222222222,2.9550440071139
4.90486111111111,3.17586269877851
4.90625,3.14179582201187
4.90763888888889,3.13650567243497
4.90902777777778,3.19387826065533
4.91041666666667,3.26931196222703
4.91180555555556,3.1108592351526
4.91319444444444,3.07769992704193
4.91458333333333,2.98392973467708
4.91597222222222,3.0956601660947
4.91736111111111,3.03550475488106
4.91875,2.99433018796146
4.92013888888889,3.0816409744819
4.92152777777778,3.06333116491636
4.92291666666667,3.10477757475805
4.92430555555556,3.09733537572126
4.92569444444444,3.07627166464925
4.92708333333333,3.1847588351431
4.92847222222222,3.23232133949796
4.92986111111111,3.12866518994172
4.93125,3.18913247694572
4.93263888888889,3.05896856956184
4.93402777777778,3.01072836088638
4.93541666666667,3.07159477460509
4.93680555555556,3.00148445300758
4.93819444444444,2.87866468513278
4.93958333333333,3.02929148371021
4.94097222222222,2.94270295682053
4.94236111111111,2.89771224856377
4.94375,2.9121208336992
4.94513888888889,2.95716393508017
4.94652777777778,2.94749230794609
4.94791666666667,2.99940586601694
4.94930555555556,3.03925626206095
4.95069444444444,2.92262804547946
4.95208333333333,2.9396928791207
4.95347222222222,2.94813803805038
4.95486111111111,2.98761820659817
4.95625,2.96686354761322
4.95763888888889,2.98835195074479
4.95902777777778,2.95420962216953
4.96041666666667,2.98408653755983
4.96180555555556,3.00525909602642
4.96319444444444,3.04633043373624
4.96458333333333,3.03446945210298
4.96597222222222,3.07982690520585
4.96736111111111,3.09071113099655
4.96875,3.14715291976929
4.97013888888889,3.0983233799537
4.97152777777778,3.11277478694916
4.97291666666667,3.14891684494913
4.97430555555556,3.13102178795884
4.97569444444444,3.10987274428209
4.97708333333333,3.1400370568037
4.97847222222222,3.17250152098636
4.97986111111111,3.20823392592371
4.98125,3.01162846242388
4.98263888888889,3.04891719090442
4.98402777777778,3.06182785063982
4.98541666666667,3.04245299175382
4.98680555555556,3.09913784332573
4.98819444444444,3.03681916108976
4.98958333333333,2.99350990566115
4.99097222222222,3.10190983505299
4.99236111111111,3.06870137912532
4.99375,3.11074976578355
4.99513888888889,3.19005024561038
4.99652777777778,3.00331188884874
4.99791666666667,2.99029623142133
4.99930555555556,2.97439270381505
5.00069444444444,2.9224127988331
5.00208333333333,2.94917408074563
5.00347222222222,2.93789222550889
5.00486111111111,2.94840616029687
5.00625,3.02337252325068
5.00763888888889,2.96765459851672
5.00902777777778,3.04136493748054
5.01041666666667,3.13132851071656
5.01180555555556,2.92230092783769
5.01319444444444,2.98028466170033
5.01458333333333,2.91769235417247
5.01597222222222,2.93118328712881
5.01736111111111,3.01256602477282
5.01875,2.98845950378726
5.02013888888889,2.97602318815887
5.02152777777778,3.10515813288589
5.02291666666667,3.13939771788816
5.02430555555556,3.03687835969031
5.02569444444444,3.03951120520631
5.02708333333333,3.06832123847057
5.02847222222222,3.04962991241987
5.02986111111111,2.9503752218311
5.03125,2.82331410681208
5.03263888888889,3.01436146102846
5.03402777777778,3.10453228579834
5.03541666666667,3.04223506389807
5.03680555555556,3.0899271493343
5.03819444444444,3.01301396080603
5.03958333333333,2.96796051602811
5.04097222222222,2.88101808490853
5.04236111111111,2.916644881169
5.04375,2.88148505877548
5.04513888888889,3.07939293195804
5.04652777777778,2.99687847321232
5.04791666666667,3.04658665962517
5.04930555555556,3.14584419079746
5.05069444444444,3.08262741781461
5.05208333333333,3.00192707588275
5.05347222222222,3.05640201258163
5.05486111111111,3.0052445503138
5.05625,2.95368918595806
5.05763888888889,3.03617386793718
5.05902777777778,3.0168132266961
5.06041666666667,3.17322082856049
5.06180555555556,3.03805032379304
5.06319444444444,3.0717250538369
5.06458333333333,3.01934460814421
5.06597222222222,2.97965697435662
5.06736111111111,3.04835134904832
5.06875,3.05771832866284
5.07013888888889,3.00645065836608
5.07152777777778,3.02538147310416
5.07291666666667,3.10858593672514
5.07430555555556,3.10309773981571
5.07569444444444,3.11027495775993
5.07708333333333,2.96233608821407
5.07847222222222,3.00085251947244
5.07986111111111,2.95646353006363
5.08125,2.95365139309317
5.08263888888889,3.04082500084536
5.08402777777778,3.02883006719407
5.08541666666667,2.95816697878142
5.08680555555556,2.98301011236385
5.08819444444444,3.02578066993505
5.08958333333333,2.99110803445859
5.09097222222222,2.94421276350816
5.09236111111111,2.96670014095803
5.09375,3.0340157862256
5.09513888888889,3.04120121826728
5.09652777777778,2.98463020441743
5.09791666666667,2.93077155383925
5.09930555555556,3.0554924942553
5.10069444444444,3.01339214831901
5.10208333333333,3.01119421473394
5.10347222222222,3.02213590020935
5.10486111111111,2.98505352766563
5.10625,2.85687953268488
5.10763888888889,2.88472568084796
5.10902777777778,2.8816402311561
5.11041666666667,2.96085124658576
5.11180555555556,2.86385034170002
5.11319444444444,2.95341703252556
5.11458333333333,2.9930628566506
5.11597222222222,2.90913621714804
5.11736111111111,2.93722732444604
5.11875,2.99753570993741
5.12013888888889,2.95265521892036
5.12152777777778,2.98731077204148
5.12291666666667,2.91358181831582
5.12430555555556,3.0107811959212
5.12569444444444,3.02315849451348
5.12708333333333,3.115885562102
5.12847222222222,2.96934989683951
5.12986111111111,2.97386032290757
5.13125,3.02081650520985
5.13263888888889,3.00249140375604
5.13402777777778,2.95497378448645
5.13541666666667,2.88907402396202
5.13680555555556,3.00952308966468
5.13819444444444,2.99142414878433
5.13958333333333,2.95106905169785
5.14097222222222,3.01455552662412
5.14236111111111,3.05495854729166
5.14375,2.95215367222205
5.14513888888889,2.9926755050011
5.14652777777778,3.027346669692
5.14791666666667,2.89342134702951
5.14930555555556,2.8919781569019
5.15069444444444,2.88450411052754
5.15208333333333,2.93122337029005
5.15347222222222,3.0121709532477
5.15486111111111,2.9586992960495
5.15625,2.92777591538771
5.15763888888889,2.98313314552574
5.15902777777778,3.00744007509124
5.16041666666667,2.92915043703824
5.16180555555556,2.81633207126753
5.16319444444444,2.89777974052277
5.16458333333333,2.88472145480414
5.16597222222222,2.86835179577698
5.16736111111111,2.90442467976362
5.16875,2.98233104406856
5.17013888888889,2.86752587666114
5.17152777777778,2.88682904045175
5.17291666666667,2.91775444204919
5.17430555555556,2.96138541450103
5.17569444444444,2.93767401381085
5.17708333333333,2.84357380854276
5.17847222222222,2.91094280487237
5.17986111111111,2.86861719051997
5.18125,2.9249765502351
5.18263888888889,2.99737739047656
5.18402777777778,3.03840786710382
5.18541666666667,2.96403818249702
5.18680555555556,2.80836176872253
5.18819444444444,2.87369788560395
5.18958333333333,2.9717128660654
5.19097222222222,2.90001162731399
5.19236111111111,2.79270328352228
5.19375,2.76207532647221
5.19513888888889,2.77736410891637
5.19652777777778,2.79195742907623
5.19791666666667,2.87966557972133
5.19930555555556,2.85631896889458
5.20069444444444,2.86004475896557
5.20208333333333,2.83861207544804
5.20347222222222,2.78020604914054
5.20486111111111,2.79876223533725
5.20625,2.85151338443781
5.20763888888889,2.8224210644265
5.20902777777778,2.82628364200393
5.21041666666667,2.87530418861657
5.21180555555556,2.87316846709698
5.21319444444444,2.87564661773543
5.21458333333333,2.83228019564102
5.21597222222222,2.73959896127383
5.21736111111111,2.91410744334261
5.21875,2.8489695298858
5.22013888888889,2.89266205668449
5.22152777777778,2.93310321304947
5.22291666666667,2.90709594463309
5.22430555555556,2.91930570976809
5.22569444444444,2.9738930584987
5.22708333333333,2.98779349419599
5.22847222222222,2.94386926631133
5.22986111111111,2.75900961482277
5.23125,2.77501374440889
5.23263888888889,2.79210978029917
5.23402777777778,2.89216193382939
5.23541666666667,2.85343744091818
5.23680555555556,2.8183326773035
5.23819444444444,2.8636794010022
5.23958333333333,2.84238765340298
5.24097222222222,2.91106164048115
5.24236111111111,2.92076470797261
5.24375,2.91524162739515
5.24513888888889,2.85567438109467
5.24652777777778,2.87885750956212
5.24791666666667,2.9218523372151
5.24930555555556,2.89289299829242
5.25069444444444,2.99383143356691
5.25208333333333,2.93125904480616
5.25347222222222,2.97639825339119
5.25486111111111,2.93234495629867
5.25625,2.96725389792273
5.25763888888889,2.82844239247342
5.25902777777778,2.8280802629143
5.26041666666667,2.97645848409583
5.26180555555556,2.93553468783696
5.26319444444444,2.92217026953896
5.26458333333333,2.97997851078709
5.26597222222222,3.12713239009182
5.26736111111111,3.00802255868912
5.26875,3.01052883331353
5.27013888888889,3.0027835316211
5.27152777777778,2.96510576207191
5.27291666666667,3.01803216780225
5.27430555555556,2.99885640211403
5.27569444444444,2.96938865631819
5.27708333333333,2.91216046968475
5.27847222222222,2.95635457907532
5.27986111111111,2.90190606107314
5.28125,2.9474717618525
5.28263888888889,2.96481564365327
5.28402777777778,3.02470205110808
5.28541666666667,2.99462453982482
5.28680555555556,2.99027512433628
5.28819444444444,2.87666200138628
5.28958333333333,2.88764563458661
5.29097222222222,2.96715796927611
5.29236111111111,2.96616802554578
5.29375,2.90090129449964
5.29513888888889,2.98031906748811
5.29652777777778,3.04999640262375
5.29791666666667,2.96839586074154
5.29930555555556,2.95862127260615
5.30069444444444,2.92083319949607
5.30208333333333,2.91773088082671
5.30347222222222,2.86877539650848
5.30486111111111,2.98783776158467
5.30625,2.93272004313767
5.30763888888889,2.98528443065472
5.30902777777778,2.86269780234744
5.31041666666667,2.86629428603997
5.31180555555556,2.91835405493776
5.31319444444444,2.96928327913086
5.31458333333333,2.9972842005423
5.31597222222222,3.01070941880345
5.31736111111111,2.94400306380043
5.31875,2.97440208435059
5.32013888888889,2.97421972870827
5.32152777777778,2.97690039228648
5.32291666666667,3.03713293818136
5.32430555555556,3.05193585090339
5.32569444444444,3.02549939066172
5.32708333333333,3.0780078255944
5.32847222222222,3.14391943411281
5.32986111111111,3.00891316117719
5.33125,2.95395367870728
5.33263888888889,3.01730536679427
5.33402777777778,3.02322791991134
5.33541666666667,3.00190072285632
5.33680555555556,2.89364033746223
5.33819444444444,2.84563410774805
5.33958333333333,2.86091041110456
5.34097222222222,2.9276167011261
5.34236111111111,2.96545365452766
5.34375,2.86577256088456
5.34513888888889,2.94905650476615
5.34652777777778,2.93558556724029
5.34791666666667,3.02954233229781
5.34930555555556,3.09132474149888
5.35069444444444,3.03540093651041
5.35208333333333,2.97097269734368
5.35347222222222,2.84654396753137
5.35486111111111,2.87970682005088
5.35625,2.96201503663013
5.35763888888889,2.87678203556687
5.35902777777778,2.92828163197885
5.36041666666667,2.76498878031969
5.36180555555556,2.82251805437108
5.36319444444444,2.84137571210663
5.36458333333333,2.90435239469012
5.36597222222222,2.81246520644675
5.36736111111111,2.81712271119778
5.36875,2.74407026526829
5.37013888888889,2.80297729264945
5.37152777777778,2.86681876644492
5.37291666666667,2.83562736193339
5.37430555555556,2.75726252284522
5.37569444444444,2.85454356072471
5.37708333333333,2.92998969276746
5.37847222222222,2.85830408914015
5.37986111111111,2.84039768949151
5.38125,2.80015950667361
5.38263888888889,2.94115221053362
5.38402777777778,3.00390047671118
5.38541666666667,2.93364214451363
5.38680555555556,2.81506450373059
5.38819444444444,2.79709089216776
5.38958333333333,2.7973665891091
5.39097222222222,2.90919853798424
5.39236111111111,2.99271865387758
5.39375,2.930138358064
5.39513888888889,2.86477782323957
5.39652777777778,2.96599868374566
5.39791666666667,2.82543646997462
5.39930555555556,2.80500083335365
5.40069444444444,2.92909538234274
5.40208333333333,2.92689514298458
5.40347222222222,2.8958094925154
5.40486111111111,2.84333296762135
5.40625,3.03957003951073
5.40763888888889,3.11658724208673
5.40902777777778,3.06411938273658
5.41041666666667,2.98936075697343
5.41180555555556,2.98534769107898
5.41319444444444,3.01656344855825
5.41458333333333,3.01896468142668
5.41597222222222,2.84773269126192
5.41736111111111,2.90346589185918
5.41875,2.95318160454432
5.42013888888889,2.91018093358881
5.42152777777778,3.01195103579511
5.42291666666667,2.97426825730751
5.42430555555556,2.9391143827637
5.42569444444444,2.90622508487043
5.42708333333333,3.03291962105781
5.42847222222222,3.00299355631073
5.42986111111111,3.11737199207147
5.43125,2.9847948423354
5.43263888888889,2.90367560736835
5.43402777777778,2.97605414360762
5.43541666666667,2.92092254224544
5.43680555555556,2.94553357230189
5.43819444444444,3.1002191352006
5.43958333333333,3.02402128002296
5.44097222222222,3.03121978232016
5.44236111111111,3.06158051985006
5.44375,3.06636756734302
5.44513888888889,3.02099326769511
5.44652777777778,3.02983456098164
5.44791666666667,3.06293363491694
5.44930555555556,2.95480705476056
5.45069444444444,2.92095326622327
5.45208333333333,3.09476974056413
5.45347222222222,3.01010295381149
5.45486111111111,3.07181631371379
5.45625,3.05224049978579
5.45763888888889,2.98929058519502
5.45902777777778,2.93973350976904
5.46041666666667,3.11977629235014
5.46180555555556,3.20690951763963
5.46319444444444,3.15498886671538
5.46458333333333,3.18405332551027
5.46597222222222,3.22824606223808
5.46736111111111,3.13557865495483
5.46875,2.9958978501459
5.47013888888889,2.99569570447008
5.47152777777778,2.9238849487404
5.47291666666667,2.95556557608147
5.47430555555556,3.04967343524098
5.47569444444444,3.05533827294906
5.47708333333333,3.10303028790901
5.47847222222222,3.12554022466143
5.47986111111111,3.17321820204457
5.48125,3.12176670378695
5.48263888888889,3.09629421924551
5.48402777777778,3.10298230567947
5.48541666666667,3.00188319983582
5.48680555555556,3.03584023994394
5.48819444444444,3.13956661117496
5.48958333333333,3.08271334487945
5.49097222222222,3.03341819291313
5.49236111111111,3.18744600750506
5.49375,3.18312111953894
5.49513888888889,3.2451108502845
5.49652777777778,3.10107610935966
5.49791666666667,3.08896907571082
5.49930555555556,3.10841936362286
5.50069444444444,3.04423674409588
5.50208333333333,3.13856378819793
5.50347222222222,3.15930237313112
5.50486111111111,3.06934891177962
5.50625,3.24101050073359
5.50763888888889,3.08303068156044
5.50902777777778,3.0219581185778
5.51041666666667,3.05101938274999
5.51180555555556,3.11036628272384
5.51319444444444,3.02699493865172
5.51458333333333,3.02398580829302
5.51597222222222,2.9937112219135
5.51736111111111,3.03748039987093
5.51875,3.06214907114704
5.52013888888889,3.02349369647757
5.52152777777778,3.14493077897777
5.52291666666667,3.08821584289273
5.52430555555556,3.03625394839716
5.52569444444444,3.15382250328859
5.52708333333333,3.0118737109378
5.52847222222222,3.01483007629712
5.52986111111111,2.99783869358401
5.53125,3.03666337530594
5.53263888888889,3.03292196265228
5.53402777777778,2.88283477659027
5.53541666666667,2.88423764144381
5.53680555555556,2.8716183126516
5.53819444444444,2.94291606416305
5.53958333333333,2.80785214689871
5.54097222222222,2.88346291522806
5.54236111111111,2.93977166414261
5.54375,3.02711671105741
5.54513888888889,2.95907082346578
5.54652777777778,2.85847187469403
5.54791666666667,2.8739332109193
5.54930555555556,2.8633262065053
5.55069444444444,2.90719678049286
5.55208333333333,2.97857704535127
5.55347222222222,2.95407329529524
5.55486111111111,2.97058145011465
5.55625,3.02353106434147
5.55763888888889,3.04611116071542
5.55902777777778,3.0929919900621
5.56041666666667,3.11960064897935
5.56180555555556,3.04794333080451
5.56319444444444,3.03703560639173
5.56458333333333,3.012075635915
5.56597222222222,3.14548227575763
5.56736111111111,3.14470713297526
5.56875,2.97329626167814
5.57013888888889,2.98591534360001
5.57152777777778,3.03556819669281
5.57291666666667,2.92128951427837
5.57430555555556,2.88044485601286
5.57569444444444,2.89013385936618
5.57708333333333,2.96474582571536
5.57847222222222,2.8576642582193
5.57986111111111,2.90550757651528
5.58125,2.94871992953122
5.58263888888889,2.99198406963299
5.58402777777778,2.92989751428366
5.58541666666667,2.91911097669353
5.58680555555556,2.91440528209011
5.58819444444444,2.92737545240767
5.58958333333333,3.04302066655209
5.59097222222222,2.88433733643343
5.59236111111111,2.90616846424838
5.59375,2.90717438982334
5.59513888888889,3.05210927595695
5.59652777777778,3.06638996240993
5.59791666666667,2.97913471279355
5.59930555555556,3.02378330202773
5.60069444444444,2.95990826590608
5.60208333333333,3.03371306176608
5.60347222222222,3.03052112260833
5.60486111111111,2.93527374243674
5.60625,2.94012437532345
5.60763888888889,2.86845880251378
5.60902777777778,3.01121167421341
5.61041666666667,2.9775172524744
5.61180555555556,2.95426773368071
5.61319444444444,2.9584250785845
5.61458333333333,2.96977666735028
5.61597222222222,3.0693859679997
5.61736111111111,2.9668357083636
5.61875,2.93586785688996
5.62013888888889,2.9971883332481
5.62152777777778,2.99498585638901
5.62291666666667,2.89543241798878
5.62430555555556,2.96782006680965
5.62569444444444,3.07130845077181
5.62708333333333,2.97072300784911
5.62847222222222,3.0443782996883
5.62986111111111,2.95333002765973
5.63125,2.94059091503421
5.63263888888889,2.8975047258536
5.63402777777778,2.91066902786493
5.63541666666667,2.91221541027228
5.63680555555556,2.84956752192539
5.63819444444444,3.00012659239893
5.63958333333333,3.02392834802469
5.64097222222222,2.97176679850866
5.64236111111111,3.00255027927458
5.64375,2.93109994138281
5.64513888888889,3.0119406956962
5.64652777777778,3.01160948596895
5.64791666666667,2.9524771592766
5.64930555555556,2.98976757655541
5.65069444444444,3.08730563297868
5.65208333333333,3.04709775964419
5.65347222222222,2.9211787263304
5.65486111111111,3.00546529163917
5.65625,3.10150823743432
5.65763888888889,3.00458812360962
5.65902777777778,2.9957865891854
5.66041666666667,2.91553927017997
5.66180555555556,2.83613473105555
5.66319444444444,2.98149402047973
5.66458333333333,3.0893699080497
5.66597222222222,3.0229934923475
5.66736111111111,2.98161650526027
5.66875,2.98828480978807
5.67013888888889,2.9519864567245
5.67152777777778,2.94002726230149
5.67291666666667,2.98338807513316
5.67430555555556,2.96378018933038
5.67569444444444,2.93485865855589
5.67708333333333,2.91731330468009
5.67847222222222,2.98170399298271
5.67986111111111,2.95639839420716
5.68125,2.91137507158021
5.68263888888889,2.76323988257597
5.68402777777778,2.93547306358814
5.68541666666667,2.99420081485063
5.68680555555556,3.09405931780736
5.68819444444444,3.13364669501781
5.68958333333333,3.03962727270089
5.69097222222222,2.96511249676347
5.69236111111111,3.01734215651949
5.69375,2.98696625461181
5.69513888888889,2.92012758046389
5.69652777777778,3.00687342822552
5.69791666666667,3.04231211262445
5.69930555555556,3.02521705100934
5.70069444444444,2.92631750367271
5.70208333333333,2.89664029614379
5.70347222222222,2.95960394879182
5.70486111111111,2.99182896186908
5.70625,2.94217694699764
5.70763888888889,2.99645285745462
5.70902777777778,2.98567053655783
5.71041666666667,2.96286504318317
5.71180555555556,2.99277110159397
5.71319444444444,3.01898405060172
5.71458333333333,3.08045769746105
5.71597222222222,3.18255324772249
5.71736111111111,3.13854640257855
5.71875,3.09345979213715
5.72013888888889,3.00486560240388
5.72152777777778,3.03261864677072
5.72291666666667,3.1083671286578
5.72430555555556,3.06914794383571
5.72569444444444,3.0589515271162
5.72708333333333,3.00327152853211
5.72847222222222,3.0793615121146
5.72986111111111,3.05287285514797
5.73125,2.98027591641992
5.73263888888889,2.96528725291913
5.73402777777778,3.0484360972823
5.73541666666667,3.02386146032872
5.73680555555556,3.03467493739193
5.73819444444444,2.98776581051449
5.73958333333333,2.91931836940591
5.74097222222222,2.98944593011091
5.74236111111111,2.99914677431186
5.74375,2.89239354899774
5.74513888888889,3.02482048776311
5.74652777777778,2.95598392578463
5.74791666666667,3.08076709041682
5.74930555555556,3.09879292674363
5.75069444444444,2.95653959912558
5.75208333333333,2.86471635808547
5.75347222222222,2.95783121319488
5.75486111111111,3.02852816432094
5.75625,2.99654711099962
5.75763888888889,3.17207426091035
5.75902777777778,3.17104338672012
5.76041666666667,3.14659913909932
5.76180555555556,3.08878065372507
5.76319444444444,3.0404944206976
5.76458333333333,3.01254021582504
5.76597222222222,3.00792850444714
5.76736111111111,2.99506308630109
5.76875,3.01814045183361
5.77013888888889,3.03721407353878
5.77152777777778,3.03470552315315
5.77291666666667,2.93773748263717
5.77430555555556,2.98716212422432
5.77569444444444,2.97998601189659
5.77708333333333,3.00344022627027
5.77847222222222,2.97444977062444
5.77986111111111,3.11895126615961
5.78125,3.10981847518434
5.78263888888889,3.12339641183615
5.78402777777778,3.07405826479197
5.78541666666667,3.0597324848175
5.78680555555556,3.0744690665106
5.78819444444444,3.02845860672494
5.78958333333333,3.04967990974585
5.79097222222222,3.09205955227216
5.79236111111111,3.07375737852106
5.79375,3.07060260067383
5.79513888888889,3.00515100968381
5.79652777777778,3.17047200317495
5.79791666666667,3.21316429118315
5.79930555555556,3.09643939306339
5.80069444444444,3.05748400131861
5.80208333333333,3.07309107770522
5.80347222222222,3.03567568923036
5.80486111111111,2.95154753970603
5.80625,3.04498976280292
5.80763888888889,2.95582868011125
5.80902777777778,3.05592138516406
5.81041666666667,3.07086371302605
5.81180555555556,3.07191062320606
5.81319444444444,3.14405638276289
5.81458333333333,3.05777807665368
5.81597222222222,3.1289943519483
5.81736111111111,3.08294352188706
5.81875,2.99688077287128
5.82013888888889,3.09521265700459
5.82152777777778,3.16776087660342
5.82291666666667,3.16123702730984
5.82430555555556,3.06827266812325
5.82569444444444,3.184190756691
5.82708333333333,3.20638813201648
5.82847222222222,3.13876817425868
5.82986111111111,3.06232851479202
5.83125,3.1384612133416
5.83263888888889,3.30902721797116
5.83402777777778,3.17831447596351
5.83541666666667,3.19598162154357
5.83680555555556,3.1268323781093
5.83819444444444,3.25517535331349
5.83958333333333,3.15449395964543
5.84097222222222,3.14461965761266
5.84236111111111,3.22976805183416
5.84375,3.18402310045436
5.84513888888889,3.16303682619085
5.84652777777778,3.22243701785803
5.84791666666667,3.26792044477227
5.84930555555556,3.31430489304165
5.85069444444444,3.2609168356657
5.85208333333333,3.13270094583432
5.85347222222222,3.11991562422986
5.85486111111111,3.1476251544555
5.85625,3.04527671799064
5.85763888888889,2.95085237020006
5.85902777777778,3.00885697070509
5.86041666666667,3.02178484345476
5.86180555555556,3.08526710569859
5.86319444444444,3.18978685259819
5.86458333333333,3.07717955986659
5.86597222222222,3.06141456132134
5.86736111111111,3.09891546161224
5.86875,3.06161163290342
5.87013888888889,3.10139228741328
5.87152777777778,3.09678435059885
5.87291666666667,3.10551158877711
5.87430555555556,3.06331546127796
5.87569444444444,3.07851732030511
5.87708333333333,3.1857441141208
5.87847222222222,3.0296036747098
5.87986111111111,3.12285379680805
5.88125,3.11751319189246
5.88263888888889,3.06954180181647
5.88402777777778,2.96483673232297
5.88541666666667,3.03478700029974
5.88680555555556,3.04794991463423
5.88819444444444,3.06568297167619
5.88958333333333,3.0115432476004
5.89097222222222,3.0651509620746
5.89236111111111,3.13043975348274
5.89375,3.08439840823412
5.89513888888889,3.13318712194761
5.89652777777778,3.08185882952064
5.89791666666667,3.07404640243699
5.89930555555556,3.06127450089902
5.90069444444444,3.08667884130031
5.90208333333333,3.05578013757011
5.90347222222222,3.18428093100588
5.90486111111111,3.14186898996433
5.90625,3.04851930732528
5.90763888888889,3.06564025464157
5.90902777777778,3.06609467561046
5.91041666666667,3.13613889817498
5.91180555555556,3.19809810413669
5.91319444444444,3.09944376086195
5.91458333333333,2.97107088549684
5.91597222222222,2.94084058744212
5.91736111111111,3.0221123080949
5.91875,2.95502628141393
5.92013888888889,2.96459077527126
5.92152777777778,3.0562715555355
5.92291666666667,2.99371833900611
5.92430555555556,2.99257137550662
5.92569444444444,3.02676665087541
5.92708333333333,3.00023447347184
5.92847222222222,3.06375354170799
5.92986111111111,2.9189409472545
5.93125,3.01429801633582
5.93263888888889,2.99750314429402
5.93402777777778,3.09442088117202
5.93541666666667,3.08068130830924
5.93680555555556,3.16782887186855
5.93819444444444,3.10730417370796
5.93958333333333,3.18226518640916
5.94097222222222,3.20841363281632
5.94236111111111,3.16751464342078
5.94375,3.06943581247081
5.94513888888889,3.10777910550435
5.94652777777778,3.08159997597337
5.94791666666667,2.94970352076615
5.94930555555556,3.00891273635129
5.95069444444444,3.09388683168838
5.95208333333333,3.12497185420245
5.95347222222222,2.98140842042863
5.95486111111111,3.00834477446042
5.95625,3.18827178706725
5.95763888888889,3.10804114607473
5.95902777777778,3.17310391816621
5.96041666666667,3.11430135652423
5.96180555555556,3.02667446429531
5.96319444444444,3.02039026224986
5.96458333333333,2.94557786092162
5.96597222222222,2.96035095334053
5.96736111111111,2.99832639295608
5.96875,3.09710638348634
5.97013888888889,3.16970136933029
5.97152777777778,3.1550005578498
5.97291666666667,3.12381737537682
5.97430555555556,3.09940474885826
5.97569444444444,3.15873721515139
5.97708333333333,3.07164056584239
5.97847222222222,3.1730147667105
5.97986111111111,3.06709215939045
5.98125,3.19726107696692
5.98263888888889,3.20886519014835
5.98402777777778,3.2292705725506
5.98541666666667,3.1932896788915
5.98680555555556,3.01435868655642
5.98819444444444,2.99344195495049
5.98958333333333,3.15729937424262
5.99097222222222,3.09278267268712
5.99236111111111,2.97006788463953
5.99375,2.99225584177844
5.99513888888889,2.95613128666145
5.99652777777778,2.98543701339363
5.99791666666667,3.01688699985748
5.99930555555556,3.07418187235792
6.00069444444444,3.10191515078147
6.00208333333333,3.08026117295027
6.00347222222222,3.000663447616
6.00486111111111,3.15271600815157
6.00625,3.09703993987292
6.00763888888889,3.0391148947676
6.00902777777778,2.96550974602501
6.01041666666667,3.04028212527434
6.01180555555556,3.12127504125237
6.01319444444444,3.13367195573946
6.01458333333333,3.13736542308082
6.01597222222222,3.11388572388639
6.01736111111111,3.07658457152545
6.01875,3.11434777422808
6.02013888888889,3.26285321775824
6.02152777777778,3.30633191933235
6.02291666666667,3.14801573877533
6.02430555555556,3.29158568386609
6.02569444444444,3.30605936915924
6.02708333333333,3.21028213021656
6.02847222222222,3.19025511004031
6.02986111111111,3.18994079902768
6.03125,3.16645760238171
6.03263888888889,3.20498344222705
6.03402777777778,3.11834268669287
6.03541666666667,3.13504167513223
6.03680555555556,3.09640076820739
6.03819444444444,3.1242974571387
6.03958333333333,3.0531698513031
6.04097222222222,3.18974011532962
6.04236111111111,3.14239684393009
6.04375,3.12916016876698
6.04513888888889,3.14195382684469
6.04652777777778,3.19898558091993
6.04791666666667,3.20119209364057
6.04930555555556,3.05602100692224
6.05069444444444,3.16164656927188
6.05208333333333,3.20247988572965
6.05347222222222,3.21801032841206
6.05486111111111,3.1352571117878
6.05625,3.12600439806779
6.05763888888889,3.10436184227467
6.05902777777778,3.1404597868522
6.06041666666667,3.1508364139994
6.06180555555556,3.17550746070842
6.06319444444444,3.0905362813361
6.06458333333333,3.0729827812314
6.06597222222222,3.01703954936316
6.06736111111111,3.1381546502312
6.06875,3.2563533753956
6.07013888888889,3.23922361155351
6.07152777777778,3.29175632576148
6.07291666666667,3.19458739301811
6.07430555555556,3.14012453556061
6.07569444444444,3.16172556627542
6.07708333333333,3.11812093606442
6.07847222222222,2.97938087582588
6.07986111111111,3.03254184915374
6.08125,2.87369590802506
6.08263888888889,3.01688610682885
6.08402777777778,3.07240922798713
6.08541666666667,3.09750013391177
6.08680555555556,3.05189476441592
6.08819444444444,3.01018739177535
6.08958333333333,2.94783785266181
6.09097222222222,2.95638685305913
6.09236111111111,3.04080485995413
6.09375,3.04942621035812
6.09513888888889,3.02980484008789
6.09652777777778,2.98538093805313
6.09791666666667,3.01491070240736
6.09930555555556,3.00270256891847
6.10069444444444,2.96980511478459
6.10208333333333,2.8621478528964
6.10347222222222,2.85200308342775
6.10486111111111,3.068048983862
6.10625,3.03362423208853
6.10763888888889,2.97822749773661
6.10902777777778,3.13172489270568
6.11041666666667,3.18798510534068
6.11180555555556,3.01891375161087
6.11319444444444,2.91681838447849
6.11458333333333,3.1286912197123
6.11597222222222,3.2244070411101
6.11736111111111,3.07536664895713
6.11875,3.13362480119802
6.12013888888889,3.10882407981902
6.12152777777778,3.04875344797969
6.12291666666667,3.08085340042909
6.12430555555556,3.12260494728883
6.12569444444444,3.10285559977094
6.12708333333333,3.05239666804671
6.12847222222222,2.99075964357704
6.12986111111111,3.02728947912653
6.13125,3.07249596552923
6.13263888888889,3.00000492906819
6.13402777777778,2.89156993669962
6.13541666666667,3.01500221833587
6.13680555555556,3.04053309229513
6.13819444444444,3.00620522464315
6.13958333333333,2.9694876445954
6.14097222222222,2.97954444120328
6.14236111111111,3.03571942095334
6.14375,3.06298158417145
6.14513888888889,3.16481094947706
6.14652777777778,3.27688333958387
6.14791666666667,3.0931821235021
6.14930555555556,3.09148185590903
6.15069444444444,3.08014468971019
6.15208333333333,3.04289361506701
6.15347222222222,3.00584388544317
6.15486111111111,2.93750342243041
6.15625,2.99471331477165
6.15763888888889,2.9109365963315
6.15902777777778,2.95905393314858
6.16041666666667,3.0400767527024
6.16180555555556,2.9301317312289
6.16319444444444,3.09365830173095
6.16458333333333,3.08128900828461
6.16597222222222,3.10670583562925
6.16736111111111,3.00939086216191
6.16875,2.93098948949327
6.17013888888889,2.91766533252783
6.17152777777778,3.02820163999995
6.17291666666667,3.0339102918903
6.17430555555556,3.02339268858855
6.17569444444444,3.00827277715007
6.17708333333333,3.05906042849024
6.17847222222222,3.12209999326151
6.17986111111111,3.09883472760518
6.18125,3.09580426375847
6.18263888888889,3.1339270234108
6.18402777777778,3.22759445299705
6.18541666666667,3.16858610158515
6.18680555555556,3.26790632831088
6.18819444444444,3.2223381034409
6.18958333333333,3.1036367505913
6.19097222222222,3.07901883060733
6.19236111111111,3.12057273552443
6.19375,3.08474315419793
6.19513888888889,3.22057663202286
6.19652777777778,3.15356976754963
6.19791666666667,3.18872458497683
6.19930555555556,3.18203872730179
6.20069444444444,3.07702138681741
6.20208333333333,3.19474180907011
6.20347222222222,3.09200450027982
6.20486111111111,2.97972680306062
6.20625,2.94442644021008
6.20763888888889,2.99986740066359
6.20902777777778,3.10711191886415
6.21041666666667,3.06549384783022
6.21180555555556,3.00997923372934
6.21319444444444,2.95261550123493
6.21458333333333,2.98936236188747
6.21597222222222,3.04125411810974
6.21736111111111,3.01031346301238
6.21875,3.02743050525586
6.22013888888889,3.05255109200875
6.22152777777778,2.94437627409895
6.22291666666667,2.96870560083538
6.22430555555556,2.97053432064752
6.22569444444444,2.92693700621525
6.22708333333333,2.93755476795758
6.22847222222222,2.88544573518137
6.22986111111111,2.91163103119781
6.23125,2.96987068583568
6.23263888888889,2.97711649374415
6.23402777777778,2.99090969810883
6.23541666666667,2.9122663498732
6.23680555555556,2.79126805515339
6.23819444444444,2.9118325659881
6.23958333333333,2.87028566511348
6.24097222222222,2.99356822658951
6.24236111111111,3.05012968118225
6.24375,3.15643281884491
6.24513888888889,3.08569581930836
6.24652777777778,3.11378288470209
6.24791666666667,3.20076626126965
6.24930555555556,3.15944361870488
6.25069444444444,3.07600012926385
6.25208333333333,3.06314875438809
6.25347222222222,2.9807698393551
6.25486111111111,2.94679132347306
6.25625,2.99164418619126
6.25763888888889,2.93364331932118
6.25902777777778,2.93084352429956
6.26041666666667,3.07143353564975
6.26180555555556,3.05845329177566
6.26319444444444,3.08667537937562
6.26458333333333,3.0806755101122
6.26597222222222,3.09391878917813
6.26736111111111,3.05725157347197
6.26875,3.03784580255548
6.27013888888889,2.97425192972024
6.27152777777778,2.98850095912504
6.27291666666667,3.01098661753039
6.27430555555556,2.8807485421747
6.27569444444444,2.94354454050461
6.27708333333333,2.89873085350885
6.27847222222222,2.87242702839275
6.27986111111111,2.98450362555683
6.28125,2.99629287617902
6.28263888888889,2.87783256704609
6.28402777777778,2.89671578029792
6.28541666666667,3.08675281854967
6.28680555555556,3.1363316794609
6.28819444444444,3.04402721906702
6.28958333333333,3.05048510443419
6.29097222222222,3.05546763872107
6.29236111111111,3.09710012747596
6.29375,2.98538220565921
6.29513888888889,2.9876720174402
6.29652777777778,3.02949754590789
6.29791666666667,2.933084393243
6.29930555555556,2.97153782625372
6.30069444444444,2.92833725426346
6.30208333333333,2.89488051080882
6.30347222222222,2.89144912071526
6.30486111111111,2.91196349213521
6.30625,2.96123901089033
6.30763888888889,3.02016487423331
6.30902777777778,3.07901324093342
6.31041666666667,3.14337427709252
6.31180555555556,3.11795358281583
6.31319444444444,3.12068825570246
6.31458333333333,3.06621939736729
6.31597222222222,2.98901637307058
6.31736111111111,3.02413137453298
6.31875,3.0416768672131
6.32013888888889,3.1059356902043
6.32152777777778,2.99406467766035
6.32291666666667,3.10112436870734
6.32430555555556,3.07406619131565
6.32569444444444,3.06620588123798
6.32708333333333,3.0201167876025
6.32847222222222,3.04759505633265
6.32986111111111,3.03333038727442
6.33125,3.16223947002242
6.33263888888889,3.12025436807424
6.33402777777778,3.22775818381148
6.33541666666667,3.142560535719
6.33680555555556,3.02664543069899
6.33819444444444,3.14384868713717
6.33958333333333,3.07079950680335
6.34097222222222,3.04601931135481
6.34236111111111,3.02148894773796
6.34375,3.01087013326585
6.34513888888889,3.08595811852564
6.34652777777778,3.20091394792
6.34791666666667,3.17741542436183
6.34930555555556,3.03793918410937
6.35069444444444,3.07742297569911
6.35208333333333,3.08249659086888
6.35347222222222,3.10716452515374
6.35486111111111,3.13473988227546
6.35625,2.99354059231778
6.35763888888889,3.13899810968588
6.35902777777778,3.06126767416174
6.36041666666667,3.05274138986443
6.36180555555556,3.28923455830663
6.36319444444444,3.21275885859504
6.36458333333333,3.19309756100178
6.36597222222222,3.07485632906357
6.36736111111111,3.19696906721166
6.36875,3.17655361185471
6.37013888888889,3.20212446336945
6.37152777777778,3.19622285634279
6.37291666666667,3.20395374690493
6.37430555555556,3.26559167472025
6.37569444444444,3.20746394654115
6.37708333333333,3.31956369926532
6.37847222222222,3.30266492346923
6.37986111111111,3.30069514801105
6.38125,3.20140039801598
6.38263888888889,3.19167082024117
6.38402777777778,3.25839172840118
6.38541666666667,3.18779769182205
6.38680555555556,3.20815747181575
6.38819444444444,3.03652171338598
6.38958333333333,3.00612447332591
6.39097222222222,3.13281840997438
6.39236111111111,3.23337822631001
6.39375,3.23778279619912
6.39513888888889,3.2309653514872
6.39652777777778,3.28303541086614
6.39791666666667,3.21308021844675
6.39930555555556,3.19905670921008
6.40069444444444,3.11005752878884
6.40208333333333,3.10298657124241
6.40347222222222,3.20117360133057
6.40486111111111,3.2175327925384
6.40625,3.14060926330586
6.40763888888889,3.09836790988843
6.40902777777778,3.09060661529501
6.41041666666667,3.13585568728546
6.41180555555556,3.0629183453694
6.41319444444444,3.11573109010855
6.41458333333333,3.07584446723262
6.41597222222222,3.10783857916792
6.41736111111111,3.14536818474531
6.41875,3.18232831090689
6.42013888888889,3.08957694714268
6.42152777777778,3.10772499461969
6.42291666666667,3.14285158202052
6.42430555555556,3.10001693952829
6.42569444444444,3.03992317001025
6.42708333333333,3.12262739914159
6.42847222222222,3.05916827214261
6.42986111111111,3.09718640940885
6.43125,3.07534443720632
6.43263888888889,3.09689406991005
6.43402777777778,3.02666574557622
6.43541666666667,3.11497099105269
6.43680555555556,3.09441485591233
6.43819444444444,3.10330131841203
6.43958333333333,3.10640769481659
6.44097222222222,3.16340451824789
6.44236111111111,3.07630856414636
6.44375,3.09732638796171
6.44513888888889,2.97073433510959
6.44652777777778,3.12056516531855
6.44791666666667,3.13416940390579
6.44930555555556,3.11124273180962
6.45069444444444,3.15566748162111
6.45208333333333,3.07572899650782
6.45347222222222,3.08781154118226
6.45486111111111,3.17812046435972
6.45625,3.05685395178696
6.45763888888889,3.04283944907288
6.45902777777778,3.06565537574391
6.46041666666667,3.06775026574731
6.46180555555556,3.21140919362505
6.46319444444444,3.10593664810061
6.46458333333333,3.09015834366282
6.46597222222222,3.09778146098678
6.46736111111111,3.14355547944705
6.46875,3.15080733219783
6.47013888888889,3.13268230001132
6.47152777777778,3.02206885675589
6.47291666666667,3.05050976802905
6.47430555555556,3.15541496003667
6.47569444444444,3.0997893967169
6.47708333333333,3.06445207890744
6.47847222222222,3.08548706077039
6.47986111111111,3.0724402513355
6.48125,3.08741856716573
6.48263888888889,3.09940583441406
6.48402777777778,3.08953920594727
6.48541666666667,3.13991705387132
6.48680555555556,3.05065716896206
6.48819444444444,2.97549201448409
6.48958333333333,3.1075156822366
6.49097222222222,3.0150887126041
6.49236111111111,3.08914782031129
6.49375,3.11973142963524
6.49513888888889,3.02623885141065
6.49652777777778,3.07802576717921
6.49791666666667,3.09246368050575
6.49930555555556,2.90494470428365
6.50069444444444,2.95060993018871
6.50208333333333,2.98047261503836
6.50347222222222,3.03367990055432
6.50486111111111,3.13326464873118
6.50625,3.0538700260222
6.50763888888889,3.09038561554005
6.50902777777778,3.1317491542936
6.51041666666667,3.12192854830374
6.51180555555556,3.01461974268158
6.51319444444444,2.98955877107879
6.51458333333333,3.01307295080895
6.51597222222222,3.07107013002038
6.51736111111111,2.98956208943389
6.51875,3.03624935006102
6.52013888888889,3.12574621771773
6.52152777777778,3.14398494603733
6.52291666666667,2.98467999150356
6.52430555555556,3.01037357588609
6.52569444444444,3.03529357074449
6.52708333333333,3.02164671202501
6.52847222222222,3.07573933636149
6.52986111111111,3.02120622473458
6.53125,2.96237506206147
6.53263888888889,2.95699856515974
6.53402777777778,2.87003609421353
6.53541666666667,2.91445444027583
6.53680555555556,2.99181072327308
6.53819444444444,2.86622871200244
6.53958333333333,2.97220173190037
6.54097222222222,2.97553875466188
6.54236111111111,3.10255551512043
6.54375,3.06557980769624
6.54513888888889,3.12441832385957
6.54652777777778,3.15353902516887
6.54791666666667,3.09867371018355
6.54930555555556,2.99998637622882
6.55069444444444,3.05234626607193
6.55208333333333,3.11015239111303
6.55347222222222,3.11032162796085
6.55486111111111,3.06028890728951
6.55625,3.05691345627264
6.55763888888889,3.02676202351848
6.55902777777778,3.03880557320857
6.56041666666667,3.01252922953417
6.56180555555556,3.07472804391136
6.56319444444444,3.15052701361477
6.56458333333333,3.10833342338602
6.56597222222222,3.09977119684219
6.56736111111111,3.05900371908521
6.56875,3.05684991372128
6.57013888888889,2.99581984175369
6.57152777777778,2.98816542364657
6.57291666666667,3.10306668755909
6.57430555555556,3.06496995702075
6.57569444444444,3.10180549649832
6.57708333333333,3.09965917492906
6.57847222222222,3.06040594868362
6.57986111111111,3.17330850118771
6.58125,2.9839727599298
6.58263888888889,3.06609364465189
6.58402777777778,3.09697801083326
6.58541666666667,3.10854346384605
6.58680555555556,3.12985294347008
6.58819444444444,3.06243522584128
6.58958333333333,3.0827729221185
6.59097222222222,3.08203269600868
6.59236111111111,3.11052347789208
6.59375,3.04440814454108
6.59513888888889,3.16721379796664
6.59652777777778,3.09625803933789
6.59791666666667,3.21427513428032
6.59930555555556,3.20275185734034
6.60069444444444,3.17553105026484
6.60208333333333,3.16790240500122
6.60347222222222,3.13248543401559
6.60486111111111,3.13271888608734
6.60625,3.16409642120202
6.60763888888889,3.23185540378094
6.60902777777778,3.17912159800529
6.61041666666667,3.09814012040695
6.61180555555556,3.0955996880432
6.61319444444444,3.24037190675735
6.61458333333333,3.22558629779766
6.61597222222222,3.15987085228165
6.61736111111111,3.09477699597677
6.61875,3.08078804776073
6.62013888888889,3.06750055233637
6.62152777777778,3.11305194268624
6.62291666666667,3.18727152784665
6.62430555555556,3.09018036628763
6.62569444444444,2.97298300481091
6.62708333333333,3.10631122904519
6.62847222222222,3.1891058184579
6.62986111111111,3.112304889597
6.63125,3.22990845931073
6.63263888888889,3.19509153604507
6.63402777777778,3.16143151233594
6.63541666666667,3.09042027577758
6.63680555555556,3.12508151650429
6.63819444444444,3.11413866390164
6.63958333333333,3.11444761355718
6.64097222222222,3.23997592806816
6.64236111111111,3.17107413925231
6.64375,3.14117146696895
6.64513888888889,3.16423696482554
6.64652777777778,3.01730751293401
6.64791666666667,3.01465697663526
6.64930555555556,3.08063380138405
6.65069444444444,3.0876459188511
6.65208333333333,3.13114017079274
6.65347222222222,3.14760805552204
6.65486111111111,3.08314383708561
6.65625,3.02666255428145
6.65763888888889,3.08342147493114
6.65902777777778,3.09466015343865
6.66041666666667,3.0174257064114
6.66180555555556,3.07345855288208
6.66319444444444,3.03199969701469
6.66458333333333,3.02776121070298
6.66597222222222,3.16732191321751
6.66736111111111,2.96010343026991
6.66875,2.94625960805143
6.67013888888889,3.00265774715847
6.67152777777778,3.05406466418722
6.67291666666667,3.03156025236783
6.67430555555556,3.11180902734632
6.67569444444444,3.02051781602514
6.67708333333333,2.88712569137414
6.67847222222222,2.87652158046762
6.67986111111111,2.87732019306471
6.68125,2.95839398159956
6.68263888888889,2.90718485208849
6.68402777777778,2.92501527910431
6.68541666666667,2.95875705306729
6.68680555555556,2.92171704744299
6.68819444444444,2.93920952101548
6.68958333333333,2.96006125638882
6.69097222222222,2.95713295727968
6.69236111111111,3.05039603114128
6.69375,3.10459715755268
6.69513888888889,2.97464392894258
6.69652777777778,2.91177644037952
6.69791666666667,3.02996423145135
6.69930555555556,3.02971941279868
6.70069444444444,2.97673006817698
6.70208333333333,3.02288286328316
6.70347222222222,3.11922459716598
6.70486111111111,3.04232524632787
6.70625,3.03311791797479
6.70763888888889,3.05816320612406
6.70902777777778,3.01135311941927
6.71041666666667,2.97197547706465
6.71180555555556,2.88822532256444
6.71319444444444,2.93541235062682
6.71458333333333,2.95971546461185
6.71597222222222,3.01533193220695
6.71736111111111,3.02647825036819
6.71875,2.99460713436206
6.72013888888889,2.92905082462365
6.72152777777778,3.02102966859937
6.72291666666667,2.98844209289799
6.72430555555556,3.06383068314443
6.72569444444444,3.11403738990116
6.72708333333333,3.0203482028842
6.72847222222222,3.07616251111031
6.72986111111111,3.08583767414093
6.73125,3.04694881583254
6.73263888888889,3.03825106235221
6.73402777777778,3.16302289485931
6.73541666666667,3.06436156839132
6.73680555555556,3.06845580846071
6.73819444444444,3.07153477247804
6.73958333333333,3.02802136992415
6.74097222222222,3.07598347822825
6.74236111111111,3.01136997997761
6.74375,3.05155311380823
6.74513888888889,2.99873187879721
6.74652777777778,3.03890161857009
6.74791666666667,3.05541582668821
6.74930555555556,3.07362047580381
6.75069444444444,2.96111629178127
6.75208333333333,3.03318024419248
6.75347222222222,2.9943894113445
6.75486111111111,2.96517596895496
6.75625,2.89840472357968
6.75763888888889,2.95131509846076
6.75902777777778,3.00046674795449
6.76041666666667,2.96623109798878
6.76180555555556,2.91380805827677
6.76319444444444,3.03539770414432
6.76458333333333,2.94890946169694
6.76597222222222,2.94184635450443
6.76736111111111,3.03618647068739
6.76875,3.0418131668369
6.77013888888889,2.92708403192461
6.77152777777778,3.02734155793985
6.77291666666667,2.97644416658829
6.77430555555556,3.10492773268372
6.77569444444444,3.067709280774
6.77708333333333,2.93375947510203
6.77847222222222,3.03217446212967
6.77986111111111,3.05688764934738
6.78125,3.03733115889753
6.78263888888889,2.98720660358667
6.78402777777778,3.04511941087743
6.78541666666667,2.9698856403927
6.78680555555556,3.06016708865762
6.78819444444444,2.9754680673033
6.78958333333333,2.95551662541615
6.79097222222222,2.92024508438966
6.79236111111111,2.99873217371021
6.79375,3.00182014195908
6.79513888888889,3.08388644794856
6.79652777777778,3.12258408658206
6.79791666666667,3.02173135239631
6.79930555555556,2.99594929936032
6.80069444444444,3.02162886358798
6.80208333333333,3.06795590172211
6.80347222222222,3.12079703400532
6.80486111111111,3.03090772412717
6.80625,3.01012386159971
6.80763888888889,3.02068702926238
6.80902777777778,2.89115295400222
6.81041666666667,3.05201095916641
6.81180555555556,3.02340361138185
6.81319444444444,3.04413386086623
6.81458333333333,3.10869413415591
6.81597222222222,3.03868895212809
6.81736111111111,3.17328940282265
6.81875,3.1734718430539
6.82013888888889,3.16156738497317
6.82152777777778,3.11831892758608
6.82291666666667,3.17533088334526
6.82430555555556,3.13368938229978
6.82569444444444,3.17823848212759
6.82708333333333,3.1014137531817
6.82847222222222,3.15894025901953
6.82986111111111,3.07253118216991
6.83125,3.04126076949139
6.83263888888889,3.05714879219731
6.83402777777778,3.18237068428347
6.83541666666667,3.17094710439444
6.83680555555556,3.07380626052618
6.83819444444444,3.10151810505039
6.83958333333333,3.09556424222887
6.84097222222222,3.13413865899046
6.84236111111111,3.07557615553339
6.84375,3.04198947417239
6.84513888888889,3.03644614040852
6.84652777777778,3.04282929114997
6.84791666666667,3.03169224436084
6.84930555555556,3.08461118842165
6.85069444444444,3.09721889826159
6.85208333333333,3.18395477935672
6.85347222222222,3.25454281210899
6.85486111111111,3.17548138211171
6.85625,3.14472463515898
6.85763888888889,3.12600354532401
6.85902777777778,3.17287384424359
6.86041666666667,3.09513696630796
6.86180555555556,3.0001390958329
6.86319444444444,3.10909090568622
6.86458333333333,3.10917099654675
6.86597222222222,3.07830166503787
6.86736111111111,3.01048562727869
6.86875,3.03274487652505
6.87013888888889,3.02691528558731
6.87152777777778,3.06623902589083
6.87291666666667,3.14285647099217
6.87430555555556,3.10800673721669
6.87569444444444,3.06182674571096
6.87708333333333,3.05910289026797
6.87847222222222,3.05117155005379
6.87986111111111,3.09758466664702
6.88125,3.1529259951661
6.88263888888889,3.08053268633783
6.88402777777778,3.12660909752051
6.88541666666667,3.04459082871055
6.88680555555556,2.95472009589275
6.88819444444444,2.97174487660329
6.88958333333333,3.0502892745748
6.89097222222222,3.14153986931468
6.89236111111111,3.11089687235653
6.89375,3.12927722054223
6.89513888888889,3.07064431055139
6.89652777777778,3.05248041629791
6.89791666666667,3.0515736498187
6.89930555555556,2.96984574840094
6.90069444444444,3.05818624522537
6.90208333333333,3.12405874977509
6.90347222222222,3.01103650863088
6.90486111111111,3.07900994016478
6.90625,3.06985443403323
6.90763888888889,3.14234380025417
6.90902777777778,3.12587984442711
6.91041666666667,3.12715142349402
6.91180555555556,3.00270525099089
6.91319444444444,3.07874771316846
6.91458333333333,3.12451466302077
6.91597222222222,3.01277955164202
6.91736111111111,3.08442456997931
6.91875,3.01084730222821
6.92013888888889,3.19517927603175
6.92152777777778,3.21428728345161
6.92291666666667,3.0970079091688
6.92430555555556,3.12539097689092
6.92569444444444,3.11722851147254
6.92708333333333,3.20362359233201
6.92847222222222,3.11016496027509
6.92986111111111,3.13057036901824
6.93125,3.11863684943567
6.93263888888889,3.11305004008114
6.93402777777778,3.17628949752077
6.93541666666667,3.1890570430054
6.93680555555556,3.1999195205917
6.93819444444444,3.22250961062188
6.93958333333333,3.31574020041463
6.94097222222222,3.17372314398487
6.94236111111111,3.20587025259932
6.94375,3.16956941120637
6.94513888888889,3.18712232505592
6.94652777777778,3.19281566598763
6.94791666666667,3.14088409658521
6.94930555555556,3.11134374199435
6.95069444444444,3.13688507410387
6.95208333333333,3.10574896293382
6.95347222222222,3.00631441714863
6.95486111111111,2.99734947861483
6.95625,3.14158142318328
6.95763888888889,3.08608222247877
6.95902777777778,3.21291678197682
6.96041666666667,3.19361917438606
6.96180555555556,3.17067508655911
6.96319444444444,3.22573511635264
6.96458333333333,3.10504579413061
6.96597222222222,3.22463607405933
6.96736111111111,3.2288007119298
6.96875,3.03728592587324
6.97013888888889,3.11343562662601
6.97152777777778,3.07049453350715
6.97291666666667,3.08597945294032
6.97430555555556,3.12132351366803
6.97569444444444,3.11052250941594
6.97708333333333,3.07056235108525
6.97847222222222,3.08218727127649
6.97986111111111,3.10988493857284
6.98125,3.15777804537987
6.98263888888889,3.17540876046444
6.98402777777778,3.16427662715316
6.98541666666667,3.17146264886173
6.98680555555556,3.21729405169686
6.98819444444444,3.30998944842567
6.98958333333333,3.2092758018896
6.99097222222222,3.24604425874849
6.99236111111111,3.2208726302286
6.99375,3.16328015067304
6.99513888888889,3.08293574385655
6.99652777777778,3.11333688231806
6.99791666666667,3.05766092468053
6.99930555555556,3.12124687092379
7.00069444444444,3.13731833236913
7.00208333333333,2.96643443298837
7.00347222222222,3.03933922981543
7.00486111111111,3.03707489954929
7.00625,3.04173912741244
7.00763888888889,3.01855831660951
7.00902777777778,3.08389773101856
7.01041666666667,3.02363841118912
7.01180555555556,3.04767164520298
7.01319444444444,3.09552818282507
7.01458333333333,3.11539651304483
7.01597222222222,3.16468818806112
7.01736111111111,3.22652721226215
7.01875,3.10626896927754
7.02013888888889,3.16746231138706
7.02152777777778,3.11429872329036
7.02291666666667,3.13171272963285
7.02430555555556,3.10590751624977
7.02569444444444,3.20286500707269
7.02708333333333,3.18859952347314
7.02847222222222,3.15468871653313
7.02986111111111,3.1847568043756
7.03125,3.16050944869096
7.03263888888889,3.2046691185236
7.03402777777778,3.10594590606789
7.03541666666667,2.99593611134527
7.03680555555556,3.07290202792113
7.03819444444444,3.15906212187683
7.03958333333333,3.25281344411584
7.04097222222222,3.0859653146565
7.04236111111111,3.06056952704986
7.04375,2.96138527477781
7.04513888888889,3.11061939332634
7.04652777777778,3.18899641518171
7.04791666666667,3.24515191466237
7.04930555555556,3.29382049098611
7.05069444444444,3.20181552954329
7.05208333333333,3.04601891800296
7.05347222222222,3.05856510128205
7.05486111111111,3.08957444349925
7.05625,3.07352659409245
7.05763888888889,3.13330228852042
7.05902777777778,3.19671932957446
7.06041666666667,3.2215277095139
7.06180555555556,3.07491075204501
7.06319444444444,3.18834044913451
7.06458333333333,3.14095626357322
7.06597222222222,3.14642647578071
7.06736111111111,3.18409538572033
7.06875,3.26288061693311
7.07013888888889,3.15948858014618
7.07152777777778,3.1931857460225
7.07291666666667,3.10869357206548
7.07430555555556,3.08976818250803
7.07569444444444,3.19199873045087
7.07708333333333,3.20685337100333
7.07847222222222,3.09986612136165
7.07986111111111,3.14152418652549
7.08125,3.20834886776904
7.08263888888889,3.09580624080263
7.08402777777778,3.10412815690007
7.08541666666667,2.99193292960525
7.08680555555556,3.03924713944395
7.08819444444444,3.12402450506886
7.08958333333333,3.14338490354518
7.09097222222222,3.01084311947227
7.09236111111111,3.06593358976766
7.09375,3.00675077086256
7.09513888888889,2.94348503495722
7.09652777777778,2.98700224214544
7.09791666666667,3.09614348416527
7.09930555555556,3.07732300889989
7.10069444444444,3.14414087199916
7.10208333333333,3.10721570972353
7.10347222222222,3.14209465722553
7.10486111111111,3.10135529639355
7.10625,3.10794515698217
7.10763888888889,3.11574316849932
7.10902777777778,3.12574804984344
7.11041666666667,3.07414002977312
7.11180555555556,2.90275747159884
7.11319444444444,3.09279544215184
7.11458333333333,3.10726165836056
7.11597222222222,3.01207094773961
7.11736111111111,3.057049664498
7.11875,3.0105319025709
7.12013888888889,3.0881070074439
7.12152777777778,3.06932201405366
7.12291666666667,3.10747119880747
7.12430555555556,3.12649743616581
7.12569444444444,2.98799456644803
7.12708333333333,2.91736371450437
7.12847222222222,3.01348683571133
7.12986111111111,3.14589924509327
7.13125,3.05022912836323
7.13263888888889,3.05077755343479
7.13402777777778,3.08190558318049
7.13541666666667,3.03506681063581
7.13680555555556,3.02191084785387
7.13819444444444,3.06693946144233
7.13958333333333,3.11601561145702
7.14097222222222,3.11804765279094
7.14236111111111,3.12657311171293
7.14375,3.06377491980791
7.14513888888889,3.03830429259067
7.14652777777778,3.03821014583111
7.14791666666667,3.03667584994808
7.14930555555556,2.99378778091321
7.15069444444444,3.02774269623682
7.15208333333333,3.0684726305306
7.15347222222222,3.0548405412049
7.15486111111111,3.01702296788494
7.15625,2.9701094432765
7.15763888888889,3.05935710606476
7.15902777777778,3.06079681485891
7.16041666666667,2.96707364471008
7.16180555555556,2.9808163348337
7.16319444444444,2.98122399432429
7.16458333333333,2.99761651923259
7.16597222222222,3.09446179072062
7.16736111111111,3.05728727171974
7.16875,3.04916415204604
7.17013888888889,3.06768576599658
7.17152777777778,3.08166009773267
7.17291666666667,3.16613475975891
7.17430555555556,3.15127458030979
7.17569444444444,3.06433324232697
7.17708333333333,3.05280731455733
7.17847222222222,3.09382112363198
7.17986111111111,2.93376114928474
7.18125,2.94695202628771
7.18263888888889,3.0605530099074
7.18402777777778,3.04304972057541
7.18541666666667,2.97593075733011
7.18680555555556,3.04513874006768
7.18819444444444,3.03581315447887
7.18958333333333,3.10634319379926
7.19097222222222,3.11478044033671
7.19236111111111,2.98210873334669
7.19375,3.0407423381259
7.19513888888889,3.05840157484015
7.19652777777778,2.9553895073322
7.19791666666667,3.03450065311044
7.19930555555556,2.99125760111958
7.20069444444444,2.92615418632825
7.20208333333333,2.92354191066076
7.20347222222222,3.04637950476414
7.20486111111111,3.03339318214605
7.20625,2.99019214403505
7.20763888888889,2.96765050829699
7.20902777777778,2.95266698209724
7.21041666666667,3.11083319996173
7.21180555555556,3.09121326833963
7.21319444444444,2.92200605499869
7.21458333333333,2.94252611901611
7.21597222222222,3.11041587025548
7.21736111111111,2.95109316130479
7.21875,3.04327045122782
7.22013888888889,3.00079617064446
7.22152777777778,2.97328569071988
7.22291666666667,3.04052700829748
7.22430555555556,3.00150433001419
7.22569444444444,3.0420166368441
7.22708333333333,3.11110766062358
7.22847222222222,3.03956526394933
7.22986111111111,3.11513826763257
7.23125,3.08380409542782
7.23263888888889,3.03768703463487
7.23402777777778,2.93317427324442
7.23541666666667,2.93414558032838
7.23680555555556,2.92066656501188
7.23819444444444,2.94057512649956
7.23958333333333,2.99773228837177
7.24097222222222,2.98857985370482
7.24236111111111,2.95159161522984
7.24375,2.84411622642539
7.24513888888889,2.97846341510614
7.24652777777778,3.0060584170868
7.24791666666667,2.98059228051764
7.24930555555556,3.04052070561486
7.25069444444444,3.03759597543627
7.25208333333333,3.01184538801822
7.25347222222222,3.00203604544202
7.25486111111111,3.08947501758734
7.25625,3.12125907756388
7.25763888888889,3.08214771980109
7.25902777777778,2.92863983386507
7.26041666666667,2.93602580547333
7.26180555555556,2.99921761985092
7.26319444444444,2.98499045141041
7.26458333333333,3.02609008941799
7.26597222222222,2.99501814990925
7.26736111111111,3.02394961209347
7.26875,3.06786422695033
7.27013888888889,3.10777974359575
7.27152777777778,2.97431022030612
7.27291666666667,3.06820715536674
7.27430555555556,3.10628841124475
7.27569444444444,3.04284461395194
7.27708333333333,3.04304992087185
7.27847222222222,3.00496090065688
7.27986111111111,2.93036380183573
7.28125,3.06179429523026
7.28263888888889,3.14565361723304
7.28402777777778,3.17817164477582
7.28541666666667,3.19588915146887
7.28680555555556,3.16088434734692
7.28819444444444,3.13815856038903
7.28958333333333,3.18221784373124
7.29097222222222,3.17066792434702
7.29236111111111,3.11487030842652
7.29375,3.08041448810759
7.29513888888889,3.06470731839538
7.29652777777778,3.10599246741583
7.29791666666667,3.1945230996112
7.29930555555556,3.17460703102251
7.30069444444444,3.0834020104104
7.30208333333333,3.10094151884317
7.30347222222222,3.15803202680933
7.30486111111111,3.12743309878783
7.30625,3.03690135513743
7.30763888888889,3.12604111239314
7.30902777777778,3.10670980460631
7.31041666666667,3.10971040484495
7.31180555555556,3.06042628160367
7.31319444444444,3.09089623319606
7.31458333333333,3.04664525507639
7.31597222222222,3.0337335813418
7.31736111111111,3.1313839217027
7.31875,3.15094484658291
7.32013888888889,3.09496157313387
7.32152777777778,3.13843648574354
7.32291666666667,3.10398295275867
7.32430555555556,3.05353592557212
7.32569444444444,3.01438639820243
7.32708333333333,3.00821094656674
7.32847222222222,3.03115328413745
7.32986111111111,3.00619014754271
7.33125,3.09193851473431
7.33263888888889,3.05263052851893
7.33402777777778,3.05474022656058
7.33541666666667,3.07573999459545
7.33680555555556,3.0591163571792
7.33819444444444,3.13077968614797
7.33958333333333,3.10548763782096
7.34097222222222,3.23026118889451
7.34236111111111,3.23194830293767
7.34375,3.21930380263676
7.34513888888889,3.089906015809
7.34652777777778,3.18945746640364
7.34791666666667,3.09884766987525
7.34930555555556,2.95430253836016
7.35069444444444,3.12286425055315
7.35208333333333,3.0852453092734
7.35347222222222,3.13459031286339
7.35486111111111,3.13723738302787
7.35625,3.11850257769227
7.35763888888889,3.24563210373123
7.35902777777778,3.12710384572546
7.36041666666667,3.13886318784828
7.36180555555556,3.15095242838065
7.36319444444444,3.12769119409223
7.36458333333333,3.12080906619628
7.36597222222222,3.10088581422965
7.36736111111111,3.11145186324914
7.36875,3.04248831112869
7.37013888888889,3.02099210277821
7.37152777777778,3.02390082751711
7.37291666666667,3.07883805940549
7.37430555555556,3.0831574174948
7.37569444444444,3.1154742268209
7.37708333333333,3.09531315623472
7.37847222222222,3.06436966617902
7.37986111111111,3.15454297089328
7.38125,3.08253961011147
7.38263888888889,3.18819225013256
7.38402777777778,3.07125340049465
7.38541666666667,3.02843406374256
7.38680555555556,3.02210435570528
7.38819444444444,3.09063802896688
7.38958333333333,3.00852079713407
7.39097222222222,3.02114328136124
7.39236111111111,3.08696980178356
7.39375,3.03918314410102
7.39513888888889,3.03043542395035
7.39652777777778,3.08101926287015
7.39791666666667,3.08557025140151
7.39930555555556,3.07538908839226
7.40069444444444,3.1372194669644
7.40208333333333,3.13719193438689
7.40347222222222,3.14858050644398
7.40486111111111,3.11572673560431
7.40625,3.20100783427556
7.40763888888889,3.19898091385762
7.40902777777778,3.06774875875485
7.41041666666667,3.17306055488531
7.41180555555556,3.21429949775338
7.41319444444444,3.17708512196938
7.41458333333333,3.20155253658692
7.41597222222222,3.21842529211193
7.41736111111111,3.13810475256449
7.41875,3.1251430542767
7.42013888888889,3.1384099037759
7.42152777777778,3.10056745444735
7.42291666666667,3.06159524552524
7.42430555555556,3.02757326791684
7.42569444444444,3.0371751415357
7.42708333333333,3.03536438484676
7.42847222222222,2.97431046715627
7.42986111111111,3.03952661067247
7.43125,3.11328327327967
7.43263888888889,3.03358834872954
7.43402777777778,3.04003113348658
7.43541666666667,3.10664115572969
7.43680555555556,3.08780443220089
7.43819444444444,3.0890413287282
7.43958333333333,3.07448462601751
7.44097222222222,2.99089836791158
7.44236111111111,3.0149001032114
7.44375,2.98302173701425
7.44513888888889,2.96680419641236
7.44652777777778,3.0173119546442
7.44791666666667,3.17562234381835
7.44930555555556,3.16263796105981
7.45069444444444,3.03902514877419
7.45208333333333,3.04096576189001
7.45347222222222,3.05403201748927
7.45486111111111,3.00089105923971
7.45625,2.94449059719841
7.45763888888889,3.0252801980637
7.45902777777778,3.08220660968373
7.46041666666667,3.04891730281214
7.46180555555556,3.08649926198026
7.46319444444444,3.05672861109177
7.46458333333333,2.99359111363689
7.46597222222222,3.042130886248
7.46736111111111,3.03013657778502
7.46875,3.04527243673801
7.47013888888889,2.91398769761125
7.47152777777778,2.91506146009701
7.47291666666667,3.05053915733472
7.47430555555556,3.03123619725307
7.47569444444444,3.05843712160985
7.47708333333333,3.0177551990794
7.47847222222222,2.91378145888448
7.47986111111111,2.93221957730595
7.48125,3.00261851672083
7.48263888888889,3.00736265738805
7.48402777777778,2.98242247470034
7.48541666666667,3.04761966045946
7.48680555555556,3.04757426018206
7.48819444444444,2.99607773917417
7.48958333333333,3.07773234959847
7.49097222222222,3.10816785511406
7.49236111111111,3.04452009725074
7.49375,3.21156607923408
7.49513888888889,3.25677248575414
7.49652777777778,3.06066304789235
7.49791666666667,3.00731308025929
7.49930555555556,3.09953721670434
7.50069444444444,3.12000325744351
7.50208333333333,3.11587496798486
7.50347222222222,3.1385873763139
7.50486111111111,3.07023918593923
7.50625,3.0125614110947
7.50763888888889,3.12291968549291
7.50902777777778,3.15774863104026
7.51041666666667,3.0977777265509
7.51180555555556,3.03908728112777
7.51319444444444,3.13360292593638
7.51458333333333,3.05450345173478
7.51597222222222,3.06208614811301
7.51736111111111,3.13497956012686
7.51875,3.09863108766576
7.52013888888889,3.11258771196629
7.52152777777778,3.03642775569111
7.52291666666667,3.09081184069316
7.52430555555556,3.20188077573975
7.52569444444444,3.13936188350121
7.52708333333333,3.13514917110403
7.52847222222222,3.11804603755474
7.52986111111111,3.00664163589478
7.53125,2.92900158039139
7.53263888888889,3.01656390444376
7.53402777777778,2.93818024463641
7.53541666666667,3.06122369254629
7.53680555555556,3.09692375719547
7.53819444444444,2.93775071928899
7.53958333333333,2.97642546037833
7.54097222222222,2.97468767754734
7.54236111111111,2.99475785553455
7.54375,2.99243886132414
7.54513888888889,3.05239725398831
7.54652777777778,3.13002161681652
7.54791666666667,3.13747677221894
7.54930555555556,3.06210935334365
7.55069444444444,3.14048518523574
7.55208333333333,3.13805479294931
7.55347222222222,3.06579581415591
7.55486111111111,3.05364682407429
7.55625,3.15448738346497
7.55763888888889,3.12458933452765
7.55902777777778,2.97300820061413
7.56041666666667,3.02139523430417
7.56180555555556,3.04802974454438
7.56319444444444,3.08684492451449
7.56458333333333,3.18919609124462
7.56597222222222,3.0513126343737
7.56736111111111,3.13211272793512
7.56875,3.13338658886651
7.57013888888889,3.01906974989921
7.57152777777778,3.0637710336782
7.57291666666667,3.04414476450533
7.57430555555556,3.00066707034906
7.57569444444444,2.94685545548797
7.57708333333333,3.07323456982772
7.57847222222222,3.06963245113691
7.57986111111111,3.13608916868766
7.58125,3.0549853755037
7.58263888888889,3.02280647052142
7.58402777777778,2.96025517106056
7.58541666666667,3.01991386334101
7.58680555555556,2.95535692544188
7.58819444444444,2.83096431939552
7.58958333333333,2.95262100171298
7.59097222222222,3.03941521130502
7.59236111111111,3.13519305702299
7.59375,2.9931030218505
7.59513888888889,3.10160681615273
7.59652777777778,3.19199723064899
7.59791666666667,3.08442810565233
7.59930555555556,3.05642578261594
7.60069444444444,2.99548881552648
7.60208333333333,3.01143653502067
7.60347222222222,3.02215202311675
7.60486111111111,3.06431241356147
7.60625,2.97171657640487
7.60763888888889,2.99523625592468
7.60902777777778,3.01025718338865
7.61041666666667,3.06017055491606
7.61180555555556,3.14364415703962
7.61319444444444,3.08426024214675
7.61458333333333,3.11736416051785
7.61597222222222,3.07923680850926
7.61736111111111,3.08282492025445
7.61875,3.09357342556119
7.62013888888889,3.18047135902569
7.62152777777778,3.08887625505527
7.62291666666667,3.16884706767897
7.62430555555556,3.25521330575148
7.62569444444444,3.09015903074294
7.62708333333333,3.14033735207592
7.62847222222222,3.18118164213995
7.62986111111111,3.20661556462447
7.63125,3.17845070193211
7.63263888888889,3.07030887328088
7.63402777777778,3.11069533914328
7.63541666666667,3.18229299803575
7.63680555555556,3.22223728438218
7.63819444444444,3.14045615161459
7.63958333333333,3.12044766671335
7.64097222222222,3.16093797698617
7.64236111111111,3.25752902468046
7.64375,3.24953355227907
7.64513888888889,3.21856817426238
7.64652777777778,3.20915123862525
7.64791666666667,3.20705720001521
7.64930555555556,3.05464879269401
7.65069444444444,3.11289194544156
7.65208333333333,3.13440459279964
7.65347222222222,3.1520918723025
7.65486111111111,3.17392013274133
7.65625,3.18410598814487
7.65763888888889,3.23386889472604
7.65902777777778,3.2304959577322
7.66041666666667,3.11767961997849
7.66180555555556,3.17967178901037
7.66319444444444,3.02820900976658
7.66458333333333,3.1360041363289
7.66597222222222,3.09091923045615
7.66736111111111,3.15334249953429
7.66875,3.16867970863978
7.67013888888889,3.22734771028161
7.67152777777778,3.19404091879415
7.67291666666667,3.18108678996563
7.67430555555556,3.16433050860961
7.67569444444444,3.08279430106282
7.67708333333333,2.98906413187583
7.67847222222222,3.02115596503019
7.67986111111111,3.06660839494318
7.68125,2.95046006772667
7.68263888888889,3.1393155146266
7.68402777777778,3.07654430049782
7.68541666666667,3.10001012556255
7.68680555555556,3.08879640561839
7.68819444444444,2.96990080793699
7.68958333333333,3.05999871925761
7.69097222222222,3.0364440804751
7.69236111111111,3.06966087276737
7.69375,3.04756099677334
7.69513888888889,3.02712000076349
7.69652777777778,2.98910891814157
7.69791666666667,2.97111991092563
7.69930555555556,2.85584121607244
7.70069444444444,2.81067253212134
7.70208333333333,2.82845598064984
7.70347222222222,2.89486568306883
7.70486111111111,2.93389760763074
7.70625,2.81375543599327
7.70763888888889,2.80297113532821
7.70902777777778,2.74816136389971
7.71041666666667,2.83056979380548
7.71180555555556,2.84838330224156
7.71319444444444,2.82354328879621
7.71458333333333,2.78784880871574
7.71597222222222,2.80580721113831
7.71736111111111,2.81811295316865
7.71875,2.76737914717446
7.72013888888889,2.85007219230135
7.72152777777778,2.92786265114943
7.72291666666667,2.85326512766381
7.72430555555556,2.99614203006029
7.72569444444444,2.99839807932576
7.72708333333333,2.99286973064144
7.72847222222222,2.9618982865413
7.72986111111111,3.0604039695859
7.73125,2.98966752360264
7.73263888888889,2.98337527101239
7.73402777777778,3.0368289728711
7.73541666666667,3.0268659705172
7.73680555555556,3.01284776182768
7.73819444444444,3.03980931541572
7.73958333333333,3.06221192024027
7.74097222222222,3.08171781758467
7.74236111111111,2.99779828548431
7.74375,2.9731653506433
7.74513888888889,2.98980349886852
7.74652777777778,2.95483693953603
7.74791666666667,3.00436995202675
7.74930555555556,2.93503573063761
7.75069444444444,2.87331197361772
7.75208333333333,2.90482510700822
7.75347222222222,2.93123736612499
7.75486111111111,2.88797074370086
7.75625,2.97362698280485
7.75763888888889,2.93080812008741
7.75902777777778,3.04586748164768
7.76041666666667,3.03215095040699
7.76180555555556,2.9367758499831
7.76319444444444,3.02130696943495
7.76458333333333,3.06373631555509
7.76597222222222,3.05195703169952
7.76736111111111,3.01987839231888
7.76875,3.03208753433699
7.77013888888889,2.97577006214609
7.77152777777778,2.86862826090306
7.77291666666667,2.9947003953966
7.77430555555556,2.89964579423269
7.77569444444444,3.00219166921452
7.77708333333333,3.01654730212564
7.77847222222222,3.06060099059405
7.77986111111111,3.13039449645827
7.78125,3.12881580933308
7.78263888888889,3.09604784591744
7.78402777777778,3.13861024430643
7.78541666666667,3.1402676634863
7.78680555555556,3.1125158106039
7.78819444444444,3.16602724743386
7.78958333333333,3.01970439766844
7.79097222222222,2.97532369335492
7.79236111111111,2.96572822811703
7.79375,3.13771206023792
7.79513888888889,3.10220435419275
7.79652777777778,3.14215733062864
7.79791666666667,3.0951892931511
7.79930555555556,3.12044519563206
7.80069444444444,3.1072888361911
7.80208333333333,2.99601178148529
7.80347222222222,3.02507752033571
7.80486111111111,2.95434875761469
7.80625,2.96237598339251
7.80763888888889,2.8697417789946
7.80902777777778,2.88486515865972
7.81041666666667,2.92982888605446
7.81180555555556,3.00760229406257
7.81319444444444,2.95575722799947
7.81458333333333,3.04650140066165
7.81597222222222,2.96314149215817
7.81736111111111,2.92172108535344
7.81875,2.95200771043698
7.82013888888889,2.98488926236518
7.82152777777778,2.90149503042301
7.82291666666667,3.02324685414632
7.82430555555556,3.03629799753427
7.82569444444444,2.95065458824237
7.82708333333333,2.92278481210272
7.82847222222222,2.89404339309161
7.82986111111111,2.96472581930459
7.83125,2.99982691306
7.83263888888889,3.09849200232575
7.83402777777778,3.16598607472144
7.83541666666667,3.1073298197488
7.83680555555556,3.15302867915792
7.83819444444444,3.12004522212781
7.83958333333333,3.17852051859101
7.84097222222222,3.01841221556067
7.84236111111111,3.09191609690587
7.84375,3.06466486136119
7.84513888888889,3.05064664194981
7.84652777777778,3.04275104198605
7.84791666666667,2.98651792749763
7.84930555555556,3.11329869060467
7.85069444444444,2.96002300540606
7.85208333333333,2.94139171009262
7.85347222222222,3.02044910003742
7.85486111111111,2.87566168017685
7.85625,2.83755190864205
7.85763888888889,2.92023773742219
7.85902777777778,3.08719964794815
7.86041666666667,3.07367857898275
7.86180555555556,3.08613596702615
7.86319444444444,3.08995112639541
7.86458333333333,3.01631251743684
7.86597222222222,3.04477541764577
7.86736111111111,3.15166437358285
7.86875,3.12778723227481
7.87013888888889,3.13611333578825
7.87152777777778,3.12804232796033
7.87291666666667,3.10045304189126
7.87430555555556,3.05845946798722
7.87569444444444,3.11752741237481
7.87708333333333,3.00634084880352
7.87847222222222,3.06002059280872
7.87986111111111,2.88908735737205
7.88125,3.03459741026163
7.88263888888889,3.09771867459019
7.88402777777778,3.03594772299131
7.88541666666667,3.07287208718558
7.88680555555556,3.03546198075948
7.88819444444444,3.11340713188052
7.88958333333333,3.06059510792295
7.89097222222222,3.09904543249557
7.89236111111111,3.09170468385021
7.89375,3.02344469601288
7.89513888888889,3.06022897378697
7.89652777777778,3.08020068529217
7.89791666666667,3.04635693530242
7.89930555555556,2.95663687660048
7.90069444444444,2.96170248533289
7.90208333333333,3.00885855699579
7.90347222222222,3.03675929202388
7.90486111111111,3.04721935251107
7.90625,3.00837249408786
7.90763888888889,2.92567628742506
7.90902777777778,2.90593523303668
7.91041666666667,3.03792086533581
7.91180555555556,3.00950625898317
7.91319444444444,2.97337450633446
7.91458333333333,2.94110779926181
7.91597222222222,2.98083513577779
7.91736111111111,2.9665724475123
7.91875,2.92250408471252
7.92013888888889,3.03157790377736
7.92152777777778,2.99359215557575
7.92291666666667,2.92418605072967
7.92430555555556,2.94707808213929
7.92569444444444,2.99786044931059
7.92708333333333,2.98132276777178
7.92847222222222,3.02348229929805
7.92986111111111,2.94398595269769
7.93125,3.1277431602031
7.93263888888889,3.05497106299736
7.93402777777778,3.14608456749469
7.93541666666667,3.06382669154244
7.93680555555556,2.99263090218262
7.93819444444444,3.07929551214911
7.93958333333333,3.05565966828416
7.94097222222222,3.0913707121027
7.94236111111111,3.04307663420836
7.94375,2.9954084930631
7.94513888888889,2.99346581914773
7.94652777777778,2.9231074188898
7.94791666666667,2.90861699649443
7.94930555555556,2.98550798200071
7.95069444444444,2.99914923469226
7.95208333333333,3.01897946573794
7.95347222222222,2.99054687821617
7.95486111111111,2.90309123965601
7.95625,2.99166687399149
7.95763888888889,2.94479740768671
7.95902777777778,2.91759658468887
7.96041666666667,3.04501059726502
7.96180555555556,3.0064763639619
7.96319444444444,3.0093256333222
7.96458333333333,2.97881134866426
7.96597222222222,2.97029049487164
7.96736111111111,2.93018831179788
7.96875,2.84476375659307
7.97013888888889,2.87734704015776
7.97152777777778,2.93945946082473
7.97291666666667,3.06194778380295
7.97430555555556,3.0544983954976
7.97569444444444,2.96849086262596
7.97708333333333,2.98816176446776
7.97847222222222,3.04723813047012
7.97986111111111,2.88998530820012
7.98125,2.96623637211819
7.98263888888889,3.01724496482561
7.98402777777778,3.12217992728576
7.98541666666667,3.06539229506763
7.98680555555556,2.98999520058433
7.98819444444444,3.05153611951197
7.98958333333333,3.05164675782124
7.99097222222222,3.13512606153886
7.99236111111111,3.09845795974135
7.99375,3.13542827165375
7.99513888888889,3.25085924709837
7.99652777777778,3.17039642140269
7.99791666666667,3.14662712544203
7.99930555555556,3.15870902066429
8.00069444444444,3.14242158206025
8.00208333333333,3.09366040326655
8.00347222222222,3.03899335537106
8.00486111111111,3.08226060822606
8.00625,3.02154906729857
8.00763888888889,3.02262261804504
8.00902777777778,2.98947785370052
8.01041666666667,3.03400244792302
8.01180555555556,3.0149863834035
8.01319444444444,3.07410778238438
8.01458333333333,3.02574391891559
8.01597222222222,3.07799092906993
8.01736111111111,3.01435060701954
8.01875,2.94426956410209
8.02013888888889,2.99277389610807
8.02152777777778,2.92432757474482
8.02291666666667,2.98395719038012
8.02430555555556,2.94581672551731
8.02569444444444,3.09906491587559
8.02708333333333,3.16324540344377
8.02847222222222,3.0553312061727
8.02986111111111,2.96658365438382
8.03125,3.01613847695291
8.03263888888889,3.098552388375
8.03402777777778,3.12136069004734
8.03541666666667,3.05464858223995
8.03680555555556,2.99026883770246
8.03819444444444,2.93936748229278
8.03958333333333,2.90220719479645
8.04097222222222,2.97927981180605
8.04236111111111,2.95301625136907
8.04375,2.86274356480688
8.04513888888889,2.94554206412577
8.04652777777778,2.99880212256064
8.04791666666667,2.93395418326681
8.04930555555556,2.97227742195129
8.05069444444444,2.98582220422725
8.05208333333333,3.05921448677778
8.05347222222222,3.11507028023402
8.05486111111111,3.10080452447757
8.05625,2.99574124760305
8.05763888888889,2.92164317821463
8.05902777777778,2.94098341484865
8.06041666666667,2.90758947019155
8.06180555555556,2.81006524336524
8.06319444444444,2.88068827023109
8.06458333333333,2.84884043032924
8.06597222222222,2.91081023416171
8.06736111111111,2.94476814411581
8.06875,2.97341247643034
8.07013888888889,3.02858541886012
8.07152777777778,2.99546084972719
8.07291666666667,2.89704597239693
8.07430555555556,2.95709356615941
8.07569444444444,2.93464509124557
8.07708333333333,2.85119585305452
8.07847222222222,2.94965832171341
8.07986111111111,2.9828336105744
8.08125,2.95721600440331
8.08263888888889,2.98784680084636
8.08402777777778,2.98361229499181
8.08541666666667,3.09099429448446
8.08680555555556,3.14889789024989
8.08819444444444,3.09464880069097
8.08958333333333,3.01877279182275
8.09097222222222,3.12717653006315
8.09236111111111,3.05572812646627
8.09375,3.11998643348614
8.09513888888889,2.93724289756268
8.09652777777778,2.91162671317657
8.09791666666667,2.96039817148199
8.09930555555556,2.93307294776042
8.10069444444444,2.96806914432595
8.10208333333333,2.940563287884
8.10347222222222,2.87226874587436
8.10486111111111,2.87671889917304
8.10625,2.85844450622797
8.10763888888889,2.92487817853456
8.10902777777778,2.89673035917183
8.11041666666667,3.05364554191629
8.11180555555556,2.89004673987627
8.11319444444444,2.89725785429279
8.11458333333333,2.85346460563441
8.11597222222222,2.89882569166513
8.11736111111111,2.85928151919196
8.11875,2.99426791128392
8.12013888888889,3.0418993060415
8.12152777777778,3.04673551302403
8.12291666666667,2.92687020792005
8.12430555555556,2.85718401794632
8.12569444444444,2.90436495482922
8.12708333333333,2.94077992586419
8.12847222222222,2.86665326071903
8.12986111111111,2.80435222804546
8.13125,2.91147141565879
8.13263888888889,2.8026017257447
8.13402777777778,2.80854608215392
8.13541666666667,2.92432858622322
8.13680555555556,2.84168128736317
8.13819444444444,2.79911773063242
8.13958333333333,2.95073524088909
8.14097222222222,2.84097036826735
8.14236111111111,2.85205355629325
8.14375,2.87149405374813
8.14513888888889,2.85205129799123
8.14652777777778,2.8502743614465
8.14791666666667,2.91821198848387
8.14930555555556,2.96237147746996
8.15069444444444,2.8740593705823
8.15208333333333,2.89670190190275
8.15347222222222,2.91991842548052
8.15486111111111,2.9272151347405
8.15625,2.93094912963997
8.15763888888889,2.8203298085928
8.15902777777778,2.80149768523814
8.16041666666667,2.88901272791748
8.16180555555556,2.88502892546356
8.16319444444444,2.99396485116333
8.16458333333333,2.94025924483935
8.16597222222222,2.99162288712338
8.16736111111111,2.96443564363212
8.16875,3.01297864471873
8.17013888888889,3.00779163718224
8.17152777777778,2.88481929802957
8.17291666666667,2.87809694599709
8.17430555555556,2.92123010697775
8.17569444444444,3.00461428765518
8.17708333333333,3.01206050479474
8.17847222222222,2.94849939201648
8.17986111111111,2.97840852734943
8.18125,3.04769781393309
8.18263888888889,3.01471569939827
8.18402777777778,2.99276314570025
8.18541666666667,3.09089269409577
8.18680555555556,2.94689628653228
8.18819444444444,2.92332883132001
8.18958333333333,2.87355851125283
8.19097222222222,2.91040013243444
8.19236111111111,2.88158253550529
8.19375,2.99526960462953
8.19513888888889,2.96684588431769
8.19652777777778,2.91289788497689
8.19791666666667,2.77342413385166
8.19930555555556,2.85590737019433
8.20069444444444,2.88750211872859
8.20208333333333,2.85767340168978
8.20347222222222,2.89910065305109
8.20486111111111,2.95032519002755
8.20625,2.98985602880518
8.20763888888889,2.94110534322759
8.20902777777778,2.89574557952583
8.21041666666667,3.04288430506984
8.21180555555556,2.96127461674313
8.21319444444444,2.93012489199638
8.21458333333333,2.96839047804475
8.21597222222222,2.95866025755803
8.21736111111111,2.88415970679373
8.21875,3.09142169820766
8.22013888888889,2.90849738468726
8.22152777777778,2.85543398006509
8.22291666666667,2.90941685035825
8.22430555555556,3.02127597934877
8.22569444444444,3.02687549213568
8.22708333333333,2.97367822667118
8.22847222222222,2.97407388401528
8.22986111111111,2.93765763550376
8.23125,2.92479611144712
8.23263888888889,2.91066072223708
8.23402777777778,2.96372383522491
8.23541666666667,3.0898566416263
8.23680555555556,3.00636004179716
8.23819444444444,2.9388233593603
8.23958333333333,2.97379507948024
8.24097222222222,2.99356505811214
8.24236111111111,3.03543845941623
8.24375,2.98468739420176
8.24513888888889,3.03773596839979
8.24652777777778,3.00246890738606
8.24791666666667,2.8929988112549
8.24930555555556,2.82941064722836
8.25069444444444,2.85959981026749
8.25208333333333,2.90313267533978
8.25347222222222,2.79453858097394
8.25486111111111,2.83497877884656
8.25625,2.83091248075167
8.25763888888889,2.8449211216718
8.25902777777778,2.88684406506519
8.26041666666667,2.82982819977682
8.26180555555556,2.83851412226756
8.26319444444444,2.95223823162417
8.26458333333333,2.94523628418644
8.26597222222222,2.84993995894988
8.26736111111111,2.78610331515471
8.26875,2.82626201421022
8.27013888888889,2.96076740180453
8.27152777777778,3.04740519127498
8.27291666666667,2.95299704146882
8.27430555555556,3.01629119673744
8.27569444444444,2.98310559352239
8.27708333333333,2.921889203613
8.27847222222222,2.91451387921969
8.27986111111111,2.91985726381342
8.28125,3.03856619358063
8.28263888888889,2.99554822425668
8.28402777777778,3.03532077821593
8.28541666666667,3.08418544585506
8.28680555555556,3.0395564117531
8.28819444444444,2.91729698096547
8.28958333333333,2.97816745209197
8.29097222222222,3.05927299752831
8.29236111111111,3.06388007675608
8.29375,2.98871052950621
8.29513888888889,3.01577657123407
8.29652777777778,2.95739067144692
8.29791666666667,3.04694637810191
8.29930555555556,3.03653128355741
8.30069444444444,3.01949007585645
8.30208333333333,2.97714006935557
8.30347222222222,2.95127095859129
8.30486111111111,3.00064360548975
8.30625,2.99038546230644
8.30763888888889,2.98909251449203
8.30902777777778,3.01683012803396
8.31041666666667,3.13069297752033
8.31180555555556,3.00654158583532
8.31319444444444,2.98821480842928
8.31458333333333,3.00582394972444
8.31597222222222,3.06646621735767
8.31736111111111,3.14970230986675
8.31875,3.0829511419932
8.32013888888889,2.99085680592805
8.32152777777778,3.04631128696104
8.32291666666667,3.06213613507648
8.32430555555556,3.05000667331119
8.32569444444444,2.89667728180687
8.32708333333333,2.97954573400319
8.32847222222222,2.96889798536897
8.32986111111111,3.17703250686328
8.33125,3.14524219532808
8.33263888888889,3.0850152178357
8.33402777777778,2.97651404425502
8.33541666666667,3.08777510285377
8.33680555555556,3.08496394529939
8.33819444444444,3.03453556925058
8.33958333333333,3.03436118158201
8.34097222222222,3.06201689049602
8.34236111111111,3.12854266079764
8.34375,3.07159490363556
8.34513888888889,3.07670197211206
8.34652777777778,2.9990146031417
8.34791666666667,3.00976200171436
8.34930555555556,2.99037164088339
8.35069444444444,2.99435232461741
8.35208333333333,3.00675224008349
8.35347222222222,2.94083126147588
8.35486111111111,2.97721279631058
8.35625,2.95900370476147
8.35763888888889,3.03393574045971
8.35902777777778,3.0375866223018
8.36041666666667,3.03187200675408
8.36180555555556,2.97669076229135
8.36319444444444,2.93907180074602
8.36458333333333,3.0094404993703
8.36597222222222,2.80321517860206
8.36736111111111,2.98546970965341
8.36875,2.87668273180723
8.37013888888889,2.9994303620855
8.37152777777778,2.93692595190058
8.37291666666667,2.98736809844772
8.37430555555556,3.00486993292967
8.37569444444444,2.84685328482961
8.37708333333333,2.78555608399212
8.37847222222222,2.90967514410615
8.37986111111111,2.96482453813155
8.38125,2.89829137340188
8.38263888888889,2.88069333647688
8.38402777777778,2.89125246895477
8.38541666666667,3.02442753612995
8.38680555555556,3.0721917632098
8.38819444444444,3.00223298677243
8.38958333333333,3.01035336690644
8.39097222222222,2.99104652388409
8.39236111111111,2.96441769719124
8.39375,2.90072744950652
8.39513888888889,2.82058159902692
8.39652777777778,2.91418899429341
8.39791666666667,2.89374946565678
8.39930555555556,2.96723254809777
8.40069444444444,2.98917327818771
8.40208333333333,2.92194730242093
8.40347222222222,2.96037786791722
8.40486111111111,3.03647966295481
8.40625,3.00288342984704
8.40763888888889,3.04614421352744
8.40902777777778,3.08716931091001
8.41041666666667,2.95872898311665
8.41180555555556,3.0119660136352
8.41319444444444,3.13469967931509
8.41458333333333,3.1008329675595
8.41597222222222,2.98000877261162
8.41736111111111,3.03543311794599
8.41875,3.07367052624623
8.42013888888889,3.09622651726007
8.42152777777778,3.17680635253588
8.42291666666667,3.0868346334373
8.42430555555556,3.12582409513493
8.42569444444444,3.03552703653773
8.42708333333333,2.96270081179216
8.42847222222222,3.09477786650575
8.42986111111111,2.98786387178459
8.43125,3.02411400696775
8.43263888888889,3.07092673267744
8.43402777777778,2.98546580992789
8.43541666666667,3.00189372617126
8.43680555555556,3.06978058788125
8.43819444444444,2.97114628089917
8.43958333333333,2.92901905228528
8.44097222222222,2.87826229325627
8.44236111111111,3.06292816149008
8.44375,2.95441149402685
8.44513888888889,2.94485225528791
8.44652777777778,2.92515756206387
8.44791666666667,2.9798262901948
8.44930555555556,2.85843845236821
8.45069444444444,2.90116485419539
8.45208333333333,2.97662693322105
8.45347222222222,2.90960021717036
8.45486111111111,2.8848189817079
8.45625,2.81165172604394
8.45763888888889,2.84302567190572
8.45902777777778,2.9664051681507
8.46041666666667,2.97969539557277
8.46180555555556,3.04796497393775
8.46319444444444,3.11723940045692
8.46458333333333,3.06071762562629
8.46597222222222,2.94733278495853
8.46736111111111,3.12924393616467
8.46875,2.98176820451806
8.47013888888889,2.98271640452663
8.47152777777778,3.11358454662544
8.47291666666667,3.11158998895455
8.47430555555556,3.10173119102595
8.47569444444444,3.1351266393138
8.47708333333333,3.11201576350707
8.47847222222222,3.18751763874952
8.47986111111111,3.12192934383982
8.48125,3.09418052542742
8.48263888888889,3.0806813814346
8.48402777777778,2.96738934826931
8.48541666666667,2.95394308090948
8.48680555555556,3.10888944055663
8.48819444444444,3.05534867489798
8.48958333333333,3.11196409102104
8.49097222222222,3.0678201995965
8.49236111111111,3.0353869228255
8.49375,3.03487117158487
8.49513888888889,2.87889683889163
8.49652777777778,2.86667209006965
8.49791666666667,3.01198315948573
8.49930555555556,3.02092764981289
8.50069444444444,3.01449679112024
8.50208333333333,2.94028870766395
8.50347222222222,2.99216413977962
8.50486111111111,2.8823324791187
8.50625,2.85510400267655
8.50763888888889,2.93908383116132
8.50902777777778,2.75939965328114
8.51041666666667,2.83340952900471
8.51180555555556,2.86550947745649
8.51319444444444,2.89405831607721
8.51458333333333,3.01372350382325
8.51597222222222,2.93195960200673
8.51736111111111,3.01740265250106
8.51875,2.94752546459836
8.52013888888889,2.856766471283
8.52152777777778,2.90854103271318
8.52291666666667,2.90515433326864
8.52430555555556,2.99097601051799
8.52569444444444,2.99104671550277
8.52708333333333,2.95811685856007
8.52847222222222,3.01029754855089
8.52986111111111,3.09661500513454
8.53125,2.95082169426793
8.53263888888889,3.06663046084694
8.53402777777778,3.14923138318946
8.53541666666667,3.04867840858939
8.53680555555556,3.00700765123103
8.53819444444444,2.9658626710071
8.53958333333333,3.00350115384482
8.54097222222222,2.89741850476837
8.54236111111111,3.01379676879502
8.54375,2.9707052308141
8.54513888888889,2.98417330180739
8.54652777777778,2.91958748655325
8.54791666666667,2.96510784608006
8.54930555555556,2.94169523444452
8.55069444444444,2.81453204980033
8.55208333333333,2.91382964816094
8.55347222222222,2.83927266061581
8.55486111111111,2.97445558192171
8.55625,3.02434454253881
8.55763888888889,3.07124933875447
8.55902777777778,2.92819900294116
8.56041666666667,2.88564295883934
8.56180555555556,2.94417550904839
8.56319444444444,3.06077889228027
8.56458333333333,2.97080920381634
8.56597222222222,3.05661308821041
8.56736111111111,3.01167842886417
8.56875,3.05152759711014
8.57013888888889,3.04368969000526
8.57152777777778,3.12212226913629
8.57291666666667,3.04340861625219
8.57430555555556,3.04602744666572
8.57569444444444,2.90216220948133
8.57708333333333,2.95420472149818
8.57847222222222,2.92259367571006
8.57986111111111,2.90528510332158
8.58125,2.90580613347358
8.58263888888889,2.93114422564238
8.58402777777778,2.9235045274082
8.58541666666667,2.92938911644804
8.58680555555556,2.92994414463377
8.58819444444444,3.04435191531009
8.58958333333333,2.94498840980107
8.59097222222222,2.88454663749916
8.59236111111111,2.88063302273618
8.59375,2.91763800856401
8.59513888888889,2.80827195486116
8.59652777777778,2.78892481601219
8.59791666666667,2.80261420577314
8.59930555555556,2.85748714978663
8.60069444444444,2.9144238043239
8.60208333333333,2.87933326174424
8.60347222222222,2.99936234100953
8.60486111111111,2.97504355293392
8.60625,2.93939377039971
8.60763888888889,2.89043425061684
8.60902777777778,2.81860736887527
8.61041666666667,2.72860981476487
8.61180555555556,2.6818197363575
8.61319444444444,2.75881688688075
8.61458333333333,2.7392234955258
8.61597222222222,2.68986074142658
8.61736111111111,2.78827211153365
8.61875,2.73074415567075
8.62013888888889,2.87072248518742
8.62152777777778,2.84798952961503
8.62291666666667,2.8895375945124
8.62430555555556,2.76831956980312
8.62569444444444,2.76533329029311
8.62708333333333,2.7836817458972
8.62847222222222,2.83904453982043
8.62986111111111,2.80879467721378
8.63125,2.77650203070785
8.63263888888889,2.70666426890248
8.63402777777778,2.74601549955222
8.63541666666667,2.91087088303878
8.63680555555556,2.84415014284732
8.63819444444444,2.87241022846343
8.63958333333333,2.85119640965315
8.64097222222222,2.86662000092059
8.64236111111111,2.79722571778642
8.64375,2.79897314380079
8.64513888888889,2.93808416547191
8.64652777777778,2.85171301066625
8.64791666666667,2.97152599553584
8.64930555555556,3.10480766821865
8.65069444444444,3.04040761617006
8.65208333333333,2.96512869168573
8.65347222222222,2.92526072372007
8.65486111111111,2.87825721450425
8.65625,2.79987800048177
8.65763888888889,2.82532776022117
8.65902777777778,2.88570619134495
8.66041666666667,2.94804297757629
8.66180555555556,2.99945075637442
8.66319444444444,2.92425211705892
8.66458333333333,2.9509991101058
8.66597222222222,2.97317393729151
8.66736111111111,2.9144634232175
8.66875,2.93882355481799
8.67013888888889,2.85953770960437
8.67152777777778,2.85704438838383
8.67291666666667,2.92871544335112
8.67430555555556,2.96805659770316
8.67569444444444,2.89828021854362
8.67708333333333,2.85291462026586
8.67847222222222,2.96453112591958
8.67986111111111,2.82217411184371
8.68125,2.88385623378442
8.68263888888889,2.91932974311042
8.68402777777778,2.98977074368963
8.68541666666667,2.95444728708482
8.68680555555556,2.95334845410672
8.68819444444444,2.95306118642724
8.68958333333333,2.98524266590158
8.69097222222222,3.07480292212243
8.69236111111111,2.95938788822285
8.69375,2.95131112587007
8.69513888888889,2.92505597308178
8.69652777777778,2.92134612521169
8.69791666666667,2.84495206763218
8.69930555555556,2.88360084765966
8.70069444444444,2.89543758834018
8.70208333333333,2.94403938239053
8.70347222222222,2.97781648644365
8.70486111111111,2.99110617616133
8.70625,2.83950577766303
8.70763888888889,2.89874798869214
8.70902777777778,2.98805012167025
8.71041666666667,3.00502918911754
8.71180555555556,2.96066910955405
8.71319444444444,2.91935871149438
8.71458333333333,2.79055299276123
8.71597222222222,2.8754400613674
8.71736111111111,3.03771031987947
8.71875,3.061700630283
8.72013888888889,3.06165500263052
8.72152777777778,2.99663156844776
8.72291666666667,2.99595724178741
8.72430555555556,3.04676588179681
8.72569444444444,2.99001983863195
8.72708333333333,2.89966348318646
8.72847222222222,2.93494716636257
8.72986111111111,2.87480682395586
8.73125,2.93007853092163
8.73263888888889,2.85489504799347
8.73402777777778,2.85855818174829
8.73541666666667,3.01864137745544
8.73680555555556,2.97263773370709
8.73819444444444,2.9213196953021
8.73958333333333,2.91232540227173
8.74097222222222,2.9311935823042
8.74236111111111,2.87830892980299
8.74375,2.93577908269511
8.74513888888889,3.00730810554436
8.74652777777778,3.12857976280803
8.74791666666667,2.99868640033591
8.74930555555556,2.9500356580337
8.75069444444444,2.91495126160799
8.75208333333333,2.98491313020955
8.75347222222222,2.84887254560341
8.75486111111111,2.9678844232706
8.75625,2.86833405184666
8.75763888888889,2.87588385632574
8.75902777777778,2.95145598902748
8.76041666666667,3.00028811072643
8.76180555555556,3.08373398241906
8.76319444444444,3.01225394703098
8.76458333333333,3.01228301385855
8.76597222222222,2.92250621526333
8.76736111111111,2.95709452360568
8.76875,3.05355601252725
8.77013888888889,2.83067654395763
8.77152777777778,2.90320951090938
8.77291666666667,2.94708381130691
8.77430555555556,3.04308710191336
8.77569444444444,2.93026071152456
8.77708333333333,2.94881484556268
8.77847222222222,3.02590112518144
8.77986111111111,3.04170975626615
8.78125,2.94344680727578
8.78263888888889,2.9221937957973
8.78402777777778,3.1161537181411
8.78541666666667,3.05528797011747
8.78680555555556,3.13194780815518
8.78819444444444,3.04962172076706
8.78958333333333,2.89188339229323
8.79097222222222,2.9221403555782
8.79236111111111,3.03024586130109
8.79375,2.93650998818944
8.79513888888889,2.96514885501324
8.79652777777778,2.9855087698256
8.79791666666667,3.05839873920351
8.79930555555556,3.06133358191774
8.80069444444444,3.11432548927381
8.80208333333333,3.17469891171235
8.80347222222222,3.13890414966595
8.80486111111111,3.02918746102376
8.80625,2.9967300934067
8.80763888888889,3.04300332073616
8.80902777777778,3.08076771902508
8.81041666666667,2.9619843545276
8.81180555555556,3.03999303621959
8.81319444444444,3.00467328249708
8.81458333333333,2.91518520669669
8.81597222222222,2.94804562852037
8.81736111111111,2.98373043939671
8.81875,2.87039558979489
8.82013888888889,2.92937836165996
8.82152777777778,2.90007056762158
8.82291666666667,2.98652069287175
8.82430555555556,2.96300868274982
8.82569444444444,2.93329861631653
8.82708333333333,3.07810319320067
8.82847222222222,2.98081573818954
8.82986111111111,2.98600817419239
8.83125,2.95588329022488
8.83263888888889,3.04355553616988
8.83402777777778,3.04148456414274
8.83541666666667,3.06932763773448
8.83680555555556,3.01713947071725
8.83819444444444,3.09090633161566
8.83958333333333,3.08400356989579
8.84097222222222,3.01462843188478
8.84236111111111,2.95714926748418
8.84375,2.97101018127779
8.84513888888889,2.96920775192096
8.84652777777778,2.99832443587932
8.84791666666667,3.14378023452607
8.84930555555556,3.04399950149775
8.85069444444444,3.06280344380878
8.85208333333333,3.01331187363076
8.85347222222222,3.09627826210586
8.85486111111111,3.22842832314688
8.85625,3.12380712229021
8.85763888888889,3.20070630433225
8.85902777777778,3.01638479183284
8.86041666666667,2.92118684771227
8.86180555555556,2.90958475167144
8.86319444444444,2.95069005812875
8.86458333333333,3.02752457371594
8.86597222222222,2.86813564961089
8.86736111111111,2.84490413688148
8.86875,2.9048972543604
8.87013888888889,2.88801340778802
8.87152777777778,2.8204723181353
8.87291666666667,2.9306467157201
8.87430555555556,2.92518917313658
8.87569444444444,2.80072104875873
8.87708333333333,2.89502497084889
8.87847222222222,2.91873773228652
8.87986111111111,2.82889953916955
8.88125,2.84507149000396
8.88263888888889,2.89764154861236
8.88402777777778,2.86028379394404
8.88541666666667,2.74270389652217
8.88680555555556,2.91752108073975
8.88819444444444,2.94635275433828
8.88958333333333,3.05787092968571
8.89097222222222,3.01037402827953
8.89236111111111,2.99119859848847
8.89375,2.97760822954619
8.89513888888889,3.00044730768208
8.89652777777778,3.03092638026898
8.89791666666667,2.90474560847287
8.89930555555556,3.00639836192944
8.90069444444444,3.07598822037127
8.90208333333333,3.0379764261068
8.90347222222222,3.0638488772944
8.90486111111111,3.03381975293988
8.90625,2.96284144161263
8.90763888888889,2.93474017516179
8.90902777777778,2.97722793639256
8.91041666666667,3.09143092823309
8.91180555555556,3.03478273503082
8.91319444444444,2.91612834060852
8.91458333333333,2.9333994268571
8.91597222222222,2.9759149048368
8.91736111111111,2.92440061578715
8.91875,2.92912866577081
8.92013888888889,2.95613377392698
8.92152777777778,2.88288897833468
8.92291666666667,2.89768630208841
8.92430555555556,2.98148748289244
8.92569444444444,2.98931766736427
8.92708333333333,2.95836934772314
8.92847222222222,3.06960058097271
8.92986111111111,3.0202483859557
8.93125,2.92063254676759
8.93263888888889,2.86004193139656
8.93402777777778,2.75476439686917
8.93541666666667,2.9123140572564
8.93680555555556,3.05757972723945
8.93819444444444,3.11919485676945
8.93958333333333,2.94491703398276
8.94097222222222,2.91865341488159
8.94236111111111,3.01802290613519
8.94375,2.98219246076007
8.94513888888889,2.93265617775712
8.94652777777778,3.07942942726182
8.94791666666667,3.02781622563239
8.94930555555556,2.97420877118239
8.95069444444444,3.00152787548684
8.95208333333333,3.03007909885589
8.95347222222222,3.07714610991237
8.95486111111111,2.97899163854715
8.95625,2.98192184974733
8.95763888888889,2.85088510270662
8.95902777777778,2.7621264827794
8.96041666666667,2.93812124786161
8.96180555555556,3.0270372389647
8.96319444444444,3.03211595319937
8.96458333333333,3.02415826571668
8.96597222222222,2.96098354550066
8.96736111111111,2.99999930542087
8.96875,2.9302375584797
8.97013888888889,2.84199434288796
8.97152777777778,2.91289080054368
8.97291666666667,3.01563893571096
8.97430555555556,2.90352975875889
8.97569444444444,2.90735324452187
8.97708333333333,2.95334760697196
8.97847222222222,2.88214304600686
8.97986111111111,2.89495808056918
8.98125,2.82014826152649
8.98263888888889,2.85777579266703
8.98402777777778,2.89607823008809
8.98541666666667,2.90959618805639
8.98680555555556,2.96690069276514
8.98819444444444,2.95533906270894
8.98958333333333,3.05587416794776
8.99097222222222,3.09743206638018
8.99236111111111,3.05024386552356
8.99375,3.07578810079386
8.99513888888889,2.97481622956943
8.99652777777778,3.03536802570292
8.99791666666667,3.07855711007278
8.99930555555556,3.05119018261665
9.00069444444444,3.03826167446955
9.00208333333333,2.99792807914267
9.00347222222222,3.06640180715379
9.00486111111111,2.99629357541855
9.00625,2.87433445325509
9.00763888888889,2.94257087037967
9.00902777777778,2.99288946830186
9.01041666666667,2.92329702626339
9.01180555555556,3.05108007087353
9.01319444444444,2.98908021063513
9.01458333333333,2.90902752774274
9.01597222222222,2.85457574572858
9.01736111111111,2.92804684094935
9.01875,2.90154911782718
9.02013888888889,2.89190725938436
9.02152777777778,2.9955671287873
9.02291666666667,2.92185745736422
9.02430555555556,3.01490339523044
9.02569444444444,2.96059122704119
9.02708333333333,3.0052065130967
9.02847222222222,2.94715862028651
9.02986111111111,2.87835280293124
9.03125,2.99331366065765
9.03263888888889,2.9751172337006
9.03402777777778,3.01922642080826
9.03541666666667,3.0299553030308
9.03680555555556,2.99577046325118
9.03819444444444,2.97232174649585
9.03958333333333,2.98816469311714
9.04097222222222,2.87847333828975
9.04236111111111,2.99589618500447
9.04375,2.88946537518461
9.04513888888889,2.91982646765275
9.04652777777778,2.99870522469032
9.04791666666667,3.02636819841628
9.04930555555556,2.94982560121473
9.05069444444444,2.96807337937339
9.05208333333333,3.0125535492279
9.05347222222222,2.94370400150863
9.05486111111111,3.01268169294493
9.05625,3.00296734736595
9.05763888888889,2.98598970191541
9.05902777777778,2.98281616376925
9.06041666666667,3.00991342597697
9.06180555555556,3.04374398651139
9.06319444444444,2.99139437160686
9.06458333333333,2.89000536081687
9.06597222222222,2.94924916834227
9.06736111111111,2.95722464015008
9.06875,3.03209187569184
9.07013888888889,3.04079447766678
9.07152777777778,3.01568327845471
9.07291666666667,2.96347750686172
9.07430555555556,3.04836377624075
9.07569444444444,3.1420827896003
9.07708333333333,3.1792460371687
9.07847222222222,3.10747532221495
9.07986111111111,2.96939954615429
9.08125,3.06757364957125
9.08263888888889,3.02967133077374
9.08402777777778,2.96864567061374
9.08541666666667,2.95649951262768
9.08680555555556,3.01653417183286
9.08819444444444,2.92274190726746
9.08958333333333,2.89777250650445
9.09097222222222,2.98614990888726
9.09236111111111,3.09333292664898
9.09375,2.96880010694215
9.09513888888889,3.04077107274917
9.09652777777778,3.01189924516534
9.09791666666667,3.00691748137942
9.09930555555556,2.9337647344242
9.10069444444444,3.04547549649173
9.10208333333333,2.94933691269549
9.10347222222222,2.98469135086458
9.10486111111111,3.12576465058647
9.10625,2.99745405633503
9.10763888888889,2.91357704020737
9.10902777777778,2.98202061198102
9.11041666666667,2.90409029276429
9.11180555555556,2.93042760241102
9.11319444444444,2.92983626717414
9.11458333333333,2.96058974420064
9.11597222222222,3.08319941960625
9.11736111111111,3.13572726332451
9.11875,3.03896361646936
9.12013888888889,2.95692922568711
9.12152777777778,2.95220139887709
9.12291666666667,2.85082596747967
9.12430555555556,2.92640926578276
9.12569444444444,2.99627647296394
9.12708333333333,3.0390682143453
9.12847222222222,3.00194659332851
9.12986111111111,3.01830467807392
9.13125,2.94758161509897
9.13263888888889,3.02343818635349
9.13402777777778,2.97573356892939
9.13541666666667,2.87658843518416
9.13680555555556,2.94214228970692
9.13819444444444,2.92565091886867
9.13958333333333,2.91235053494273
9.14097222222222,2.93954139522858
9.14236111111111,2.99926050400499
9.14375,2.90776411083921
9.14513888888889,3.01448961031692
9.14652777777778,2.96909168067595
9.14791666666667,3.0239711432849
9.14930555555556,2.89970528659405
9.15069444444444,2.92833582643301
9.15208333333333,2.86325823885682
9.15347222222222,2.82300159379827
9.15486111111111,2.86015224391782
9.15625,2.89517002307729
9.15763888888889,2.85933939196894
9.15902777777778,2.7418088389048
9.16041666666667,2.84828235525263
9.16180555555556,2.84399165828547
9.16319444444444,2.87746445814635
9.16458333333333,2.80048500430214
9.16597222222222,2.91107471657279
9.16736111111111,2.94490379292593
9.16875,2.88311925395111
9.17013888888889,2.93054285368588
9.17152777777778,2.90273955623125
9.17291666666667,2.84523133245991
9.17430555555556,2.912338102052
9.17569444444444,2.91853725367644
9.17708333333333,2.9246469142053
9.17847222222222,2.8292151555894
9.17986111111111,2.96072151534722
9.18125,2.95870615697572
9.18263888888889,2.90068968276778
9.18402777777778,2.87526796515656
9.18541666666667,2.85486560532411
9.18680555555556,2.87970112054452
9.18819444444444,3.00365828535513
9.18958333333333,3.03385958204283
9.19097222222222,3.10050893614331
9.19236111111111,3.0713486623069
9.19375,3.03430898716961
9.19513888888889,3.03415553235518
9.19652777777778,3.00313357242552
9.19791666666667,3.08774656505713
9.19930555555556,3.01509897351031
9.20069444444444,3.01883863237563
9.20208333333333,3.02767809552544
9.20347222222222,3.00976208978233
9.20486111111111,3.01215454731324
9.20625,3.01955238089665
9.20763888888889,2.93402429232561
9.20902777777778,2.95129599940694
9.21041666666667,2.94471422568489
9.21180555555556,2.85933258513695
9.21319444444444,2.81956179564719
9.21458333333333,2.83849757536777
9.21597222222222,2.86637971650234
9.21736111111111,2.85973598789299
9.21875,2.93988013237515
9.22013888888889,2.92896520608924
9.22152777777778,2.95407579294187
9.22291666666667,3.00127781313163
9.22430555555556,2.93801659868168
9.22569444444444,2.80912909830527
9.22708333333333,2.87284423800923
9.22847222222222,2.93506689144661
9.22986111111111,2.98134661649894
9.23125,2.88917432214765
9.23263888888889,2.90992444164226
9.23402777777778,3.00036579110478
9.23541666666667,3.07532508393762
9.23680555555556,3.09498445264645
9.23819444444444,3.06333586793618
9.23958333333333,3.10907781204121
9.24097222222222,3.08062582099248
9.24236111111111,2.95554044651143
9.24375,2.87612334036287
9.24513888888889,2.85661708819211
9.24652777777778,3.06264308473602
9.24791666666667,3.09460196996595
9.24930555555556,3.01731180424658
9.25069444444444,3.00861379166677
9.25208333333333,2.98317939178837
9.25347222222222,2.91438655815269
9.25486111111111,2.91690416338357
9.25625,2.94621273950242
9.25763888888889,2.88338547562493
9.25902777777778,3.03204091879595
9.26041666666667,2.94281790520521
9.26180555555556,3.0183783210189
9.26319444444444,2.85495033526118
9.26458333333333,2.95093872006545
9.26597222222222,2.95343015855491
9.26736111111111,2.83017937252032
9.26875,2.81294635495158
9.27013888888889,2.82451360253148
9.27152777777778,2.89669624489776
9.27291666666667,2.90705302365174
9.27430555555556,2.92014096543543
9.27569444444444,2.97597714667302
9.27708333333333,2.87374883165721
9.27847222222222,2.78708039227898
9.27986111111111,2.98529057608505
9.28125,2.89539628965943
9.28263888888889,2.89001236472204
9.28402777777778,2.88135602597722
9.28541666666667,2.92861492019272
9.28680555555556,2.87200338479081
9.28819444444444,3.00684714136995
9.28958333333333,3.0421106723831
9.29097222222222,2.99386337426985
9.29236111111111,2.88722431069653
9.29375,2.90206024604896
9.29513888888889,2.87399660425898
9.29652777777778,2.92086336005404
9.29791666666667,2.89453998585575
9.29930555555556,2.88982723398922
9.30069444444444,2.85970321108881
9.30208333333333,2.95462317498254
9.30347222222222,2.94493662325459
9.30486111111111,2.9828270380229
9.30625,2.89690375318063
9.30763888888889,2.85034141044489
9.30902777777778,2.84255850261965
9.31041666666667,2.70513045365903
9.31180555555556,2.87039646578815
9.31319444444444,2.83895791460754
9.31458333333333,2.90042734566776
9.31597222222222,3.0189886841448
9.31736111111111,2.9695708745678
9.31875,2.88655143376165
9.32013888888889,2.82200151744405
9.32152777777778,2.84853146640246
9.32291666666667,2.78878385124528
9.32430555555556,2.84968715713316
9.32569444444444,2.84850426590783
9.32708333333333,2.80463812857766
9.32847222222222,2.96743834708761
9.32986111111111,2.90756017534725
9.33125,3.06118706233749
9.33263888888889,2.99895481268357
9.33402777777778,2.92898419830673
9.33541666666667,3.02955557485955
9.33680555555556,3.04328560219115
9.33819444444444,2.95789560649369
9.33958333333333,2.88581125948253
9.34097222222222,2.95179067272068
9.34236111111111,3.03184971492425
9.34375,3.06113156676292
9.34513888888889,3.01260659998695
9.34652777777778,2.98014270554253
9.34791666666667,3.02978956789378
9.34930555555556,3.06915034363734
9.35069444444444,3.00362952448578
9.35208333333333,2.96838717822661
9.35347222222222,2.99373172304199
9.35486111111111,2.964043995328
9.35625,2.91537187989151
9.35763888888889,2.8810175409253
9.35902777777778,2.9991201796333
9.36041666666667,2.93889119998621
9.36180555555556,2.98446100370196
9.36319444444444,3.00583894440792
9.36458333333333,2.95810438022517
9.36597222222222,2.97957675589011
9.36736111111111,3.02473262094911
9.36875,2.91432436135591
9.37013888888889,2.95262082008607
9.37152777777778,2.8613580994608
9.37291666666667,2.89983667893298
9.37430555555556,2.90475099306279
9.37569444444444,2.90973375465771
9.37708333333333,2.92173199743132
9.37847222222222,2.95616835268252
9.37986111111111,2.89179922510314
9.38125,2.79052827122227
9.38263888888889,2.93804671185251
9.38402777777778,2.93382689789338
9.38541666666667,2.95730363541039
9.38680555555556,2.9646383586235
9.38819444444444,2.88906420873566
9.38958333333333,3.04359121905052
9.39097222222222,3.01969620845462
9.39236111111111,2.92220928096181
9.39375,2.8575064144316
9.39513888888889,2.92057313066251
9.39652777777778,2.84199568986793
9.39791666666667,2.76018468163057
9.39930555555556,2.78483477124832
9.40069444444444,2.83569126479303
9.40208333333333,2.81555452048404
9.40347222222222,2.8888897004306
9.40486111111111,2.91599281617259
9.40625,2.88424054893896
9.40763888888889,2.89282439894749
9.40902777777778,3.04111893537561
9.41041666666667,3.03328336277764
9.41180555555556,2.96906968343678
9.41319444444444,2.89589579075875
9.41458333333333,2.78744549665759
9.41597222222222,2.88901646494015
9.41736111111111,2.90062761231757
9.41875,2.81275148165956
9.42013888888889,2.79940086011869
9.42152777777778,2.88928749019768
9.42291666666667,2.87607978744395
9.42430555555556,3.02449208166725
9.42569444444444,3.0757862039955
9.42708333333333,3.11726789834683
9.42847222222222,3.02499796314215
9.42986111111111,2.99067731063995
9.43125,2.99572814167855
9.43263888888889,2.95661477552494
9.43402777777778,2.88540091535479
9.43541666666667,2.93732783995802
9.43680555555556,2.89324877530689
9.43819444444444,2.8132322420794
9.43958333333333,2.81240113869914
9.44097222222222,2.923851280448
9.44236111111111,2.98638811123532
9.44375,2.99605472013354
9.44513888888889,2.89874352297842
9.44652777777778,2.89839624927452
9.44791666666667,2.84696238628916
9.44930555555556,2.90021157746732
9.45069444444444,2.9454260788279
9.45208333333333,2.79928799661984
9.45347222222222,2.86160983171981
9.45486111111111,2.83957610633287
9.45625,2.89119850322478
9.45763888888889,2.97874998040749
9.45902777777778,3.00447151634993
9.46041666666667,3.0300404225441
9.46180555555556,3.08731770200806
9.46319444444444,2.95002070519872
9.46458333333333,3.03968519947768
9.46597222222222,2.90172048136938
9.46736111111111,2.97956116064577
9.46875,2.95930143419301
9.47013888888889,3.06301737810812
9.47152777777778,3.03790648389494
9.47291666666667,3.09394968935364
9.47430555555556,3.10309774110194
9.47569444444444,2.99531028807365
9.47708333333333,2.96474831621792
9.47847222222222,2.98589510946358
9.47986111111111,2.97504324044378
9.48125,3.00074651384273
9.48263888888889,3.00868731242529
9.48402777777778,2.87731684343826
9.48541666666667,2.95056248159223
9.48680555555556,2.98582969178018
9.48819444444444,2.91708824056125
9.48958333333333,2.97402839287109
9.49097222222222,2.99073145205054
9.49236111111111,3.0321187395162
9.49375,3.06428664479707
9.49513888888889,3.01611953628929
9.49652777777778,2.86735086847801
9.49791666666667,2.82541250603311
9.49930555555556,2.71880610699992
9.50069444444444,2.76136826942171
9.50208333333333,2.74675415552574
9.50347222222222,2.73949541302549
9.50486111111111,2.73746623539341
9.50625,2.91589444625267
9.50763888888889,3.04599253621859
9.50902777777778,2.98974040242516
9.51041666666667,2.93931225865979
9.51180555555556,2.92354329597406
9.51319444444444,3.08641932476186
9.51458333333333,2.98888171856871
9.51597222222222,2.90828092158394
9.51736111111111,3.02756377178672
9.51875,3.0400936005486
9.52013888888889,2.89199070539325
9.52152777777778,2.89432913937128
9.52291666666667,2.94128560332103
9.52430555555556,2.92539451029655
9.52569444444444,2.84629812434857
9.52708333333333,2.8993554094907
9.52847222222222,2.84476684423233
9.52986111111111,2.78827156931338
9.53125,2.74463274793045
9.53263888888889,2.81665641021902
9.53402777777778,2.97276263661381
9.53541666666667,2.89611823261539
9.53680555555556,2.96341798714412
9.53819444444444,2.99929810627489
9.53958333333333,2.95547731384333
9.54097222222222,2.9020516333875
9.54236111111111,2.91116514046853
9.54375,2.93606734362657
9.54513888888889,2.86758909720575
9.54652777777778,2.94667773215553
9.54791666666667,3.00085533349901
9.54930555555556,2.97156080725678
9.55069444444444,2.94420145975577
9.55208333333333,2.91759231374473
9.55347222222222,2.85357341583113
9.55486111111111,2.90268503907262
9.55625,2.91580969319251
9.55763888888889,2.92809749945268
9.55902777777778,2.88267712955791
9.56041666666667,2.78409781173576
9.56180555555556,2.97247089080613
9.56319444444444,3.00000208671633
9.56458333333333,2.99187090716048
9.56597222222222,3.00777812437406
9.56736111111111,3.03241118800361
9.56875,2.924573957338
9.57013888888889,2.89852459985775
9.57152777777778,2.80899578091261
9.57291666666667,2.89867916411242
9.57430555555556,2.9179990687848
9.57569444444444,3.07279461401993
9.57708333333333,3.0896716838627
9.57847222222222,2.86022537825881
9.57986111111111,2.90886953600833
9.58125,2.8994714739808
9.58263888888889,3.01299349339427
9.58402777777778,3.0760699795257
9.58541666666667,3.08924185323554
9.58680555555556,2.99980204369923
9.58819444444444,3.04565139696933
9.58958333333333,2.93330087869529
9.59097222222222,2.95376451424247
9.59236111111111,2.95665685363064
9.59375,2.94658466216139
9.59513888888889,2.96316435181133
9.59652777777778,3.02573708898539
9.59791666666667,2.8084810794822
9.59930555555556,2.97866335229294
9.60069444444444,3.0105318612847
9.60208333333333,2.94851410578357
9.60347222222222,2.98215868404588
9.60486111111111,2.92815756984055
9.60625,2.99834714356709
9.60763888888889,3.00297796437391
9.60902777777778,2.99776061419775
9.61041666666667,3.01023406418972
9.61180555555556,2.97960484460802
9.61319444444444,2.98212358127096
9.61458333333333,2.96947142315676
9.61597222222222,3.05096466109358
9.61736111111111,3.17951858376556
9.61875,3.1060221526218
9.62013888888889,2.93032389843987
9.62152777777778,2.99252516613971
9.62291666666667,2.97479717303508
9.62430555555556,2.98520864517352
9.62569444444444,3.02616922092322
9.62708333333333,2.94827248930705
9.62847222222222,2.84867894818151
9.62986111111111,2.84990645234624
9.63125,2.93773368300832
9.63263888888889,2.97347436117864
9.63402777777778,2.95295175024925
9.63541666666667,3.06473252799903
9.63680555555556,2.97717278762846
9.63819444444444,2.90894668183692
9.63958333333333,3.08075332110496
9.64097222222222,3.10064846770586
9.64236111111111,3.05553084853533
9.64375,2.91013198868195
9.64513888888889,2.98775700590498
9.64652777777778,2.87979369561465
9.64791666666667,2.86335404979921
9.64930555555556,2.94277254522249
9.65069444444444,3.05734143304211
9.65208333333333,3.02848319767194
9.65347222222222,3.01305525744888
9.65486111111111,2.96977467001951
9.65625,3.02666792721563
9.65763888888889,2.9147271675536
9.65902777777778,2.94492709384979
9.66041666666667,3.00595428409508
9.66180555555556,2.98829583891642
9.66319444444444,3.0672114795936
9.66458333333333,3.1177076642477
9.66597222222222,3.02314638578006
9.66736111111111,2.99809582252685
9.66875,3.01683864651588
9.67013888888889,2.96776747310887
9.67152777777778,2.95809890443107
9.67291666666667,3.08803468776514
9.67430555555556,2.96772755385452
9.67569444444444,2.95084170474847
9.67708333333333,2.94657330436481
9.67847222222222,3.10810965611725
9.67986111111111,3.09468384483527
9.68125,3.07125796270683
9.68263888888889,3.16427715175559
9.68402777777778,3.03399097228681
9.68541666666667,3.03085829200525
9.68680555555556,3.06971852609737
9.68819444444444,3.00312034562671
9.68958333333333,3.10712879214033
9.69097222222222,3.07146709245235
9.69236111111111,3.06192036763438
9.69375,3.10377107225862
9.69513888888889,3.22131314178979
9.69652777777778,3.16992993496761
9.69791666666667,2.97087912654152
9.69930555555556,3.00284209647342
9.70069444444444,3.03069206689661
9.70208333333333,2.98608763431155
9.70347222222222,2.99011092620109
9.70486111111111,3.06107308900588
9.70625,3.02380899463252
9.70763888888889,3.06182395019395
9.70902777777778,2.9599399492648
9.71041666666667,2.96116401115354
9.71180555555556,3.0714173755684
9.71319444444444,3.0853983990465
9.71458333333333,3.04932244836881
9.71597222222222,3.1131222545786
9.71736111111111,3.04667092802796
9.71875,3.0278988066507
9.72013888888889,2.97567998072938
9.72152777777778,2.91306198297723
9.72291666666667,2.93711631407181
9.72430555555556,2.85395613018419
9.72569444444444,2.73423409689772
9.72708333333333,2.85515562122738
9.72847222222222,2.96048980432789
9.72986111111111,2.91801357045896
9.73125,3.11162301267787
9.73263888888889,3.05538079645988
9.73402777777778,3.04987429573226
9.73541666666667,2.95075289599245
9.73680555555556,2.94941656535642
9.73819444444444,2.87474571324482
9.73958333333333,2.86332384060842
9.74097222222222,3.04242586828587
9.74236111111111,3.11287367324081
9.74375,3.00274026683355
9.74513888888889,2.92110591571514
9.74652777777778,3.04762348777464
9.74791666666667,3.01960102604022
9.74930555555556,3.0699180926297
9.75069444444444,3.18328481172589
9.75208333333333,3.12315899195351
9.75347222222222,3.12901226426726
9.75486111111111,3.13102208013722
9.75625,3.03162942241525
9.75763888888889,3.09634507931549
9.75902777777778,3.03271192893059
9.76041666666667,3.05182368862065
9.76180555555556,2.99946190287183
9.76319444444444,3.09164422194197
9.76458333333333,3.00053524407181
9.76597222222222,2.99283329984157
9.76736111111111,3.04947151289545
9.76875,2.99808635227886
9.77013888888889,3.00113703945425
9.77152777777778,2.94506237103377
9.77291666666667,3.12202605114569
9.77430555555556,3.06673120484511
9.77569444444444,3.016141250352
9.77708333333333,2.85025799467002
9.77847222222222,2.8848241569059
9.77986111111111,2.99225026330709
9.78125,2.94277333612931
9.78263888888889,2.98399239949681
9.78402777777778,2.90478818458379
9.78541666666667,2.87115650019936
9.78680555555556,2.91679168829845
9.78819444444444,2.9845461077812
9.78958333333333,2.94689499298457
9.79097222222222,2.99333117982196
9.79236111111111,2.981185969217
9.79375,2.97765433565065
9.79513888888889,2.9126826320347
9.79652777777778,2.97275167068064
9.79791666666667,2.83965716178756
9.79930555555556,2.85795347843118
9.80069444444444,2.89832578751737
9.80208333333333,2.94865825096447
9.80347222222222,3.00821420541537
9.80486111111111,3.02065586635994
9.80625,2.99168566176416
9.80763888888889,2.94959006720298
9.80902777777778,2.98976415383151
9.81041666666667,2.9897617465011
9.81180555555556,2.97107819631394
9.81319444444444,2.90284211664914
9.81458333333333,2.95197781517699
9.81597222222222,2.89742576401379
9.81736111111111,2.83036248541966
9.81875,3.0295769808235
9.82013888888889,2.94104126876069
9.82152777777778,3.00103696546442
9.82291666666667,3.01338614843081
9.82430555555556,2.96299299919927
9.82569444444444,2.92874552239664
9.82708333333333,3.04025475117
9.82847222222222,2.83380411827081
9.82986111111111,2.79783011576463
9.83125,2.93937746984129
9.83263888888889,2.8940058683385
9.83402777777778,2.91362522819356
9.83541666666667,3.00053895777957
9.83680555555556,2.89224702265799
9.83819444444444,2.97348658989712
9.83958333333333,2.98041662050889
9.84097222222222,2.85287263071341
9.84236111111111,2.95940290159873
9.84375,2.87173982634134
9.84513888888889,2.91446106845664
9.84652777777778,2.86422047793009
9.84791666666667,3.05218532211399
9.84930555555556,3.06259585328627
9.85069444444444,3.33236694660642
9.85208333333333,3.10477509121788
9.85347222222222,3.14473214320134
9.85486111111111,3.03687992052653
9.85625,3.00596613310768
9.85763888888889,3.04301731998881
9.85902777777778,2.98882599736287
9.86041666666667,2.89436805955562
9.86180555555556,2.95393835649687
9.86319444444444,2.9740462292464
9.86458333333333,2.98831708333455
9.86597222222222,2.97943436779787
9.86736111111111,2.88530862804603
9.86875,2.98245951529463
9.87013888888889,2.98697981069091
9.87152777777778,3.09361642420393
9.87291666666667,3.1319524653042
9.87430555555556,2.93627431990604
9.87569444444444,2.98678700730985
9.87708333333333,2.96476144276282
9.87847222222222,2.95390566398163
9.87986111111111,2.98828354132058
9.88125,2.95140559226274
9.88263888888889,3.04103634089257
9.88402777777778,3.1248824205753
9.88541666666667,3.06549948625065
9.88680555555556,3.04736065931895
9.88819444444444,2.95765336605443
9.88958333333333,2.9766864075854
9.89097222222222,3.05621014068507
9.89236111111111,3.05819233013569
9.89375,3.10840895641092
9.89513888888889,3.08808709554998
9.89652777777778,3.10114407716822
9.89791666666667,3.05091584269964
9.89930555555556,2.97995258566949
9.90069444444444,3.07956304362144
9.90208333333333,3.03361075166361
9.90347222222222,3.03579943545314
9.90486111111111,3.03090311848634
9.90625,2.96074249776319
9.90763888888889,3.02639873607581
9.90902777777778,3.02512761169409
9.91041666666667,3.05719690616526
9.91180555555556,3.0264604758358
9.91319444444444,3.03144583846065
9.91458333333333,2.93402088567539
9.91597222222222,2.90150189069981
9.91736111111111,3.00712224843635
9.91875,2.97470178419246
9.92013888888889,3.01363672792119
9.92152777777778,2.94755765191607
9.92291666666667,3.10319421566217
9.92430555555556,3.09495552060371
9.92569444444444,2.9710475897772
9.92708333333333,3.04420692233268
9.92847222222222,3.11413438788087
9.92986111111111,3.09175925532582
9.93125,3.03075311535881
9.93263888888889,2.99471653250008
9.93402777777778,2.97196108863116
9.93541666666667,3.01855965496538
9.93680555555556,2.96686659282627
9.93819444444444,2.99717821824094
9.93958333333333,2.96938683553221
9.94097222222222,2.9370333081728
9.94236111111111,2.93747507055869
9.94375,3.0807903442041
9.94513888888889,2.98531506513245
9.94652777777778,2.84321992151515
9.94791666666667,2.95510705630924
9.94930555555556,2.97386186295252
9.95069444444444,2.90970411876569
9.95208333333333,2.80846061205139
9.95347222222222,2.86673165856533
9.95486111111111,2.90876197462864
9.95625,2.95805828975328
9.95763888888889,2.96223543196401
9.95902777777778,3.05904810340773
9.96041666666667,2.9379836495091
9.96180555555556,2.97833042751645
9.96319444444444,2.94491291131724
9.96458333333333,2.940191732235
9.96597222222222,2.88702709812394
9.96736111111111,2.94990510331165
9.96875,2.87615228391479
9.97013888888889,2.94216374266024
9.97152777777778,2.92760050806494
9.97291666666667,2.82550747505495
9.97430555555556,2.72925188897077
9.97569444444444,2.84042003305276
9.97708333333333,2.9045939816011
9.97847222222222,2.95759829445868
9.97986111111111,2.95994812632735
9.98125,2.98337252143569
9.98263888888889,2.96210857782815
9.98402777777778,3.06042154878378
9.98541666666667,3.09490306918962
9.98680555555556,3.11166675912367
9.98819444444444,3.02015102492501
9.98958333333333,2.90800746686354
9.99097222222222,2.98451580444502
9.99236111111111,3.02392239833402
9.99375,3.02939398365246
9.99513888888889,2.98413179779576
9.99652777777778,3.00489451858291
9.99791666666667,2.99210727708163
9.99930555555556,3.0745397046007
10.0006944444444,3.10151528048556
10.0020833333333,3.07049072362684
10.0034722222222,2.99567127922499
10.0048611111111,3.00998894211433
10.00625,3.07443642847844
10.0076388888889,3.09204293554167
10.0090277777778,3.08654469443403
10.0104166666667,3.06899087891184
10.0118055555556,2.99416028988875
10.0131944444444,2.90430443477188
10.0145833333333,2.92200052252706
10.0159722222222,2.85690819079881
10.0173611111111,2.97190089046175
10.01875,3.02707495656796
10.0201388888889,3.08652517158614
10.0215277777778,2.99703277739369
10.0229166666667,2.85450433265116
10.0243055555556,2.8563623698035
10.0256944444444,2.94858381489757
10.0270833333333,3.05157232353766
10.0284722222222,2.95994551249503
10.0298611111111,2.98142462259007
10.03125,2.98043145791854
10.0326388888889,3.04780221481279
10.0340277777778,3.03091098096794
10.0354166666667,3.0246686492024
10.0368055555556,3.09461371632091
10.0381944444444,3.12359538847404
10.0395833333333,3.14406916544445
10.0409722222222,3.10500418451438
10.0423611111111,3.11820538176501
10.04375,3.09515700221842
10.0451388888889,3.06272983370424
10.0465277777778,2.99923682149902
10.0479166666667,3.07449366688426
10.0493055555556,3.00311725031635
10.0506944444444,3.09841445652214
10.0520833333333,3.09908698399778
10.0534722222222,3.20486780974032
10.0548611111111,3.12486204634597
10.05625,3.03463035952174
10.0576388888889,3.10520080245427
10.0590277777778,3.06586772978709
10.0604166666667,2.95955975967887
10.0618055555556,3.06265661832751
10.0631944444444,3.06763704190333
10.0645833333333,3.03710723076821
10.0659722222222,3.09753254293842
10.0673611111111,3.09763819324104
10.06875,3.097380084832
10.0701388888889,3.19354913162219
10.0715277777778,3.06455315161824
10.0729166666667,2.94519878687287
10.0743055555556,3.0043979502862
10.0756944444444,2.99328963046994
10.0770833333333,3.03013287791101
10.0784722222222,3.02965492281962
10.0798611111111,3.02409904403612
10.08125,3.02583671972231
10.0826388888889,3.03242023053856
10.0840277777778,2.94956978805665
10.0854166666667,2.91762898087099
10.0868055555556,3.03599358214116
10.0881944444444,2.95563896659862
10.0895833333333,2.98349032644812
10.0909722222222,2.87895184326162
10.0923611111111,2.82915090306385
10.09375,2.78958661212095
10.0951388888889,2.87593838236943
10.0965277777778,2.77597144249877
10.0979166666667,2.9210343545781
10.0993055555556,2.90561935982692
10.1006944444444,2.93146991282953
10.1020833333333,2.91766655294074
10.1034722222222,2.89509828642917
10.1048611111111,2.98312984928143
10.10625,2.86857467347353
10.1076388888889,2.91858522000965
10.1090277777778,2.8988161271287
10.1104166666667,2.93350965811594
10.1118055555556,2.92499164106777
10.1131944444444,3.02149339624353
10.1145833333333,2.9837127656399
10.1159722222222,2.91370358537077
10.1173611111111,3.04383039693474
10.11875,3.15358034925963
10.1201388888889,3.05529506348476
10.1215277777778,2.92897192725433
10.1229166666667,2.91384280834196
10.1243055555556,2.95959424841646
10.1256944444444,2.92416374131367
10.1270833333333,2.91513558054293
10.1284722222222,3.03511134331819
10.1298611111111,3.05155562248861
10.13125,2.90699447896583
10.1326388888889,2.94742050564319
10.1340277777778,2.98115030019481
10.1354166666667,2.9016715127572
10.1368055555556,2.91377731095496
10.1381944444444,2.925760811909
10.1395833333333,2.85852159016036
10.1409722222222,2.82928952331831
10.1423611111111,2.77963662026702
10.14375,2.91690225239742
10.1451388888889,2.97039520901603
10.1465277777778,2.86755212104401
10.1479166666667,2.91953454107499
10.1493055555556,2.86027750144918
10.1506944444444,2.9118979642045
10.1520833333333,3.0104969489212
10.1534722222222,2.90541522470429
10.1548611111111,2.93742654741918
10.15625,2.89736842623333
10.1576388888889,2.90974118721646
10.1590277777778,2.8052934677768
10.1604166666667,2.80358467346082
10.1618055555556,2.88317749254103
10.1631944444444,2.96284335646212
10.1645833333333,3.0161986011458
10.1659722222222,2.98247119474124
10.1673611111111,3.01797320279985
10.16875,2.9097830424639
10.1701388888889,2.94338139567864
10.1715277777778,2.80521277438321
10.1729166666667,2.90099398404158
10.1743055555556,2.8452717514608
10.1756944444444,2.83382295898942
10.1770833333333,2.76207775788734
10.1784722222222,2.81715876614121
10.1798611111111,2.86433663674806
10.18125,2.9159687440339
10.1826388888889,2.87657673515984
10.1840277777778,2.86286161465702
10.1854166666667,2.97654387094961
10.1868055555556,2.97660623442986
10.1881944444444,3.07527305548256
10.1895833333333,3.09125592529371
10.1909722222222,3.04309484455734
10.1923611111111,3.06601703643085
10.19375,2.95424192031292
10.1951388888889,3.02727361698006
10.1965277777778,2.88858658389969
10.1979166666667,2.9514279091586
10.1993055555556,2.97026123911319
10.2006944444444,2.99485393896749
10.2020833333333,2.93363640953258
10.2034722222222,2.92038562946097
10.2048611111111,2.93324840243755
10.20625,3.02995740863451
10.2076388888889,3.0233981349581
10.2090277777778,3.02491835241105
10.2104166666667,2.99278910919974
10.2118055555556,2.94975226669497
10.2131944444444,2.89783892926691
10.2145833333333,2.9370523768452
10.2159722222222,2.89750779591299
10.2173611111111,2.92326671803823
10.21875,3.02403692629289
10.2201388888889,3.07875592271621
10.2215277777778,3.05145489729192
10.2229166666667,3.06309207043032
10.2243055555556,2.9585087727126
10.2256944444444,3.07622769710528
10.2270833333333,2.94947521688064
10.2284722222222,2.90663472692658
10.2298611111111,3.00396959422584
10.23125,2.95335560078997
10.2326388888889,2.98912115184892
10.2340277777778,2.91682774118168
10.2354166666667,2.94779209218167
10.2368055555556,3.08674557655546
10.2381944444444,2.99519480453376
10.2395833333333,3.01624534421324
10.2409722222222,2.8810573875451
10.2423611111111,3.01236131349327
10.24375,3.08644767690802
10.2451388888889,3.10113370891761
10.2465277777778,2.95760958462425
10.2479166666667,2.97991791760197
10.2493055555556,2.88464726109964
10.2506944444444,2.92061713181839
10.2520833333333,2.97271799973237
10.2534722222222,3.06765036796522
10.2548611111111,2.9755887025338
10.25625,3.04862200587082
10.2576388888889,3.09835872565069
10.2590277777778,3.09443891861451
10.2604166666667,3.17315872134389
10.2618055555556,3.18217708281166
10.2631944444444,3.06688385656909
10.2645833333333,3.17786516168004
10.2659722222222,3.28188788611442
10.2673611111111,3.12743880575314
10.26875,3.15007803372656
10.2701388888889,3.16426290527641
10.2715277777778,3.1458194728947
10.2729166666667,3.15467924403178
10.2743055555556,3.05354521403442
10.2756944444444,3.07158812256278
10.2770833333333,3.09405956419839
10.2784722222222,3.13538950993805
10.2798611111111,2.95831597258645
10.28125,3.14972765904826
10.2826388888889,3.12897337046829
10.2840277777778,3.09489832716566
10.2854166666667,3.06915477602868
10.2868055555556,3.17449696796846
10.2881944444444,3.13730568931174
10.2895833333333,3.0962220529044
10.2909722222222,3.02452479617519
10.2923611111111,2.9779031317228
10.29375,2.98888804388509
10.2951388888889,2.99635404777537
10.2965277777778,2.95328345770532
10.2979166666667,2.91726688753713
10.2993055555556,3.04692240443861
10.3006944444444,2.93213095138403
10.3020833333333,2.90708246255747
10.3034722222222,2.87457922231909
10.3048611111111,3.07895883454664
10.30625,3.09843290215862
10.3076388888889,2.99079930776025
10.3090277777778,2.93371626274736
10.3104166666667,3.09596207654859
10.3118055555556,2.98183466453967
10.3131944444444,2.9824172374698
10.3145833333333,2.99771997443325
10.3159722222222,3.02498608047294
10.3173611111111,3.10899953648619
10.31875,3.01644082492803
10.3201388888889,2.97342965600861
10.3215277777778,2.95007750380633
10.3229166666667,2.84933743837315
10.3243055555556,2.97168898492945
10.3256944444444,2.92542492461114
10.3270833333333,2.95593242115668
10.3284722222222,2.94388043788589
10.3298611111111,3.05380693279408
10.33125,2.99108209803298
10.3326388888889,2.95241557786594
10.3340277777778,3.00411477514442
10.3354166666667,2.92103276965586
10.3368055555556,2.87761065017155
10.3381944444444,2.91232499198334
10.3395833333333,3.07873512824645
10.3409722222222,3.07354070991278
10.3423611111111,2.97100509708194
10.34375,2.93901795731555
10.3451388888889,3.08771235581387
10.3465277777778,2.89757929242065
10.3479166666667,2.95514961899057
10.3493055555556,2.9681091403488
10.3506944444444,2.98498378058493
10.3520833333333,3.0600967581472
10.3534722222222,3.08921381388162
10.3548611111111,2.94850799169492
10.35625,2.94842029832354
10.3576388888889,2.9214539609195
10.3590277777778,2.87242992492896
10.3604166666667,2.88934108010663
10.3618055555556,2.94110571083965
10.3631944444444,2.87790689337841
10.3645833333333,2.84693712198861
10.3659722222222,2.94717530731263
10.3673611111111,2.78907013503281
10.36875,2.82932696809105
10.3701388888889,2.91421000256732
10.3715277777778,2.92627726678777
10.3729166666667,2.93518413925414
10.3743055555556,2.88832889460468
10.3756944444444,2.80337591290417
10.3770833333333,2.83371210775993
10.3784722222222,2.83331341765871
10.3798611111111,2.90265595072226
10.38125,3.01075738723818
10.3826388888889,2.96764607926378
10.3840277777778,2.98807699907873
10.3854166666667,2.9717822338681
10.3868055555556,2.83101891896945
10.3881944444444,2.83020119484973
10.3895833333333,2.87372051345537
10.3909722222222,2.91700034044255
10.3923611111111,2.93153089755592
10.39375,3.01971934494135
10.3951388888889,3.0572981275681
10.3965277777778,3.05877975414734
10.3979166666667,2.98882234923391
10.3993055555556,3.06408103843647
10.4006944444444,2.9950285764109
10.4020833333333,2.97404898161924
10.4034722222222,2.85803624861748
10.4048611111111,2.80977293442482
10.40625,2.94155838336745
10.4076388888889,3.0111360990543
10.4090277777778,3.01761259662266
10.4104166666667,2.98824143088525
10.4118055555556,2.9329018928614
10.4131944444444,3.02173138183315
10.4145833333333,2.96568768597334
10.4159722222222,3.04621611620186
10.4173611111111,3.03911873251451
10.41875,3.102446201786
10.4201388888889,2.9701843185451
10.4215277777778,2.96667631836356
10.4229166666667,2.94208619567389
10.4243055555556,3.00941881299573
10.4256944444444,2.99510779076829
10.4270833333333,2.86816814425401
10.4284722222222,2.7565475904345
10.4298611111111,2.87444992919729
10.43125,2.96433018608572
10.4326388888889,2.90078720571104
10.4340277777778,2.85664051382903
10.4354166666667,2.94120318855386
10.4368055555556,2.99577052681078
10.4381944444444,3.00526399990997
10.4395833333333,3.07370960401573
10.4409722222222,2.99700509979566
10.4423611111111,3.0744476509312
10.44375,2.93360103797671
10.4451388888889,2.96855987329193
10.4465277777778,3.09031090515389
10.4479166666667,3.03618251006245
10.4493055555556,2.98240936976681
10.4506944444444,3.04530750104302
10.4520833333333,3.1190630423945
10.4534722222222,3.07791879461021
10.4548611111111,3.0522008516552
10.45625,2.98297421498274
10.4576388888889,3.06662618016472
10.4590277777778,3.07859221025295
10.4604166666667,3.02796875443184
10.4618055555556,2.86473295487766
10.4631944444444,2.84201633124738
10.4645833333333,2.79221592398008
10.4659722222222,2.91980073852716
10.4673611111111,2.97078514668612
10.46875,2.94467293895227
10.4701388888889,3.00408125679462
10.4715277777778,2.91972212796886
10.4729166666667,2.98041773061394
10.4743055555556,2.98802074285325
10.4756944444444,3.04833216766034
10.4770833333333,2.94601780192524
10.4784722222222,2.81344466993736
10.4798611111111,2.83383808502097
10.48125,2.86174415398981
10.4826388888889,2.88914939714281
10.4840277777778,2.96675440454871
10.4854166666667,2.95000424506646
10.4868055555556,2.89857985232831
10.4881944444444,2.99875049647951
10.4895833333333,2.95659297875859
10.4909722222222,2.90464637583323
10.4923611111111,2.99158126516016
10.49375,2.92392742706815
10.4951388888889,3.00250503638558
10.4965277777778,2.84964560683206
10.4979166666667,2.9123881832772
10.4993055555556,2.94907845244617
10.5006944444444,3.01168131098353
10.5020833333333,2.91877378742336
10.5034722222222,3.06177263253847
10.5048611111111,2.96910498686437
10.50625,3.01791421578241
10.5076388888889,2.93370884615374
10.5090277777778,2.92756949526233
10.5104166666667,2.98010815903891
10.5118055555556,3.07865235259925
10.5131944444444,3.10077085600052
10.5145833333333,2.96147527830122
10.5159722222222,3.05564267653028
10.5173611111111,2.99201978133017
10.51875,3.04823338556594
10.5201388888889,2.87601085318051
10.5215277777778,2.92666400309551
10.5229166666667,3.09857820321781
10.5243055555556,3.0976930726823
10.5256944444444,3.06980580865796
10.5270833333333,3.08234024726207
10.5284722222222,3.03876662808093
10.5298611111111,3.02643533886687
10.53125,3.08221412830155
10.5326388888889,3.07501402628337
10.5340277777778,2.993633976428
10.5354166666667,2.97565956404936
10.5368055555556,2.89665729341072
10.5381944444444,2.90578804754753
10.5395833333333,2.94881287129042
10.5409722222222,3.01407146961365
10.5423611111111,2.95718142896186
10.54375,2.91034681647009
10.5451388888889,2.99034889482868
10.5465277777778,2.94949149169229
10.5479166666667,3.01052115717274
10.5493055555556,2.99132486064037
10.5506944444444,2.93052012176328
10.5520833333333,2.95349397374367
10.5534722222222,2.96325076286676
10.5548611111111,2.90803577861673
10.55625,2.98730031852736
10.5576388888889,2.99582454445772
10.5590277777778,3.0787255695118
10.5604166666667,2.99711799241502
10.5618055555556,2.95748080905036
10.5631944444444,2.99103685347615
10.5645833333333,2.88778994239967
10.5659722222222,3.03801566885935
10.5673611111111,2.98615550532987
10.56875,3.05136149268396
10.5701388888889,2.94823581086019
10.5715277777778,2.91403563099133
10.5729166666667,2.94046989178939
10.5743055555556,2.87831562460476
10.5756944444444,2.93980966664448
10.5770833333333,2.8415987693722
10.5784722222222,2.87413737884364
10.5798611111111,2.94511974336126
10.58125,2.99162315495778
10.5826388888889,2.97572261492747
10.5840277777778,2.92999468159837
10.5854166666667,2.96342420097239
10.5868055555556,2.9352454054012
10.5881944444444,2.99219379555182
10.5895833333333,2.94577477105918
10.5909722222222,3.02481904610475
10.5923611111111,2.95628139507529
10.59375,2.97011753840599
10.5951388888889,2.95763544827885
10.5965277777778,2.88064118947934
10.5979166666667,3.00268623806738
10.5993055555556,3.02882204975027
10.6006944444444,2.97899054093412
10.6020833333333,2.96763164147332
10.6034722222222,3.04379153490771
10.6048611111111,3.1070237627404
10.60625,2.99827666160323
10.6076388888889,2.87224166795007
10.6090277777778,2.95717939359727
10.6104166666667,3.04145839566214
10.6118055555556,3.0497692997506
10.6131944444444,3.0352375913361
10.6145833333333,2.99979375776004
10.6159722222222,2.95892936364446
10.6173611111111,3.02400482239554
10.61875,3.00543761712096
10.6201388888889,3.02187021021303
10.6215277777778,3.02009922554213
10.6229166666667,2.99180746743002
10.6243055555556,3.10116276117293
10.6256944444444,3.02997181255597
10.6270833333333,3.00942482789223
10.6284722222222,3.03632411098963
10.6298611111111,3.07767114320115
10.63125,3.05715599077175
10.6326388888889,3.12810325139278
10.6340277777778,3.02363446331583
10.6354166666667,2.93409026580284
10.6368055555556,2.92988530866254
10.6381944444444,3.0567490025801
10.6395833333333,3.13492077193852
10.6409722222222,3.0564947262205
10.6423611111111,3.1518450472378
10.64375,3.06505391354723
10.6451388888889,3.03084059251548
10.6465277777778,3.03364532949982
10.6479166666667,3.05917208128282
10.6493055555556,3.14282937716642
10.6506944444444,3.13235145573177
10.6520833333333,3.09599687761904
10.6534722222222,3.04241448847225
10.6548611111111,3.03477488571426
10.65625,3.15444533129198
10.6576388888889,3.07065104967537
10.6590277777778,3.13165809732635
10.6604166666667,3.07664633136419
10.6618055555556,3.00107511666578
10.6631944444444,3.00603991958338
10.6645833333333,3.00334420014878
10.6659722222222,3.08853318644184
10.6673611111111,3.07386812193294
10.66875,2.95799442924358
10.6701388888889,3.06506665187221
10.6715277777778,3.04806609572591
10.6729166666667,3.07270089911951
10.6743055555556,2.97817256628863
10.6756944444444,3.05171005038947
10.6770833333333,3.07997847532199
10.6784722222222,3.19779342996913
10.6798611111111,3.08492546156049
10.68125,3.01653020637664
10.6826388888889,3.05780919359185
10.6840277777778,3.06927675936321
10.6854166666667,2.96987452189677
10.6868055555556,3.04558038203096
10.6881944444444,3.00594632262112
10.6895833333333,3.00016854147465
10.6909722222222,3.04854603579922
10.6923611111111,3.03544344092291
10.69375,3.03159440021075
10.6951388888889,3.03338500477273
10.6965277777778,2.96922529622208
10.6979166666667,2.97432009520865
10.6993055555556,3.10804283475453
10.7006944444444,3.01121633990693
10.7020833333333,3.0120489824472
10.7034722222222,2.99098832949342
10.7048611111111,2.98490385665886
10.70625,3.08180043010066
10.7076388888889,3.08909474393806
10.7090277777778,3.13266923263468
10.7104166666667,3.2519310543666
10.7118055555556,3.12283982205633
10.7131944444444,3.21555400491264
10.7145833333333,3.20457034799698
10.7159722222222,3.13911291020545
10.7173611111111,3.08461998109832
10.71875,3.15957523897492
10.7201388888889,3.10836263063263
10.7215277777778,3.10214489823635
10.7229166666667,3.10776773779779
10.7243055555556,3.01615148440406
10.7256944444444,3.0961179775063
10.7270833333333,3.04409493336681
10.7284722222222,3.04845492779183
10.7298611111111,2.99233413578288
10.73125,3.05791042328535
10.7326388888889,3.0000657802196
10.7340277777778,3.00656356901635
10.7354166666667,3.03108007742432
10.7368055555556,3.09766778736564
10.7381944444444,3.16830982615215
10.7395833333333,3.15779515667944
10.7409722222222,3.14286213050395
10.7423611111111,3.02519124367501
10.74375,3.04059497220127
10.7451388888889,3.0562832655605
10.7465277777778,2.94259630971764
10.7479166666667,2.93111356267252
10.7493055555556,3.06368856328993
10.7506944444444,3.01165668915554
10.7520833333333,3.07891272709428
10.7534722222222,2.98392765450518
10.7548611111111,2.9598909219148
10.75625,2.95967671131822
10.7576388888889,3.03647523219823
10.7590277777778,3.02701333522595
10.7604166666667,2.92161421988764
10.7618055555556,2.94991086042058
10.7631944444444,2.96104888721193
10.7645833333333,3.12736958340817
10.7659722222222,3.06039772706257
10.7673611111111,3.09861406039547
10.76875,3.12832885879923
10.7701388888889,3.10423795896939
10.7715277777778,3.08240147106581
10.7729166666667,3.12904063558105
10.7743055555556,2.99083676516406
10.7756944444444,3.03015191252367
10.7770833333333,2.88255355172363
10.7784722222222,3.02063956260492
10.7798611111111,3.07415046719079
10.78125,3.05382052761805
10.7826388888889,3.02332574642591
10.7840277777778,2.96335349130016
10.7854166666667,2.98159190458073
10.7868055555556,2.91570857303167
10.7881944444444,2.84695818093983
10.7895833333333,2.94343644049887
10.7909722222222,2.91797158853277
10.7923611111111,2.86412069116832
10.79375,2.85079215714909
10.7951388888889,2.8809856439412
10.7965277777778,2.84209605218289
10.7979166666667,2.89536016938163
10.7993055555556,3.0038684862477
10.8006944444444,2.99491177469089
10.8020833333333,3.00926822614604
10.8034722222222,3.03570733962162
10.8048611111111,3.08670382413107
10.80625,3.12517199978056
10.8076388888889,3.05127906654584
10.8090277777778,3.06459976380339
10.8104166666667,3.03817179923676
10.8118055555556,3.04126526954005
10.8131944444444,3.07968862148354
10.8145833333333,3.07229525087452
10.8159722222222,3.10297491512186
10.8173611111111,3.08675640776149
10.81875,3.16104694652195
10.8201388888889,3.03536338308776
10.8215277777778,3.17664523498231
10.8229166666667,3.06187040917575
10.8243055555556,3.14928822156445
10.8256944444444,3.15710707884785
10.8270833333333,3.03375191191161
10.8284722222222,3.07406854180216
10.8298611111111,3.06737821252161
10.83125,3.03023653661178
10.8326388888889,2.95775727769738
10.8340277777778,2.85655474169431
10.8354166666667,2.91222376404078
10.8368055555556,2.94690012162224
10.8381944444444,2.90831104267036
10.8395833333333,2.99317005558594
10.8409722222222,2.91370244321596
10.8423611111111,2.91614803027462
10.84375,2.94575693207868
10.8451388888889,2.95218633836437
10.8465277777778,3.04104022947659
10.8479166666667,2.95710366932877
10.8493055555556,2.914964597345
10.8506944444444,3.04698842517226
10.8520833333333,2.99538759751296
10.8534722222222,3.06248500031998
10.8548611111111,3.11160451376408
10.85625,3.04629837332696
10.8576388888889,3.03523179752803
10.8590277777778,2.97396733682301
10.8604166666667,3.04468801763613
10.8618055555556,3.08934974443872
10.8631944444444,3.128123905258
10.8645833333333,3.07653649543991
10.8659722222222,2.99339826535937
10.8673611111111,3.08163550878699
10.86875,3.01347828753343
10.8701388888889,3.02048433139115
10.8715277777778,3.00653237038972
10.8729166666667,3.09370453112029
10.8743055555556,3.00491206461211
10.8756944444444,3.06764729429867
10.8770833333333,3.03164958021276
10.8784722222222,2.99477574677282
10.8798611111111,3.03081253143279
10.88125,3.05544695796797
10.8826388888889,3.00134705913228
10.8840277777778,2.99011228578417
10.8854166666667,2.97749392519629
10.8868055555556,3.01057845226967
10.8881944444444,2.98579342139734
10.8895833333333,2.95463223637057
10.8909722222222,2.98436026598289
10.8923611111111,2.99773256520967
10.89375,3.11883684832955
10.8951388888889,3.23226639125622
10.8965277777778,3.07519414736197
10.8979166666667,3.17339936966026
10.8993055555556,3.08428906991675
10.9006944444444,3.06510993906272
10.9020833333333,3.07601944664242
10.9034722222222,3.16446906791345
10.9048611111111,3.11328028288601
10.90625,3.06377328464107
10.9076388888889,3.02917807519033
10.9090277777778,3.12541902543524
10.9104166666667,3.10145164601429
10.9118055555556,3.16878504098418
10.9131944444444,3.06672425440991
10.9145833333333,2.95942650567048
10.9159722222222,2.99397044621622
10.9173611111111,3.01535794104928
10.91875,3.05609477369266
10.9201388888889,3.03749858487926
10.9215277777778,3.07308636428285
10.9229166666667,3.05145115822528
10.9243055555556,3.05163902078277
10.9256944444444,3.10214904728471
10.9270833333333,3.03598441233909
10.9284722222222,2.94453154433821
10.9298611111111,2.93608792795724
10.93125,2.94987405882519
10.9326388888889,3.02275858073168
10.9340277777778,3.04982302871508
10.9354166666667,3.07165079246703
10.9368055555556,3.0223267934713
10.9381944444444,3.04167635406594
10.9395833333333,2.99644902358587
10.9409722222222,2.89968780918374
10.9423611111111,2.93943557123704
10.94375,2.98421853106167
10.9451388888889,2.97178363727053
10.9465277777778,3.02688705241323
10.9479166666667,3.08763723737699
10.9493055555556,3.08979386820283
10.9506944444444,3.01260779488429
10.9520833333333,3.06637040321791
10.9534722222222,3.13937248430542
10.9548611111111,3.08883349922158
10.95625,2.99558938983073
10.9576388888889,2.94199356867151
10.9590277777778,2.99137418174713
10.9604166666667,3.15138240371311
10.9618055555556,3.08528092553575
10.9631944444444,3.09918558257129
10.9645833333333,3.02438557209648
10.9659722222222,3.11711092336053
10.9673611111111,3.11948165901609
10.96875,3.10097892723373
10.9701388888889,3.08374695015467
10.9715277777778,3.0110275179047
10.9729166666667,2.96151773396225
10.9743055555556,3.04416891650574
10.9756944444444,3.07267910181671
10.9770833333333,2.84295115706737
10.9784722222222,3.00353300942712
10.9798611111111,3.04965452376652
10.98125,2.95350492252289
10.9826388888889,2.97026327481443
10.9840277777778,2.98320652997574
10.9854166666667,3.11694859919717
10.9868055555556,2.93686592174895
10.9881944444444,2.99018064328167
10.9895833333333,2.96424287161475
10.9909722222222,3.12690970160671
10.9923611111111,3.23239824155698
10.99375,3.15963360566545
10.9951388888889,3.08919048915944
10.9965277777778,3.10270013154258
10.9979166666667,3.0987005229108
10.9993055555556,3.14108367760137
11.0006944444444,3.0689212434966
11.0020833333333,3.15776106755476
11.0034722222222,3.14045262215911
11.0048611111111,3.11476074768281
11.00625,3.16768885746196
11.0076388888889,3.05144466686446
11.0090277777778,3.13976734091301
11.0104166666667,3.11503004814133
11.0118055555556,3.07929397598412
11.0131944444444,3.13591187099951
11.0145833333333,3.21365312451648
11.0159722222222,3.14165794008688
11.0173611111111,3.23280585637769
11.01875,3.11960893795775
11.0201388888889,3.09980382321
11.0215277777778,3.11368383877483
11.0229166666667,3.09822842831774
11.0243055555556,3.07572586995524
11.0256944444444,3.03583165011495
11.0270833333333,3.07833996279216
11.0284722222222,3.03938212510626
11.0298611111111,3.07676570520208
11.03125,3.07477064692491
11.0326388888889,3.20891925258361
11.0340277777778,3.16383434213522
11.0354166666667,3.1103888769332
11.0368055555556,3.07402788081861
11.0381944444444,3.10226805452761
11.0395833333333,3.11019096988555
11.0409722222222,3.13776010967086
11.0423611111111,3.11229139888609
11.04375,3.13039372186806
11.0451388888889,3.12133089621627
11.0465277777778,3.16107837885706
11.0479166666667,3.11616154126445
11.0493055555556,3.1844776141193
11.0506944444444,3.08043357038971
11.0520833333333,3.11805043146927
11.0534722222222,3.10012111976598
11.0548611111111,3.04188727335753
11.05625,3.0516396944688
11.0576388888889,3.01982126581306
11.0590277777778,2.95454743608983
11.0604166666667,3.00720950445975
11.0618055555556,3.01289520743248
11.0631944444444,2.9770369024985
11.0645833333333,2.9480130925257
11.0659722222222,2.91807315911393
11.0673611111111,2.95355007796988
11.06875,2.97625480713071
11.0701388888889,2.94676011562901
11.0715277777778,2.87233424697675
11.0729166666667,3.01289053643877
11.0743055555556,2.9924586389239
11.0756944444444,3.07022288082658
11.0770833333333,3.01227488967817
11.0784722222222,3.03848500465471
11.0798611111111,3.01140390046104
11.08125,3.00236778798186
11.0826388888889,2.98814881155016
11.0840277777778,3.10102518743559
11.0854166666667,3.09197742391277
11.0868055555556,3.03942716370708
11.0881944444444,3.03323729260749
11.0895833333333,2.98898396046983
11.0909722222222,3.06106986503142
11.0923611111111,3.03083138316996
11.09375,3.1421006891587
11.0951388888889,3.13065788217795
11.0965277777778,3.03211890560153
11.0979166666667,3.01165069343296
11.0993055555556,2.98138547598107
11.1006944444444,3.03534696044123
11.1020833333333,3.04213656680784
11.1034722222222,3.01228981126553
11.1048611111111,3.01946352729951
11.10625,3.07684136383122
11.1076388888889,3.06888853343569
11.1090277777778,3.08829128807662
11.1104166666667,3.0855824265478
11.1118055555556,2.98830530691477
11.1131944444444,3.06457431574126
11.1145833333333,3.15201556440946
11.1159722222222,3.12846060701319
11.1173611111111,3.10002626178244
11.11875,3.06789006459312
11.1201388888889,2.95279555214015
11.1215277777778,3.10085833674246
11.1229166666667,2.96512346196215
11.1243055555556,2.97087295882001
11.1256944444444,3.06139729755956
11.1270833333333,3.1168109183829
11.1284722222222,3.21047475058082
11.1298611111111,3.15513012057951
11.13125,3.17084004860875
11.1326388888889,3.13553708369491
11.1340277777778,3.15050440223304
11.1354166666667,3.13153392847351
11.1368055555556,3.02042006206781
11.1381944444444,3.04461016513508
11.1395833333333,2.97181991913759
11.1409722222222,3.02177067938248
11.1423611111111,2.98645084621888
11.14375,3.03119835819706
11.1451388888889,3.03108243526721
11.1465277777778,3.14578759337373
11.1479166666667,3.10058923265417
11.1493055555556,3.05067872016603
11.1506944444444,3.17021352928006
11.1520833333333,3.10884110408055
11.1534722222222,2.99649850985136
11.1548611111111,3.16043162126113
11.15625,3.14266188548425
11.1576388888889,3.10093082444793
11.1590277777778,3.12326975005704
11.1604166666667,3.11958189547137
11.1618055555556,3.01676118357156
11.1631944444444,2.94990993130833
11.1645833333333,3.06364180218756
11.1659722222222,3.06604339839337
11.1673611111111,3.01050375943148
11.16875,3.08745598662141
11.1701388888889,3.09008567997984
11.1715277777778,2.96539934589276
11.1729166666667,3.08832395670784
11.1743055555556,3.12450964378847
11.1756944444444,3.13231215064691
11.1770833333333,2.99394694363346
11.1784722222222,3.02568941174792
11.1798611111111,3.03546733575294
11.18125,2.9554264019621
11.1826388888889,2.9712035721923
11.1840277777778,3.10522980373856
11.1854166666667,3.13403599598521
11.1868055555556,2.97615972911385
11.1881944444444,3.06864941137138
11.1895833333333,3.08648988561755
11.1909722222222,3.11656084752365
11.1923611111111,3.18818449108182
11.19375,3.16435694166973
11.1951388888889,3.10256670716193
11.1965277777778,3.12112826994947
11.1979166666667,3.12938141656687
11.1993055555556,3.14712269770334
11.2006944444444,3.16848223074969
11.2020833333333,3.17249984294176
11.2034722222222,3.11032249083793
11.2048611111111,3.08734862637278
11.20625,3.00119508043989
11.2076388888889,2.93420167361084
11.2090277777778,3.1564667768575
11.2104166666667,3.25112572387868
11.2118055555556,3.2156581071432
11.2131944444444,3.16026266351518
11.2145833333333,3.19631989441523
11.2159722222222,3.23549259399895
11.2173611111111,3.22897061544653
11.21875,3.23362031660508
11.2201388888889,3.11351803428418
11.2215277777778,3.21346405269326
11.2229166666667,3.22281073315724
11.2243055555556,3.19053894442481
11.2256944444444,3.15862734890795
11.2270833333333,3.1175368237435
11.2284722222222,3.0380015304954
11.2298611111111,3.09755579216053
11.23125,3.10975491336069
11.2326388888889,3.25175667916601
11.2340277777778,3.15387136348196
11.2354166666667,3.23466181128626
11.2368055555556,3.23693721962942
11.2381944444444,3.22122493819208
11.2395833333333,3.22115476429462
11.2409722222222,3.10073266209833
11.2423611111111,3.12585323706672
11.24375,3.22295767179615
11.2451388888889,3.17083954196927
11.2465277777778,3.1908772857608
11.2479166666667,3.21651265085549
11.2493055555556,3.17363596123618
11.2506944444444,3.22015761986778
11.2520833333333,3.17320152875539
11.2534722222222,3.13765430971477
11.2548611111111,3.19274222005058
11.25625,3.19520437586549
11.2576388888889,3.16105157386109
11.2590277777778,3.14921035416223
11.2604166666667,3.13144655831511
11.2618055555556,3.06474333961268
11.2631944444444,3.01414646082432
11.2645833333333,3.13836008869112
11.2659722222222,3.11949282758743
11.2673611111111,3.13647355182046
11.26875,3.10671580704936
11.2701388888889,3.1656624983866
11.2715277777778,3.15810522084703
11.2729166666667,3.10730176034534
11.2743055555556,3.14385375750528
11.2756944444444,3.14935765070589
11.2770833333333,3.24215054473009
11.2784722222222,3.2106779440797
11.2798611111111,3.24530587322079
11.28125,3.14745928603854
11.2826388888889,3.12007729242936
11.2840277777778,3.0063001636315
11.2854166666667,3.10083736437121
11.2868055555556,3.12028362400628
11.2881944444444,3.11639030515594
11.2895833333333,3.0844390104852
11.2909722222222,3.04384952833926
11.2923611111111,2.93268534061939
11.29375,2.88626095336686
11.2951388888889,3.07127684113142
11.2965277777778,3.00980789533099
11.2979166666667,3.00928240407233
11.2993055555556,3.04417541513107
11.3006944444444,3.06249172112986
11.3020833333333,3.16697531934803
11.3034722222222,3.11767498671308
11.3048611111111,3.0792336942403
11.30625,3.05273160032128
11.3076388888889,3.29176473997583
11.3090277777778,3.23486459442733
11.3104166666667,3.19193464678856
11.3118055555556,3.09445257083632
11.3131944444444,3.10579323058717
11.3145833333333,3.14919148045498
11.3159722222222,3.09057003597341
11.3173611111111,3.1885003401279
11.31875,3.21452392107688
11.3201388888889,3.25105684163086
11.3215277777778,3.17315524684003
11.3229166666667,3.20522189050313
11.3243055555556,3.2262980568929
11.3256944444444,3.23364483068803
11.3270833333333,3.19121271075041
11.3284722222222,3.15990513836302
11.3298611111111,3.2150702226982
11.33125,3.20974959800607
11.3326388888889,3.11443603305059
11.3340277777778,3.12601214715423
11.3354166666667,3.11918938640293
11.3368055555556,3.11449308775915
11.3381944444444,3.03951413309414
11.3395833333333,3.26201610394672
11.3409722222222,3.22005777589777
11.3423611111111,3.15004407979498
11.34375,2.94696074189156
11.3451388888889,3.01843189656416
11.3465277777778,3.08518351400709
11.3479166666667,3.00490798228405
11.3493055555556,3.06198924927403
11.3506944444444,3.12913825847959
11.3520833333333,3.18918947011682
11.3534722222222,3.1589493470254
11.3548611111111,3.1292560596094
11.35625,3.17133059685162
11.3576388888889,3.17733021210504
11.3590277777778,3.19157558005778
11.3604166666667,3.20384974097646
11.3618055555556,3.26560128182673
11.3631944444444,3.11643592753266
11.3645833333333,3.11522183839807
11.3659722222222,3.15195585497274
11.3673611111111,3.14733795784164
11.36875,3.16044650159326
11.3701388888889,3.20682081992694
11.3715277777778,3.19625274692006
11.3729166666667,3.19637627239595
11.3743055555556,3.18132842424632
11.3756944444444,3.16934664157413
11.3770833333333,3.17772657194194
11.3784722222222,3.1309723331993
11.3798611111111,3.20175674885211
11.38125,3.27140295119244
11.3826388888889,3.20677405180747
11.3840277777778,3.11312965548053
11.3854166666667,3.1139664442748
11.3868055555556,3.23843958248828
11.3881944444444,3.14164370253519
11.3895833333333,3.07051756270636
11.3909722222222,3.04888599290944
11.3923611111111,3.08635588890354
11.39375,3.19505718455497
11.3951388888889,3.25528315029688
11.3965277777778,3.26773017814895
11.3979166666667,3.34074909372518
11.3993055555556,3.2237148561543
11.4006944444444,3.28865794227427
11.4020833333333,3.22586426118876
11.4034722222222,3.20920165104404
11.4048611111111,3.26763937609808
11.40625,3.21896786977781
11.4076388888889,3.26119760401397
11.4090277777778,3.26607408469555
11.4104166666667,3.40978912059093
11.4118055555556,3.34652141801038
11.4131944444444,3.16226280270607
11.4145833333333,3.1539406890234
11.4159722222222,3.14348208082952
11.4173611111111,3.21048388148864
11.41875,3.11218647965099
11.4201388888889,3.05746300662274
11.4215277777778,3.15310036085996
11.4229166666667,3.11021845307726
11.4243055555556,3.1761247189778
11.4256944444444,3.2587394079806
11.4270833333333,3.30020563486939
11.4284722222222,3.29213812747258
11.4298611111111,3.27631568077377
11.43125,3.29069301522893
11.4326388888889,3.27857140448701
11.4340277777778,3.35698935642038
11.4354166666667,3.23505715435783
11.4368055555556,3.32880348238419
11.4381944444444,3.36235128024018
11.4395833333333,3.36126465631427
11.4409722222222,3.27753422484927
11.4423611111111,3.28800028324402
11.44375,3.26975145420347
11.4451388888889,3.28935165750488
11.4465277777778,3.2803781902505
11.4479166666667,3.19452579827017
11.4493055555556,3.18376631603495
11.4506944444444,3.24376342833142
11.4520833333333,3.27056239901154
11.4534722222222,3.20204771855133
11.4548611111111,3.32482318618904
11.45625,3.23733275725613
11.4576388888889,3.1360823341314
11.4590277777778,3.12613673821942
11.4604166666667,3.13241292571261
11.4618055555556,3.12737298318054
11.4631944444444,3.10373329462471
11.4645833333333,3.16514652202393
11.4659722222222,3.03755763319365
11.4673611111111,3.09596952728477
11.46875,3.05544349674042
11.4701388888889,3.15118253644831
11.4715277777778,3.09514459275059
11.4729166666667,3.05231793200435
11.4743055555556,3.03201947506242
11.4756944444444,3.07056767568492
11.4770833333333,3.09589807989213
11.4784722222222,3.18826428002947
11.4798611111111,3.09546827462396
11.48125,3.08947594095679
11.4826388888889,3.09225986687311
11.4840277777778,3.03517813061445
11.4854166666667,3.00999817144651
11.4868055555556,3.06265451014042
11.4881944444444,2.93254509853862
11.4895833333333,2.95429833270859
11.4909722222222,3.10380158688398
11.4923611111111,2.98849887397115
11.49375,3.02703086809324
11.4951388888889,3.04083008810428
11.4965277777778,3.14830467999669
11.4979166666667,3.1310299693188
11.4993055555556,3.15284706095559
11.5006944444444,3.05660584557726
11.5020833333333,3.03298648649314
11.5034722222222,3.07453583437799
11.5048611111111,3.02326483972021
11.50625,2.93518806169522
11.5076388888889,2.89273165012929
11.5090277777778,2.94385466942151
11.5104166666667,2.96481158528102
11.5118055555556,2.91601696587949
11.5131944444444,2.92669346472311
11.5145833333333,3.07364202993953
11.5159722222222,3.08211707828829
11.5173611111111,3.10940397254523
11.51875,3.12713383739477
11.5201388888889,3.09845504076701
11.5215277777778,2.9504515841172
11.5229166666667,3.02649098002796
11.5243055555556,2.94555609228227
11.5256944444444,3.01823006777855
11.5270833333333,3.02826526536037
11.5284722222222,3.05766561836154
11.5298611111111,3.04253119860319
11.53125,3.08502923401273
11.5326388888889,3.15485342894525
11.5340277777778,3.1243287782441
11.5354166666667,3.10551908072834
11.5368055555556,3.07296651688048
11.5381944444444,3.05109417017224
11.5395833333333,3.12334632243486
11.5409722222222,3.14989712552813
11.5423611111111,3.05915937197688
11.54375,3.15261018511233
11.5451388888889,3.13568323330591
11.5465277777778,3.08108829264373
11.5479166666667,3.06808380391324
11.5493055555556,3.12447428383283
11.5506944444444,3.02773977666093
11.5520833333333,3.0813406906622
11.5534722222222,3.07059913410824
11.5548611111111,3.04950642945782
11.55625,3.08233513093035
11.5576388888889,3.09287949176443
11.5590277777778,3.12760611461013
11.5604166666667,3.15114069702541
11.5618055555556,3.12488781993321
11.5631944444444,3.07095973518671
11.5645833333333,3.11771079342837
11.5659722222222,3.11267182230949
11.5673611111111,3.11961995602754
11.56875,2.90226519023593
11.5701388888889,2.921693694309
11.5715277777778,2.89656420017049
11.5729166666667,2.97003463456632
11.5743055555556,3.01825620178383
11.5756944444444,2.99567358500805
11.5770833333333,3.05704196687513
11.5784722222222,3.13442136721073
11.5798611111111,3.10443758589509
11.58125,3.1005129904405
11.5826388888889,3.1214627699564
11.5840277777778,3.15072056003565
11.5854166666667,3.01731788616427
11.5868055555556,3.00410235754133
11.5881944444444,2.95445866384012
11.5895833333333,2.98082563591083
11.5909722222222,3.07758719061545
11.5923611111111,3.07700792400029
11.59375,3.11311101188396
11.5951388888889,3.14697405035864
11.5965277777778,3.14127569490631
11.5979166666667,3.14941247777651
11.5993055555556,3.07819067849465
11.6006944444444,3.10299864571054
11.6020833333333,3.12143107698668
11.6034722222222,3.19568839254195
11.6048611111111,3.12404336675301
11.60625,3.22630730111327
11.6076388888889,3.20717126248567
11.6090277777778,3.14165026314507
11.6104166666667,3.07871969899275
11.6118055555556,3.0394703963859
11.6131944444444,3.14251349768883
11.6145833333333,3.14667610181558
11.6159722222222,3.12031043091892
11.6173611111111,3.14884896016361
11.61875,3.12610176455655
11.6201388888889,3.10105423539277
11.6215277777778,3.06077537794079
11.6229166666667,3.13931728859476
11.6243055555556,3.14029294502415
11.6256944444444,3.02446010036882
11.6270833333333,3.13643725166385
11.6284722222222,3.11060825822837
11.6298611111111,3.24831045593991
11.63125,3.26018810302219
11.6326388888889,3.17339433202107
11.6340277777778,3.26501864534271
11.6354166666667,3.32084587792047
11.6368055555556,3.28820203919739
11.6381944444444,3.1896779807097
11.6395833333333,3.17294613816369
11.6409722222222,3.14180123984764
11.6423611111111,3.2100426351039
11.64375,3.15963163069956
11.6451388888889,3.21316098314929
11.6465277777778,3.10916929864543
11.6479166666667,3.15500228928915
11.6493055555556,3.17783365892434
11.6506944444444,3.23478512247187
11.6520833333333,3.22313154494427
11.6534722222222,3.2819375992962
11.6548611111111,3.31173347604255
11.65625,3.28438975666993
11.6576388888889,3.2345337549337
11.6590277777778,3.16204282978937
11.6604166666667,3.24949113732116
11.6618055555556,3.21233117466655
11.6631944444444,3.12813740345531
11.6645833333333,3.21037238239992
11.6659722222222,3.19002144792173
11.6673611111111,3.17553865249525
11.66875,3.20126508616361
11.6701388888889,3.24295448471836
11.6715277777778,3.19252900607359
11.6729166666667,3.18206578994876
11.6743055555556,3.25084237339313
11.6756944444444,3.21420107166839
11.6770833333333,3.17066586405139
11.6784722222222,3.15210833635506
11.6798611111111,3.16182187629626
11.68125,3.18800082190225
11.6826388888889,3.18501974871045
11.6840277777778,3.2346560010474
11.6854166666667,3.05315986939475
11.6868055555556,3.00418667385242
11.6881944444444,2.99797332936905
11.6895833333333,2.98298716325088
11.6909722222222,3.03996627962829
11.6923611111111,2.94878503289886
11.69375,2.91930466764075
11.6951388888889,2.97307803874348
11.6965277777778,3.09422640269935
11.6979166666667,3.0413728052869
11.6993055555556,3.0716493344997
11.7006944444444,2.93828157326144
11.7020833333333,3.02656636271476
11.7034722222222,2.98787668974751
11.7048611111111,3.013213692708
11.70625,3.15732050862088
11.7076388888889,3.10357373180305
11.7090277777778,3.07396899894092
11.7104166666667,2.96307804039523
11.7118055555556,3.03824271830604
11.7131944444444,3.0629292473622
11.7145833333333,2.95306531699912
11.7159722222222,3.04999514614801
11.7173611111111,2.998998401099
11.71875,3.02406026312969
11.7201388888889,3.05787438340759
11.7215277777778,3.01224571872728
11.7229166666667,3.07132159678528
11.7243055555556,2.9375332265611
11.7256944444444,3.12545675511828
11.7270833333333,3.06775572240953
11.7284722222222,2.93243299452932
11.7298611111111,2.91006986461205
11.73125,2.8660536772984
11.7326388888889,2.88091774527359
11.7340277777778,3.00514173410183
11.7354166666667,3.11842667245175
11.7368055555556,3.02752751779536
11.7381944444444,2.89730099378616
11.7395833333333,2.98928121129838
11.7409722222222,2.98304840144951
11.7423611111111,2.94140283553392
11.74375,2.90542735669437
11.7451388888889,3.00882726417692
11.7465277777778,2.94191014306657
11.7479166666667,2.95606164839244
11.7493055555556,3.01964920813268
11.7506944444444,2.99609202014957
11.7520833333333,3.01363618251861
11.7534722222222,2.97261842615252
11.7548611111111,2.94247436953471
11.75625,2.90371531633123
11.7576388888889,2.93987964118687
11.7590277777778,2.9795712477476
11.7604166666667,3.04485257983758
11.7618055555556,3.04260343994833
11.7631944444444,3.02003752251449
11.7645833333333,3.08871103365649
11.7659722222222,3.07893864269497
11.7673611111111,3.09369172228988
11.76875,3.18415272812165
11.7701388888889,3.13282916897395
11.7715277777778,3.03906274437998
11.7729166666667,3.00144113385237
11.7743055555556,2.99691030771265
11.7756944444444,3.18479016110701
11.7770833333333,3.20047963044337
11.7784722222222,3.10815248812546
11.7798611111111,3.06511520875943
11.78125,3.09926553007493
11.7826388888889,3.0859868888487
11.7840277777778,3.14888625907018
11.7854166666667,3.27196933891649
11.7868055555556,3.15440522733648
11.7881944444444,3.15000854422582
11.7895833333333,3.17818805140337
11.7909722222222,3.06011128047131
11.7923611111111,3.17190094054958
11.79375,3.12834635171289
11.7951388888889,3.07681453633028
11.7965277777778,3.11684264250775
11.7979166666667,3.117686817335
11.7993055555556,3.06733362961423
11.8006944444444,2.98858958048959
11.8020833333333,2.88707447809561
11.8034722222222,3.02218846386711
11.8048611111111,3.10062825342253
11.80625,3.18459254026338
11.8076388888889,3.07849261302176
11.8090277777778,3.04088715301364
11.8104166666667,3.14316299180156
11.8118055555556,3.10463627172797
11.8131944444444,3.00584470788829
11.8145833333333,2.96707238311936
11.8159722222222,3.05991619814112
11.8173611111111,3.00006832671821
11.81875,3.06827256746353
11.8201388888889,2.91774232879956
11.8215277777778,2.94096699998958
11.8229166666667,2.9487280087583
11.8243055555556,3.13474090596123
11.8256944444444,3.12771763646313
11.8270833333333,3.07520670963814
11.8284722222222,3.0624046176672
11.8298611111111,3.09825764144552
11.83125,3.12048003748809
11.8326388888889,3.15128780767047
11.8340277777778,3.15967798790576
11.8354166666667,3.09226073755964
11.8368055555556,3.00132072691949
11.8381944444444,3.13854542534623
11.8395833333333,3.12771899692539
11.8409722222222,3.08344495872148
11.8423611111111,3.07755638388979
11.84375,3.03954825304986
11.8451388888889,3.07185749843425
11.8465277777778,3.07240452219251
11.8479166666667,3.08985545056178
11.8493055555556,3.11059888262277
11.8506944444444,3.0988180244454
11.8520833333333,3.17774574891133
11.8534722222222,3.11264641408577
11.8548611111111,3.06381626731572
11.85625,3.09828265356337
11.8576388888889,3.18026318386097
11.8590277777778,3.00706175237194
11.8604166666667,3.11190412378551
11.8618055555556,3.08106480678543
11.8631944444444,3.10291642265319
11.8645833333333,3.17611786743138
11.8659722222222,3.09365086997515
11.8673611111111,3.07659300586721
11.86875,3.16771237694677
11.8701388888889,3.24565036357349
11.8715277777778,3.26296271521273
11.8729166666667,3.22084039528448
11.8743055555556,3.22279426169225
11.8756944444444,3.09006258508428
11.8770833333333,3.17620185425743
11.8784722222222,3.19159374078548
11.8798611111111,3.06419629963652
11.88125,3.03717095639882
11.8826388888889,3.04873425486004
11.8840277777778,3.09701677343039
11.8854166666667,3.08845544453935
11.8868055555556,3.09002225653537
11.8881944444444,3.06444704312606
11.8895833333333,3.07030521423225
11.8909722222222,3.03778655361072
11.8923611111111,3.0800584949953
11.89375,3.09610494298723
11.8951388888889,3.1853121317073
11.8965277777778,3.14275536981205
11.8979166666667,3.04412708666501
11.8993055555556,3.11380669018316
11.9006944444444,3.24598344122903
11.9020833333333,3.20758411708294
11.9034722222222,3.17533439517821
11.9048611111111,3.06019780189799
11.90625,3.02902102250381
11.9076388888889,2.99301662651084
11.9090277777778,3.06540447775112
11.9104166666667,3.05597012400027
11.9118055555556,3.10755536915272
11.9131944444444,3.10041728675765
11.9145833333333,3.06412212820661
11.9159722222222,3.07477378802712
11.9173611111111,3.11963485041321
11.91875,3.13614832109853
11.9201388888889,3.06687548498767
11.9215277777778,3.10200944942916
11.9229166666667,3.17645983963005
11.9243055555556,3.18344501338527
11.9256944444444,3.14029936491193
11.9270833333333,3.18115144170861
11.9284722222222,3.12576163874864
11.9298611111111,3.21884005798743
11.93125,3.2031564052473
11.9326388888889,3.06031576219021
11.9340277777778,2.99731582563195
11.9354166666667,3.07649166918291
11.9368055555556,3.12352379606474
11.9381944444444,3.20688084552952
11.9395833333333,3.07701468575221
11.9409722222222,3.12783840668525
11.9423611111111,3.14785485267139
11.94375,3.13552643741237
11.9451388888889,3.03298665782993
11.9465277777778,3.15457868641055
11.9479166666667,3.24597780100826
11.9493055555556,3.12825939488041
11.9506944444444,3.1027260619972
11.9520833333333,3.31783714740468
11.9534722222222,3.24715389651731
11.9548611111111,3.30515851670464
11.95625,3.29047997000833
11.9576388888889,3.23343882856003
11.9590277777778,3.27818988363615
11.9604166666667,3.20184714137108
11.9618055555556,3.16583473601647
11.9631944444444,3.268830818014
11.9645833333333,3.20581757137239
11.9659722222222,3.12746746032718
11.9673611111111,3.07761821495807
11.96875,2.97035833733194
11.9701388888889,3.12243196982015
11.9715277777778,3.19488294966419
11.9729166666667,3.26229235833048
11.9743055555556,3.16942599630796
11.9756944444444,3.18275299148272
11.9770833333333,3.20791284154926
11.9784722222222,3.26342428855648
11.9798611111111,3.23014533684758
11.98125,3.17490255536399
11.9826388888889,3.2286489148118
11.9840277777778,3.31270722068546
11.9854166666667,3.2850235285825
11.9868055555556,3.25008835361008
11.9881944444444,3.32373435180259
11.9895833333333,3.288064057895
11.9909722222222,3.2287358943398
11.9923611111111,3.26989605153079
11.99375,3.27388941313471
11.9951388888889,3.27371661021568
11.9965277777778,3.2616702722598
11.9979166666667,3.30865107776735
11.9993055555556,3.31350392988264
12.0006944444444,3.22402483709907
12.0020833333333,3.1748169196032
12.0034722222222,3.24970443051421
12.0048611111111,3.33064490546716
12.00625,3.38063687606146
12.0076388888889,3.24702008539419
12.0090277777778,3.17049644087307
12.0104166666667,3.35708084372466
12.0118055555556,3.21754535987673
12.0131944444444,3.13299823441111
12.0145833333333,3.08590616025781
12.0159722222222,3.2346597231437
12.0173611111111,3.13894878912892
12.01875,3.18546117948456
12.0201388888889,3.16024796209679
12.0215277777778,3.18269455624157
12.0229166666667,3.24930012946161
12.0243055555556,3.21996859756717
12.0256944444444,3.25223137509553
12.0270833333333,3.17044729891939
12.0284722222222,3.22978151674639
12.0298611111111,3.20947817389872
12.03125,3.21634425572901
12.0326388888889,3.26718753681287
12.0340277777778,3.35360291745239
12.0354166666667,3.24636384254734
12.0368055555556,3.3388822249976
12.0381944444444,3.32837744627223
12.0395833333333,3.26735114202453
12.0409722222222,3.27758169454216
12.0423611111111,3.23293520100165
12.04375,3.27531424624808
12.0451388888889,3.18796577139589
12.0465277777778,3.2248917992083
12.0479166666667,3.29567193479946
12.0493055555556,3.23890787468061
12.0506944444444,3.06279649185454
12.0520833333333,3.09202448923716
12.0534722222222,3.10083014283004
12.0548611111111,3.06507855163725
12.05625,3.11868492023857
12.0576388888889,3.07795255258523
12.0590277777778,3.00987868276018
12.0604166666667,3.11151389703905
12.0618055555556,3.13505372430054
12.0631944444444,3.17245567970028
12.0645833333333,3.2388057295708
12.0659722222222,3.16315286586549
12.0673611111111,3.04907851248054
12.06875,3.20409416883634
12.0701388888889,3.091813792423
12.0715277777778,3.2371736895918
12.0729166666667,3.17245736458158
12.0743055555556,3.214071508522
12.0756944444444,3.16858001773389
12.0770833333333,3.2171794899158
12.0784722222222,3.18684406798558
12.0798611111111,3.11310751963057
12.08125,3.09070606064676
12.0826388888889,3.0429410180077
12.0840277777778,3.14179949103011
12.0854166666667,3.01361008861021
12.0868055555556,3.09717207818273
12.0881944444444,3.21337177659441
12.0895833333333,3.11042233890285
12.0909722222222,3.17649758207899
12.0923611111111,3.18791095371164
12.09375,3.15142512525863
12.0951388888889,3.14201889652134
12.0965277777778,3.10246100129197
12.0979166666667,3.02320537164857
12.0993055555556,3.03845234890312
12.1006944444444,3.16964529317822
12.1020833333333,3.05407334675375
12.1034722222222,3.05297528973612
12.1048611111111,3.07288433673898
12.10625,3.07108582741262
12.1076388888889,3.09771139520977
12.1090277777778,3.14195228654941
12.1104166666667,3.17663642274053
12.1118055555556,3.01263833209722
12.1131944444444,3.06488483849813
12.1145833333333,3.10384297150893
12.1159722222222,3.13788845665103
12.1173611111111,3.12422139447607
12.11875,3.09594168741531
12.1201388888889,3.07842345574508
12.1215277777778,3.02115575534185
12.1229166666667,2.9864648014007
12.1243055555556,3.0725720474784
12.1256944444444,3.10510711888365
12.1270833333333,3.03924793018741
12.1284722222222,2.98879444740413
12.1298611111111,3.04508343373969
12.13125,3.04676245761123
12.1326388888889,3.10681042935224
12.1340277777778,3.12796778446876
12.1354166666667,3.08511926733807
12.1368055555556,3.05961774996538
12.1381944444444,3.0752136148403
12.1395833333333,3.19373531929599
12.1409722222222,3.116214389419
12.1423611111111,3.105028716241
12.14375,3.08736480167448
12.1451388888889,3.17376980185509
12.1465277777778,3.19663831364245
12.1479166666667,3.17017777914169
12.1493055555556,3.1924381686387
12.1506944444444,3.20918037762222
12.1520833333333,3.06533919267306
12.1534722222222,2.97808781846258
12.1548611111111,3.08968704938889
12.15625,3.10052832081014
12.1576388888889,3.08610859750801
12.1590277777778,3.23758280284753
12.1604166666667,3.13901343751674
12.1618055555556,3.07537454176669
12.1631944444444,3.12417422325019
12.1645833333333,3.02640386275797
12.1659722222222,3.04441987810619
12.1673611111111,3.17968728282058
12.16875,3.11993287074936
12.1701388888889,3.15631970438181
12.1715277777778,3.05239487765982
12.1729166666667,3.07308090443179
12.1743055555556,3.06234586671395
12.1756944444444,3.02910563475671
12.1770833333333,3.09951988521388
12.1784722222222,3.05092143580074
12.1798611111111,3.0509362770057
12.18125,3.02510135665836
12.1826388888889,3.13367018867956
12.1840277777778,3.05305042140336
12.1854166666667,2.98822262210634
12.1868055555556,3.06068260220173
12.1881944444444,2.97969772799828
12.1895833333333,3.06837672065168
12.1909722222222,3.09717999538719
12.1923611111111,3.14883434072437
12.19375,3.07842996266464
12.1951388888889,3.19420485148494
12.1965277777778,3.18820178548762
12.1979166666667,3.12906207514289
12.1993055555556,3.21751351134489
12.2006944444444,3.23347044761149
12.2020833333333,3.09505906688587
12.2034722222222,3.10544206988967
12.2048611111111,3.09670341194876
12.20625,3.14013125732441
12.2076388888889,3.11336556208889
12.2090277777778,3.13145094167366
12.2104166666667,3.22545427804025
12.2118055555556,3.06390866422213
12.2131944444444,3.01069457043937
12.2145833333333,3.11626907517607
12.2159722222222,3.09037631506338
12.2173611111111,3.12647532544493
12.21875,3.11193273984046
12.2201388888889,3.1029798181465
12.2215277777778,3.09746314830228
12.2229166666667,3.14761824885871
12.2243055555556,3.13244102575235
12.2256944444444,3.18113364439283
12.2270833333333,3.25863215387268
12.2284722222222,3.1504049218766
12.2298611111111,3.13649752278556
12.23125,3.14723559674001
12.2326388888889,3.10858279966668
12.2340277777778,3.13729837053649
12.2354166666667,3.07021527098579
12.2368055555556,3.04939905379043
12.2381944444444,3.18004701721588
12.2395833333333,3.15176747456793
12.2409722222222,3.27427353534922
12.2423611111111,3.23374960043361
12.24375,3.22522572345482
12.2451388888889,3.15439568149964
12.2465277777778,3.10797655442417
12.2479166666667,3.09515448644657
12.2493055555556,3.18553910179426
12.2506944444444,3.1186083048182
12.2520833333333,3.13489365007653
12.2534722222222,3.1506974953133
12.2548611111111,3.09667606026734
12.25625,3.14038446205574
12.2576388888889,3.18633752461248
12.2590277777778,3.2616940304737
12.2604166666667,3.29431868035771
12.2618055555556,3.32881641028849
12.2631944444444,3.20371837963994
12.2645833333333,3.20959276180939
12.2659722222222,3.30518126195209
12.2673611111111,3.30997335125736
12.26875,3.22213766698869
12.2701388888889,3.25435345832433
12.2715277777778,3.26930533005737
12.2729166666667,3.16736317080939
12.2743055555556,3.150392241926
12.2756944444444,3.18941821610468
12.2770833333333,3.13188934023805
12.2784722222222,3.02923553925939
12.2798611111111,3.10143724118591
12.28125,3.10881224949063
12.2826388888889,3.2172871093397
12.2840277777778,3.12418911409808
12.2854166666667,3.16608107332515
12.2868055555556,3.06820931405629
12.2881944444444,3.13459171536035
12.2895833333333,3.12291416052366
12.2909722222222,3.19174246446248
12.2923611111111,3.11537140014663
12.29375,3.17509160490219
12.2951388888889,3.06878238386356
12.2965277777778,3.10147362807453
12.2979166666667,3.21928837012825
12.2993055555556,3.27074380749024
12.3006944444444,3.33242042733227
12.3020833333333,3.24978829140231
12.3034722222222,3.26216307492464
12.3048611111111,3.23558207726319
12.30625,3.13976325522233
12.3076388888889,3.13412375839102
12.3090277777778,3.17571381829529
12.3104166666667,3.13646313201811
12.3118055555556,3.19993685869713
12.3131944444444,3.20969912689804
12.3145833333333,3.24885442892977
12.3159722222222,3.26464200459871
12.3173611111111,3.27706194093963
12.31875,3.33507003103877
12.3201388888889,3.27575818874292
12.3215277777778,3.29977186244206
12.3229166666667,3.23588270974039
12.3243055555556,3.29510008618736
12.3256944444444,3.32022214075863
12.3270833333333,3.30419582144151
12.3284722222222,3.30852067090521
12.3298611111111,3.4032563252137
12.33125,3.3657093026094
12.3326388888889,3.34166417765937
12.3340277777778,3.29263871633166
12.3354166666667,3.29477814859992
12.3368055555556,3.25934048827063
12.3381944444444,3.28253909779225
12.3395833333333,3.30976799050434
12.3409722222222,3.18411715503707
12.3423611111111,3.16691988059976
12.34375,3.09513612607832
12.3451388888889,3.10592143228215
12.3465277777778,3.17050575904998
12.3479166666667,3.16885579456169
12.3493055555556,3.19487243908527
12.3506944444444,3.19614652499257
12.3520833333333,3.15492436884834
12.3534722222222,3.22914159007295
12.3548611111111,3.27105068360399
12.35625,3.22386792762167
12.3576388888889,3.20143583956981
12.3590277777778,3.20434715331301
12.3604166666667,3.22202297877645
12.3618055555556,3.16908351071929
12.3631944444444,3.13738743983359
12.3645833333333,3.08905545869005
12.3659722222222,3.1239586123906
12.3673611111111,3.0736439396071
12.36875,3.07114373365942
12.3701388888889,3.21821286336788
12.3715277777778,3.23210350013394
12.3729166666667,3.16795275086575
12.3743055555556,3.20858689182557
12.3756944444444,3.16474043767924
12.3770833333333,3.20588872804238
12.3784722222222,3.16389451130925
12.3798611111111,3.1126562923993
12.38125,3.10825498929035
12.3826388888889,3.15882803824724
12.3840277777778,3.1190062905818
12.3854166666667,3.09005802444764
12.3868055555556,3.18599002868337
12.3881944444444,3.18661952656287
12.3895833333333,3.17373767525158
12.3909722222222,3.15352314073067
12.3923611111111,3.09296134864324
12.39375,3.14803953241282
12.3951388888889,3.12119706226325
12.3965277777778,3.08212057291061
12.3979166666667,3.02885498091478
12.3993055555556,3.01272741758308
12.4006944444444,3.00113387732148
12.4020833333333,3.01692182658203
12.4034722222222,3.04619255167668
12.4048611111111,3.06894044260551
12.40625,3.05605043380853
12.4076388888889,3.11514419322246
12.4090277777778,3.06027793199224
12.4104166666667,3.00813469331127
12.4118055555556,3.04434483383326
12.4131944444444,3.13753596746407
12.4145833333333,2.99798395300297
12.4159722222222,2.95974646618702
12.4173611111111,2.88918851395981
12.41875,2.94834018564914
12.4201388888889,2.90146544115655
12.4215277777778,2.88581368574504
12.4229166666667,2.96065995106849
12.4243055555556,2.98645731462197
12.4256944444444,3.04292172923584
12.4270833333333,3.12855547496536
12.4284722222222,3.10273089967418
12.4298611111111,3.09622804705529
12.43125,3.07221628130482
12.4326388888889,3.02911576652437
12.4340277777778,3.04387972927058
12.4354166666667,2.93530922470577
12.4368055555556,2.92398673140963
12.4381944444444,2.80201509619919
12.4395833333333,2.92064560439763
12.4409722222222,2.76294312971736
12.4423611111111,2.82030269187319
12.44375,2.9539682713631
12.4451388888889,2.93262499253322
12.4465277777778,2.8353958914819
12.4479166666667,2.9019810474984
12.4493055555556,2.94591213992778
12.4506944444444,2.96268400409878
12.4520833333333,2.92620600495744
12.4534722222222,2.99049327610961
12.4548611111111,3.16681255290172
12.45625,3.12124845405553
12.4576388888889,3.06000228856234
12.4590277777778,3.14037443417431
12.4604166666667,3.0420182572909
12.4618055555556,3.10418138298012
12.4631944444444,3.02050417816054
12.4645833333333,2.9597014310776
12.4659722222222,2.99619642407602
12.4673611111111,3.01963707588413
12.46875,3.04642989510208
12.4701388888889,3.06903963723539
12.4715277777778,3.00935924603235
12.4729166666667,3.0678751277456
12.4743055555556,3.05458240228804
12.4756944444444,3.20919528581345
12.4770833333333,3.23672543133565
12.4784722222222,3.10245275234916
12.4798611111111,3.09848069744622
12.48125,3.09686946467615
12.4826388888889,3.11600781857167
12.4840277777778,3.14489787744339
12.4854166666667,3.12983197204444
12.4868055555556,3.10395334756014
12.4881944444444,3.12833556012819
12.4895833333333,3.12029983980844
12.4909722222222,3.02595045808203
12.4923611111111,3.05898168438033
12.49375,3.17673015726993
12.4951388888889,3.10559332240123
12.4965277777778,3.15397896287625
12.4979166666667,3.11710195412632
12.4993055555556,3.14629050904272
12.5006944444444,3.12434906820023
12.5020833333333,3.13633796547683
12.5034722222222,3.16217054100395
12.5048611111111,3.16932570486761
12.50625,3.18097797223686
12.5076388888889,3.14237695576423
12.5090277777778,3.18555318842948
12.5104166666667,3.18605582789837
12.5118055555556,3.11117488607739
12.5131944444444,3.21688460843988
12.5145833333333,3.23452082883892
12.5159722222222,3.17791451352817
12.5173611111111,3.12253671748276
12.51875,3.17974123723755
12.5201388888889,3.28232094154524
12.5215277777778,3.26048905454926
12.5229166666667,3.15963572448107
12.5243055555556,3.18075610372244
12.5256944444444,3.19320365980943
12.5270833333333,3.24208298510553
12.5284722222222,3.19756094411316
12.5298611111111,3.21238168729032
12.53125,3.21249967513468
12.5326388888889,3.24219323404683
12.5340277777778,3.26365603301549
12.5354166666667,3.20395553459557
12.5368055555556,3.18925050290414
12.5381944444444,3.11307716824664
12.5395833333333,3.09437603778487
12.5409722222222,3.03206171490402
12.5423611111111,3.13346047839462
12.54375,3.07955434123342
12.5451388888889,3.11066534800217
12.5465277777778,3.08924074792272
12.5479166666667,3.14834237868754
12.5493055555556,3.07695477114578
12.5506944444444,3.09921440650903
12.5520833333333,3.02091280405953
12.5534722222222,3.04129979119405
12.5548611111111,3.09925406188673
12.55625,3.03613138357615
12.5576388888889,3.04885560514143
12.5590277777778,3.03800627274201
12.5604166666667,3.05272518634881
12.5618055555556,3.14558074683273
12.5631944444444,3.19829467063982
12.5645833333333,3.14359663559386
12.5659722222222,3.17346012712325
12.5673611111111,3.20244600953872
12.56875,3.15052744697454
12.5701388888889,3.18486626158725
12.5715277777778,3.21092312913013
12.5729166666667,3.17137101104783
12.5743055555556,3.18241683706241
12.5756944444444,3.19477848023576
12.5770833333333,3.20518166549354
12.5784722222222,3.20474874949545
12.5798611111111,3.16886070483183
12.58125,3.18601912406317
12.5826388888889,3.16903598490952
12.5840277777778,3.14164952660955
12.5854166666667,3.2198898549998
12.5868055555556,3.27612215915582
12.5881944444444,3.16385399391437
12.5895833333333,3.16917493736884
12.5909722222222,3.1786342985528
12.5923611111111,3.10204047531799
12.59375,3.18511292899978
12.5951388888889,3.12297000346593
12.5965277777778,3.15825106146052
12.5979166666667,3.22669392809172
12.5993055555556,3.19911803762372
12.6006944444444,3.19094638893343
12.6020833333333,3.18398505854327
12.6034722222222,3.31292825742881
12.6048611111111,3.27984891141821
12.60625,3.32014626483339
12.6076388888889,3.21840699361762
12.6090277777778,3.16880391265934
12.6104166666667,3.17642807965511
12.6118055555556,3.12883837209802
12.6131944444444,3.19939118222452
12.6145833333333,3.13769394249324
12.6159722222222,3.24750522964621
12.6173611111111,3.19628943790425
12.61875,3.16915569234414
12.6201388888889,3.05921717073093
12.6215277777778,3.05947601914581
12.6229166666667,3.23427364373292
12.6243055555556,3.2600205181379
12.6256944444444,3.34427179591168
12.6270833333333,3.36576453402588
12.6284722222222,3.26394165285797
12.6298611111111,3.23453951975793
12.63125,3.16780967792909
12.6326388888889,3.12657965548124
12.6340277777778,3.04931615375532
12.6354166666667,3.10000943311259
12.6368055555556,3.03598855212706
12.6381944444444,3.16708877072795
12.6395833333333,3.08035800436624
12.6409722222222,3.06339148879551
12.6423611111111,3.04375097081815
12.64375,3.12527122796082
12.6451388888889,3.13638693586792
12.6465277777778,3.1807053424918
12.6479166666667,3.06756455108411
12.6493055555556,3.15735917425896
12.6506944444444,3.12349231781175
12.6520833333333,3.08983839123222
12.6534722222222,3.12987877789478
12.6548611111111,3.0556277538206
12.65625,3.10900043226128
12.6576388888889,3.19472740350554
12.6590277777778,3.03296671282725
12.6604166666667,3.04532061929146
12.6618055555556,2.96744602356081
12.6631944444444,2.9906313470721
12.6645833333333,3.01166339893669
12.6659722222222,3.06702650998463
12.6673611111111,3.04089957009376
12.66875,3.2006370742499
12.6701388888889,3.22742724473644
12.6715277777778,3.25492551915298
12.6729166666667,3.2741941356869
12.6743055555556,3.1691080324294
12.6756944444444,3.04443675899353
12.6770833333333,3.02279973838591
12.6784722222222,3.04346094315484
12.6798611111111,3.08869797776409
12.68125,3.09083821607016
12.6826388888889,3.11151370583665
12.6840277777778,3.18331868626527
12.6854166666667,3.17962959803791
12.6868055555556,3.12243389532645
12.6881944444444,3.20948111510917
12.6895833333333,3.19852489473036
12.6909722222222,3.09324060291702
12.6923611111111,3.10637113756044
12.69375,3.19416844449631
12.6951388888889,3.10698347009918
12.6965277777778,3.23516179950601
12.6979166666667,3.21201946011326
12.6993055555556,3.08992211664394
12.7006944444444,3.09201725425774
12.7020833333333,3.11320366600416
12.7034722222222,3.12089075510634
12.7048611111111,3.10911658043729
12.70625,3.18390669191456
12.7076388888889,3.03252092243841
12.7090277777778,3.00897085801042
12.7104166666667,3.13548611547023
12.7118055555556,3.17890923888416
12.7131944444444,3.07604004767717
12.7145833333333,2.96727954853801
12.7159722222222,2.96439409034714
12.7173611111111,3.07078515911387
12.71875,3.05758997871253
12.7201388888889,3.06070924756561
12.7215277777778,3.01518836952496
12.7229166666667,3.08899911303048
12.7243055555556,3.08447822393387
12.7256944444444,3.05218888949228
12.7270833333333,3.03824834220561
12.7284722222222,3.05006138354715
12.7298611111111,2.99169951314794
12.73125,3.0303501137626
12.7326388888889,2.91314912030486
12.7340277777778,2.9455451974489
12.7354166666667,2.94928911612088
12.7368055555556,3.03580162307285
12.7381944444444,2.9696156789905
12.7395833333333,2.93984607715885
12.7409722222222,3.08087920449399
12.7423611111111,3.11113102867537
12.74375,3.14377746904806
12.7451388888889,3.11979801005265
12.7465277777778,3.02066727581859
12.7479166666667,2.99205326136114
12.7493055555556,2.82457569024632
12.7506944444444,2.92529418012565
12.7520833333333,2.89112614448364
12.7534722222222,2.8976229736894
12.7548611111111,2.9470118224127
12.75625,2.96330080628583
12.7576388888889,2.89451538676383
12.7590277777778,2.92974392404692
12.7604166666667,2.90516259040584
12.7618055555556,2.94467303089074
12.7631944444444,2.99322226892332
12.7645833333333,2.98973504710793
12.7659722222222,2.92002342663855
12.7673611111111,2.97763404007939
12.76875,3.11050627853146
12.7701388888889,2.96890892546574
12.7715277777778,3.00224472082458
12.7729166666667,3.02183734925914
12.7743055555556,2.9959702552515
12.7756944444444,3.02687680456262
12.7770833333333,2.98969015161563
12.7784722222222,3.0813883356
12.7798611111111,2.93609123072281
12.78125,3.01124140105191
12.7826388888889,2.92416107115623
12.7840277777778,3.05107108086673
12.7854166666667,3.13037084433056
12.7868055555556,3.11548796466133
12.7881944444444,3.07993688657505
12.7895833333333,3.13983258247475
12.7909722222222,3.08067167205298
12.7923611111111,3.12999860222308
12.79375,3.0397594602616
12.7951388888889,3.03244061608043
12.7965277777778,3.11461932998426
12.7979166666667,3.13521037780799
12.7993055555556,3.18174157782939
12.8006944444444,3.22721832438103
12.8020833333333,3.1832848149133
12.8034722222222,3.1297805146283
12.8048611111111,3.14578999861475
12.80625,3.07316909272899
12.8076388888889,3.06198527008895
12.8090277777778,3.05090563968074
12.8104166666667,3.05340423424816
12.8118055555556,3.09927199360596
12.8131944444444,3.15864125369199
12.8145833333333,3.12681191403969
12.8159722222222,3.14724775378736
12.8173611111111,3.13532613055318
12.81875,3.16538306125658
12.8201388888889,3.17032981258911
12.8215277777778,3.10459988449244
12.8229166666667,3.22074666319277
12.8243055555556,3.23756414295593
12.8256944444444,3.18724313768364
12.8270833333333,3.15133859607197
12.8284722222222,3.06963929468953
12.8298611111111,3.10178589615846
12.83125,3.13873074658765
12.8326388888889,3.09365471169953
12.8340277777778,2.9605497700606
12.8354166666667,2.99619762520087
12.8368055555556,2.98351896295461
12.8381944444444,3.03976291688097
12.8395833333333,3.01556429706964
12.8409722222222,2.98953782715022
12.8423611111111,3.08912230560544
12.84375,3.04172476601549
12.8451388888889,2.98878734688206
12.8465277777778,2.91678614683149
12.8479166666667,2.99950530995059
12.8493055555556,3.06522212531293
12.8506944444444,3.03271258802422
12.8520833333333,3.07694281567663
12.8534722222222,3.02449471673509
12.8548611111111,3.21255551289842
12.85625,3.1466626894454
12.8576388888889,3.04498020424539
12.8590277777778,3.01237279961207
12.8604166666667,3.09511500101962
12.8618055555556,3.10250053536022
12.8631944444444,3.09765431402414
12.8645833333333,3.21854166088988
12.8659722222222,3.2073062800071
12.8673611111111,3.14256742076586
12.86875,3.14091767340698
12.8701388888889,3.11678470156137
12.8715277777778,3.08715073804327
12.8729166666667,3.10134127405753
12.8743055555556,3.10542711210531
12.8756944444444,3.03932001201073
12.8770833333333,3.02776718197153
12.8784722222222,3.064998588406
12.8798611111111,3.06409376447875
12.88125,2.94811159291073
12.8826388888889,3.11598286140185
12.8840277777778,3.07987975276657
12.8854166666667,2.97449247642801
12.8868055555556,3.00638719498111
12.8881944444444,3.07428271790979
12.8895833333333,3.10598485438066
12.8909722222222,3.05625524505623
12.8923611111111,3.01252476383476
12.89375,3.02409619268658
12.8951388888889,2.9580845041263
12.8965277777778,2.97454786286596
12.8979166666667,2.92034933706058
12.8993055555556,2.99113040408135
12.9006944444444,3.02983370925856
12.9020833333333,2.96811861203571
12.9034722222222,3.00902472530967
12.9048611111111,3.03600636072107
12.90625,3.1214051361402
12.9076388888889,3.07543441158916
12.9090277777778,3.15204806235813
12.9104166666667,3.18565341975265
12.9118055555556,3.18862808262773
12.9131944444444,3.11268581298099
12.9145833333333,3.11675868143371
12.9159722222222,3.07412796132517
12.9173611111111,3.05419545685685
12.91875,3.14161952344963
12.9201388888889,3.16778834487918
12.9215277777778,3.13178783997068
12.9229166666667,3.10670136192801
12.9243055555556,3.09639210221295
12.9256944444444,3.11178081510151
12.9270833333333,3.02606151108442
12.9284722222222,2.99681643329345
12.9298611111111,3.04444813535818
12.93125,3.12282173703706
12.9326388888889,3.19634872464613
12.9340277777778,3.27216820933875
12.9354166666667,3.1727016547151
12.9368055555556,3.11937557643392
12.9381944444444,3.14271814896781
12.9395833333333,3.04466834424326
12.9409722222222,2.95395009153391
12.9423611111111,2.97915647955199
12.94375,3.01539429782221
12.9451388888889,3.07253328805802
12.9465277777778,3.09431838599227
12.9479166666667,3.04535902089021
12.9493055555556,3.12940882590768
12.9506944444444,3.15466486515115
12.9520833333333,2.97379604291996
12.9534722222222,3.10770457682994
12.9548611111111,3.08894144466159
12.95625,3.01496787429256
12.9576388888889,3.17198036901103
12.9590277777778,3.14865083059909
12.9604166666667,3.20196244380618
12.9618055555556,3.10932196746854
12.9631944444444,3.09910313426298
12.9645833333333,3.14533183758691
12.9659722222222,3.08428825828991
12.9673611111111,2.99258639008719
12.96875,3.05355134685118
12.9701388888889,2.99080775410637
12.9715277777778,2.96432231791667
12.9729166666667,2.96856342527653
12.9743055555556,2.9625097694213
12.9756944444444,2.98264329530697
12.9770833333333,2.99775046928342
12.9784722222222,3.05390317773059
12.9798611111111,2.97644814201193
12.98125,2.96036002791218
12.9826388888889,2.94672157594172
12.9840277777778,3.00034713186324
12.9854166666667,3.03307852525289
12.9868055555556,2.95457067680639
12.9881944444444,3.02360358029204
12.9895833333333,2.88161129496942
12.9909722222222,3.02590965279597
12.9923611111111,3.0707699515788
12.99375,3.06597169534922
12.9951388888889,3.02705351323289
12.9965277777778,3.05402787692295
12.9979166666667,2.96689793537527
12.9993055555556,2.94320493281488
13.0006944444444,2.98664414442626
13.0020833333333,3.00766402437983
13.0034722222222,3.09173552776943
13.0048611111111,3.02379627088272
13.00625,3.03746219023112
13.0076388888889,2.97424773415613
13.0090277777778,2.99413669194351
13.0104166666667,2.96486119782215
13.0118055555556,2.85945757628487
13.0131944444444,2.98556633483643
13.0145833333333,2.92299024144425
13.0159722222222,2.92898624125968
13.0173611111111,2.95284949886713
13.01875,2.9583304618179
13.0201388888889,2.92080020356998
13.0215277777778,3.0327296667051
13.0229166666667,3.02795315548878
13.0243055555556,2.97786464397139
13.0256944444444,2.95197923315201
13.0270833333333,2.88544724684485
13.0284722222222,2.83264561552842
13.0298611111111,2.99011901048584
13.03125,3.04380746404547
13.0326388888889,3.11037253242161
13.0340277777778,3.01872320353185
13.0354166666667,2.99215531611292
13.0368055555556,3.05086178567586
13.0381944444444,2.97404436967117
13.0395833333333,2.89155782159143
13.0409722222222,2.97202288879444
13.0423611111111,2.98196536231614
13.04375,3.02560038394576
13.0451388888889,2.97011386310594
13.0465277777778,2.88516912144303
13.0479166666667,2.93977539696349
13.0493055555556,3.01558703537905
13.0506944444444,3.13019997079625
13.0520833333333,2.97088472989549
13.0534722222222,3.05549597910499
13.0548611111111,3.09463121494491
13.05625,3.00471307360723
13.0576388888889,3.02808612639447
13.0590277777778,3.00124223035879
13.0604166666667,2.96675752593367
13.0618055555556,2.8981562679596
13.0631944444444,2.96029024336162
13.0645833333333,3.05250654166452
13.0659722222222,3.08725803390445
13.0673611111111,3.01060268472905
13.06875,3.03193519226957
13.0701388888889,2.97173429955572
13.0715277777778,2.94317959119009
13.0729166666667,2.98578581753993
13.0743055555556,2.9412960793148
13.0756944444444,2.99250498928455
13.0770833333333,2.96505261455419
13.0784722222222,2.93168470558817
13.0798611111111,2.88041130663599
13.08125,2.85402254944655
13.0826388888889,2.92615090640599
13.0840277777778,2.90997696307388
13.0854166666667,2.96786155521513
13.0868055555556,2.95988532460776
13.0881944444444,2.86688201541656
13.0895833333333,3.03179731445024
13.0909722222222,2.98630357596198
13.0923611111111,2.92194550872574
13.09375,2.94366381205181
13.0951388888889,2.88014316429765
13.0965277777778,2.99604501701804
13.0979166666667,3.03158124472521
13.0993055555556,3.03532556921319
13.1006944444444,3.01372893625908
13.1020833333333,3.00673557820436
13.1034722222222,3.03703590262456
13.1048611111111,3.08798208642726
13.10625,2.97542581882253
13.1076388888889,2.95301163496587
13.1090277777778,2.88921799595724
13.1104166666667,2.8765067332143
13.1118055555556,2.92298141655109
13.1131944444444,2.97813576584894
13.1145833333333,2.94361268512236
13.1159722222222,2.80242848486933
13.1173611111111,2.77189667612914
13.11875,2.84911522470827
13.1201388888889,2.92926322118748
13.1215277777778,2.80932485593808
13.1229166666667,2.86294653113531
13.1243055555556,2.87535730084317
13.1256944444444,2.89535890858395
13.1270833333333,2.91388683970518
13.1284722222222,2.80137125068913
13.1298611111111,2.85130094563041
13.13125,2.89689367617037
13.1326388888889,2.93722053787252
13.1340277777778,2.85850911610604
13.1354166666667,2.93948182308634
13.1368055555556,3.01980651082509
13.1381944444444,2.88189740467742
13.1395833333333,2.82235856190474
13.1409722222222,2.85697788214342
13.1423611111111,2.87674248621068
13.14375,2.95403845999202
13.1451388888889,2.9631973757282
13.1465277777778,2.84729097152266
13.1479166666667,2.95705249665568
13.1493055555556,3.03989684361739
13.1506944444444,2.95422059669934
13.1520833333333,2.94403890526585
13.1534722222222,2.98463898567145
13.1548611111111,3.00259540165031
13.15625,3.02138826241029
13.1576388888889,2.9502852550464
13.1590277777778,2.97594885163059
13.1604166666667,2.95300690789438
13.1618055555556,3.0510211699711
13.1631944444444,3.04560847221655
13.1645833333333,3.07856657426029
13.1659722222222,3.14844579644495
13.1673611111111,3.10729726778981
13.16875,3.07038362254232
13.1701388888889,3.01554890685784
13.1715277777778,3.09069096442037
13.1729166666667,3.01942729456163
13.1743055555556,3.03173191419915
13.1756944444444,3.10397468657145
13.1770833333333,3.12340949877047
13.1784722222222,3.23973452300458
13.1798611111111,3.14227930057306
13.18125,3.21196163796051
13.1826388888889,3.05829590068342
13.1840277777778,3.00408171107305
13.1854166666667,3.06316409129399
13.1868055555556,3.1643261089421
13.1881944444444,3.15719645295367
13.1895833333333,3.08807362117898
13.1909722222222,3.11929728555799
13.1923611111111,3.08377031910064
13.19375,3.06075402674259
13.1951388888889,2.93514252466543
13.1965277777778,3.01584061715227
13.1979166666667,2.95242453446524
13.1993055555556,3.11099047493815
13.2006944444444,3.12784609998633
13.2020833333333,3.17320803652874
13.2034722222222,3.12467631397631
13.2048611111111,3.06175430067315
13.20625,3.0950320843004
13.2076388888889,3.09645128453107
13.2090277777778,3.02935398635048
13.2104166666667,2.99086938518406
13.2118055555556,3.0844719902731
13.2131944444444,3.04307741133634
13.2145833333333,3.09162467378098
13.2159722222222,3.05386221067567
13.2173611111111,3.11858667563897
13.21875,2.99976110010839
13.2201388888889,2.88963507373361
13.2215277777778,2.98923118953474
13.2229166666667,3.03173229821501
13.2243055555556,3.02803634018981
13.2256944444444,3.07982672965967
13.2270833333333,3.02640198381155
13.2284722222222,3.05805050370427
13.2298611111111,3.07674459523003
13.23125,3.1890162808083
13.2326388888889,3.10785782556444
13.2340277777778,3.06099696067356
13.2354166666667,3.04467150549273
13.2368055555556,3.0114765805286
13.2381944444444,3.12272562616623
13.2395833333333,3.01548149906749
13.2409722222222,3.0606023401222
13.2423611111111,3.06913709607063
13.24375,3.09888335369877
13.2451388888889,3.06241263719213
13.2465277777778,3.04300240472259
13.2479166666667,3.08502712478274
13.2493055555556,3.09255354255188
13.2506944444444,2.96099763464115
13.2520833333333,2.89613802787448
13.2534722222222,3.02270200283535
13.2548611111111,3.02759260601745
13.25625,3.0327505158298
13.2576388888889,2.98327979106056
13.2590277777778,3.06772083186563
13.2604166666667,2.99507605741988
13.2618055555556,3.05893523441065
13.2631944444444,2.99811273801997
13.2645833333333,3.0657510935257
13.2659722222222,3.10958251874619
13.2673611111111,2.99145936820404
13.26875,3.00182021969317
13.2701388888889,3.09468771392267
13.2715277777778,3.10029012553594
13.2729166666667,2.99785200827724
13.2743055555556,2.94162200681471
13.2756944444444,3.01586621773473
13.2770833333333,2.93802019631203
13.2784722222222,2.90375040431707
13.2798611111111,2.96963349142231
13.28125,3.02353929828277
13.2826388888889,3.03133592284566
13.2840277777778,2.98236217227258
13.2854166666667,2.99046192375706
13.2868055555556,2.98370302477133
13.2881944444444,3.01295589370616
13.2895833333333,3.13966931272673
13.2909722222222,3.06440798548244
13.2923611111111,3.04943484927984
13.29375,3.08652245245824
13.2951388888889,2.96717814056065
13.2965277777778,3.04129030749877
13.2979166666667,3.02207195677251
13.2993055555556,3.02542977656344
13.3006944444444,3.04117667713146
13.3020833333333,3.00181657850942
13.3034722222222,3.0549986801679
13.3048611111111,3.02559760476903
13.30625,3.09218059397684
13.3076388888889,3.05415252764278
13.3090277777778,2.95012940403899
13.3104166666667,3.01502149769311
13.3118055555556,3.06997111919742
13.3131944444444,3.07019002275579
13.3145833333333,3.0409770335177
13.3159722222222,3.02868857713504
13.3173611111111,3.06803518777476
13.31875,3.05377610515953
13.3201388888889,3.04808410472118
13.3215277777778,3.01404696427936
13.3229166666667,2.98473412668545
13.3243055555556,3.06545495225629
13.3256944444444,3.0736418517694
13.3270833333333,3.06290523836627
13.3284722222222,2.98945595770324
13.3298611111111,3.08865938954455
13.33125,3.02720396030669
13.3326388888889,2.98046460317685
13.3340277777778,2.92871248114529
13.3354166666667,3.08018750819884
13.3368055555556,3.01508385494301
13.3381944444444,3.00642186809556
13.3395833333333,2.88616225991598
13.3409722222222,2.96499002025456
13.3423611111111,3.01721412017704
13.34375,3.06478268806916
13.3451388888889,3.10631580665808
13.3465277777778,3.01053829433634
13.3479166666667,3.0562041297355
13.3493055555556,3.05911455772217
13.3506944444444,3.04751538547794
13.3520833333333,3.07022741741982
13.3534722222222,3.04927668942376
13.3548611111111,3.05033781287345
13.35625,3.13099692136849
13.3576388888889,3.18422967988073
13.3590277777778,3.01424557730656
13.3604166666667,3.06398250592635
13.3618055555556,3.05068048609783
13.3631944444444,3.03842892693418
13.3645833333333,3.0805829558334
13.3659722222222,3.01134466181115
13.3673611111111,3.14717509960068
13.36875,3.12776536004455
13.3701388888889,3.09556972550466
13.3715277777778,3.14367214305914
13.3729166666667,3.014529158305
13.3743055555556,3.14500658914147
13.3756944444444,3.13754998467513
13.3770833333333,3.11562149836713
13.3784722222222,3.04713591046931
13.3798611111111,2.98391450285262
13.38125,3.04441505670547
13.3826388888889,3.11508282163999
13.3840277777778,3.13060246732386
13.3854166666667,3.03415871276551
13.3868055555556,3.13107411253372
13.3881944444444,3.17023851847489
13.3895833333333,3.13365218413356
13.3909722222222,3.08945404993208
13.3923611111111,3.09119539575389
13.39375,3.14098518956828
13.3951388888889,3.16606126010618
13.3965277777778,3.08837074403895
13.3979166666667,3.04289139077167
13.3993055555556,3.12391725871962
13.4006944444444,2.93166128007364
13.4020833333333,2.99051865377313
13.4034722222222,3.01304674883617
13.4048611111111,2.99573052949553
13.40625,2.94727976214228
13.4076388888889,2.8986634918537
13.4090277777778,2.91371726432203
13.4104166666667,2.97427577919939
13.4118055555556,2.88903272740899
13.4131944444444,3.01374485273689
13.4145833333333,3.02896673337325
13.4159722222222,3.16042570094734
13.4173611111111,3.19273578183063
13.41875,3.09786435511688
13.4201388888889,3.08905865767058
13.4215277777778,3.0804792018951
13.4229166666667,3.05332928005881
13.4243055555556,3.07722789232913
13.4256944444444,3.08446369733311
13.4270833333333,3.0802378352519
13.4284722222222,3.09659718567093
13.4298611111111,3.07485257734188
13.43125,3.10791813325131
13.4326388888889,3.10856685619926
13.4340277777778,3.09751468116805
13.4354166666667,3.04320744415058
13.4368055555556,3.1222330249796
13.4381944444444,3.11437992561584
13.4395833333333,3.18031580086122
13.4409722222222,3.12853657269238
13.4423611111111,3.0857591850905
13.44375,3.01740293709824
13.4451388888889,3.01180504311201
13.4465277777778,3.00886440487116
13.4479166666667,2.99523395137243
13.4493055555556,3.05893508446147
13.4506944444444,3.18144074028464
13.4520833333333,3.10021156642817
13.4534722222222,3.08187236021829
13.4548611111111,3.0591657262283
13.45625,3.04055274471808
13.4576388888889,2.95958601790887
13.4590277777778,3.01930350885295
13.4604166666667,3.0661864541846
13.4618055555556,3.0309410170377
13.4631944444444,3.02243030063758
13.4645833333333,3.048272613711
13.4659722222222,2.93233098002188
13.4673611111111,3.04843011473449
13.46875,3.10361092072605
13.4701388888889,3.01762675408949
13.4715277777778,3.01571497441138
13.4729166666667,2.95640124777494
13.4743055555556,3.10135905404619
13.4756944444444,2.98336012141417
13.4770833333333,3.0036755612631
13.4784722222222,2.92603177162225
13.4798611111111,2.99725652746106
13.48125,3.06565819663189
13.4826388888889,3.01024199792203
13.4840277777778,3.02705522581635
13.4854166666667,3.07800880594542
13.4868055555556,3.13414054989015
13.4881944444444,3.09959299183269
13.4895833333333,3.02631800536741
13.4909722222222,3.00538939613874
13.4923611111111,3.07223975902186
13.49375,2.98191337582449
13.4951388888889,2.97498153700124
13.4965277777778,2.87674094544061
13.4979166666667,2.93978838480059
13.4993055555556,2.88805182337536
13.5006944444444,3.00235656430732
13.5020833333333,3.03304019110315
13.5034722222222,3.0684651221905
13.5048611111111,3.05014499781916
13.50625,2.89774447464503
13.5076388888889,3.03371142966035
13.5090277777778,3.04292249061392
13.5104166666667,2.98762229659388
13.5118055555556,3.08317541455437
13.5131944444444,3.05086430225946
13.5145833333333,3.06511675703008
13.5159722222222,3.07947769640451
13.5173611111111,2.98431977199628
13.51875,3.02616707757647
13.5201388888889,3.03389515412734
13.5215277777778,3.14446292201607
13.5229166666667,3.12884889877731
13.5243055555556,3.10235121518674
13.5256944444444,3.10178398603461
13.5270833333333,3.17041839309187
13.5284722222222,3.06723513246683
13.5298611111111,3.03587867357087
13.53125,3.16580322494843
13.5326388888889,3.23394766102401
13.5340277777778,3.1802630867534
13.5354166666667,3.16710693244166
13.5368055555556,3.01415505920281
13.5381944444444,3.00294977664047
13.5395833333333,3.23977612193999
13.5409722222222,3.16298268195367
13.5423611111111,3.06773566614036
13.54375,3.14876860037021
13.5451388888889,3.15010736317643
13.5465277777778,2.98492366993087
13.5479166666667,3.00930701852495
13.5493055555556,2.99869391562155
13.5506944444444,2.97019667307152
13.5520833333333,3.15968401004379
13.5534722222222,3.24261452059493
13.5548611111111,3.19515725785254
13.55625,3.24779537618285
13.5576388888889,3.25982111642425
13.5590277777778,3.2239282797747
13.5604166666667,3.10505651837627
13.5618055555556,3.12524896928878
13.5631944444444,3.10326277634641
13.5645833333333,3.13393812891621
13.5659722222222,3.25911090813027
13.5673611111111,3.39957982291711
13.56875,3.26438512920633
13.5701388888889,3.27132125348853
13.5715277777778,3.18084383940312
13.5729166666667,3.20503025055682
13.5743055555556,3.18129281947802
13.5756944444444,3.10142558858099
13.5770833333333,3.14828976547508
13.5784722222222,3.12267075050247
13.5798611111111,3.11537227351869
13.58125,3.08365910682177
13.5826388888889,3.18891747004271
13.5840277777778,3.18309197689863
13.5854166666667,3.22035088914215
13.5868055555556,3.20034577332487
13.5881944444444,3.32846230510997
13.5895833333333,3.30797515113232
13.5909722222222,3.12043290929369
13.5923611111111,3.07687819166572
13.59375,3.09578592853383
13.5951388888889,3.01909223308899
13.5965277777778,3.02949061738515
13.5979166666667,3.15681420534149
13.5993055555556,3.21658030292957
13.6006944444444,3.21668596015681
13.6020833333333,3.14828768910283
13.6034722222222,3.09829722367377
13.6048611111111,3.11492428551084
13.60625,3.13087361552221
13.6076388888889,3.2467297065203
13.6090277777778,3.25825781634096
13.6104166666667,3.16465925890952
13.6118055555556,3.04937852856597
13.6131944444444,3.04410282626589
13.6145833333333,3.13334072824261
13.6159722222222,3.15463414685738
13.6173611111111,3.18132941611424
13.61875,3.31359149338115
13.6201388888889,3.19553313219307
13.6215277777778,3.19848921842523
13.6229166666667,3.15422624969017
13.6243055555556,3.23149783494288
13.6256944444444,3.18351544969834
13.6270833333333,3.12633655406535
13.6284722222222,3.14043815357098
13.6298611111111,3.12145865120419
13.63125,3.19509590185566
13.6326388888889,3.09160069256533
13.6340277777778,3.06916629655549
13.6354166666667,2.96981935796872
13.6368055555556,3.07511779964095
13.6381944444444,3.12700090314505
13.6395833333333,3.03652803423571
13.6409722222222,2.97852911890153
13.6423611111111,2.97138683683545
13.64375,3.01360148105195
13.6451388888889,3.04746476441603
13.6465277777778,3.00787080329337
13.6479166666667,3.01115203487543
13.6493055555556,3.08890767805528
13.6506944444444,3.03504172176273
13.6520833333333,2.94283667834626
13.6534722222222,2.92420753065009
13.6548611111111,2.94431494558605
13.65625,2.96256925706945
13.6576388888889,2.99696878503833
13.6590277777778,2.98119063252871
13.6604166666667,3.10316131744009
13.6618055555556,3.17041834353801
13.6631944444444,3.00386688771389
13.6645833333333,3.05129290428388
13.6659722222222,3.05920352939448
13.6673611111111,3.04344490901005
13.66875,3.04500641667475
13.6701388888889,3.12207501616654
13.6715277777778,3.09047473957075
13.6729166666667,2.917168713056
13.6743055555556,3.02746328105525
13.6756944444444,2.95862755556778
13.6770833333333,2.94248876836926
13.6784722222222,2.86680266692228
13.6798611111111,2.87215503005798
13.68125,2.90555172541098
13.6826388888889,3.01703493636814
13.6840277777778,3.00516525690988
13.6854166666667,2.99839233540799
13.6868055555556,2.96203679126381
13.6881944444444,2.97550200198421
13.6895833333333,2.93929036632461
13.6909722222222,3.05643696827976
13.6923611111111,3.05088374284642
13.69375,2.99963073464948
13.6951388888889,2.96294615595858
13.6965277777778,2.81021675885024
13.6979166666667,2.87077864592632
13.6993055555556,3.01941681709047
13.7006944444444,3.04746993499552
13.7020833333333,3.13433145076402
13.7034722222222,3.0347055715365
13.7048611111111,3.11507411678665
13.70625,3.07317582329879
13.7076388888889,3.04421406823067
13.7090277777778,2.98893883834349
13.7104166666667,3.02100508674142
13.7118055555556,3.00937948784605
13.7131944444444,2.97384612395384
13.7145833333333,3.12637652871793
13.7159722222222,3.11011644721581
13.7173611111111,2.99750503315122
13.71875,2.99419170729316
13.7201388888889,3.01586953103042
13.7215277777778,2.97190979153118
13.7229166666667,3.06260959994073
13.7243055555556,3.05744745387327
13.7256944444444,3.02729421346792
13.7270833333333,3.06433661672093
13.7284722222222,3.08680498803772
13.7298611111111,2.96373081544802
13.73125,3.06082578808782
13.7326388888889,3.1477842862474
13.7340277777778,3.0117760960383
13.7354166666667,3.05978413635002
13.7368055555556,3.16373161264014
13.7381944444444,3.2247043550159
13.7395833333333,3.07505033502899
13.7409722222222,3.13084744283267
13.7423611111111,3.22426299708614
13.74375,3.0757275870548
13.7451388888889,3.0258216017454
13.7465277777778,3.03396695472563
13.7479166666667,2.9597346858284
13.7493055555556,3.13688911703546
13.7506944444444,3.12052087573297
13.7520833333333,3.1117943259153
13.7534722222222,3.11369992733852
13.7548611111111,3.18360516175178
13.75625,3.07395138516522
13.7576388888889,3.14195865052658
13.7590277777778,3.05718991319155
13.7604166666667,3.13912971883437
13.7618055555556,2.98605632078178
13.7631944444444,2.86723212890511
13.7645833333333,2.93846711033589
13.7659722222222,3.06377880473839
13.7673611111111,3.13076619260738
13.76875,3.01055706486703
13.7701388888889,2.99190607135951
13.7715277777778,3.0847464864511
13.7729166666667,3.18455619411543
13.7743055555556,3.0797525959827
13.7756944444444,3.09481211531682
13.7770833333333,3.03779102059319
13.7784722222222,3.1758537716826
13.7798611111111,3.20190952585748
13.78125,3.01394406709845
13.7826388888889,3.10193956488643
13.7840277777778,3.06996892548898
13.7854166666667,3.05828447023644
13.7868055555556,3.07822958112307
13.7881944444444,3.05258496049417
13.7895833333333,3.15137574830461
13.7909722222222,3.18468332241583
13.7923611111111,3.13041343692465
13.79375,3.1827873146449
13.7951388888889,3.15388314072793
13.7965277777778,3.20348703441516
13.7979166666667,3.16776059340411
13.7993055555556,3.15730402942422
13.8006944444444,3.13931360933305
13.8020833333333,3.09979277509952
13.8034722222222,3.15516494710823
13.8048611111111,3.10701027791947
13.80625,3.09379282082984
13.8076388888889,3.00496538026546
13.8090277777778,3.05613026095417
13.8104166666667,3.08579332045758
13.8118055555556,3.02866611690354
13.8131944444444,3.08978542337669
13.8145833333333,3.03531171153956
13.8159722222222,3.02473764973161
13.8173611111111,3.00827151297001
13.81875,3.01691613408218
13.8201388888889,3.00984669913344
13.8215277777778,2.87097977608483
13.8229166666667,3.02365010969291
13.8243055555556,3.06853612568604
13.8256944444444,3.04589877599513
13.8270833333333,3.14529465366664
13.8284722222222,3.13719735141287
13.8298611111111,2.94288099109939
13.83125,3.01875245298146
13.8326388888889,3.02521496965556
13.8340277777778,3.08023918080675
13.8354166666667,3.0659407387697
13.8368055555556,3.04826637221096
13.8381944444444,2.98447814581669
13.8395833333333,2.97790762317295
13.8409722222222,2.93909859242646
13.8423611111111,2.95480387177531
13.84375,3.00837728761655
13.8451388888889,2.93041922034338
13.8465277777778,2.97984957368732
13.8479166666667,2.96410768937582
13.8493055555556,2.92331974273516
13.8506944444444,3.02673397130714
13.8520833333333,3.03145435961954
13.8534722222222,3.02603347083411
13.8548611111111,3.05808437069399
13.85625,2.99730965355841
13.8576388888889,2.99645804648099
13.8590277777778,2.92826828937478
13.8604166666667,2.8658954083459
13.8618055555556,2.8714006653495
13.8631944444444,2.95203208764409
13.8645833333333,2.97939891162155
13.8659722222222,3.00642849839932
13.8673611111111,3.04144614190488
13.86875,2.98486343363062
13.8701388888889,2.89489584191602
13.8715277777778,2.8708538672318
13.8729166666667,3.0056443602228
13.8743055555556,3.03880850485707
13.8756944444444,3.00282181949423
13.8770833333333,3.0660031760899
13.8784722222222,3.04828829327036
13.8798611111111,2.98002506810672
13.88125,2.8485525758537
13.8826388888889,3.115540041657
13.8840277777778,3.07243824430785
13.8854166666667,3.05667538142719
13.8868055555556,3.03497428822037
13.8881944444444,3.00632013705553
13.8895833333333,3.00727095023804
13.8909722222222,2.93494279783894
13.8923611111111,3.04926629031965
13.89375,3.02233116230584
13.8951388888889,2.91975745198086
13.8965277777778,2.90576936735186
13.8979166666667,2.97946881559121
13.8993055555556,3.04685247076625
13.9006944444444,3.00972314816493
13.9020833333333,3.02868833252379
13.9034722222222,2.99392083306616
13.9048611111111,2.95298628505294
13.90625,2.875402262157
13.9076388888889,2.96557525610364
13.9090277777778,2.90980864827515
13.9104166666667,2.91980406155047
13.9118055555556,2.99125677315228
13.9131944444444,3.05635314474614
13.9145833333333,3.06081340228201
13.9159722222222,2.91520406689804
13.9173611111111,3.04697256521541
13.91875,2.9972253388072
13.9201388888889,2.82167437832627
13.9215277777778,2.93055337644963
13.9229166666667,2.9504534175382
13.9243055555556,3.01699022222435
13.9256944444444,2.97083595658859
13.9270833333333,3.04216806415543
13.9284722222222,3.01153486274533
13.9298611111111,3.04774960442977
13.93125,3.07115821645676
13.9326388888889,3.05077158330296
13.9340277777778,3.12811530348939
13.9354166666667,3.10356028232999
13.9368055555556,3.07362924058665
13.9381944444444,3.02883564026975
13.9395833333333,3.0421225887992
13.9409722222222,3.12170693618339
13.9423611111111,3.10489412437149
13.94375,3.00353293807165
13.9451388888889,3.05757928199616
13.9465277777778,3.08340249360373
13.9479166666667,3.18033999082126
13.9493055555556,3.19002367212318
13.9506944444444,3.00612635567672
13.9520833333333,3.0359550362481
13.9534722222222,2.99893636031634
13.9548611111111,3.1271353421003
13.95625,3.05854438852375
13.9576388888889,3.06140731060065
13.9590277777778,3.15604394909945
13.9604166666667,3.06620061987598
13.9618055555556,3.10340055624092
13.9631944444444,3.25107375196112
13.9645833333333,3.26079265573281
13.9659722222222,3.12190983383198
13.9673611111111,3.13560623965607
13.96875,3.2782435361546
13.9701388888889,3.22507754799554
13.9715277777778,3.16311828311667
13.9729166666667,3.16622385557666
13.9743055555556,3.15268764459847
13.9756944444444,3.14262666300895
13.9770833333333,3.14903058327935
13.9784722222222,3.22794757468388
13.9798611111111,3.25656915483559
13.98125,3.3084824731786
13.9826388888889,3.22289199142048
13.9840277777778,3.14593352280532
13.9854166666667,3.29790075606473
13.9868055555556,3.14011290084317
13.9881944444444,3.14977980110069
13.9895833333333,3.16765441120471
13.9909722222222,3.11476814913159
13.9923611111111,3.1089082291442
13.99375,3.09589495044827
13.9951388888889,3.09681037309636
13.9965277777778,3.074581207395
13.9979166666667,3.09813588872652
13.9993055555556,3.09863744375777
14.0006944444444,3.07451721590837
14.0020833333333,3.0328326244587
14.0034722222222,3.07576993192802
14.0048611111111,2.97078111302733
14.00625,2.95876743116935
14.0076388888889,2.92577664829141
14.0090277777778,2.89084083493486
14.0104166666667,2.91481398769823
14.0118055555556,3.02206892707704
14.0131944444444,2.98080454584861
14.0145833333333,3.02734450605892
14.0159722222222,3.00790451904571
14.0173611111111,3.05540247709059
14.01875,3.09666424909694
14.0201388888889,3.11427017636035
14.0215277777778,3.063322904676
14.0229166666667,3.07368327151271
14.0243055555556,3.06640370052633
14.0256944444444,3.02219097561284
14.0270833333333,3.01213556131811
14.0284722222222,2.94011549664749
14.0298611111111,3.02462616229692
14.03125,3.11563399459092
14.0326388888889,3.17252437708018
14.0340277777778,3.08693970579829
14.0354166666667,3.16769074260151
14.0368055555556,3.18232170009873
14.0381944444444,3.08281376872887
14.0395833333333,3.10625888358477
14.0409722222222,3.16778512842853
14.0423611111111,3.17885760027031
14.04375,3.04714123232153
14.0451388888889,3.11725557816759
14.0465277777778,3.08065892279698
14.0479166666667,3.04838429133864
14.0493055555556,3.14619735740563
14.0506944444444,3.11033024523882
14.0520833333333,3.09522686685567
14.0534722222222,3.24831671650345
14.0548611111111,3.20771449257469
14.05625,3.05185192491179
14.0576388888889,3.02386678709976
14.0590277777778,3.08174053358065
14.0604166666667,3.05016023454231
14.0618055555556,2.95849078587363
14.0631944444444,2.99216792032727
14.0645833333333,3.00116004174059
14.0659722222222,3.07259712111822
14.0673611111111,3.00550305591644
14.06875,3.06854596711393
14.0701388888889,3.04422329333485
14.0715277777778,2.98412917232742
14.0729166666667,2.95668743097387
14.0743055555556,2.9878275432196
14.0756944444444,3.06261933586447
14.0770833333333,3.15031253834683
14.0784722222222,3.11020847879401
14.0798611111111,3.10223754534397
14.08125,3.09646163823561
14.0826388888889,3.06762827609389
14.0840277777778,3.1519338340574
14.0854166666667,3.08215729490464
14.0868055555556,2.98235903079763
14.0881944444444,2.92561232043128
14.0895833333333,2.87979615847203
14.0909722222222,2.87488406196211
14.0923611111111,2.92604865999641
14.09375,3.05818935632202
14.0951388888889,3.14954610269617
14.0965277777778,2.99491684333849
14.0979166666667,2.92857992751807
14.0993055555556,2.95909008990369
14.1006944444444,2.89012405915639
14.1020833333333,2.91579963860882
14.1034722222222,2.83320378819229
14.1048611111111,2.80309466185281
14.10625,2.88458163272967
14.1076388888889,2.86796698398334
14.1090277777778,2.95067158566058
14.1104166666667,2.92986354079865
14.1118055555556,2.9394370835932
14.1131944444444,3.02494891163676
14.1145833333333,2.97527070298816
14.1159722222222,2.86201888925044
14.1173611111111,2.88732144047783
14.11875,2.92485227919108
14.1201388888889,2.9642779905714
14.1215277777778,2.89091173623298
14.1229166666667,2.84668257392037
14.1243055555556,2.82925919740228
14.1256944444444,2.88476268263735
14.1270833333333,2.93382851448464
14.1284722222222,2.87600270623492
14.1298611111111,2.74730262562406
14.13125,2.7728849898621
14.1326388888889,2.79918015724035
14.1340277777778,2.89868018282829
14.1354166666667,2.95129228694792
14.1368055555556,2.92380545387749
14.1381944444444,2.8934461892507
14.1395833333333,2.85023529903107
14.1409722222222,2.90449614319762
14.1423611111111,2.76966091468175
14.14375,2.93931183220215
14.1451388888889,2.79352989748303
14.1465277777778,2.89790245867964
14.1479166666667,2.97392527505793
14.1493055555556,2.85331670337591
14.1506944444444,2.97472202708643
14.1520833333333,2.8578848873542
14.1534722222222,2.97865666712106
14.1548611111111,2.96581805821483
14.15625,2.93102533680802
14.1576388888889,3.01574764324539
14.1590277777778,3.08806557227178
14.1604166666667,3.05693174632442
14.1618055555556,3.01362149740846
14.1631944444444,3.05733710372619
14.1645833333333,2.95300205409325
14.1659722222222,2.89485039971643
14.1673611111111,2.99571367610573
14.16875,2.99141057555539
14.1701388888889,2.89561322029378
14.1715277777778,2.87892605996112
14.1729166666667,2.9794008927231
14.1743055555556,3.06924997170053
14.1756944444444,3.04888167438676
14.1770833333333,2.96649156906013
14.1784722222222,2.88890806207437
14.1798611111111,2.82723567665026
14.18125,2.85121592467437
14.1826388888889,3.04627903827979
14.1840277777778,2.98143219356614
14.1854166666667,2.99042125026431
14.1868055555556,2.91839673049509
14.1881944444444,2.99877560910819
14.1895833333333,3.00548833471446
14.1909722222222,3.10038445653344
14.1923611111111,2.95377136057092
14.19375,2.88972108732481
14.1951388888889,2.97907783597632
14.1965277777778,3.02184971872516
14.1979166666667,3.00824733365428
14.1993055555556,3.00457671308588
14.2006944444444,3.02134393177442
14.2020833333333,2.99215039098635
14.2034722222222,3.02099416361543
14.2048611111111,3.06174963813376
14.20625,2.98309982962579
14.2076388888889,2.98099136389327
14.2090277777778,2.9848599284966
14.2104166666667,3.02744204783812
14.2118055555556,3.02530894850104
14.2131944444444,3.04239878356394
14.2145833333333,3.02941246323187
14.2159722222222,2.97494327127178
14.2173611111111,2.96896318248725
14.21875,2.99905529856128
14.2201388888889,3.08075074872908
14.2215277777778,3.03324527671951
14.2229166666667,3.09462298815315
14.2243055555556,3.08629989390878
14.2256944444444,3.06655019443684
14.2270833333333,3.08442275316731
14.2284722222222,3.06069894421946
14.2298611111111,2.92279491518196
14.23125,2.8235763600222
14.2326388888889,2.76584686833509
14.2340277777778,2.80906469780461
14.2354166666667,2.88429268996382
14.2368055555556,2.97500204028423
14.2381944444444,2.95475991682867
14.2395833333333,2.95092569304177
14.2409722222222,2.92260832708279
14.2423611111111,2.9028602677926
14.24375,2.85505702445988
14.2451388888889,2.8248239464781
14.2465277777778,2.79596660244342
14.2479166666667,2.72195978747127
14.2493055555556,2.7533105489219
14.2506944444444,2.8023129592121
14.2520833333333,2.8421176364488
14.2534722222222,2.87134008682522
14.2548611111111,2.91816938718831
14.25625,3.01289631602531
14.2576388888889,3.02939037699252
14.2590277777778,2.97685368783218
14.2604166666667,2.92775652722795
14.2618055555556,2.87784599374376
14.2631944444444,2.80284548460858
14.2645833333333,2.76302825854588
14.2659722222222,2.81402881320163
14.2673611111111,2.91887890143757
14.26875,2.95541150317955
14.2701388888889,2.91138889566945
14.2715277777778,2.90193290231322
14.2729166666667,2.87715366584677
14.2743055555556,2.86387483879446
14.2756944444444,2.77643343586965
14.2770833333333,2.85065143610149
14.2784722222222,2.92462362774107
14.2798611111111,2.89674605179981
14.28125,2.78442391764858
14.2826388888889,2.78726806602995
14.2840277777778,2.84161205119469
14.2854166666667,2.80980726554569
14.2868055555556,2.87834253814071
14.2881944444444,2.8955840322919
14.2895833333333,2.9384870592102
14.2909722222222,2.89371645025519
14.2923611111111,2.86699520519658
14.29375,2.72218070429045
14.2951388888889,2.708763690464
14.2965277777778,2.78868872581704
14.2979166666667,2.87279845518847
14.2993055555556,2.92382570225242
14.3006944444444,2.90772637891004
14.3020833333333,2.85972832441542
14.3034722222222,2.88886243936832
14.3048611111111,2.86260890879281
14.30625,2.87794455430294
14.3076388888889,2.79684630147735
14.3090277777778,2.89645509551927
14.3104166666667,2.81461434036091
14.3118055555556,2.81071636115981
14.3131944444444,2.85885309259332
14.3145833333333,2.81543355269005
14.3159722222222,2.79807368846535
14.3173611111111,2.85669723392238
14.31875,2.88378175156745
14.3201388888889,2.94703719425141
14.3215277777778,2.86329761374037
14.3229166666667,2.83046239885703
14.3243055555556,2.77172714109042
14.3256944444444,2.75479816264045
14.3270833333333,2.77386450871976
14.3284722222222,2.81663551458434
14.3298611111111,2.7916994367701
14.33125,2.77087879457788
14.3326388888889,2.8014832606407
14.3340277777778,2.86940048245801
14.3354166666667,2.88835288735258
14.3368055555556,2.82127622135512
14.3381944444444,2.78493007967827
14.3395833333333,2.7426807186818
14.3409722222222,2.72927956783993
14.3423611111111,2.74770860580375
14.34375,2.8070417841524
14.3451388888889,2.91543615954091
14.3465277777778,2.89034573678431
14.3479166666667,2.973797396505
14.3493055555556,2.89432423047854
14.3506944444444,2.71233113260461
14.3520833333333,2.74243597510252
14.3534722222222,2.90309286030714
14.3548611111111,2.95622771191788
14.35625,2.87504979369004
14.3576388888889,2.8644956510665
14.3590277777778,2.9222642575592
14.3604166666667,2.81231842129617
14.3618055555556,2.9341872425945
14.3631944444444,2.88886721774533
14.3645833333333,2.83389697308853
14.3659722222222,2.86541618878805
14.3673611111111,2.97162123141508
14.36875,2.90260369572757
14.3701388888889,2.76332215487806
14.3715277777778,2.73677667300217
14.3729166666667,2.8855839638996
14.3743055555556,2.81373147553185
14.3756944444444,2.86237086144251
14.3770833333333,2.80176672704417
14.3784722222222,2.85050367933975
14.3798611111111,2.7795083816415
14.38125,2.79993115222346
14.3826388888889,2.77465426778685
14.3840277777778,2.73236632380458
14.3854166666667,2.68589061136968
14.3868055555556,2.64302149105414
14.3881944444444,2.79296424112132
14.3895833333333,2.8260582755949
14.3909722222222,2.80944807706652
14.3923611111111,2.74857577600995
14.39375,2.81910077014284
14.3951388888889,2.75307328532752
14.3965277777778,2.81194769160671
14.3979166666667,2.81271953841143
14.3993055555556,2.86766525528809
14.4006944444444,2.82688113572579
14.4020833333333,2.90340137680225
14.4034722222222,2.89627939613687
14.4048611111111,2.90729112099743
14.40625,2.89206834662253
14.4076388888889,2.90288225541244
14.4090277777778,2.89638204693423
14.4104166666667,2.77974509576185
14.4118055555556,2.83807009869614
14.4131944444444,2.79193929649537
14.4145833333333,2.82745381361314
14.4159722222222,2.80345335982998
14.4173611111111,2.95285942708142
14.41875,2.91518695304497
14.4201388888889,2.89187495153699
14.4215277777778,2.83057315656412
14.4229166666667,2.8073909134711
14.4243055555556,2.81582331632239
14.4256944444444,2.80798037757946
14.4270833333333,2.8444343788543
14.4284722222222,2.89400514533013
14.4298611111111,3.01103962259996
14.43125,3.03239156711041
14.4326388888889,2.95873874897213
14.4340277777778,2.92800506347841
14.4354166666667,2.95333484373043
14.4368055555556,3.06572721977215
14.4381944444444,3.05175404280827
14.4395833333333,2.99254700336983
14.4409722222222,3.01303557291426
14.4423611111111,3.04627584412417
14.44375,3.00930819899155
14.4451388888889,2.96036682247084
14.4465277777778,2.91716560262973
14.4479166666667,2.90398523168689
14.4493055555556,2.88438869260151
14.4506944444444,2.90106854402787
14.4520833333333,2.88773252768442
14.4534722222222,2.92103597657075
14.4548611111111,2.88046135928331
14.45625,2.98558309649092
14.4576388888889,3.00164652452175
14.4590277777778,3.00171093078884
14.4604166666667,3.06356065018052
14.4618055555556,3.07218751265995
14.4631944444444,2.98152795947484
14.4645833333333,3.08546824012317
14.4659722222222,3.05269840656704
14.4673611111111,2.99076202005853
14.46875,2.96866283090659
14.4701388888889,2.86665931317917
14.4715277777778,2.97002256193475
14.4729166666667,2.92345506030865
14.4743055555556,2.87915271425909
14.4756944444444,2.97314160797946
14.4770833333333,2.9253712680153
14.4784722222222,2.95797872691214
14.4798611111111,3.0223421480859
14.48125,2.98310939278265
14.4826388888889,2.91594242070474
14.4840277777778,2.89813676372019
14.4854166666667,2.90774955711252
14.4868055555556,2.89683897754278
14.4881944444444,2.90109704723708
14.4895833333333,2.84415365571811
14.4909722222222,2.72399438712337
14.4923611111111,2.75993929926709
14.49375,2.95591233005571
14.4951388888889,2.84989984383857
14.4965277777778,2.93652593286557
14.4979166666667,3.00767598781936
14.4993055555556,2.92606829098627
14.5006944444444,2.86470274542886
14.5020833333333,2.86164025438169
14.5034722222222,2.89861085904586
14.5048611111111,2.95962361619034
14.50625,2.97211563488393
14.5076388888889,2.9428205247465
14.5090277777778,2.96696776665143
14.5104166666667,2.82114871264108
14.5118055555556,2.7808997437037
14.5131944444444,2.83890048599239
14.5145833333333,2.89833118419424
14.5159722222222,2.91113385239717
14.5173611111111,2.83800151127365
14.51875,2.75400519515293
14.5201388888889,2.88964876108111
14.5215277777778,2.86859623704584
14.5229166666667,2.85927386239574
14.5243055555556,2.86894398002029
14.5256944444444,2.74019263208705
14.5270833333333,2.85299573228317
14.5284722222222,2.97479466959595
14.5298611111111,2.92024283799519
14.53125,2.89990407227211
14.5326388888889,2.92232686828671
14.5340277777778,2.96723995912298
14.5354166666667,2.89329642783127
14.5368055555556,2.98910845831238
14.5381944444444,2.92302402714425
14.5395833333333,2.96537915760702
14.5409722222222,2.99054833063604
14.5423611111111,2.88149459531839
14.54375,2.87264777912217
14.5451388888889,2.93808962958487
14.5465277777778,2.83189315696222
14.5479166666667,2.84182826249476
14.5493055555556,2.84379176907493
14.5506944444444,2.82112176822045
14.5520833333333,2.91775632811068
14.5534722222222,2.94066799810861
14.5548611111111,2.97218639895554
14.55625,2.83061957461256
14.5576388888889,2.93159889895469
14.5590277777778,2.90151458947189
14.5604166666667,2.98378970662786
14.5618055555556,2.88178054045577
14.5631944444444,3.01976347235157
14.5645833333333,3.08306798932923
14.5659722222222,3.00788005615106
14.5673611111111,3.03770243898789
14.56875,2.9080887956757
14.5701388888889,2.93216833006591
14.5715277777778,2.87462924564937
14.5729166666667,2.92500748587269
14.5743055555556,2.88530203987014
14.5756944444444,2.99238134208261
14.5770833333333,3.02416610905926
14.5784722222222,3.13130648414025
14.5798611111111,3.11150528937327
14.58125,3.13995280141967
14.5826388888889,3.04880870621324
14.5840277777778,3.09972429538548
14.5854166666667,3.03142727181831
14.5868055555556,2.970944924365
14.5881944444444,3.05693889728974
14.5895833333333,3.11977234518004
14.5909722222222,3.07274297811091
14.5923611111111,3.0173915346732
14.59375,3.04588651425532
14.5951388888889,3.16181473756159
14.5965277777778,3.06038732943754
14.5979166666667,3.07157351799007
14.5993055555556,3.01771484204644
14.6006944444444,2.91459098679794
14.6020833333333,2.97853046152237
14.6034722222222,2.91581710935193
14.6048611111111,2.97003980446607
14.60625,2.89784850373336
14.6076388888889,3.0307481674162
14.6090277777778,3.11205398895451
14.6104166666667,2.94595565908664
14.6118055555556,2.92047920526081
14.6131944444444,2.87191410394184
14.6145833333333,2.81642846574352
14.6159722222222,2.79810144169558
14.6173611111111,2.73611491873256
14.61875,2.75595599483397
14.6201388888889,2.94902418443077
14.6215277777778,2.92165125434513
14.6229166666667,2.90869458440087
14.6243055555556,2.86590174571108
14.6256944444444,2.77125866763055
14.6270833333333,2.78481879472934
14.6284722222222,2.74958218043871
14.6298611111111,2.84301714702333
14.63125,2.89058183747772
14.6326388888889,2.85647233328908
14.6340277777778,2.82303139195475
14.6354166666667,2.92853900997874
14.6368055555556,2.96330779802205
14.6381944444444,3.02889500688006
14.6395833333333,2.98729548298729
14.6409722222222,3.02199785844297
14.6423611111111,3.08396351824489
14.64375,3.09891378089181
14.6451388888889,2.97289159486221
14.6465277777778,3.05965103859057
14.6479166666667,3.04439952380553
14.6493055555556,3.01746026217635
14.6506944444444,2.99736222921127
14.6520833333333,3.01694171568788
14.6534722222222,3.05727078174115
14.6548611111111,3.03704897243832
14.65625,2.96862646836687
14.6576388888889,3.09245624030764
14.6590277777778,2.9101099671947
14.6604166666667,2.91869608905619
14.6618055555556,2.90146616690264
14.6631944444444,2.82757131594258
14.6645833333333,2.86798050891564
14.6659722222222,2.95280992305158
14.6673611111111,2.97019490563134
14.66875,3.01490281223999
14.6701388888889,3.01436855774876
14.6715277777778,3.01118781940533
14.6729166666667,3.0801947536356
14.6743055555556,3.02800020333883
14.6756944444444,2.90073555661995
14.6770833333333,2.88566120516358
14.6784722222222,2.92334027870281
14.6798611111111,2.94888043508399
14.68125,2.8766580321889
14.6826388888889,2.97070823756597
14.6840277777778,2.83168687047185
14.6854166666667,2.86628895142191
14.6868055555556,2.92499026912894
14.6881944444444,2.82852331936875
14.6895833333333,2.79839163643585
14.6909722222222,2.948876567251
14.6923611111111,2.92800296103028
14.69375,2.93272458457363
14.6951388888889,2.78874708284196
14.6965277777778,2.75658913257821
14.6979166666667,2.78582949796377
14.6993055555556,2.8106348266372
14.7006944444444,2.87453232776072
14.7020833333333,2.87153908408977
14.7034722222222,2.82318850453767
14.7048611111111,2.87305705464521
14.70625,2.87178333771944
14.7076388888889,2.81681111779983
14.7090277777778,2.93949991125437
14.7104166666667,2.84636193146375
14.7118055555556,2.81766324127848
14.7131944444444,2.88987617791202
14.7145833333333,2.88012481007526
14.7159722222222,2.80180293090037
14.7173611111111,2.8491733897276
14.71875,2.8143069296918
14.7201388888889,2.89251354689446
14.7215277777778,2.90734740537969
14.7229166666667,2.8449455958294
14.7243055555556,2.94001615288151
14.7256944444444,3.01847246674682
14.7270833333333,3.00635345036013
14.7284722222222,3.05308557925998
14.7298611111111,2.99971221577426
14.73125,2.9826074615876
14.7326388888889,3.00531883069906
14.7340277777778,2.9614489484528
14.7354166666667,2.94330833525699
14.7368055555556,3.01401327355966
14.7381944444444,2.94681150492318
14.7395833333333,2.96251464695544
14.7409722222222,2.99176908398953
14.7423611111111,2.9789886406003
14.74375,3.02277646062745
14.7451388888889,2.89702719802389
14.7465277777778,3.01220651599972
14.7479166666667,2.98839279278685
14.7493055555556,3.02254342956695
14.7506944444444,2.98602180686351
14.7520833333333,2.91980259213597
14.7534722222222,2.83401623462969
14.7548611111111,2.83903301497166
14.75625,2.82929114936977
14.7576388888889,2.92615530029493
14.7590277777778,2.96996334200171
14.7604166666667,3.04853877617436
14.7618055555556,3.01681546581204
14.7631944444444,2.89610254651917
14.7645833333333,2.99182107495899
14.7659722222222,3.03493705819789
14.7673611111111,3.03755565026674
14.76875,2.91207651200553
14.7701388888889,2.91995483815186
14.7715277777778,2.87457802350557
14.7729166666667,2.72275572520605
14.7743055555556,2.82832679160355
14.7756944444444,2.90951079695928
14.7770833333333,2.81133738771157
14.7784722222222,2.94753245854706
14.7798611111111,2.85892002068687
14.78125,2.86054350138717
14.7826388888889,2.95134489178481
14.7840277777778,2.87086838794513
14.7854166666667,2.89676726085128
14.7868055555556,2.90507559624274
14.7881944444444,2.94745848383408
14.7895833333333,2.90336752360894
14.7909722222222,2.81162317761384
14.7923611111111,2.91158318086968
14.79375,2.95680791987861
14.7951388888889,2.88133221155196
14.7965277777778,2.86478402767632
14.7979166666667,2.83212712138256
14.7993055555556,2.80802948085742
14.8006944444444,2.90179303570374
14.8020833333333,2.97589767422225
14.8034722222222,3.04314437987144
14.8048611111111,2.97780144305245
14.80625,2.83585978106507
14.8076388888889,2.75885287431585
14.8090277777778,2.76253162002241
14.8104166666667,2.88062658442839
14.8118055555556,2.91184551273221
14.8131944444444,2.84679364765415
14.8145833333333,2.95185038744396
14.8159722222222,2.97427032740922
14.8173611111111,2.99329256396143
14.81875,2.88216716185766
14.8201388888889,2.90507750890243
14.8215277777778,2.89656331119162
14.8229166666667,2.88567080820291
14.8243055555556,2.88259631380237
14.8256944444444,2.96611780040218
14.8270833333333,2.86213739773233
14.8284722222222,2.94613649877342
14.8298611111111,2.95811373245198
14.83125,2.89045099020508
14.8326388888889,3.04062066572039
14.8340277777778,2.91968172195846
14.8354166666667,2.94480969207487
14.8368055555556,3.05383490547034
14.8381944444444,2.98937991020471
14.8395833333333,2.98349985938419
14.8409722222222,2.98505900261571
14.8423611111111,3.03095186902116
14.84375,2.99791116923773
14.8451388888889,2.87064447471671
14.8465277777778,2.97617711091624
14.8479166666667,2.92940760926167
14.8493055555556,2.84810558386852
14.8506944444444,2.88105713912739
14.8520833333333,2.89999720975096
14.8534722222222,2.94221259730339
14.8548611111111,2.99225558336145
14.85625,2.87528756711116
14.8576388888889,2.86756051456354
14.8590277777778,2.96118062761663
14.8604166666667,2.93661055014142
14.8618055555556,2.8497823810514
14.8631944444444,2.83595508183636
14.8645833333333,2.89586271340581
14.8659722222222,2.90811935877994
14.8673611111111,2.95354238452667
14.86875,3.05524280654543
14.8701388888889,3.03138251156319
14.8715277777778,3.0072975437396
14.8729166666667,3.01108272184895
14.8743055555556,2.98537854194748
14.8756944444444,3.07763746860626
14.8770833333333,3.13677461140764
14.8784722222222,3.07185582919801
14.8798611111111,3.04828693393328
14.88125,2.96858555699598
14.8826388888889,2.94045658174877
14.8840277777778,2.97802713488833
14.8854166666667,2.90816361795658
14.8868055555556,2.90577596488937
14.8881944444444,2.84744542102783
14.8895833333333,2.90938287235268
14.8909722222222,2.98817972339237
14.8923611111111,2.9820690181207
14.89375,2.88411520907146
14.8951388888889,2.94298554204304
14.8965277777778,2.90037745892108
14.8979166666667,2.88228981475019
14.8993055555556,2.83205026028225
14.9006944444444,2.81743332936989
14.9020833333333,2.74079590290785
14.9034722222222,2.69275328625195
14.9048611111111,2.77918152767863
14.90625,2.81980948501292
14.9076388888889,2.83280332162001
14.9090277777778,2.94113642244122
14.9104166666667,2.91906357930369
14.9118055555556,2.92525027996886
14.9131944444444,2.94195250767862
14.9145833333333,2.94094064413818
14.9159722222222,2.97665513321959
14.9173611111111,2.89319814001588
14.91875,2.88800369530312
14.9201388888889,2.98733656963921
14.9215277777778,2.92220424045179
14.9229166666667,2.96565368819378
14.9243055555556,2.95131122259222
14.9256944444444,2.93465386310315
14.9270833333333,2.94109969299186
14.9284722222222,2.89397279152999
14.9298611111111,3.01798395195825
14.93125,2.97981006488506
14.9326388888889,2.9803154733334
14.9340277777778,2.92108020133565
14.9354166666667,2.90085088282295
14.9368055555556,2.8603660843085
14.9381944444444,2.95331743539538
14.9395833333333,2.9989032386047
14.9409722222222,2.97368448301898
14.9423611111111,2.90987819330562
14.94375,2.90928568118063
14.9451388888889,2.89670485211536
14.9465277777778,2.94274234307326
14.9479166666667,2.95658199426819
14.9493055555556,2.93861328451768
14.9506944444444,2.98646545883369
14.9520833333333,2.92763425653951
14.9534722222222,2.73448143171373
14.9548611111111,2.7840586446125
14.95625,2.87484124290279
14.9576388888889,2.89487358219796
14.9590277777778,2.79261277968102
14.9604166666667,2.83638218897269
14.9618055555556,2.90176709765896
14.9631944444444,2.94611019940694
14.9645833333333,2.84337520814576
14.9659722222222,2.87935300262934
14.9673611111111,2.86388776154333
14.96875,2.79493826745405
14.9701388888889,2.8162222973801
14.9715277777778,2.82981866677899
14.9729166666667,2.85122047074303
14.9743055555556,2.85248124905912
14.9756944444444,2.7209367848165
14.9770833333333,2.78072961190805
14.9784722222222,2.8560431565011
14.9798611111111,2.81283049780649
14.98125,2.82289162047901
14.9826388888889,2.90293194624561
14.9840277777778,2.79777826524003
14.9854166666667,2.79297991253426
14.9868055555556,2.93229431294251
14.9881944444444,2.8503757916396
14.9895833333333,2.85727136808948
14.9909722222222,2.78118943179788
14.9923611111111,2.81661719816173
14.99375,2.78112603176613
14.9951388888889,2.86305895422785
14.9965277777778,2.84609247505076
14.9979166666667,2.7223977808188
14.9993055555556,2.81394753670542
15.0006944444444,2.88242996029942
15.0020833333333,2.70746745676005
15.0034722222222,2.73245826350576
15.0048611111111,2.81094069177836
15.00625,2.85018754571512
15.0076388888889,2.8337775394954
15.0090277777778,2.81252659021617
15.0104166666667,2.81239846577158
15.0118055555556,2.72434723083576
15.0131944444444,2.79908809215654
15.0145833333333,2.84252245744
15.0159722222222,2.92070988989213
15.0173611111111,2.81034387405059
15.01875,2.82836811892375
15.0201388888889,2.87673835503017
15.0215277777778,2.92619046789347
15.0229166666667,2.81194730318661
15.0243055555556,2.92016273552511
15.0256944444444,2.86923775972185
15.0270833333333,2.84174653810693
15.0284722222222,2.94863049276046
15.0298611111111,2.96962432657071
15.03125,2.79433806123985
15.0326388888889,2.83348594347433
15.0340277777778,2.89867937336771
15.0354166666667,2.87274675260513
15.0368055555556,2.78665702173417
15.0381944444444,2.8205852952412
15.0395833333333,2.91409000062992
15.0409722222222,3.01795260110857
15.0423611111111,2.89765637793078
15.04375,3.01026625630325
15.0451388888889,2.96464070115162
15.0465277777778,2.90448551362564
15.0479166666667,2.9987698065966
15.0493055555556,2.93672784843615
15.0506944444444,2.79923941770435
15.0520833333333,2.86464695989782
15.0534722222222,2.81086197523812
15.0548611111111,2.81015221547766
15.05625,2.72172606126944
15.0576388888889,2.80190463473095
15.0590277777778,2.85915933098315
15.0604166666667,2.87501143256114
15.0618055555556,2.74011852745866
15.0631944444444,2.83191269078628
15.0645833333333,2.87986998204269
15.0659722222222,2.86885311310084
15.0673611111111,2.71524823535563
15.06875,2.81817183091755
15.0701388888889,2.79164450377429
15.0715277777778,2.78022460026831
15.0729166666667,2.7595280416842
15.0743055555556,2.77840055112226
15.0756944444444,2.8494684367637
15.0770833333333,2.73114898295592
15.0784722222222,2.84709102201725
15.0798611111111,2.92405870990023
15.08125,2.897298197281
15.0826388888889,2.81987456057449
15.0840277777778,2.77451336513223
15.0854166666667,2.96585227715067
15.0868055555556,2.87192852312357
15.0881944444444,2.95933496574063
15.0895833333333,2.93017029614017
15.0909722222222,2.90770194361455
15.0923611111111,2.97981923884953
15.09375,2.91033073195231
15.0951388888889,2.85456974801867
15.0965277777778,2.81195327543597
15.0979166666667,2.77090843223023
15.0993055555556,2.90583738015623
15.1006944444444,2.8800484418123
15.1020833333333,2.82504765479033
15.1034722222222,2.85615629470134
15.1048611111111,2.91492162150692
15.10625,2.90962069086274
15.1076388888889,2.94818801693872
15.1090277777778,2.96393710577569
15.1104166666667,2.81396326607293
15.1118055555556,2.78679260594745
15.1131944444444,2.76927100759012
15.1145833333333,2.73255225566618
15.1159722222222,2.73546473968293
15.1173611111111,2.71360185504796
15.11875,2.82636526925014
15.1201388888889,2.78421591974313
15.1215277777778,2.78408944089802
15.1229166666667,2.73744109876099
15.1243055555556,2.83810501342931
15.1256944444444,2.7374356802724
15.1270833333333,2.79235573043274
15.1284722222222,2.75363926791434
15.1298611111111,2.79217934170991
15.13125,2.84446224871212
15.1326388888889,2.87296050898794
15.1340277777778,2.77290800158695
15.1354166666667,2.84992257919682
15.1368055555556,2.76882694398534
15.1381944444444,2.85898469700193
15.1395833333333,2.76306011549634
15.1409722222222,2.8623765645308
15.1423611111111,2.76463418983582
15.14375,2.82079037395464
15.1451388888889,2.84771480484783
15.1465277777778,2.75505165893863
15.1479166666667,2.79534102109305
15.1493055555556,2.77218243876016
15.1506944444444,2.78879389585294
15.1520833333333,2.78738485345123
15.1534722222222,2.75259622192124
15.1548611111111,2.82590102133195
15.15625,2.86106231093144
15.1576388888889,2.79530252645039
15.1590277777778,2.73238433712498
15.1604166666667,2.7223950180884
15.1618055555556,2.68071276190228
15.1631944444444,2.62637919022188
15.1645833333333,2.68761913346635
15.1659722222222,2.69102861707378
15.1673611111111,2.75799435397395
15.16875,2.89798678435246
15.1701388888889,2.88953448615202
15.1715277777778,2.88639493301815
15.1729166666667,2.81980559872907
15.1743055555556,2.74906189302553
15.1756944444444,2.87634266843603
15.1770833333333,2.81358377537912
15.1784722222222,2.79664545052298
15.1798611111111,2.76063977301019
15.18125,2.66561195026247
15.1826388888889,2.70297926788529
15.1840277777778,2.58652536453185
15.1854166666667,2.72284985598981
15.1868055555556,2.62177585196228
15.1881944444444,2.61503104831339
15.1895833333333,2.59285315843996
15.1909722222222,2.58618015260119
15.1923611111111,2.57680711475816
15.19375,2.6585719203133
15.1951388888889,2.76188968841088
15.1965277777778,2.7427491704493
15.1979166666667,2.79130607913723
15.1993055555556,2.89430797369961
15.2006944444444,2.86637748965398
15.2020833333333,2.8707979330603
15.2034722222222,2.87008228834693
15.2048611111111,2.82772839049093
15.20625,2.66163523485298
15.2076388888889,2.70926698292431
15.2090277777778,2.64573576174309
15.2104166666667,2.72113902034233
15.2118055555556,2.83918330433215
15.2131944444444,2.79281678963072
15.2145833333333,2.73667741511144
15.2159722222222,2.68234421239158
15.2173611111111,2.67257371798259
15.21875,2.72854897438162
15.2201388888889,2.73851946385167
15.2215277777778,2.66798070716184
15.2229166666667,2.68447539968841
15.2243055555556,2.70498506887816
15.2256944444444,2.82066808499041
15.2270833333333,2.88698600402393
15.2284722222222,2.88676892142176
15.2298611111111,2.73924031745655
15.23125,2.80350263248005
15.2326388888889,2.73553167960169
15.2340277777778,2.77108392014555
15.2354166666667,2.82556925840727
15.2368055555556,2.79510645360565
15.2381944444444,2.80700395418154
15.2395833333333,2.79752370279257
15.2409722222222,2.9223971003223
15.2423611111111,2.85935679858639
15.24375,2.88802289384968
15.2451388888889,2.9283539500645
15.2465277777778,2.96474227911102
15.2479166666667,2.87441000620499
15.2493055555556,2.85134159165377
15.2506944444444,2.87713824840956
15.2520833333333,2.929104857888
15.2534722222222,2.81384508303037
15.2548611111111,2.83987788257956
15.25625,2.81817230613915
15.2576388888889,2.82784684573706
15.2590277777778,2.81918412971241
15.2604166666667,2.82843911597112
15.2618055555556,2.91333978815673
15.2631944444444,2.89094362894174
15.2645833333333,2.93436933151719
15.2659722222222,2.86099756853718
15.2673611111111,2.86464809804369
15.26875,2.76547999515319
15.2701388888889,2.79827607868455
15.2715277777778,2.84105342224266
15.2729166666667,2.87081338061641
15.2743055555556,2.91109781107884
15.2756944444444,2.92049467104937
15.2770833333333,2.89666440079407
15.2784722222222,2.86593884135894
15.2798611111111,2.89353819706534
15.28125,2.83277276798855
15.2826388888889,2.8594838931561
15.2840277777778,2.88527278216923
15.2854166666667,2.86421118022836
15.2868055555556,2.82369468209087
15.2881944444444,2.89782182537779
15.2895833333333,2.86730132746149
15.2909722222222,2.796580661405
15.2923611111111,2.76754192487166
15.29375,2.80833004463185
15.2951388888889,2.74200148426858
15.2965277777778,2.80978001609997
15.2979166666667,2.76789431189675
15.2993055555556,2.8147064776597
15.3006944444444,2.89986857325852
15.3020833333333,2.93236716400807
15.3034722222222,2.84952003382096
15.3048611111111,2.88970897698357
15.30625,2.95838295075358
15.3076388888889,2.88113347127983
15.3090277777778,2.8221427416619
15.3104166666667,2.88844887364884
15.3118055555556,2.90704681100894
15.3131944444444,2.87903483381786
15.3145833333333,2.85224895995288
15.3159722222222,2.82233211677521
15.3173611111111,2.9115723295226
15.31875,2.81179013307884
15.3201388888889,2.83735589978291
15.3215277777778,2.85197413365553
15.3229166666667,2.816828548224
15.3243055555556,2.92196299338422
15.3256944444444,2.7966847590608
15.3270833333333,2.80723889904464
15.3284722222222,2.9300149053608
15.3298611111111,2.84882660176871
15.33125,2.79173035837304
15.3326388888889,2.83122468682411
15.3340277777778,2.80057530509637
15.3354166666667,2.77591598068592
15.3368055555556,2.83883966888193
15.3381944444444,2.79854086268738
15.3395833333333,2.78528492446659
15.3409722222222,2.82684927975417
15.3423611111111,2.86105581742971
15.34375,2.84289341344067
15.3451388888889,2.98039752460357
15.3465277777778,2.86606231558637
15.3479166666667,2.88415683496769
15.3493055555556,2.85182366064008
15.3506944444444,2.77560725724515
15.3520833333333,2.80930337996609
15.3534722222222,2.77841374262863
15.3548611111111,2.93442738053649
15.35625,2.92145644160951
15.3576388888889,2.84033411303472
15.3590277777778,2.80825183468991
15.3604166666667,2.82420458106742
15.3618055555556,2.97983993123583
15.3631944444444,2.87347355804273
15.3645833333333,2.8029242863207
15.3659722222222,2.79131261071786
15.3673611111111,2.85448990835726
15.36875,2.84962002755631
15.3701388888889,2.80944018813522
15.3715277777778,2.78457875831487
15.3729166666667,2.78903325403831
15.3743055555556,2.85309226135565
15.3756944444444,2.94257060907224
15.3770833333333,2.8853405672474
15.3784722222222,2.88202111468631
15.3798611111111,2.7248012479458
15.38125,2.80019417384855
15.3826388888889,2.79904585944957
15.3840277777778,2.79335836049955
15.3854166666667,2.81430502970811
15.3868055555556,2.83968345405293
15.3881944444444,2.7541569892165
15.3895833333333,2.76430317414861
15.3909722222222,2.77388437933662
15.3923611111111,2.81357667068072
15.39375,2.75868342355603
15.3951388888889,2.76073664518669
15.3965277777778,2.83862230550422
15.3979166666667,2.84106571590734
15.3993055555556,2.84958541367938
15.4006944444444,2.81276052561747
15.4020833333333,2.84036409591331
15.4034722222222,2.82157465207333
15.4048611111111,2.91753185798927
15.40625,2.89951918277966
15.4076388888889,2.88706576875823
15.4090277777778,2.90002008082763
15.4104166666667,2.90918029517848
15.4118055555556,2.87356187086307
15.4131944444444,2.86446836609773
15.4145833333333,2.84926074088177
15.4159722222222,2.89216400724741
15.4173611111111,2.87818690821478
15.41875,2.92468415274202
15.4201388888889,2.84567385652185
15.4215277777778,2.95913136566413
15.4229166666667,2.97608775727223
15.4243055555556,2.99287608252572
15.4256944444444,2.93331541547387
15.4270833333333,2.82964589556071
15.4284722222222,2.87370707736142
15.4298611111111,3.01334906398591
15.43125,2.93913938115243
15.4326388888889,2.95319715713081
15.4340277777778,2.98948208460597
15.4354166666667,2.96660730651371
15.4368055555556,2.96658442448983
15.4381944444444,2.91047317042415
15.4395833333333,2.9196960297327
15.4409722222222,2.79946982977139
15.4423611111111,2.87272869002115
15.44375,2.92522134780124
15.4451388888889,2.89275039710915
15.4465277777778,2.81452943925701
15.4479166666667,2.80737006521727
15.4493055555556,2.89012195538416
15.4506944444444,2.85165742120775
15.4520833333333,2.92758339565551
15.4534722222222,2.91503478062092
15.4548611111111,2.95353312612999
15.45625,2.88520699390369
15.4576388888889,2.86781803077581
15.4590277777778,2.92308247140189
15.4604166666667,2.95625474039769
15.4618055555556,2.81876460163138
15.4631944444444,2.81945017857563
15.4645833333333,2.82322671297988
15.4659722222222,2.90548617745984
15.4673611111111,2.85494038157266
15.46875,2.94907077789294
15.4701388888889,2.97750010561565
15.4715277777778,2.87983768660778
15.4729166666667,2.94250600774247
15.4743055555556,2.90699422271719
15.4756944444444,2.87641228065782
15.4770833333333,2.81017832295671
15.4784722222222,2.75673056105278
15.4798611111111,2.82454730903565
15.48125,2.89855542385849
15.4826388888889,3.00900408919571
15.4840277777778,3.06314091255166
15.4854166666667,2.99313819400814
15.4868055555556,2.92463077644051
15.4881944444444,2.94358398647643
15.4895833333333,2.89264987136687
15.4909722222222,2.92266106972674
15.4923611111111,3.01176664484609
15.49375,3.05958557930271
15.4951388888889,3.00733418166511
15.4965277777778,3.04622702726771
15.4979166666667,2.92840513732676
15.4993055555556,2.92919376188395
15.5006944444444,2.94978971745768
15.5020833333333,2.88740268544782
15.5034722222222,2.91466586669387
15.5048611111111,2.92227584917453
15.50625,2.74102431495807
15.5076388888889,2.71907371248999
15.5090277777778,2.69480677278472
15.5104166666667,2.75708663296968
15.5118055555556,2.89881897383198
15.5131944444444,2.96832581428925
15.5145833333333,2.95288299508773
15.5159722222222,2.88924210141001
15.5173611111111,2.93288326366063
15.51875,2.94039063540851
15.5201388888889,2.81115131779593
15.5215277777778,2.81946995622497
15.5229166666667,2.7891494930424
15.5243055555556,2.77715694549538
15.5256944444444,2.87609956327978
15.5270833333333,2.77006319377153
15.5284722222222,2.76819677062992
15.5298611111111,2.83891238131541
15.53125,2.79074925640408
15.5326388888889,2.85209859484414
15.5340277777778,2.77144429541263
15.5354166666667,2.7638039501783
15.5368055555556,2.81603957205808
15.5381944444444,2.83304311958503
15.5395833333333,2.85643782813837
15.5409722222222,2.78936102697436
15.5423611111111,2.69128010096345
15.54375,2.83421715480738
15.5451388888889,2.84688519946217
15.5465277777778,2.87221280754018
15.5479166666667,2.73820120966708
15.5493055555556,2.67903021066038
15.5506944444444,2.76232602876503
15.5520833333333,2.7627972577632
15.5534722222222,2.84936676369853
15.5548611111111,2.82475874008497
15.55625,2.81538707005227
15.5576388888889,2.81477515472948
15.5590277777778,2.68383450062983
15.5604166666667,2.70531505412029
15.5618055555556,2.66367517118057
15.5631944444444,2.56996171904386
15.5645833333333,2.69615611160288
15.5659722222222,2.67925331799858
15.5673611111111,2.71406279833747
15.56875,2.72203448460418
15.5701388888889,2.72190607792768
15.5715277777778,2.75745997816122
15.5729166666667,2.60281781733137
15.5743055555556,2.67604638843918
15.5756944444444,2.70163467346032
15.5770833333333,2.72473028750748
15.5784722222222,2.80317254121206
15.5798611111111,2.82793662462662
15.58125,2.73242191501203
15.5826388888889,2.75335368756078
15.5840277777778,2.82046774769721
15.5854166666667,2.84732786366965
15.5868055555556,2.84063070846506
15.5881944444444,2.84661766030148
15.5895833333333,2.87746894432051
15.5909722222222,2.78566999435203
15.5923611111111,2.77426466396471
15.59375,2.86511629197721
15.5951388888889,2.84786991866267
15.5965277777778,2.85173208796147
15.5979166666667,2.77638837677382
15.5993055555556,2.7399646805886
15.6006944444444,2.80613094978161
15.6020833333333,2.84254474716806
15.6034722222222,2.72662951466532
15.6048611111111,2.68098432167756
15.60625,2.6931200197258
15.6076388888889,2.77439029742869
15.6090277777778,2.77425375114414
15.6104166666667,2.82591324354059
15.6118055555556,2.80062248570477
15.6131944444444,2.78435144796144
15.6145833333333,2.76353560704865
15.6159722222222,2.80370928534642
15.6173611111111,2.76677295930532
15.61875,2.8056508555096
15.6201388888889,2.86475116275504
15.6215277777778,2.7832131508459
15.6229166666667,2.72564243119793
15.6243055555556,2.69471932057811
15.6256944444444,2.86861527290474
15.6270833333333,2.81305306331337
15.6284722222222,2.7520876817665
15.6298611111111,2.7384845647378
15.63125,2.83158565462142
15.6326388888889,2.89156076497854
15.6340277777778,2.83728607715469
15.6354166666667,2.77594465874199
15.6368055555556,2.77080786857931
15.6381944444444,2.77141426428899
15.6395833333333,2.75123770022606
15.6409722222222,2.77738947791466
15.6423611111111,2.74070053989365
15.64375,2.79300449973885
15.6451388888889,2.70100099087826
15.6465277777778,2.77670761262428
15.6479166666667,2.67954627245817
15.6493055555556,2.798838342635
15.6506944444444,2.72056191337935
15.6520833333333,2.74285855244364
15.6534722222222,2.74364353876662
15.6548611111111,2.79776601421134
15.65625,2.80262471769056
15.6576388888889,2.89146756207203
15.6590277777778,2.8167055930917
15.6604166666667,2.79107276046788
15.6618055555556,2.80646072568841
15.6631944444444,2.76569712477527
15.6645833333333,2.78427359170033
15.6659722222222,2.78309614024423
15.6673611111111,2.77719930654311
15.66875,2.77022998931114
15.6701388888889,2.7665169120063
15.6715277777778,2.72274806213622
15.6729166666667,2.79169128591917
15.6743055555556,2.74329709565306
15.6756944444444,2.79901364212539
15.6770833333333,2.8855445398664
15.6784722222222,2.85838537262816
15.6798611111111,2.81821889924456
15.68125,2.74536179613677
15.6826388888889,2.87691996925745
15.6840277777778,2.98131172769532
15.6854166666667,2.90688561556899
15.6868055555556,2.84223431903793
15.6881944444444,2.90206581734273
15.6895833333333,2.83586067399232
15.6909722222222,2.91978329670343
15.6923611111111,2.85430464327817
15.69375,2.87398208173144
15.6951388888889,2.88560673447491
15.6965277777778,2.84369457136447
15.6979166666667,2.85158105676069
15.6993055555556,2.89057120244925
15.7006944444444,2.93537282558525
15.7020833333333,2.86517611470352
15.7034722222222,2.85224854555868
15.7048611111111,2.78625744550812
15.70625,2.82601040242506
15.7076388888889,2.81695890738344
15.7090277777778,2.85483117278691
15.7104166666667,2.80194843761927
15.7118055555556,2.85157710398693
15.7131944444444,2.7505994073185
15.7145833333333,2.73262121707049
15.7159722222222,2.73471083818439
15.7173611111111,2.73901708886268
15.71875,2.81684340994811
15.7201388888889,2.80305425873419
15.7215277777778,2.79490654550645
15.7229166666667,2.75378802489667
15.7243055555556,2.7655241818351
15.7256944444444,2.80739693262545
15.7270833333333,2.78810424982969
15.7284722222222,2.92646955805165
15.7298611111111,2.91595516488159
15.73125,2.8180353601913
15.7326388888889,2.78389953513991
15.7340277777778,2.8561434725008
15.7354166666667,2.83632375548283
15.7368055555556,2.80118301536153
15.7381944444444,2.7880969575676
15.7395833333333,2.76458974799845
15.7409722222222,2.73042601212656
15.7423611111111,2.79315916626226
15.74375,2.8887810862091
15.7451388888889,2.85981586154829
15.7465277777778,2.82620332628286
15.7479166666667,2.82884194251137
15.7493055555556,2.82262426872617
15.7506944444444,2.81686735551703
15.7520833333333,2.79721743075199
15.7534722222222,2.74161273070459
15.7548611111111,2.758803165296
15.75625,2.90041652207776
15.7576388888889,2.88266475065643
15.7590277777778,2.84374506351202
15.7604166666667,2.85412819012303
15.7618055555556,2.77705440838777
15.7631944444444,2.77328787526737
15.7645833333333,2.79209637989569
15.7659722222222,2.73009533452212
15.7673611111111,2.90479077691162
15.76875,2.8354338965423
15.7701388888889,2.80916533677452
15.7715277777778,2.86097203053179
15.7729166666667,2.85511688662528
15.7743055555556,2.86284815629019
15.7756944444444,2.75576698813638
15.7770833333333,2.83835539325666
15.7784722222222,2.91564463717597
15.7798611111111,2.82388373124286
15.78125,2.6559594561707
15.7826388888889,2.71471094686006
15.7840277777778,2.76973261822927
15.7854166666667,2.69946282638908
15.7868055555556,2.64522779089887
15.7881944444444,2.73655240080592
15.7895833333333,2.77032074167514
15.7909722222222,2.95086197599414
15.7923611111111,2.85170936707223
15.79375,2.80848873823526
15.7951388888889,2.76638541304741
15.7965277777778,2.85967999311531
15.7979166666667,2.79876117162457
15.7993055555556,2.82070653278268
15.8006944444444,2.90226100016461
15.8020833333333,2.89064705564359
15.8034722222222,2.86116634190184
15.8048611111111,2.86050137952743
15.80625,2.86096599428332
15.8076388888889,2.8880225097013
15.8090277777778,2.87641993424456
15.8104166666667,2.98572643492751
15.8118055555556,3.03707880570813
15.8131944444444,2.98095186561549
15.8145833333333,2.85484676046588
15.8159722222222,2.9280410632998
15.8173611111111,2.90129201315964
15.81875,2.9944142857123
15.8201388888889,2.92549926295978
15.8215277777778,2.94515646178098
15.8229166666667,2.94346340101998
15.8243055555556,2.96717754771718
15.8256944444444,2.89032894320989
15.8270833333333,2.93045120797006
15.8284722222222,2.81961907247251
15.8298611111111,2.9154554006254
15.83125,2.85522052892531
15.8326388888889,2.80890478601768
15.8340277777778,2.76414795754617
15.8354166666667,2.89785756341175
15.8368055555556,2.88859416434516
15.8381944444444,2.92704965863504
15.8395833333333,2.91629063317768
15.8409722222222,3.02571300792248
15.8423611111111,2.93406288542145
15.84375,2.85563735563789
15.8451388888889,2.83787037506953
15.8465277777778,2.77689465647247
15.8479166666667,2.85894126688339
15.8493055555556,2.83401192601796
15.8506944444444,2.73858847427277
15.8520833333333,2.84951411066007
15.8534722222222,2.87599722645721
15.8548611111111,2.7877597956519
15.85625,2.69685647151984
15.8576388888889,2.81595673109246
15.8590277777778,2.69450270757079
15.8604166666667,2.68524311362531
15.8618055555556,2.74780415825951
15.8631944444444,2.78491585025703
15.8645833333333,2.81866947016647
15.8659722222222,2.75190880965619
15.8673611111111,2.78610546484298
15.86875,2.69298178096916
15.8701388888889,2.69039948981217
15.8715277777778,2.74460787102453
15.8729166666667,2.85501014525514
15.8743055555556,2.76977689670665
15.8756944444444,2.68424544641811
15.8770833333333,2.70149366903518
15.8784722222222,2.61449818517126
15.8798611111111,2.63345713212731
15.88125,2.75982936327251
15.8826388888889,2.76904514447792
15.8840277777778,2.7370585024889
15.8854166666667,2.72096193451308
15.8868055555556,2.74101329232458
15.8881944444444,2.74925281548378
15.8895833333333,2.71437786708326
15.8909722222222,2.67141221219446
15.8923611111111,2.76634719947568
15.89375,2.72049553549079
15.8951388888889,2.7576808031311
15.8965277777778,2.73713909180797
15.8979166666667,2.75782858905522
15.8993055555556,2.82401524004716
15.9006944444444,2.79505437232402
15.9020833333333,2.66163456688325
15.9034722222222,2.58222085509297
15.9048611111111,2.65014561742139
15.90625,2.65132879252311
15.9076388888889,2.66120926706361
15.9090277777778,2.66508407586018
15.9104166666667,2.8025873164792
15.9118055555556,2.67276727100818
15.9131944444444,2.69320012243278
15.9145833333333,2.67414057176231
15.9159722222222,2.73838887390123
15.9173611111111,2.62252318833917
15.91875,2.63728898681612
15.9201388888889,2.62422631221165
15.9215277777778,2.69658926733117
15.9229166666667,2.67554967771886
15.9243055555556,2.71986216754608
15.9256944444444,2.6534646816463
15.9270833333333,2.78215813268052
15.9284722222222,2.74213870942314
15.9298611111111,2.70420479262564
15.93125,2.59587927590929
15.9326388888889,2.70638156868201
15.9340277777778,2.73965272064112
15.9354166666667,2.69927695949822
15.9368055555556,2.68449728596531
15.9381944444444,2.53951770496447
15.9395833333333,2.5066528864661
15.9409722222222,2.55583359171212
15.9423611111111,2.59469341765456
15.94375,2.57212086417237
15.9451388888889,2.56590124348901
15.9465277777778,2.59456313843047
15.9479166666667,2.60235772052856
15.9493055555556,2.69238901380164
15.9506944444444,2.56210265531233
15.9520833333333,2.62207618895221
15.9534722222222,2.64829145951298
15.9548611111111,2.70416343318565
15.95625,2.70310623763877
15.9576388888889,2.72525529525414
15.9590277777778,2.5807710712028
15.9604166666667,2.54885739863527
15.9618055555556,2.63394137720188
15.9631944444444,2.57094735885673
15.9645833333333,2.49253197377358
15.9659722222222,2.56995262137811
15.9673611111111,2.5001973942806
15.96875,2.54708843125778
15.9701388888889,2.5913181347253
15.9715277777778,2.53345646451348
15.9729166666667,2.4367677065208
15.9743055555556,2.58867658993394
15.9756944444444,2.60104215971264
15.9770833333333,2.59644480605553
15.9784722222222,2.62214590236228
15.9798611111111,2.74563780658543
15.98125,2.64823803319564
15.9826388888889,2.67376630317394
15.9840277777778,2.74996522528382
15.9854166666667,2.76678377717455
15.9868055555556,2.647320266699
15.9881944444444,2.70916713341488
15.9895833333333,2.62524421632189
15.9909722222222,2.69422708356081
15.9923611111111,2.82550784500734
15.99375,2.7694126318532
15.9951388888889,2.6832346254342
15.9965277777778,2.63537492391457
15.9979166666667,2.52897996901086
15.9993055555556,2.52450008613697
16.0006944444444,2.65095191967807
16.0020833333333,2.66994909365617
16.0034722222222,2.78768690347
16.0048611111111,2.73624515911045
16.00625,2.65616399281204
16.0076388888889,2.63555990064795
16.0090277777778,2.67719454309415
16.0104166666667,2.61683745203274
16.0118055555556,2.67584028943413
16.0131944444444,2.59776715247505
16.0145833333333,2.63588845349063
16.0159722222222,2.6221886158867
16.0173611111111,2.57703759091697
16.01875,2.55294200679173
16.0201388888889,2.53976696012478
16.0215277777778,2.59610717696317
16.0229166666667,2.51659132117013
16.0243055555556,2.62040902820232
16.0256944444444,2.68613809187973
16.0270833333333,2.66098969763614
16.0284722222222,2.71268256115062
16.0298611111111,2.75608880132386
16.03125,2.74109639041126
16.0326388888889,2.70745123626639
16.0340277777778,2.68808242688779
16.0354166666667,2.72425596947547
16.0368055555556,2.65460167836626
16.0381944444444,2.74739648538585
16.0395833333333,2.7003849684039
16.0409722222222,2.68463584375536
16.0423611111111,2.65394610267285
16.04375,2.55687166354461
16.0451388888889,2.6259037245217
16.0465277777778,2.63514322212891
16.0479166666667,2.56443051784141
16.0493055555556,2.44400316829711
16.0506944444444,2.5109337140825
16.0520833333333,2.52099549841947
16.0534722222222,2.51526588639387
16.0548611111111,2.52246666560266
16.05625,2.61697864972156
16.0576388888889,2.56036812952739
16.0590277777778,2.48424930936422
16.0604166666667,2.61225224209658
16.0618055555556,2.60174311098142
16.0631944444444,2.58425506381761
16.0645833333333,2.60235322120229
16.0659722222222,2.64494232815686
16.0673611111111,2.61803721049864
16.06875,2.64515722968432
16.0701388888889,2.50476418715604
16.0715277777778,2.52047900049979
16.0729166666667,2.45652215271003
16.0743055555556,2.4984254398776
16.0756944444444,2.54181665427615
16.0770833333333,2.55852300188422
16.0784722222222,2.55854901809524
16.0798611111111,2.67158707814152
16.08125,2.63958302342973
16.0826388888889,2.5652883283059
16.0840277777778,2.69078418090433
16.0854166666667,2.7028845608944
16.0868055555556,2.6170438812146
16.0881944444444,2.63057397211566
16.0895833333333,2.6226097173691
16.0909722222222,2.63270369080865
16.0923611111111,2.71598694145325
16.09375,2.76721592805646
16.0951388888889,2.81713614214947
16.0965277777778,2.69560702076676
16.0979166666667,2.55914688927635
16.0993055555556,2.5778988212233
16.1006944444444,2.62162677907594
16.1020833333333,2.65830895931422
16.1034722222222,2.6416047228212
16.1048611111111,2.59185405328021
16.10625,2.5330122730435
16.1076388888889,2.55356905611903
16.1090277777778,2.54195036444509
16.1104166666667,2.53650209305136
16.1118055555556,2.57259414044088
16.1131944444444,2.57400940966849
16.1145833333333,2.54146637909984
16.1159722222222,2.55817846953869
16.1173611111111,2.54526757381755
16.11875,2.44513387110743
16.1201388888889,2.53011684961059
16.1215277777778,2.55057487455609
16.1229166666667,2.57640597664872
16.1243055555556,2.58695027846716
16.1256944444444,2.5654069949575
16.1270833333333,2.6004771424242
16.1284722222222,2.61605637355828
16.1298611111111,2.56808119122775
16.13125,2.66782464837136
16.1326388888889,2.60854692054124
16.1340277777778,2.57863504630925
16.1354166666667,2.57231725364619
16.1368055555556,2.5853826868899
16.1381944444444,2.56740813489471
16.1395833333333,2.64120159353934
16.1409722222222,2.78785226947698
16.1423611111111,2.72437283542438
16.14375,2.63774322985741
16.1451388888889,2.62164384902765
16.1465277777778,2.70256016928335
16.1479166666667,2.65325589491637
16.1493055555556,2.70368915635358
16.1506944444444,2.62194320646615
16.1520833333333,2.64233129932767
16.1534722222222,2.63388076387853
16.1548611111111,2.58721348586283
16.15625,2.49104383399672
16.1576388888889,2.57603602691674
16.1590277777778,2.53817173029252
16.1604166666667,2.55701594024288
16.1618055555556,2.53019121241737
16.1631944444444,2.50558910561372
16.1645833333333,2.52858265385437
16.1659722222222,2.60311727643965
16.1673611111111,2.50293192889567
16.16875,2.5446498818176
16.1701388888889,2.57821839657568
16.1715277777778,2.59828011351986
16.1729166666667,2.58564395459248
16.1743055555556,2.62887848340938
16.1756944444444,2.49843391205254
16.1770833333333,2.39155271343988
16.1784722222222,2.37703012280977
16.1798611111111,2.38074392716513
16.18125,2.34970953310428
16.1826388888889,2.43785365985162
16.1840277777778,2.36704346684574
16.1854166666667,2.33847110995767
16.1868055555556,2.33887595960832
16.1881944444444,2.38359425663568
16.1895833333333,2.32139317222972
16.1909722222222,2.38684409521013
16.1923611111111,2.52991992725633
16.19375,2.4331796430178
16.1951388888889,2.53142961689911
16.1965277777778,2.40032288386505
16.1979166666667,2.40005625590688
16.1993055555556,2.37788428081402
16.2006944444444,2.41996664085052
16.2020833333333,2.46347766888144
16.2034722222222,2.35216172775697
16.2048611111111,2.39397615502702
16.20625,2.4360308032277
16.2076388888889,2.36088447195484
16.2090277777778,2.36459696579243
16.2104166666667,2.42022829915581
16.2118055555556,2.45681122758229
16.2131944444444,2.34014008090939
16.2145833333333,2.34251884439149
16.2159722222222,2.48178984298288
16.2173611111111,2.3545514410425
16.21875,2.29493038766846
16.2201388888889,2.37974824482056
16.2215277777778,2.52145188307504
16.2229166666667,2.41285174029648
16.2243055555556,2.52456898485519
16.2256944444444,2.47145049427287
16.2270833333333,2.47281423086288
16.2284722222222,2.43152260827217
16.2298611111111,2.39978880907542
16.23125,2.36850986909755
16.2326388888889,2.35164797613967
16.2340277777778,2.26602374157887
16.2354166666667,2.31629828422894
16.2368055555556,2.36665787566833
16.2381944444444,2.23963211707733
16.2395833333333,2.20961273239837
16.2409722222222,2.21507686922615
16.2423611111111,2.31420184835335
16.24375,2.2658827666377
16.2451388888889,2.2504046872689
16.2465277777778,2.25704544516784
16.2479166666667,2.24066960885107
16.2493055555556,2.20661341697991
16.2506944444444,2.39893507384727
16.2520833333333,2.38812434883649
16.2534722222222,2.33788321651265
16.2548611111111,2.28709871125198
16.25625,2.2953777601689
16.2576388888889,2.38550560315754
16.2590277777778,2.41561941617504
16.2604166666667,2.41798022622559
16.2618055555556,2.33293531838881
16.2631944444444,2.32396081155863
16.2645833333333,2.32042504377587
16.2659722222222,2.31526727484045
16.2673611111111,2.35306634639428
16.26875,2.32610440492111
16.2701388888889,2.29800968188286
16.2715277777778,2.28668001577968
16.2729166666667,2.32322185320564
16.2743055555556,2.2262246884583
16.2756944444444,2.24813794121653
16.2770833333333,2.28316535993454
16.2784722222222,2.25742192781486
16.2798611111111,2.17672013361197
16.28125,2.23644899803793
16.2826388888889,2.24524029901847
16.2840277777778,2.27284649000535
16.2854166666667,2.29450274525894
16.2868055555556,2.45651608041557
16.2881944444444,2.35848775283009
16.2895833333333,2.42250540964052
16.2909722222222,2.37324980585551
16.2923611111111,2.41150660118481
16.29375,2.35141270161055
16.2951388888889,2.35318650355955
16.2965277777778,2.40792802032749
16.2979166666667,2.43392700712089
16.2993055555556,2.25093571834114
16.3006944444444,2.36423314114095
16.3020833333333,2.40230155933876
16.3034722222222,2.31049686290251
16.3048611111111,2.42776016104209
16.30625,2.33423371748606
16.3076388888889,2.35419021863934
16.3090277777778,2.25026295886638
16.3104166666667,2.27268901741018
16.3118055555556,2.29665003139146
16.3131944444444,2.37193044006102
16.3145833333333,2.30644025525306
16.3159722222222,2.32691413237314
16.3173611111111,2.32456309032202
16.31875,2.35334046912018
16.3201388888889,2.43090566056052
16.3215277777778,2.45513371229615
16.3229166666667,2.39685457040157
16.3243055555556,2.36539770736277
16.3256944444444,2.42283133456331
16.3270833333333,2.38204920354939
16.3284722222222,2.46008176860545
16.3298611111111,2.35391727988576
16.33125,2.38871444025248
16.3326388888889,2.39198225128407
16.3340277777778,2.40125200106148
16.3354166666667,2.47681179647112
16.3368055555556,2.41106821112588
16.3381944444444,2.43531640755887
16.3395833333333,2.46204389249082
16.3409722222222,2.49263242302703
16.3423611111111,2.48639763248799
16.34375,2.35149563537581
16.3451388888889,2.39096121356956
16.3465277777778,2.38246111496396
16.3479166666667,2.38825670396592
16.3493055555556,2.26517199219971
16.3506944444444,2.31466012432867
16.3520833333333,2.33224496965259
16.3534722222222,2.35434897043774
16.3548611111111,2.33722720872991
16.35625,2.33614860940091
16.3576388888889,2.32206785521742
16.3590277777778,2.28223145643699
16.3604166666667,2.30899530104963
16.3618055555556,2.33074148155141
16.3631944444444,2.33524745304872
16.3645833333333,2.25738644987649
16.3659722222222,2.17030369034306
16.3673611111111,2.31601126860118
16.36875,2.35484699142121
16.3701388888889,2.27267068609608
16.3715277777778,2.27618695742318
16.3729166666667,2.37085448565329
16.3743055555556,2.36758260620238
16.3756944444444,2.39663033282422
16.3770833333333,2.35589887143499
16.3784722222222,2.29931206057216
16.3798611111111,2.3707045100528
16.38125,2.44126285347758
16.3826388888889,2.40139689509358
16.3840277777778,2.37913934373278
16.3854166666667,2.37835909769598
16.3868055555556,2.3172585987581
16.3881944444444,2.29090896056851
16.3895833333333,2.32517808711245
16.3909722222222,2.46582878892766
16.3923611111111,2.50019916428608
16.39375,2.44991132192516
16.3951388888889,2.39527777730658
16.3965277777778,2.37861124053597
16.3979166666667,2.41088446528733
16.3993055555556,2.49985542906081
16.4006944444444,2.40728360235843
16.4020833333333,2.42293434247032
16.4034722222222,2.35974700385895
16.4048611111111,2.35361158550356
16.40625,2.28001960760717
16.4076388888889,2.25641912862114
16.4090277777778,2.38750246752902
16.4104166666667,2.3957974083728
16.4118055555556,2.33205347350239
16.4131944444444,2.41058097064074
16.4145833333333,2.28900719654737
16.4159722222222,2.19934942592236
16.4173611111111,2.2450052193385
16.41875,2.36354459425891
16.4201388888889,2.40425057146939
16.4215277777778,2.31738511081405
16.4229166666667,2.33578069520905
16.4243055555556,2.29514405535072
16.4256944444444,2.39121205669188
16.4270833333333,2.48741463452045
16.4284722222222,2.40680025904408
16.4298611111111,2.36878827371362
16.43125,2.30441501736641
16.4326388888889,2.38868376982579
16.4340277777778,2.47559806111516
16.4354166666667,2.40370519597996
16.4368055555556,2.4487304799132
16.4381944444444,2.43581874765057
16.4395833333333,2.41515329165929
16.4409722222222,2.39438030980908
16.4423611111111,2.35227413087779
16.44375,2.4535924011626
16.4451388888889,2.50807413587435
16.4465277777778,2.60527404439541
16.4479166666667,2.39004700898777
16.4493055555556,2.40575957482009
16.4506944444444,2.35398758210394
16.4520833333333,2.3707423353517
16.4534722222222,2.45192772816537
16.4548611111111,2.54214501430021
16.45625,2.45549648545277
16.4576388888889,2.5073853542816
16.4590277777778,2.41989390074345
16.4604166666667,2.42628937368249
16.4618055555556,2.33762244989804
16.4631944444444,2.26869290903667
16.4645833333333,2.2568010196001
16.4659722222222,2.32942803989665
16.4673611111111,2.28944605610601
16.46875,2.30984914554793
16.4701388888889,2.44515905538191
16.4715277777778,2.29780140296518
16.4729166666667,2.26401660838228
16.4743055555556,2.42041940587152
16.4756944444444,2.4077478597604
16.4770833333333,2.31196148750972
16.4784722222222,2.1693260744852
16.4798611111111,2.14419165830294
16.48125,2.18055115496957
16.4826388888889,2.24550520387567
16.4840277777778,2.2678040943925
16.4854166666667,2.33849905757871
16.4868055555556,2.40456062707131
16.4881944444444,2.27418424451902
16.4895833333333,2.37905997742121
16.4909722222222,2.29935950160741
16.4923611111111,2.32820732702106
16.49375,2.28893409153982
16.4951388888889,2.293321863123
16.4965277777778,2.35358727757168
16.4979166666667,2.38588970543638
16.4993055555556,2.31818975027521
16.5006944444444,2.27426299261892
16.5020833333333,2.41410549203164
16.5034722222222,2.38793814857171
16.5048611111111,2.3125604717635
16.50625,2.34908436051225
16.5076388888889,2.38629259257131
16.5090277777778,2.487408558921
16.5104166666667,2.48792319781185
16.5118055555556,2.38374335972005
16.5131944444444,2.32245490907959
16.5145833333333,2.45387352402131
16.5159722222222,2.43855524478697
16.5173611111111,2.45343903774931
16.51875,2.46184441867908
16.5201388888889,2.39087038479541
16.5215277777778,2.38869310756236
16.5229166666667,2.47076219072011
16.5243055555556,2.45624340594834
16.5256944444444,2.44477458182594
16.5270833333333,2.39626956463526
16.5284722222222,2.53855912578774
16.5298611111111,2.38924955406531
16.53125,2.42435613080763
16.5326388888889,2.49924444867426
16.5340277777778,2.55114071960079
16.5354166666667,2.4827816268678
16.5368055555556,2.52912045331865
16.5381944444444,2.46460669183269
16.5395833333333,2.42500188923601
16.5409722222222,2.35184597993944
16.5423611111111,2.50836994118732
16.54375,2.54588757183017
16.5451388888889,2.67123428498363
16.5465277777778,2.61300688086656
16.5479166666667,2.60575041473554
16.5493055555556,2.57830146626923
16.5506944444444,2.50259810266053
16.5520833333333,2.48637552944751
16.5534722222222,2.45650148316254
16.5548611111111,2.52700957451337
16.55625,2.62295636750661
16.5576388888889,2.55339955075419
16.5590277777778,2.601530203326
16.5604166666667,2.53777096536781
16.5618055555556,2.4657223940281
16.5631944444444,2.46128001078995
16.5645833333333,2.55389649723978
16.5659722222222,2.49527712639999
16.5673611111111,2.46367313870197
16.56875,2.57100152443324
16.5701388888889,2.60442386767666
16.5715277777778,2.52106208681803
16.5729166666667,2.59734337815437
16.5743055555556,2.66129976426861
16.5756944444444,2.52769181790023
16.5770833333333,2.65750956476249
16.5784722222222,2.65050776726406
16.5798611111111,2.70616325900472
16.58125,2.66018876145626
16.5826388888889,2.57077593914522
16.5840277777778,2.61537650153683
16.5854166666667,2.6024041931177
16.5868055555556,2.54167018512842
16.5881944444444,2.55665127110892
16.5895833333333,2.57220921630104
16.5909722222222,2.52674121061533
16.5923611111111,2.55100369900465
16.59375,2.48100525185723
16.5951388888889,2.57765289554694
16.5965277777778,2.57133554081465
16.5979166666667,2.67757704877134
16.5993055555556,2.57901911214877
16.6006944444444,2.52676645808227
16.6020833333333,2.50787521217918
16.6034722222222,2.54767823248684
16.6048611111111,2.57080811777248
16.60625,2.4996590318094
16.6076388888889,2.55392697846581
16.6090277777778,2.4466792535936
16.6104166666667,2.47317559270766
16.6118055555556,2.49407297733786
16.6131944444444,2.5913184755835
16.6145833333333,2.55133090987802
16.6159722222222,2.55410403304669
16.6173611111111,2.49863450080156
16.61875,2.52879167524817
16.6201388888889,2.50519004004269
16.6215277777778,2.50658134877208
16.6229166666667,2.52447728787003
16.6243055555556,2.38630502755786
16.6256944444444,2.3848073687019
16.6270833333333,2.45349545469829
16.6284722222222,2.48660130914429
16.6298611111111,2.42235691838994
16.63125,2.54373345012809
16.6326388888889,2.61895367711269
16.6340277777778,2.73382351199518
16.6354166666667,2.61195907132893
16.6368055555556,2.60607090408689
16.6381944444444,2.51809844235922
16.6395833333333,2.56751505933252
16.6409722222222,2.52791556674377
16.6423611111111,2.51602297653263
16.64375,2.44418340775522
16.6451388888889,2.50405197117863
16.6465277777778,2.44752958306465
16.6479166666667,2.41983264795151
16.6493055555556,2.51001320262921
16.6506944444444,2.42910805158317
16.6520833333333,2.50516964524727
16.6534722222222,2.45692875656331
16.6548611111111,2.51847193517024
16.65625,2.44053236029014
16.6576388888889,2.52703987182728
16.6590277777778,2.63785728622099
16.6604166666667,2.61263293392699
16.6618055555556,2.60838487700916
16.6631944444444,2.61229697155991
16.6645833333333,2.61068872980641
16.6659722222222,2.5174801256893
16.6673611111111,2.50546439042764
16.66875,2.42370237661267
16.6701388888889,2.48998644290299
16.6715277777778,2.46970022595648
16.6729166666667,2.43411980402929
16.6743055555556,2.48371303574792
16.6756944444444,2.41683028938875
16.6770833333333,2.35445352024078
16.6784722222222,2.4262169020963
16.6798611111111,2.47639956048144
16.68125,2.46968907359907
16.6826388888889,2.37286436200335
16.6840277777778,2.38507679530644
16.6854166666667,2.26845939848251
16.6868055555556,2.2583758025382
16.6881944444444,2.34657368638456
16.6895833333333,2.4424726651018
16.6909722222222,2.35831629682075
16.6923611111111,2.38750083296688
16.69375,2.40287315039253
16.6951388888889,2.46181776205656
16.6965277777778,2.42446329921869
16.6979166666667,2.41353427984848
16.6993055555556,2.46168833270926
16.7006944444444,2.45143042709036
16.7020833333333,2.37481482579405
16.7034722222222,2.42140985126768
16.7048611111111,2.3702560301549
16.70625,2.38594863014296
16.7076388888889,2.40867623639903
16.7090277777778,2.37869859286905
16.7104166666667,2.38659882192211
16.7118055555556,2.44377855855715
16.7131944444444,2.60460156942236
16.7145833333333,2.53875648435848
16.7159722222222,2.57207287412522
16.7173611111111,2.54196408257402
16.71875,2.48026859444277
16.7201388888889,2.4167661075962
16.7215277777778,2.45358484214621
16.7229166666667,2.4250164803824
16.7243055555556,2.42786848455796
16.7256944444444,2.40632921822112
16.7270833333333,2.39654342662864
16.7284722222222,2.43534573577987
16.7298611111111,2.42107973473853
16.73125,2.45476619790726
16.7326388888889,2.29117916818259
16.7340277777778,2.43970931877607
16.7354166666667,2.45756175744122
16.7368055555556,2.35306866998495
16.7381944444444,2.46120290560969
16.7395833333333,2.47970156300941
16.7409722222222,2.42553213096127
16.7423611111111,2.52528299681585
16.74375,2.59850029441175
16.7451388888889,2.63649145627459
16.7465277777778,2.62391883514436
16.7479166666667,2.61257380945287
16.7493055555556,2.56035364419222
16.7506944444444,2.54893520484711
16.7520833333333,2.42043085144512
16.7534722222222,2.49094900389298
16.7548611111111,2.58459541081483
16.75625,2.61402442662752
16.7576388888889,2.54296060149269
16.7590277777778,2.47145371017014
16.7604166666667,2.4883760586124
16.7618055555556,2.34987683815175
16.7631944444444,2.3638112967039
16.7645833333333,2.47739479189321
16.7659722222222,2.44576066655171
16.7673611111111,2.42206254153661
16.76875,2.42730839234488
16.7701388888889,2.45852703675628
16.7715277777778,2.52309405486388
16.7729166666667,2.49979318359803
16.7743055555556,2.44008150470668
16.7756944444444,2.39547773215695
16.7770833333333,2.36608731881093
16.7784722222222,2.37247798160232
16.7798611111111,2.53529680819785
16.78125,2.56862414245783
16.7826388888889,2.49703664088879
16.7840277777778,2.44643831687883
16.7854166666667,2.37256588956405
16.7868055555556,2.36021584407266
16.7881944444444,2.29570488239446
16.7895833333333,2.3376367274736
16.7909722222222,2.3453476076753
16.7923611111111,2.44001467690386
16.79375,2.44579522910303
16.7951388888889,2.4349041494573
16.7965277777778,2.40054597523192
16.7979166666667,2.38474659536933
16.7993055555556,2.29912846436652
16.8006944444444,2.30840077583501
16.8020833333333,2.25612842721286
16.8034722222222,2.19560645349838
16.8048611111111,2.18577177705693
16.80625,2.28536190598689
16.8076388888889,2.33986969994188
16.8090277777778,2.39032663250792
16.8104166666667,2.35069106758155
16.8118055555556,2.39610111692856
16.8131944444444,2.31566270816397
16.8145833333333,2.35527751220647
16.8159722222222,2.35261540994177
16.8173611111111,2.35358474988526
16.81875,2.37772200167548
16.8201388888889,2.3308703693208
16.8215277777778,2.32870850654576
16.8229166666667,2.21806086987129
16.8243055555556,2.26363238242439
16.8256944444444,2.27014219084642
16.8270833333333,2.37857990448909
16.8284722222222,2.354197362258
16.8298611111111,2.38147166546049
16.83125,2.32868456217974
16.8326388888889,2.34721219996312
16.8340277777778,2.26389409075973
16.8354166666667,2.32866389537551
16.8368055555556,2.38432888412077
16.8381944444444,2.39178247113937
16.8395833333333,2.3897443977032
16.8409722222222,2.32452830224587
16.8423611111111,2.30012359416819
16.84375,2.37092058367642
16.8451388888889,2.38280806906264
16.8465277777778,2.37467899435553
16.8479166666667,2.40956773072931
16.8493055555556,2.41618573117102
16.8506944444444,2.45233653227574
16.8520833333333,2.42888415842478
16.8534722222222,2.46323769212026
16.8548611111111,2.32165783378456
16.85625,2.34074993004304
16.8576388888889,2.40120967115308
16.8590277777778,2.33423108190683
16.8604166666667,2.26831099331893
16.8618055555556,2.34198663723816
16.8631944444444,2.32578477058881
16.8645833333333,2.37865179615609
16.8659722222222,2.31674243433979
16.8673611111111,2.24722763304117
16.86875,2.22982264624844
16.8701388888889,2.21317178944832
16.8715277777778,2.24576954507622
16.8729166666667,2.20372733011167
16.8743055555556,2.19672830377159
16.8756944444444,2.1841009508979
16.8770833333333,2.28372126315431
16.8784722222222,2.22922240735899
16.8798611111111,2.33208533312949
16.88125,2.36015579939242
16.8826388888889,2.2783969564556
16.8840277777778,2.36300826591022
16.8854166666667,2.30919947089178
16.8868055555556,2.3879644078877
16.8881944444444,2.30502126046681
16.8895833333333,2.31144637420517
16.8909722222222,2.37319495239905
16.8923611111111,2.46176847348969
16.89375,2.3782142926136
16.8951388888889,2.3306237636969
16.8965277777778,2.35959119897593
16.8979166666667,2.4917164043427
16.8993055555556,2.44873332217464
16.9006944444444,2.39924221639361
16.9020833333333,2.38410469968
16.9034722222222,2.39882536395613
16.9048611111111,2.2900799436302
16.90625,2.27815944666987
16.9076388888889,2.26852641584454
16.9090277777778,2.28412622335839
16.9104166666667,2.23424646100795
16.9118055555556,2.25811382716407
16.9131944444444,2.27774070802923
16.9145833333333,2.27727209546361
16.9159722222222,2.27682165611114
16.9173611111111,2.26346271599672
16.91875,2.20634223093926
16.9201388888889,2.28257793514058
16.9215277777778,2.34172801573901
16.9229166666667,2.25157593642298
16.9243055555556,2.21561254998541
16.9256944444444,2.21624651630744
16.9270833333333,2.19222817017556
16.9284722222222,2.31693548561163
16.9298611111111,2.21594646779106
16.93125,2.28036577317047
16.9326388888889,2.3753162567019
16.9340277777778,2.29713320194852
16.9354166666667,2.29239307708834
16.9368055555556,2.29709758102409
16.9381944444444,2.37869262512556
16.9395833333333,2.28634900256213
16.9409722222222,2.35622549647057
16.9423611111111,2.32479434889703
16.94375,2.24583531772616
16.9451388888889,2.21600851935832
16.9465277777778,2.24982217249097
16.9479166666667,2.28474180957251
16.9493055555556,2.29123331226204
16.9506944444444,2.26498726211179
16.9520833333333,2.29592234619266
16.9534722222222,2.31463980272513
16.9548611111111,2.31407785507506
16.95625,2.31565922539209
16.9576388888889,2.30488288405109
16.9590277777778,2.28165624975163
16.9604166666667,2.32019487468921
16.9618055555556,2.33735693606854
16.9631944444444,2.41418175707405
16.9645833333333,2.4410577187034
16.9659722222222,2.33821069386673
16.9673611111111,2.28205401810486
16.96875,2.25148357972758
16.9701388888889,2.39260126886353
16.9715277777778,2.32141496194848
16.9729166666667,2.35236304613023
16.9743055555556,2.37885652239723
16.9756944444444,2.34403350825967
16.9770833333333,2.37671925306706
16.9784722222222,2.37695340077425
16.9798611111111,2.24053551851419
16.98125,2.20224378159077
16.9826388888889,2.20048035243647
16.9840277777778,2.20347201890344
16.9854166666667,2.22526290816664
16.9868055555556,2.26132065717629
16.9881944444444,2.26752263894626
16.9895833333333,2.29986588104211
16.9909722222222,2.31214317053813
16.9923611111111,2.37200724724038
16.99375,2.3291431249858
16.9951388888889,2.30600772333042
16.9965277777778,2.30488096484593
16.9979166666667,2.31777070443435
16.9993055555556,2.26737711953706
17.0006944444444,2.282256256516
17.0020833333333,2.4457488294177
17.0034722222222,2.44887111486851
17.0048611111111,2.38173500533248
17.00625,2.38217768919622
17.0076388888889,2.40271338435083
17.0090277777778,2.38700543432336
17.0104166666667,2.35743098536281
17.0118055555556,2.3966459137227
17.0131944444444,2.42131703835109
17.0145833333333,2.47688503287219
17.0159722222222,2.3623830245326
17.0173611111111,2.34413402157611
17.01875,2.38628230105186
17.0201388888889,2.37230384915039
17.0215277777778,2.3936235160599
17.0229166666667,2.47974390629037
17.0243055555556,2.48206065909873
17.0256944444444,2.38537785128273
17.0270833333333,2.39147258837033
17.0284722222222,2.45347857917177
17.0298611111111,2.42109727240328
17.03125,2.33402263495814
17.0326388888889,2.36862204294523
17.0340277777778,2.39389942428097
17.0354166666667,2.34683259237429
17.0368055555556,2.37837233913356
17.0381944444444,2.42920986742809
17.0395833333333,2.38017553954289
17.0409722222222,2.36175291667981
17.0423611111111,2.17836199149746
17.04375,2.26935830836923
17.0451388888889,2.32305008138847
17.0465277777778,2.30252445370987
17.0479166666667,2.34591197347076
17.0493055555556,2.34231991405711
17.0506944444444,2.28318022817116
17.0520833333333,2.16928847733371
17.0534722222222,2.24613443787756
17.0548611111111,2.28751488812268
17.05625,2.30785813783135
17.0576388888889,2.25611758383055
17.0590277777778,2.276654964113
17.0604166666667,2.46954053454181
17.0618055555556,2.49485840361951
17.0631944444444,2.36105100246596
17.0645833333333,2.32376542001449
17.0659722222222,2.36545968572127
17.0673611111111,2.2353898121879
17.06875,2.23025391304159
17.0701388888889,2.20781937844327
17.0715277777778,2.25056206582425
17.0729166666667,2.21895701041083
17.0743055555556,2.24670654261071
17.0756944444444,2.17469087224971
17.0770833333333,2.15634135310797
17.0784722222222,2.23433214618166
17.0798611111111,2.23634205093711
17.08125,2.24051341693848
17.0826388888889,2.26079271309492
17.0840277777778,2.3214131229971
17.0854166666667,2.29657703987323
17.0868055555556,2.27387101164398
17.0881944444444,2.31891442190519
17.0895833333333,2.30818265518691
17.0909722222222,2.23866474745511
17.0923611111111,2.29750916075944
17.09375,2.24741501050691
17.0951388888889,2.28730089941786
17.0965277777778,2.25894572218466
17.0979166666667,2.19771949962402
17.0993055555556,2.34709901479073
17.1006944444444,2.29625399953996
17.1020833333333,2.37695705945629
17.1034722222222,2.44869603378336
17.1048611111111,2.36081684049633
17.10625,2.28941652613382
17.1076388888889,2.30775604606606
17.1090277777778,2.2619922839933
17.1104166666667,2.35627436457273
17.1118055555556,2.29749468261273
17.1131944444444,2.34776099036551
17.1145833333333,2.40516496466201
17.1159722222222,2.42015689797699
17.1173611111111,2.46459120990605
17.11875,2.3512776333373
17.1201388888889,2.3653564947114
17.1215277777778,2.34094488638867
17.1229166666667,2.44285776880052
17.1243055555556,2.39445661643468
17.1256944444444,2.35756900205484
17.1270833333333,2.46692142852892
17.1284722222222,2.4734847023307
17.1298611111111,2.44600083777267
17.13125,2.41649800200119
17.1326388888889,2.41621695350235
17.1340277777778,2.48596266241899
17.1354166666667,2.47933751258663
17.1368055555556,2.47178882365632
17.1381944444444,2.33781662817475
17.1395833333333,2.36025921966777
17.1409722222222,2.37731663911028
17.1423611111111,2.35349584660596
17.14375,2.24379073669358
17.1451388888889,2.2884331278296
17.1465277777778,2.39676743281436
17.1479166666667,2.28151156215204
17.1493055555556,2.32193402623105
17.1506944444444,2.34751028383875
17.1520833333333,2.32424725911511
17.1534722222222,2.350790527494
17.1548611111111,2.34050153383376
17.15625,2.41203220292098
17.1576388888889,2.42160336709478
17.1590277777778,2.37193699266451
17.1604166666667,2.37588246872959
17.1618055555556,2.38496936632954
17.1631944444444,2.34497176864049
17.1645833333333,2.31871914150058
17.1659722222222,2.30285673086635
17.1673611111111,2.33887955561254
17.16875,2.27556346854868
17.1701388888889,2.29916093475185
17.1715277777778,2.26959578623064
17.1729166666667,2.30918713504151
17.1743055555556,2.41437681446162
17.1756944444444,2.44486920166916
17.1770833333333,2.3251794972457
17.1784722222222,2.35610491506102
17.1798611111111,2.36313406076644
17.18125,2.42843037927782
17.1826388888889,2.4660805256323
17.1840277777778,2.38131363386654
17.1854166666667,2.3812064399891
17.1868055555556,2.32644379327798
17.1881944444444,2.32479305880204
17.1895833333333,2.31697767112766
17.1909722222222,2.35943610728322
17.1923611111111,2.42372156755947
17.19375,2.28880858980119
17.1951388888889,2.34632098075882
17.1965277777778,2.34105028824544
17.1979166666667,2.34907953320847
17.1993055555556,2.37570031427054
17.2006944444444,2.41329694356925
17.2020833333333,2.37458390685626
17.2034722222222,2.42183458763692
17.2048611111111,2.36344262990881
17.20625,2.35757682939099
17.2076388888889,2.27679860524626
17.2090277777778,2.28525513904687
17.2104166666667,2.33125785505399
17.2118055555556,2.32238093572151
17.2131944444444,2.33988999464135
17.2145833333333,2.37047875651883
17.2159722222222,2.3252498570364
17.2173611111111,2.42542782622493
17.21875,2.43160271718969
17.2201388888889,2.38077424820383
17.2215277777778,2.3008523612128
17.2229166666667,2.41400485320224
17.2243055555556,2.45600450350644
17.2256944444444,2.45040185496004
17.2270833333333,2.46470607589516
17.2284722222222,2.45237629032797
17.2298611111111,2.50724275565396
17.23125,2.4205954267915
17.2326388888889,2.38043796234868
17.2340277777778,2.42225196071538
17.2354166666667,2.40813683232086
17.2368055555556,2.45840264696583
17.2381944444444,2.390748897147
17.2395833333333,2.42181685760928
17.2409722222222,2.38600696424126
17.2423611111111,2.30492150683939
17.24375,2.32449989031172
17.2451388888889,2.34230522114214
17.2465277777778,2.46393904048536
17.2479166666667,2.42859492611347
17.2493055555556,2.36775454524387
17.2506944444444,2.40397097149657
17.2520833333333,2.38416864885949
17.2534722222222,2.43826296721171
17.2548611111111,2.4369238837939
17.25625,2.48496045353062
17.2576388888889,2.33585796447652
17.2590277777778,2.33362080238294
17.2604166666667,2.41491180395193
17.2618055555556,2.34631701781392
17.2631944444444,2.38190932377377
17.2645833333333,2.41653492208803
17.2659722222222,2.32172179043361
17.2673611111111,2.29704141517545
17.26875,2.24755771659935
17.2701388888889,2.23454464237309
17.2715277777778,2.32731157897635
17.2729166666667,2.27780246966156
17.2743055555556,2.24830254480346
17.2756944444444,2.262368255864
17.2770833333333,2.19782779764177
17.2784722222222,2.17389964765041
17.2798611111111,2.1499173429911
17.28125,2.25818025249626
17.2826388888889,2.29777313701601
17.2840277777778,2.32796811136521
17.2854166666667,2.27984541694685
17.2868055555556,2.23600074485876
17.2881944444444,2.25472265926914
17.2895833333333,2.17997309366345
17.2909722222222,2.24818444187339
17.2923611111111,2.19944293271854
17.29375,2.2319339207477
17.2951388888889,2.21691397735332
17.2965277777778,2.18590942278065
17.2979166666667,2.27479447365881
17.2993055555556,2.25263151638986
17.3006944444444,2.24239958201846
17.3020833333333,2.22599774306744
17.3034722222222,2.17234610178922
17.3048611111111,2.20798797085364
17.30625,2.20633120398917
17.3076388888889,2.16186590281238
17.3090277777778,2.20342383730005
17.3104166666667,2.21241821417223
17.3118055555556,2.18476539629046
17.3131944444444,2.23765394868557
17.3145833333333,2.17716118865388
17.3159722222222,2.19648374135108
17.3173611111111,2.17243663229359
17.31875,2.20236934688364
17.3201388888889,2.27287554865648
17.3215277777778,2.23485110881221
17.3229166666667,2.23592906995004
17.3243055555556,2.18416315064921
17.3256944444444,2.2627214612698
17.3270833333333,2.22166314254234
17.3284722222222,2.18111214479884
17.3298611111111,2.21818019158673
17.33125,2.22096544607646
17.3326388888889,2.26388355917556
17.3340277777778,2.22737370808803
17.3354166666667,2.22615859275296
17.3368055555556,2.16572136628222
17.3381944444444,2.13444423494447
17.3395833333333,2.03386188282942
17.3409722222222,2.08348555310578
17.3423611111111,2.08215409970014
17.34375,2.17342501992567
17.3451388888889,2.18902885587886
17.3465277777778,2.13172882088758
17.3479166666667,2.03292564079553
17.3493055555556,2.04489867998442
17.3506944444444,2.03458026612902
17.3520833333333,2.17797995009136
17.3534722222222,2.22031487268396
17.3548611111111,2.25695240425153
17.35625,2.23538418600543
17.3576388888889,2.19760802768481
17.3590277777778,2.19948573710604
17.3604166666667,2.17912093489657
17.3618055555556,2.12706486728793
17.3631944444444,2.16551750786797
17.3645833333333,2.218354755576
17.3659722222222,2.08314360504866
17.3673611111111,2.11308264253765
17.36875,2.07932922713937
17.3701388888889,2.09587643446866
17.3715277777778,2.19935890711753
17.3729166666667,2.12246315102352
17.3743055555556,2.1280788411354
17.3756944444444,2.0676783742755
17.3770833333333,2.10975184503897
17.3784722222222,2.09350920115766
17.3798611111111,2.17605734564778
17.38125,2.16283249134156
17.3826388888889,2.1402519040146
17.3840277777778,2.13134184360711
17.3854166666667,2.12158735917829
17.3868055555556,2.03711238099883
17.3881944444444,1.98624560175085
17.3895833333333,2.1097188748277
17.3909722222222,2.03698906542397
17.3923611111111,2.10437401817116
17.39375,2.13836129486703
17.3951388888889,2.18433002055907
17.3965277777778,2.14809667729989
17.3979166666667,2.09770326784605
17.3993055555556,2.13496111381877
17.4006944444444,2.17323972759954
17.4020833333333,2.13295016891142
17.4034722222222,2.17029270595514
17.4048611111111,2.13821891857919
17.40625,2.14943109235416
17.4076388888889,2.1524471256869
17.4090277777778,2.16213983138894
17.4104166666667,2.11832552006429
17.4118055555556,2.12248348159483
17.4131944444444,2.17963248951128
17.4145833333333,2.16502324583578
17.4159722222222,2.14253660894691
17.4173611111111,2.13712800751253
17.41875,2.0875460327936
17.4201388888889,2.2095879410691
17.4215277777778,2.32734058336872
17.4229166666667,2.21665116836084
17.4243055555556,2.19723072498164
17.4256944444444,2.13527311369641
17.4270833333333,2.0858939072253
17.4284722222222,2.2565079174108
17.4298611111111,2.29353855323926
17.43125,2.23128620527859
17.4326388888889,2.20230583681324
17.4340277777778,2.15744309429364
17.4354166666667,2.24900591974276
17.4368055555556,2.30388435527695
17.4381944444444,2.27628186619
17.4395833333333,2.15276188544845
17.4409722222222,2.08570200023112
17.4423611111111,2.08458207700298
17.44375,2.08909713901812
17.4451388888889,2.03972530372751
17.4465277777778,2.02175861451259
17.4479166666667,2.06976242402905
17.4493055555556,2.09153270297166
17.4506944444444,2.07849464136072
17.4520833333333,2.12693695139771
17.4534722222222,2.05453384011829
17.4548611111111,2.12761912578976
17.45625,2.09587521222097
17.4576388888889,2.06913819389431
17.4590277777778,2.06906951410282
17.4604166666667,2.05572391661634
17.4618055555556,2.02900311064635
17.4631944444444,2.11783640316248
17.4645833333333,2.01208803423732
17.4659722222222,2.07824954518583
17.4673611111111,2.08931096251278
17.46875,2.02545947566008
17.4701388888889,2.15534141253577
17.4715277777778,2.24835900651265
17.4729166666667,2.22258139122277
17.4743055555556,2.24126062685456
17.4756944444444,2.16569434152916
17.4770833333333,2.10938511652502
17.4784722222222,2.10937903535604
17.4798611111111,2.11011271732989
17.48125,2.1172602552235
17.4826388888889,2.1376104944696
17.4840277777778,2.22296592278872
17.4854166666667,2.19803807461762
17.4868055555556,2.11820225446718
17.4881944444444,2.10573802301143
17.4895833333333,2.0233117988456
17.4909722222222,2.05338924576063
17.4923611111111,2.15768328075137
17.49375,2.07506131329056
17.4951388888889,2.15245110412878
17.4965277777778,2.1580387422857
17.4979166666667,2.2152548312984
17.4993055555556,2.24845181005205
17.5006944444444,2.12547536989385
17.5020833333333,2.12751004529289
17.5034722222222,2.19787169087067
17.5048611111111,2.19288147323378
17.50625,2.10944247775761
17.5076388888889,2.13450135638333
17.5090277777778,2.21368893858299
17.5104166666667,2.360278687817
17.5118055555556,2.28036892476505
17.5131944444444,2.22084398347781
17.5145833333333,2.13313223999699
17.5159722222222,2.17304701923988
17.5173611111111,2.22807341455094
17.51875,2.22380615230779
17.5201388888889,2.2107356717
17.5215277777778,2.24396054725447
17.5229166666667,2.19323994339599
17.5243055555556,2.05860163991262
17.5256944444444,2.04397254698213
17.5270833333333,1.93820986075055
17.5284722222222,1.99052750962761
17.5298611111111,1.94219260947365
17.53125,2.01150291826485
17.5326388888889,2.0296946455524
17.5340277777778,1.97081737067735
17.5354166666667,2.04850929445971
17.5368055555556,2.14538135158202
17.5381944444444,2.23732924942225
17.5395833333333,2.20408060526825
17.5409722222222,2.21074801172815
17.5423611111111,2.13858859546922
17.54375,2.22317012225944
17.5451388888889,2.18482919113012
17.5465277777778,2.13938951058986
17.5479166666667,2.13650296028936
17.5493055555556,2.09141261676106
17.5506944444444,2.0758517223779
17.5520833333333,2.09889921428274
17.5534722222222,2.12760185115621
17.5548611111111,2.08746413861
17.55625,2.13037202093175
17.5576388888889,2.03863092369607
17.5590277777778,2.05989948486159
17.5604166666667,2.05518509600208
17.5618055555556,2.09586773181541
17.5631944444444,2.11998070091552
17.5645833333333,2.08442492573522
17.5659722222222,2.03733831555777
17.5673611111111,2.03048366203438
17.56875,2.03013327237568
17.5701388888889,2.0838965160009
17.5715277777778,2.02926488535983
17.5729166666667,2.09421819835229
17.5743055555556,2.04283586174521
17.5756944444444,2.08812094013976
17.5770833333333,2.12715774591521
17.5784722222222,2.03984639751596
17.5798611111111,1.97620134085365
17.58125,2.04268086044532
17.5826388888889,1.99933582333486
17.5840277777778,2.04994340101257
17.5854166666667,1.97612498538931
17.5868055555556,2.05573846051832
17.5881944444444,1.9904469038722
17.5895833333333,1.9730084593563
17.5909722222222,1.99132432304032
17.5923611111111,2.00811545323167
17.59375,2.02206127373372
17.5951388888889,1.91115367101156
17.5965277777778,1.92449330253294
17.5979166666667,1.83281637826521
17.5993055555556,1.92949771914735
17.6006944444444,1.97265595939502
17.6020833333333,1.95542620511454
17.6034722222222,1.91331851286426
17.6048611111111,1.84167939017061
17.60625,1.90523230680265
17.6076388888889,1.85111300028317
17.6090277777778,1.85401697136048
17.6104166666667,1.95927377239827
17.6118055555556,1.97794733571613
17.6131944444444,1.89348315718396
17.6145833333333,1.8367133331663
17.6159722222222,1.82557117658305
17.6173611111111,1.84707992550425
17.61875,1.91898770522999
17.6201388888889,1.94077309905293
17.6215277777778,1.94699510347628
17.6229166666667,1.92734055950617
17.6243055555556,2.03042926924536
17.6256944444444,1.94675443604461
17.6270833333333,2.02971057135922
17.6284722222222,2.05137512877021
17.6298611111111,1.90260998163528
17.63125,2.00682973637918
17.6326388888889,2.03705699531484
17.6340277777778,1.99836842415486
17.6354166666667,2.03267680821268
17.6368055555556,1.98130937551873
17.6381944444444,1.97629868221055
17.6395833333333,2.06404590289781
17.6409722222222,2.12527212221499
17.6423611111111,2.15446001245032
17.64375,2.05340457749359
17.6451388888889,2.10871722608054
17.6465277777778,2.04253170538302
17.6479166666667,2.03386275864775
17.6493055555556,2.02292942705066
17.6506944444444,1.95211604521804
17.6520833333333,1.99903665891745
17.6534722222222,1.95433272377381
17.6548611111111,2.03652085645202
17.65625,1.99662470003952
17.6576388888889,2.00762018836879
17.6590277777778,1.98367250082083
17.6604166666667,1.92080758263667
17.6618055555556,1.9371988684741
17.6631944444444,1.96207113626103
17.6645833333333,2.07056802762478
17.6659722222222,1.99513069237259
17.6673611111111,1.9858556293378
17.66875,1.96244569111797
17.6701388888889,1.97671546949682
17.6715277777778,1.973262258275
17.6729166666667,2.03381174756214
17.6743055555556,2.04296460446979
17.6756944444444,2.06014286778453
17.6770833333333,2.06613629213745
17.6784722222222,1.98504833661072
17.6798611111111,2.08227496798564
17.68125,2.00739906087822
17.6826388888889,2.02018074665426
17.6840277777778,1.95074906543909
17.6854166666667,1.97269338390066
17.6868055555556,1.92680102437347
17.6881944444444,2.06667280134409
17.6895833333333,2.11489957409988
17.6909722222222,2.05893860099968
17.6923611111111,2.00481449277827
17.69375,1.99418179574261
17.6951388888889,2.07058593461342
17.6965277777778,2.08943497650196
17.6979166666667,2.06780268416494
17.6993055555556,2.09947668145954
17.7006944444444,2.04856234176421
17.7020833333333,2.02265106116506
17.7034722222222,2.08833097988584
17.7048611111111,2.11985450337589
17.70625,2.10330629617804
17.7076388888889,2.13214512686763
17.7090277777778,2.10993556732622
17.7104166666667,2.04033858179658
17.7118055555556,2.02897148025659
17.7131944444444,2.0478363495527
17.7145833333333,2.09217075263667
17.7159722222222,2.01444924382182
17.7173611111111,1.9950373309354
17.71875,1.93046680669067
17.7201388888889,1.95369671425821
17.7215277777778,2.00252966415913
17.7229166666667,1.96540978060673
17.7243055555556,1.95834849790036
17.7256944444444,2.02036743197176
17.7270833333333,1.96601369242247
17.7284722222222,1.94709585726701
17.7298611111111,1.87234036696221
17.73125,1.9140183570756
17.7326388888889,1.89602059587358
17.7340277777778,1.85701713017705
17.7354166666667,1.85354461580411
17.7368055555556,1.96074928863931
17.7381944444444,2.0024216995678
17.7395833333333,1.98471172441108
17.7409722222222,2.00399966298654
17.7423611111111,1.94012911847636
17.74375,1.95612783134028
17.7451388888889,1.95992892377803
17.7465277777778,1.88124874829858
17.7479166666667,1.98640550375502
17.7493055555556,2.01161652811768
17.7506944444444,1.97756784989744
17.7520833333333,1.97501209488635
17.7534722222222,1.99898772162204
17.7548611111111,1.99247190122777
17.75625,2.07529936951081
17.7576388888889,2.03418791142758
17.7590277777778,1.95677209214773
17.7604166666667,2.04102923221783
17.7618055555556,2.04274828762088
17.7631944444444,2.03052139829904
17.7645833333333,2.06197124463506
17.7659722222222,2.03077165115004
17.7673611111111,2.08689717162633
17.76875,2.01407769712225
17.7701388888889,2.03377253774993
17.7715277777778,2.09141104140629
17.7729166666667,2.08719818073506
17.7743055555556,2.08376499947432
17.7756944444444,2.1652575020853
17.7770833333333,2.05452923359634
17.7784722222222,2.08634887457851
17.7798611111111,2.10624697551126
17.78125,2.09696827116164
17.7826388888889,2.12369997136031
17.7840277777778,2.11055861538302
17.7854166666667,2.14691093195062
17.7868055555556,2.07081637307096
17.7881944444444,2.08266430918593
17.7895833333333,2.06364160120009
17.7909722222222,2.01661367467993
17.7923611111111,2.049751048138
17.79375,1.9633602939365
17.7951388888889,2.03987596135832
17.7965277777778,2.08228262964015
17.7979166666667,2.11923691966674
17.7993055555556,2.03533570686058
17.8006944444444,2.03402355853015
17.8020833333333,2.02912680507224
17.8034722222222,2.01730876349999
17.8048611111111,2.05919902783353
17.80625,2.00441508318505
17.8076388888889,1.92129668843053
17.8090277777778,1.90748889027681
17.8104166666667,1.96211986499515
17.8118055555556,1.91228957225273
17.8131944444444,1.9409111973752
17.8145833333333,1.97330832132785
17.8159722222222,2.06098888691566
17.8173611111111,2.04263721203703
17.81875,2.00116584192599
17.8201388888889,2.0572935606146
17.8215277777778,1.94977523488281
17.8229166666667,1.91348568012472
17.8243055555556,2.01176051171367
17.8256944444444,1.90729994064895
17.8270833333333,1.87877521043022
17.8284722222222,1.93938157275746
17.8298611111111,1.9798244125947
17.83125,2.02394962171739
17.8326388888889,2.00005746766326
17.8340277777778,1.95536370629321
17.8354166666667,1.90169935531335
17.8368055555556,1.89198662353015
17.8381944444444,1.93658600232102
17.8395833333333,2.02540396904846
17.8409722222222,1.88825003980574
17.8423611111111,1.85661456520161
17.84375,1.86988571307694
17.8451388888889,1.85135659712393
17.8465277777778,1.90685489933964
17.8479166666667,1.95161724369484
17.8493055555556,1.93141136480775
17.8506944444444,1.90594480601156
17.8520833333333,1.92321953564309
17.8534722222222,2.00095716267547
17.8548611111111,2.0118786783236
17.85625,1.95693638014861
17.8576388888889,2.0146921613169
17.8590277777778,1.94798318796198
17.8604166666667,1.97383603190847
17.8618055555556,2.03499815524132
17.8631944444444,1.98438629254347
17.8645833333333,1.95093276154354
17.8659722222222,1.98420702731823
17.8673611111111,1.91846227277253
17.86875,1.95813505746372
17.8701388888889,1.96862464409951
17.8715277777778,2.03275434775147
17.8729166666667,2.02461110932087
17.8743055555556,1.97464994927147
17.8756944444444,1.98297697379136
17.8770833333333,1.85638014344551
17.8784722222222,1.91604139726006
17.8798611111111,1.98583465178405
17.88125,2.07240091484617
17.8826388888889,2.0210671880066
17.8840277777778,1.9732837184516
17.8854166666667,1.998385323933
17.8868055555556,1.95961315877421
17.8881944444444,1.99179785993462
17.8895833333333,1.88590173885672
17.8909722222222,1.93425244136556
17.8923611111111,1.83128363030149
17.89375,1.81708276583354
17.8951388888889,1.84555049371433
17.8965277777778,1.87898386897467
17.8979166666667,1.8828991337312
17.8993055555556,1.95424765032309
17.9006944444444,1.88620227517925
17.9020833333333,1.97134131175125
17.9034722222222,1.95537313330315
17.9048611111111,1.95366635416392
17.90625,1.88423863951851
17.9076388888889,1.90337851582239
17.9090277777778,1.97111941056005
17.9104166666667,1.96444157035169
17.9118055555556,1.93077963326966
17.9131944444444,1.90966521739438
17.9145833333333,1.92844921064196
17.9159722222222,1.89326636679962
17.9173611111111,1.90519342163797
17.91875,1.93321134010166
17.9201388888889,1.95755625221531
17.9215277777778,2.0022214200269
17.9229166666667,1.92524860578615
17.9243055555556,1.88212048951012
17.9256944444444,1.90076516715246
17.9270833333333,2.00391877243545
17.9284722222222,1.99439832441587
17.9298611111111,1.99736730821929
17.93125,1.99278876230344
17.9326388888889,1.91088647454728
17.9340277777778,1.9445293396326
17.9354166666667,1.96267674043512
17.9368055555556,1.92737743180757
17.9381944444444,1.96012720825728
17.9395833333333,2.04936264053604
17.9409722222222,2.09695715297827
17.9423611111111,2.09032608080708
17.94375,2.01698881107002
17.9451388888889,1.96775308770659
17.9465277777778,1.83943674476853
17.9479166666667,1.81520302024421
17.9493055555556,1.90660707483685
17.9506944444444,1.9536869563687
17.9520833333333,1.86029465203042
17.9534722222222,1.83922494961355
17.9548611111111,1.94242669766257
17.95625,1.91415718271607
17.9576388888889,1.86403229002329
17.9590277777778,1.9883345364147
17.9604166666667,2.02535197502379
17.9618055555556,2.02026079416695
17.9631944444444,2.01664633614759
17.9645833333333,1.89719172392014
17.9659722222222,1.95866316028307
17.9673611111111,1.91127521101989
17.96875,1.86173481351211
17.9701388888889,1.93475763335772
17.9715277777778,1.9636203462035
17.9729166666667,1.89292234135792
17.9743055555556,1.92128867425129
17.9756944444444,2.00096648517717
17.9770833333333,1.95923452145866
17.9784722222222,1.79702793401469
17.9798611111111,1.84827188479806
17.98125,1.88790842745138
17.9826388888889,1.90156752192481
17.9840277777778,1.91529675413081
17.9854166666667,1.86465161494439
17.9868055555556,1.95636269323279
17.9881944444444,1.88100614634828
17.9895833333333,1.84312241379349
17.9909722222222,1.84616267305313
17.9923611111111,1.88577431660723
17.99375,1.83254951476054
17.9951388888889,1.86380650316575
17.9965277777778,1.87205517779327
17.9979166666667,1.88713234963394
17.9993055555556,1.84226915529195
18.0006944444444,1.80903176433394
18.0020833333333,1.81381100799862
18.0034722222222,1.81986928563959
18.0048611111111,1.76636460635968
18.00625,1.74374291006948
18.0076388888889,1.749303064414
18.0090277777778,1.92571810228278
18.0104166666667,1.87264130458655
18.0118055555556,1.87099822162008
18.0131944444444,1.77563942763561
18.0145833333333,1.78730301471742
18.0159722222222,1.83274517788119
18.0173611111111,1.80919411136034
18.01875,1.74244587173567
18.0201388888889,1.7440248163758
18.0215277777778,1.82039184918181
18.0229166666667,1.93536618855638
18.0243055555556,1.89778813006173
18.0256944444444,1.89220852047717
18.0270833333333,1.82715218619798
18.0284722222222,1.90097751091956
18.0298611111111,1.86207115130735
18.03125,1.85044838829478
18.0326388888889,1.86435453154304
18.0340277777778,1.88279416809321
18.0354166666667,1.87505632679349
18.0368055555556,1.90500071387358
18.0381944444444,1.9068649098487
18.0395833333333,1.90168739312237
18.0409722222222,1.86384604565642
18.0423611111111,1.83904160119751
18.04375,1.88224297469567
18.0451388888889,1.8394406643929
18.0465277777778,1.82821276080696
18.0479166666667,1.84161781447116
18.0493055555556,1.8539960990445
18.0506944444444,1.86522338509403
18.0520833333333,1.87467715318048
18.0534722222222,1.87699026886009
18.0548611111111,1.89301296205006
18.05625,1.93069990575183
18.0576388888889,1.84174061937166
18.0590277777778,1.82326594431448
18.0604166666667,1.76879349724761
18.0618055555556,1.77358179142165
18.0631944444444,1.78086100902955
18.0645833333333,1.76652502450258
18.0659722222222,1.86454689427494
18.0673611111111,1.8405265744883
18.06875,1.79400668310171
18.0701388888889,1.74128772066523
18.0715277777778,1.79164662334329
18.0729166666667,1.74860310050418
18.0743055555556,1.79177299225247
18.0756944444444,1.75721592686654
18.0770833333333,1.75985291060972
18.0784722222222,1.80392304507664
18.0798611111111,1.76199196833609
18.08125,1.81691056030633
18.0826388888889,1.79449563936519
18.0840277777778,1.79803515960938
18.0854166666667,1.84162491031147
18.0868055555556,1.83908952637152
18.0881944444444,1.77715700025299
18.0895833333333,1.7710173559551
18.0909722222222,1.76603313067837
18.0923611111111,1.76853029613409
18.09375,1.69060163090487
18.0951388888889,1.76265561803068
18.0965277777778,1.71277873853703
18.0979166666667,1.6942262415924
18.0993055555556,1.73071983755547
18.1006944444444,1.70492951961404
18.1020833333333,1.74818643134322
18.1034722222222,1.71645727487919
18.1048611111111,1.70369291150539
18.10625,1.73780560024714
18.1076388888889,1.70316470050338
18.1090277777778,1.70569545972988
18.1104166666667,1.73891603874394
18.1118055555556,1.7581653474029
18.1131944444444,1.83708896506187
18.1145833333333,1.84663463388472
18.1159722222222,1.78964988799388
18.1173611111111,1.9079802675837
18.11875,1.92468812390901
18.1201388888889,1.90692251853619
18.1215277777778,1.86337358206576
18.1229166666667,1.78482350083947
18.1243055555556,1.79612925959673
18.1256944444444,1.81918229793127
18.1270833333333,1.75088092748571
18.1284722222222,1.74707221729401
18.1298611111111,1.75791336638996
18.13125,1.78026452701591
18.1326388888889,1.79734314160122
18.1340277777778,1.76876276528293
18.1354166666667,1.7767590216094
18.1368055555556,1.75861788012895
18.1381944444444,1.78615144629461
18.1395833333333,1.80232799969535
18.1409722222222,1.83028940279631
18.1423611111111,1.80636584644134
18.14375,1.88365585178502
18.1451388888889,1.86006279481197
18.1465277777778,1.87114234088914
18.1479166666667,1.80103675518315
18.1493055555556,1.80272950900237
18.1506944444444,1.81023349120588
18.1520833333333,1.79385564467134
18.1534722222222,1.83966189114885
18.1548611111111,1.83406470041279
18.15625,1.80594639956847
18.1576388888889,1.77881506336137
18.1590277777778,1.86184342035542
18.1604166666667,1.86940100364072
18.1618055555556,1.83770791223456
18.1631944444444,1.87944368113318
18.1645833333333,1.77567180414015
18.1659722222222,1.82231899997069
18.1673611111111,1.76625264085777
18.16875,1.78577929224924
18.1701388888889,1.73202394086763
18.1715277777778,1.79286890398239
18.1729166666667,1.8113547405228
18.1743055555556,1.84186302545205
18.1756944444444,1.79837089517272
18.1770833333333,1.79510868597828
18.1784722222222,1.76450552118772
18.1798611111111,1.68513645640981
18.18125,1.69750158466451
18.1826388888889,1.68034216762901
18.1840277777778,1.75259419925458
18.1854166666667,1.78737682390066
18.1868055555556,1.82401191626846
18.1881944444444,1.78838129521964
18.1895833333333,1.74685609286231
18.1909722222222,1.83791536890285
18.1923611111111,1.81157211514032
18.19375,1.81889606138009
18.1951388888889,1.8277524514173
18.1965277777778,1.82846289938709
18.1979166666667,1.78924557080301
18.1993055555556,1.72318811473292
18.2006944444444,1.78081281388729
18.2020833333333,1.83188284110462
18.2034722222222,1.77599629645669
18.2048611111111,1.7933311508575
18.20625,1.8196670519234
18.2076388888889,1.87543790889773
18.2090277777778,1.98067286542394
18.2104166666667,1.93556231689233
18.2118055555556,1.79504207521677
18.2131944444444,1.80514373328261
18.2145833333333,1.77748692605618
18.2159722222222,1.77152979767448
18.2173611111111,1.69666723743029
18.21875,1.74837436883802
18.2201388888889,1.77038766828064
18.2215277777778,1.76947323258468
18.2229166666667,1.68803704161407
18.2243055555556,1.66198281909693
18.2256944444444,1.73345655264189
18.2270833333333,1.70421479892438
18.2284722222222,1.76214866011902
18.2298611111111,1.79936177732134
18.23125,1.86236331617119
18.2326388888889,1.75239731004776
18.2340277777778,1.75676565151662
18.2354166666667,1.78813899414693
18.2368055555556,1.70013738768077
18.2381944444444,1.6689764125876
18.2395833333333,1.64741640888207
18.2409722222222,1.73844508879202
18.2423611111111,1.71282299218411
18.24375,1.71154120283096
18.2451388888889,1.78791748161729
18.2465277777778,1.7200768148579
18.2479166666667,1.72577157280814
18.2493055555556,1.70901117473841
18.2506944444444,1.69553063148764
18.2520833333333,1.69135547553937
18.2534722222222,1.68137245979422
18.2548611111111,1.73094916691295
18.25625,1.68371083258084
18.2576388888889,1.68089459258997
18.2590277777778,1.75935027152825
18.2604166666667,1.77696732927481
18.2618055555556,1.73265592938512
18.2631944444444,1.74550175452998
18.2645833333333,1.7529284513726
18.2659722222222,1.7885518000776
18.2673611111111,1.77828019503242
18.26875,1.77617748490941
18.2701388888889,1.81946724259072
18.2715277777778,1.7562871074081
18.2729166666667,1.74086792697527
18.2743055555556,1.86516714421376
18.2756944444444,1.75573793769827
18.2770833333333,1.79531862222078
18.2784722222222,1.74466204142172
18.2798611111111,1.74700922854769
18.28125,1.76428906517234
18.2826388888889,1.71722832215871
18.2840277777778,1.70375984050596
18.2854166666667,1.67866996642281
18.2868055555556,1.70767903194802
18.2881944444444,1.73768376193705
18.2895833333333,1.80659163581752
18.2909722222222,1.72295417255578
18.2923611111111,1.62548838745357
18.29375,1.59154917623743
18.2951388888889,1.62368838280492
18.2965277777778,1.67012804225874
18.2979166666667,1.56269084793641
18.2993055555556,1.63168033071074
18.3006944444444,1.67541075042112
18.3020833333333,1.6337119194494
18.3034722222222,1.66127007298753
18.3048611111111,1.73921790667512
18.30625,1.70828076902486
18.3076388888889,1.71457681065452
18.3090277777778,1.72970581189432
18.3104166666667,1.75730822445389
18.3118055555556,1.71242606654063
18.3131944444444,1.67145693133228
18.3145833333333,1.67381765856325
18.3159722222222,1.59485084667359
18.3173611111111,1.57932216395766
18.31875,1.64143249470264
18.3201388888889,1.5641605937259
18.3215277777778,1.56240840958999
18.3229166666667,1.59063980471448
18.3243055555556,1.63700836921996
18.3256944444444,1.6168517877896
18.3270833333333,1.65724335901492
18.3284722222222,1.65356129318053
18.3298611111111,1.73764509853002
18.33125,1.70863103237769
18.3326388888889,1.70620520595801
18.3340277777778,1.69649645207608
18.3354166666667,1.65253910579527
18.3368055555556,1.6729285818201
18.3381944444444,1.64644875721874
18.3395833333333,1.63063672028403
18.3409722222222,1.68158037062232
18.3423611111111,1.64356874626011
18.34375,1.64531746763961
18.3451388888889,1.68613241194146
18.3465277777778,1.68320378684934
18.3479166666667,1.64937129622352
18.3493055555556,1.73867042292345
18.3506944444444,1.71247319969619
18.3520833333333,1.68277239699102
18.3534722222222,1.68203945829474
18.3548611111111,1.71550989641101
18.35625,1.63560774177313
18.3576388888889,1.6982846813217
18.3590277777778,1.65840071703288
18.3604166666667,1.63622998662874
18.3618055555556,1.54595088227223
18.3631944444444,1.60954739628954
18.3645833333333,1.57638899803307
18.3659722222222,1.66383217702824
18.3673611111111,1.56362324165748
18.36875,1.61960422267464
18.3701388888889,1.61292203141918
18.3715277777778,1.56741962198776
18.3729166666667,1.59518552593993
18.3743055555556,1.63103641518094
18.3756944444444,1.62768797433757
18.3770833333333,1.58078143408139
18.3784722222222,1.56556968343385
18.3798611111111,1.65440672119511
18.38125,1.64129034615062
18.3826388888889,1.62207181842549
18.3840277777778,1.54974449795162
18.3854166666667,1.63355371688248
18.3868055555556,1.59947219628392
18.3881944444444,1.59168105305285
18.3895833333333,1.61666200000872
18.3909722222222,1.54469488970011
18.3923611111111,1.61087753152779
18.39375,1.57223087286966
18.3951388888889,1.62077614889606
18.3965277777778,1.55134145643357
18.3979166666667,1.57303058197524
18.3993055555556,1.62209791053377
18.4006944444444,1.661489110156
18.4020833333333,1.5737040199881
18.4034722222222,1.49939845778801
18.4048611111111,1.51529774089601
18.40625,1.57896437093695
18.4076388888889,1.57767002855375
18.4090277777778,1.5463668558522
18.4104166666667,1.5709546235925
18.4118055555556,1.52593816432389
18.4131944444444,1.43015900943164
18.4145833333333,1.52609176955851
18.4159722222222,1.5788205869475
18.4173611111111,1.50551856897527
18.41875,1.49055077322158
18.4201388888889,1.53915468363607
18.4215277777778,1.49837492474566
18.4229166666667,1.55259345966335
18.4243055555556,1.54601322547434
18.4256944444444,1.59986996487302
18.4270833333333,1.61051181492194
18.4284722222222,1.62468330008275
18.4298611111111,1.54739841913593
18.43125,1.51693857302526
18.4326388888889,1.53852617092834
18.4340277777778,1.61548429447167
18.4354166666667,1.59966822325232
18.4368055555556,1.62967003603525
18.4381944444444,1.47729815664562
18.4395833333333,1.52561055324602
18.4409722222222,1.61052971346145
18.4423611111111,1.58232917300432
18.44375,1.55914221046796
18.4451388888889,1.53507314763587
18.4465277777778,1.54545399560989
18.4479166666667,1.50836622010725
18.4493055555556,1.56067489615001
18.4506944444444,1.48626514109254
18.4520833333333,1.41621136941934
18.4534722222222,1.47874889306638
18.4548611111111,1.4523720694937
18.45625,1.50993189405392
18.4576388888889,1.57712726473002
18.4590277777778,1.52290063905563
18.4604166666667,1.55142098811046
18.4618055555556,1.53346626036173
18.4631944444444,1.49480645526168
18.4645833333333,1.44345068715097
18.4659722222222,1.45585408635563
18.4673611111111,1.47110365782963
18.46875,1.52135945338729
18.4701388888889,1.5528619171183
18.4715277777778,1.58577042207921
18.4729166666667,1.63739817752049
18.4743055555556,1.55495956863924
18.4756944444444,1.5777651845537
18.4770833333333,1.47601295224596
18.4784722222222,1.49378558952553
18.4798611111111,1.51898043337344
18.48125,1.50422307043477
18.4826388888889,1.49567083923471
18.4840277777778,1.60131665725585
18.4854166666667,1.57258107429841
18.4868055555556,1.5394275213141
18.4881944444444,1.58884551938035
18.4895833333333,1.52877506724945
18.4909722222222,1.49976797631763
18.4923611111111,1.535696868433
18.49375,1.53518347423387
18.4951388888889,1.52317667600091
18.4965277777778,1.48178621392089
18.4979166666667,1.48267051801874
18.4993055555556,1.52097812122195
18.5006944444444,1.57011798682874
18.5020833333333,1.57424486979656
18.5034722222222,1.59781857915219
18.5048611111111,1.56462963522599
18.50625,1.60287383216964
18.5076388888889,1.57009442301685
18.5090277777778,1.58147825636234
18.5104166666667,1.66250094795618
18.5118055555556,1.66649110083933
18.5131944444444,1.58798584653496
18.5145833333333,1.58104897761868
18.5159722222222,1.56597229674482
18.5173611111111,1.60840249395597
18.51875,1.60700734647103
18.5201388888889,1.59916809066826
18.5215277777778,1.52738967796058
18.5229166666667,1.51751146239727
18.5243055555556,1.57587622331888
18.5256944444444,1.55611845399649
18.5270833333333,1.54508636453035
18.5284722222222,1.49308101880506
18.5298611111111,1.59838661564149
18.53125,1.53140037331731
18.5326388888889,1.50973278291834
18.5340277777778,1.53061350403974
18.5354166666667,1.52835717915934
18.5368055555556,1.56524137206518
18.5381944444444,1.55471975540789
18.5395833333333,1.55693513020838
18.5409722222222,1.52336916539439
18.5423611111111,1.51736111168569
18.54375,1.55307285461985
18.5451388888889,1.49651527695999
18.5465277777778,1.52700145410354
18.5479166666667,1.48834939552597
18.5493055555556,1.53915471610448
18.5506944444444,1.57091233045204
18.5520833333333,1.59213890669725
18.5534722222222,1.51399157757647
18.5548611111111,1.53750150921323
18.55625,1.55171017330602
18.5576388888889,1.52502737174711
18.5590277777778,1.56683078392822
18.5604166666667,1.51843190170058
18.5618055555556,1.55115790279029
18.5631944444444,1.5499731815688
18.5645833333333,1.45742252029678
18.5659722222222,1.479080760935
18.5673611111111,1.48307228599069
18.56875,1.45468055687912
18.5701388888889,1.44437818731188
18.5715277777778,1.47173316250324
18.5729166666667,1.46604767721807
18.5743055555556,1.46222445384949
18.5756944444444,1.48778605845539
18.5770833333333,1.41315546130154
18.5784722222222,1.49117819141062
18.5798611111111,1.46742868219694
18.58125,1.4082025332312
18.5826388888889,1.47104206630392
18.5840277777778,1.49326741760217
18.5854166666667,1.47042416918161
18.5868055555556,1.41675793159037
18.5881944444444,1.43207407960047
18.5895833333333,1.46141037778229
18.5909722222222,1.44810280335922
18.5923611111111,1.416783780705
18.59375,1.46459980639018
18.5951388888889,1.45645954321198
18.5965277777778,1.45401107441925
18.5979166666667,1.48133808433851
18.5993055555556,1.42651990239
18.6006944444444,1.44463915975619
18.6020833333333,1.46426966082939
18.6034722222222,1.49636675586514
18.6048611111111,1.48077019102581
18.60625,1.49928758960508
18.6076388888889,1.48044675111718
18.6090277777778,1.47998036067695
18.6104166666667,1.50821383504308
18.6118055555556,1.46569012959177
18.6131944444444,1.51174976079599
18.6145833333333,1.44942263972529
18.6159722222222,1.4524237018422
18.6173611111111,1.40205095660813
18.61875,1.3988144255197
18.6201388888889,1.4736800882569
18.6215277777778,1.5323026624528
18.6229166666667,1.4603565470877
18.6243055555556,1.51791216760002
18.6256944444444,1.52564257066301
18.6270833333333,1.55153317610462
18.6284722222222,1.55790632654061
18.6298611111111,1.58805898722288
18.63125,1.58628433858249
18.6326388888889,1.50976624025745
18.6340277777778,1.51604985800103
18.6354166666667,1.56004105033254
18.6368055555556,1.56504671931505
18.6381944444444,1.53836604014885
18.6395833333333,1.51351000549906
18.6409722222222,1.50828601243569
18.6423611111111,1.51209533636637
18.64375,1.55049646429136
18.6451388888889,1.50541873788131
18.6465277777778,1.5356812392335
18.6479166666667,1.48703538749948
18.6493055555556,1.43059833759297
18.6506944444444,1.43798054263313
18.6520833333333,1.49827103504369
18.6534722222222,1.50859038955829
18.6548611111111,1.42121492432767
18.65625,1.44529387996539
18.6576388888889,1.4956434942346
18.6590277777778,1.57598036483049
18.6604166666667,1.51858284943308
18.6618055555556,1.50942137976778
18.6631944444444,1.54669747152201
18.6645833333333,1.50059190248172
18.6659722222222,1.49724631685209
18.6673611111111,1.44061526604631
18.66875,1.52327817997479
18.6701388888889,1.54929791139901
18.6715277777778,1.57854720082874
18.6729166666667,1.52932756285163
18.6743055555556,1.45156905203001
18.6756944444444,1.43280419154449
18.6770833333333,1.44703251046148
18.6784722222222,1.47451097659555
18.6798611111111,1.43682665185646
18.68125,1.42773467651073
18.6826388888889,1.5315959966867
18.6840277777778,1.57111986283979
18.6854166666667,1.42974192450312
18.6868055555556,1.54117657544078
18.6881944444444,1.49356156568446
18.6895833333333,1.51826891729423
18.6909722222222,1.56902840818074
18.6923611111111,1.50022428432572
18.69375,1.54905129070493
18.6951388888889,1.56415619329279
18.6965277777778,1.51595079128842
18.6979166666667,1.52435021905612
18.6993055555556,1.51091551386044
18.7006944444444,1.58341467203506
18.7020833333333,1.57676812017284
18.7034722222222,1.54738641332782
18.7048611111111,1.52099068320508
18.70625,1.55984739679513
18.7076388888889,1.48540053143767
18.7090277777778,1.53080673801799
18.7104166666667,1.51388497953055
18.7118055555556,1.46732024604072
18.7131944444444,1.51640777193102
18.7145833333333,1.45898940055532
18.7159722222222,1.45684034325486
18.7173611111111,1.44942006642054
18.71875,1.41876805551244
18.7201388888889,1.42556124500243
18.7215277777778,1.42189421257044
18.7229166666667,1.45701166829557
18.7243055555556,1.43526882340418
18.7256944444444,1.45213258331808
18.7270833333333,1.44695405122558
18.7284722222222,1.44497630810365
18.7298611111111,1.52706020342053
18.73125,1.46697439198781
18.7326388888889,1.41063279320952
18.7340277777778,1.35851230204904
18.7354166666667,1.41482835105354
18.7368055555556,1.50716375109873
18.7381944444444,1.48769348428052
18.7395833333333,1.43832615106367
18.7409722222222,1.45954612216447
18.7423611111111,1.47359402262783
18.74375,1.45637137599073
18.7451388888889,1.40641442915658
18.7465277777778,1.4644511548769
18.7479166666667,1.52167341671551
18.7493055555556,1.44286200029642
18.7506944444444,1.3878716602988
18.7520833333333,1.42661460766103
18.7534722222222,1.4973468045438
18.7548611111111,1.5547004787584
18.75625,1.58332789344713
18.7576388888889,1.5563168822638
18.7590277777778,1.52347964995008
18.7604166666667,1.49823589628961
18.7618055555556,1.53950894763028
18.7631944444444,1.56359103981272
18.7645833333333,1.50749592602785
18.7659722222222,1.50936336091254
18.7673611111111,1.46099003556717
18.76875,1.47101569369302
18.7701388888889,1.53535658596084
18.7715277777778,1.55311072048166
18.7729166666667,1.55974976955248
18.7743055555556,1.53587451726032
18.7756944444444,1.48162219734596
18.7770833333333,1.48369526462131
18.7784722222222,1.4820254041647
18.7798611111111,1.45805768461931
18.78125,1.53002166176858
18.7826388888889,1.52337124077936
18.7840277777778,1.45353245333203
18.7854166666667,1.44581992897604
18.7868055555556,1.42089664778983
18.7881944444444,1.47272547454673
18.7895833333333,1.48581271609291
18.7909722222222,1.51255264666563
18.7923611111111,1.47220693225806
18.79375,1.53044064020838
18.7951388888889,1.58578351930981
18.7965277777778,1.55017315653552
18.7979166666667,1.5667667211233
18.7993055555556,1.59907746684871
18.8006944444444,1.65554080209528
18.8020833333333,1.57616276430365
18.8034722222222,1.63183815381989
18.8048611111111,1.66600558636045
18.80625,1.61543073660827
18.8076388888889,1.55258385518433
18.8090277777778,1.56969084202013
18.8104166666667,1.58461878169328
18.8118055555556,1.58782625507031
18.8131944444444,1.55582323079663
18.8145833333333,1.59064934820303
18.8159722222222,1.61465223161504
18.8173611111111,1.54720569352087
18.81875,1.60505773917206
18.8201388888889,1.61577364451784
18.8215277777778,1.635447857341
18.8229166666667,1.71381732049797
18.8243055555556,1.68127333648902
18.8256944444444,1.64495603239796
18.8270833333333,1.66035214521523
18.8284722222222,1.66612463278954
18.8298611111111,1.71804889570922
18.83125,1.75842228376007
18.8326388888889,1.64873978513927
18.8340277777778,1.57997451250851
18.8354166666667,1.60094151001239
18.8368055555556,1.65895944286936
18.8381944444444,1.6643549837039
18.8395833333333,1.64550479983778
18.8409722222222,1.65885240648474
18.8423611111111,1.64716349464808
18.84375,1.62923132875003
18.8451388888889,1.62605043710209
18.8465277777778,1.62076212639388
18.8479166666667,1.64657385551836
18.8493055555556,1.63304831821837
18.8506944444444,1.59616522490812
18.8520833333333,1.62878627730035
18.8534722222222,1.59688564271117
18.8548611111111,1.53741030151058
18.85625,1.48701407484644
18.8576388888889,1.54504708734873
18.8590277777778,1.6080837582105
18.8604166666667,1.61426340209852
18.8618055555556,1.57677023127908
18.8631944444444,1.52620687262554
18.8645833333333,1.51909694195326
18.8659722222222,1.53256306887571
18.8673611111111,1.55452097401555
18.86875,1.48927102729379
18.8701388888889,1.51101972086887
18.8715277777778,1.56523819842343
18.8729166666667,1.65519313966589
18.8743055555556,1.54878128067025
18.8756944444444,1.56139022670686
18.8770833333333,1.59928241930902
18.8784722222222,1.60653362542923
18.8798611111111,1.59799006751605
18.88125,1.56447238609793
18.8826388888889,1.56575831503308
18.8840277777778,1.59300073338673
18.8854166666667,1.58445361011374
18.8868055555556,1.58856052875885
18.8881944444444,1.58260699188603
18.8895833333333,1.55097584479455
18.8909722222222,1.52556365859928
18.8923611111111,1.5736483176862
18.89375,1.54183839507667
18.8951388888889,1.5854897773808
18.8965277777778,1.55233744015817
18.8979166666667,1.50863527032281
18.8993055555556,1.51326437999627
18.9006944444444,1.4773048240101
18.9020833333333,1.55277587351156
18.9034722222222,1.55320750140568
18.9048611111111,1.48715541807635
18.90625,1.54393442005052
18.9076388888889,1.53129038904527
18.9090277777778,1.53753820520693
18.9104166666667,1.61178744632884
18.9118055555556,1.61333645415892
18.9131944444444,1.66664733399853
18.9145833333333,1.64790666706727
18.9159722222222,1.58701042910772
18.9173611111111,1.59626730285319
18.91875,1.67120115105063
18.9201388888889,1.70930037244356
18.9215277777778,1.69708625915726
18.9229166666667,1.64899625563329
18.9243055555556,1.64039844652372
18.9256944444444,1.6123280702691
18.9270833333333,1.62706367397415
18.9284722222222,1.71860202101026
18.9298611111111,1.71253612996578
18.93125,1.69930710986789
18.9326388888889,1.68052286784098
18.9340277777778,1.66436695455174
18.9354166666667,1.62237286109427
18.9368055555556,1.57817417448054
18.9381944444444,1.53566082593586
18.9395833333333,1.59568015087363
18.9409722222222,1.60241967154683
18.9423611111111,1.55604367670936
18.94375,1.5955513998733
18.9451388888889,1.59066905311608
18.9465277777778,1.60330060644025
18.9479166666667,1.64064325075098
18.9493055555556,1.61606802432133
18.9506944444444,1.56887625203817
18.9520833333333,1.51318930500669
18.9534722222222,1.56378397920302
18.9548611111111,1.62807536310117
18.95625,1.63226412822842
18.9576388888889,1.63358316094964
18.9590277777778,1.59406735732087
18.9604166666667,1.62621076325221
18.9618055555556,1.60708343447269
18.9631944444444,1.57628638464957
18.9645833333333,1.56460030101506
18.9659722222222,1.6323530188429
18.9673611111111,1.6125167569262
18.96875,1.62804827176068
18.9701388888889,1.56905399883981
18.9715277777778,1.59338436118726
18.9729166666667,1.595844611775
18.9743055555556,1.56706823925405
18.9756944444444,1.54728064888955
18.9770833333333,1.56995527692572
18.9784722222222,1.57831506530555
18.9798611111111,1.54812047756942
18.98125,1.5645762739121
18.9826388888889,1.53617431506864
18.9840277777778,1.54156375003929
18.9854166666667,1.56708336306037
18.9868055555556,1.54942623945701
18.9881944444444,1.57761193186411
18.9895833333333,1.53321759263054
18.9909722222222,1.5750267462015
18.9923611111111,1.60385396239747
18.99375,1.51534806352907
18.9951388888889,1.49579504099841
18.9965277777778,1.52367321774364
18.9979166666667,1.51424255546715
18.9993055555556,1.53445368452775
19.0006944444444,1.49819026664029
19.0020833333333,1.55229058705032
19.0034722222222,1.51355737914154
19.0048611111111,1.47190565803497
19.00625,1.51680766027957
19.0076388888889,1.50034360678552
19.0090277777778,1.48828782726803
19.0104166666667,1.5459456829783
19.0118055555556,1.5087785408807
19.0131944444444,1.59395209061427
19.0145833333333,1.5519455570473
19.0159722222222,1.63257131422702
19.0173611111111,1.62915578227249
19.01875,1.61393144630941
19.0201388888889,1.62827967845654
19.0215277777778,1.64166848190303
19.0229166666667,1.55897013342557
19.0243055555556,1.53742348526692
19.0256944444444,1.49217543542124
19.0270833333333,1.53108082361948
19.0284722222222,1.60108586918
19.0298611111111,1.56040042188528
19.03125,1.49422071205465
19.0326388888889,1.54721567764537
19.0340277777778,1.56402905868273
19.0354166666667,1.5166099455288
19.0368055555556,1.51667598514313
19.0381944444444,1.59882545686267
19.0395833333333,1.54775035462473
19.0409722222222,1.51223838679734
19.0423611111111,1.46712067181734
19.04375,1.49812471859908
19.0451388888889,1.50483839099694
19.0465277777778,1.48950685994497
19.0479166666667,1.5933402473452
19.0493055555556,1.53939964543197
19.0506944444444,1.53937368267785
19.0520833333333,1.55304755703312
19.0534722222222,1.56320589141612
19.0548611111111,1.56891425837019
19.05625,1.57439870184971
19.0576388888889,1.57267119064793
19.0590277777778,1.58709914773944
19.0604166666667,1.54795527498392
19.0618055555556,1.55550626702875
19.0631944444444,1.54507715543799
19.0645833333333,1.53311825981163
19.0659722222222,1.52765457321414
19.0673611111111,1.5457126691723
19.06875,1.58252186891656
19.0701388888889,1.47381529855884
19.0715277777778,1.47523179259017
19.0729166666667,1.51643664781138
19.0743055555556,1.52824736804628
19.0756944444444,1.50879416824486
19.0770833333333,1.49244099922383
19.0784722222222,1.5155643421567
19.0798611111111,1.52108092179267
19.08125,1.49091459263331
19.0826388888889,1.47929476984113
19.0840277777778,1.51031146373385
19.0854166666667,1.52182639240147
19.0868055555556,1.53159000631422
19.0881944444444,1.445290659494
19.0895833333333,1.45350801464331
19.0909722222222,1.48716926189029
19.0923611111111,1.47995617382711
19.09375,1.41331643343186
19.0951388888889,1.47170133996259
19.0965277777778,1.46920903010977
19.0979166666667,1.42713315405702
19.0993055555556,1.48709970487201
19.1006944444444,1.4889878297573
19.1020833333333,1.42910461325413
19.1034722222222,1.36019035625077
19.1048611111111,1.41887346937207
19.10625,1.39731431992309
19.1076388888889,1.39754833082715
19.1090277777778,1.4123640129202
19.1104166666667,1.44532082379266
19.1118055555556,1.47003763810256
19.1131944444444,1.46512083480764
19.1145833333333,1.44743688452466
19.1159722222222,1.41325579755169
19.1173611111111,1.50807932720071
19.11875,1.5074209046597
19.1201388888889,1.51631162135373
19.1215277777778,1.54667931011871
19.1229166666667,1.51445578366163
19.1243055555556,1.55177116205098
19.1256944444444,1.52689006420777
19.1270833333333,1.54105426415989
19.1284722222222,1.53381042169045
19.1298611111111,1.56545252034025
19.13125,1.53195095931267
19.1326388888889,1.46448884783803
19.1340277777778,1.46304440159345
19.1354166666667,1.45298259322558
19.1368055555556,1.44343650131779
19.1381944444444,1.45887608320528
19.1395833333333,1.45019503027073
19.1409722222222,1.40228329369423
19.1423611111111,1.36128770973363
19.14375,1.40717346202113
19.1451388888889,1.4076185228082
19.1465277777778,1.41140087801467
19.1479166666667,1.43025916492861
19.1493055555556,1.44487220516911
19.1506944444444,1.40258788232182
19.1520833333333,1.3857516020121
19.1534722222222,1.38811811851338
19.1548611111111,1.37407033223987
19.15625,1.39739381219009
19.1576388888889,1.43480809534424
19.1590277777778,1.42147368055487
19.1604166666667,1.35994247221153
19.1618055555556,1.42301540402361
19.1631944444444,1.42525947658117
19.1645833333333,1.41475258166098
19.1659722222222,1.44350107338216
19.1673611111111,1.47070689881455
19.16875,1.47057636618855
19.1701388888889,1.42811511638206
19.1715277777778,1.45061657725157
19.1729166666667,1.42165236047925
19.1743055555556,1.42198631518333
19.1756944444444,1.42701448142116
19.1770833333333,1.39777434985999
19.1784722222222,1.43506221992166
19.1798611111111,1.44154938824371
19.18125,1.46519278524956
19.1826388888889,1.43375320685043
19.1840277777778,1.4010193722604
19.1854166666667,1.4352940438188
19.1868055555556,1.48608825458281
19.1881944444444,1.46039141762312
19.1895833333333,1.40855651054692
19.1909722222222,1.3629237645031
19.1923611111111,1.40261782530575
19.19375,1.45566695571622
19.1951388888889,1.43703225706603
19.1965277777778,1.42728956657539
19.1979166666667,1.38817362968388
19.1993055555556,1.40497921126486
19.2006944444444,1.43271724459474
19.2020833333333,1.45685000409809
19.2034722222222,1.42034313386715
19.2048611111111,1.42306032534622
19.20625,1.50104570387454
19.2076388888889,1.44915844722175
19.2090277777778,1.43420764993836
19.2104166666667,1.37456255484282
19.2118055555556,1.46067731332167
19.2131944444444,1.47433034722398
19.2145833333333,1.4599750799147
19.2159722222222,1.39414898901776
19.2173611111111,1.4544688005389
19.21875,1.50549599469351
19.2201388888889,1.51988962566708
19.2215277777778,1.50766796357394
19.2229166666667,1.53632209455032
19.2243055555556,1.54493734217416
19.2256944444444,1.54879567809001
19.2270833333333,1.51860339298891
19.2284722222222,1.47989183417421
19.2298611111111,1.40084532271776
19.23125,1.42831224701288
19.2326388888889,1.39688360357088
19.2340277777778,1.42356625966487
19.2354166666667,1.37326577374491
19.2368055555556,1.40454276192183
19.2381944444444,1.41365258531371
19.2395833333333,1.42669630010982
19.2409722222222,1.42685147940571
19.2423611111111,1.39434700648856
19.24375,1.41581710910997
19.2451388888889,1.43131640104919
19.2465277777778,1.44150196280491
19.2479166666667,1.49788014878847
19.2493055555556,1.48064419450305
19.2506944444444,1.51907101457477
19.2520833333333,1.50516356651842
19.2534722222222,1.50197478714098
19.2548611111111,1.47905465324008
19.25625,1.50126984018729
19.2576388888889,1.46144480350689
19.2590277777778,1.43268271008353
19.2604166666667,1.36209880625628
19.2618055555556,1.37461724265633
19.2631944444444,1.34053549906591
19.2645833333333,1.44181629510851
19.2659722222222,1.49296957405163
19.2673611111111,1.46534724269572
19.26875,1.41167459004452
19.2701388888889,1.40092882538811
19.2715277777778,1.42079383400168
19.2729166666667,1.45362955376526
19.2743055555556,1.39522826988267
19.2756944444444,1.36635273227404
19.2770833333333,1.41621695775555
19.2784722222222,1.38730677137534
19.2798611111111,1.41390576557338
19.28125,1.4192276971047
19.2826388888889,1.42952172109177
19.2840277777778,1.39433990074732
19.2854166666667,1.3943008313185
19.2868055555556,1.34926571713161
19.2881944444444,1.37200544219843
19.2895833333333,1.38890363707516
19.2909722222222,1.36378453277984
19.2923611111111,1.38586451213747
19.29375,1.3463441663616
19.2951388888889,1.32578251597709
19.2965277777778,1.40654358620213
19.2979166666667,1.40528054392026
19.2993055555556,1.38394532481748
19.3006944444444,1.43160597781111
19.3020833333333,1.38594621366326
19.3034722222222,1.4001809803831
19.3048611111111,1.41526558001634
19.30625,1.4181397330412
19.3076388888889,1.39798421690512
19.3090277777778,1.42783135039775
19.3104166666667,1.39969432598613
19.3118055555556,1.34391580347877
19.3131944444444,1.36299797680929
19.3145833333333,1.36652242133675
19.3159722222222,1.36143057948153
19.3173611111111,1.4303107641291
19.31875,1.42623784031263
19.3201388888889,1.40682480559289
19.3215277777778,1.39270717667235
19.3229166666667,1.3767105053395
19.3243055555556,1.33342241289483
19.3256944444444,1.34510579020021
19.3270833333333,1.34820372908185
19.3284722222222,1.40658153300952
19.3298611111111,1.42245815078336
19.33125,1.39619047162559
19.3326388888889,1.39231031712562
19.3340277777778,1.40596883066976
19.3354166666667,1.36744520434299
19.3368055555556,1.39099632460539
19.3381944444444,1.40024957059493
19.3395833333333,1.43067336973696
19.3409722222222,1.40161837460407
19.3423611111111,1.39965855946693
19.34375,1.37918445007654
19.3451388888889,1.33373692100215
19.3465277777778,1.31415914184602
19.3479166666667,1.31694827358988
19.3493055555556,1.36489952952747
19.3506944444444,1.3760303203256
19.3520833333333,1.35437189298207
19.3534722222222,1.30282441684865
19.3548611111111,1.38755683120793
19.35625,1.38008526181026
19.3576388888889,1.34004908107991
19.3590277777778,1.35452028021137
19.3604166666667,1.3535188202728
19.3618055555556,1.35790413428851
19.3631944444444,1.38617355200951
19.3645833333333,1.35578880507453
19.3659722222222,1.36761417438471
19.3673611111111,1.36198428254046
19.36875,1.40723787091593
19.3701388888889,1.43960831569944
19.3715277777778,1.41862737346797
19.3729166666667,1.38425666478575
19.3743055555556,1.4618444413059
19.3756944444444,1.50215659607268
19.3770833333333,1.46709059605851
19.3784722222222,1.41822531764851
19.3798611111111,1.43647427582149
19.38125,1.44952404870592
19.3826388888889,1.458107470221
19.3840277777778,1.46099855942348
19.3854166666667,1.43948866105275
19.3868055555556,1.39374440882672
19.3881944444444,1.41021313514983
19.3895833333333,1.39870338614845
19.3909722222222,1.40555342601559
19.3923611111111,1.42695019531546
19.39375,1.45172897939643
19.3951388888889,1.42214446202422
19.3965277777778,1.42235949076052
19.3979166666667,1.37466650517948
19.3993055555556,1.34167840244275
19.4006944444444,1.36577462578681
19.4020833333333,1.35243372455015
19.4034722222222,1.37901216284669
19.4048611111111,1.44962107745521
19.40625,1.48338833957224
19.4076388888889,1.45312484952288
19.4090277777778,1.45172916755744
19.4104166666667,1.45114214764247
19.4118055555556,1.4486774298695
19.4131944444444,1.42358231212875
19.4145833333333,1.43726911438061
19.4159722222222,1.44247374615213
19.4173611111111,1.46881270195242
19.41875,1.46885502607068
19.4201388888889,1.47072139278992
19.4215277777778,1.49589542333195
19.4229166666667,1.47378588486991
19.4243055555556,1.50848210688205
19.4256944444444,1.53241358554744
19.4270833333333,1.56257315751509
19.4284722222222,1.50320152017281
19.4298611111111,1.48723683215582
19.43125,1.49439521239582
19.4326388888889,1.46529442970501
19.4340277777778,1.41014181439771
19.4354166666667,1.44295147666708
19.4368055555556,1.44260080527276
19.4381944444444,1.44664809652703
19.4395833333333,1.45221817149972
19.4409722222222,1.44969412609472
19.4423611111111,1.46692193237444
19.44375,1.47125969695073
19.4451388888889,1.47509688537581
19.4465277777778,1.46758411226939
19.4479166666667,1.4695566311472
19.4493055555556,1.45624650952056
19.4506944444444,1.45649171589563
19.4520833333333,1.49713887415945
19.4534722222222,1.49055914301962
19.4548611111111,1.52025092459872
19.45625,1.5726604335413
19.4576388888889,1.55488818945654
19.4590277777778,1.51941375226337
19.4604166666667,1.49695253548879
19.4618055555556,1.44436657101127
19.4631944444444,1.50104088807835
19.4645833333333,1.54399699080035
19.4659722222222,1.51237021868137
19.4673611111111,1.48432675672444
19.46875,1.49689359907127
19.4701388888889,1.53019682098022
19.4715277777778,1.50410259875687
19.4729166666667,1.46005326195072
19.4743055555556,1.40242047474475
19.4756944444444,1.38174613740573
19.4770833333333,1.40922866425484
19.4784722222222,1.3945470832545
19.4798611111111,1.39328087772018
19.48125,1.42535648747275
19.4826388888889,1.47581087137368
19.4840277777778,1.41220298888334
19.4854166666667,1.40924637441702
19.4868055555556,1.40840205801519
19.4881944444444,1.41389190548608
19.4895833333333,1.49317989714364
19.4909722222222,1.50504615845436
19.4923611111111,1.48594565926688
19.49375,1.41478195370075
19.4951388888889,1.4589196824145
19.4965277777778,1.45575576845609
19.4979166666667,1.38851067761342
19.4993055555556,1.36870873126314
19.5006944444444,1.33713899550841
19.5020833333333,1.35080963911006
19.5034722222222,1.33174951523311
19.5048611111111,1.31113917208178
19.50625,1.3425491957344
19.5076388888889,1.36943149714605
19.5090277777778,1.36387467833487
19.5104166666667,1.38236988244037
19.5118055555556,1.38781136965234
19.5131944444444,1.36197830052346
19.5145833333333,1.29500842515911
19.5159722222222,1.26764446783791
19.5173611111111,1.30208977446594
19.51875,1.32408372082265
19.5201388888889,1.33868504269049
19.5215277777778,1.3640029078303
19.5229166666667,1.36452751291308
19.5243055555556,1.36269137154974
19.5256944444444,1.38589720730959
19.5270833333333,1.37695860065493
19.5284722222222,1.34909059567351
19.5298611111111,1.32195422943047
19.53125,1.36586844220246
19.5326388888889,1.36225906005856
19.5340277777778,1.27468787406155
19.5354166666667,1.25013196525818
19.5368055555556,1.30368864485426
19.5381944444444,1.32128543051369
19.5395833333333,1.32225714646133
19.5409722222222,1.31566823536781
19.5423611111111,1.26602512723948
19.54375,1.2622821394235
19.5451388888889,1.29772769484061
19.5465277777778,1.33229449833248
19.5479166666667,1.33209361903723
19.5493055555556,1.31389492447323
19.5506944444444,1.36985021791837
19.5520833333333,1.35535121811199
19.5534722222222,1.33695333617585
19.5548611111111,1.38182274454004
19.55625,1.34882496593104
19.5576388888889,1.33800898743496
19.5590277777778,1.32536929308524
19.5604166666667,1.33921585447181
19.5618055555556,1.30553852714572
19.5631944444444,1.29677074784017
19.5645833333333,1.32684778878408
19.5659722222222,1.30952591506157
19.5673611111111,1.35525248549112
19.56875,1.32674557992079
19.5701388888889,1.35449761792304
19.5715277777778,1.3669417032721
19.5729166666667,1.30342380822048
19.5743055555556,1.30926114644901
19.5756944444444,1.33784905054891
19.5770833333333,1.29642091534457
19.5784722222222,1.27729472067333
19.5798611111111,1.30498546223876
19.58125,1.36093517300732
19.5826388888889,1.36052776533773
19.5840277777778,1.34493691944154
19.5854166666667,1.34368909273878
19.5868055555556,1.36984834816069
19.5881944444444,1.32742537949267
19.5895833333333,1.34642366982719
19.5909722222222,1.35075709384252
19.5923611111111,1.30503268643606
19.59375,1.32867639847529
19.5951388888889,1.34432028252995
19.5965277777778,1.39318667869546
19.5979166666667,1.40412100202384
19.5993055555556,1.40943171253018
19.6006944444444,1.33687851218018
19.6020833333333,1.38110607673236
19.6034722222222,1.36521188658167
19.6048611111111,1.33389173763811
19.60625,1.36405615407498
19.6076388888889,1.40625307771067
19.6090277777778,1.42257409731045
19.6104166666667,1.43770280212217
19.6118055555556,1.47668084015588
19.6131944444444,1.39709606461544
19.6145833333333,1.33388085939413
19.6159722222222,1.30765868400402
19.6173611111111,1.29430209122704
19.61875,1.30773118775708
19.6201388888889,1.35913224832043
19.6215277777778,1.39729588329363
19.6229166666667,1.34836732411876
19.6243055555556,1.33888260255971
19.6256944444444,1.29336839366097
19.6270833333333,1.31520616779011
19.6284722222222,1.35211321914978
19.6298611111111,1.32947892635559
19.63125,1.3369586604469
19.6326388888889,1.30990318976118
19.6340277777778,1.3432567334397
19.6354166666667,1.35709728961084
19.6368055555556,1.37951253568886
19.6381944444444,1.34201877604153
19.6395833333333,1.38257283413558
19.6409722222222,1.33985161027006
19.6423611111111,1.34310693699268
19.64375,1.32699730215993
19.6451388888889,1.33629854029776
19.6465277777778,1.35752639837363
19.6479166666667,1.34421890435208
19.6493055555556,1.36555527428697
19.6506944444444,1.39651354733588
19.6520833333333,1.38243690739785
19.6534722222222,1.37083284031334
19.6548611111111,1.35925348621261
19.65625,1.34224037504755
19.6576388888889,1.34489039702208
19.6590277777778,1.42255344797325
19.6604166666667,1.39546890605374
19.6618055555556,1.3660501342932
19.6631944444444,1.32793248508658
19.6645833333333,1.31260896627791
19.6659722222222,1.32389389497644
19.6673611111111,1.36050823313788
19.66875,1.32501871982286
19.6701388888889,1.22460308433213
19.6715277777778,1.27530389967711
19.6729166666667,1.30133466716486
19.6743055555556,1.27778244001051
19.6756944444444,1.25620083081873
19.6770833333333,1.24251204711246
19.6784722222222,1.27891793240403
19.6798611111111,1.31823121780754
19.68125,1.32325458726086
19.6826388888889,1.30913874695857
19.6840277777778,1.28267797693637
19.6854166666667,1.24798226182792
19.6868055555556,1.32449343708734
19.6881944444444,1.32561636803315
19.6895833333333,1.25777878945839
19.6909722222222,1.26707108985923
19.6923611111111,1.29692265512058
19.69375,1.24444386882192
19.6951388888889,1.27328776864001
19.6965277777778,1.27938462418326
19.6979166666667,1.32773012029117
19.6993055555556,1.29365308509466
19.7006944444444,1.29942388835541
19.7020833333333,1.30454286658833
19.7034722222222,1.32079718459781
19.7048611111111,1.3467898312791
19.70625,1.36538986949554
19.7076388888889,1.33366148936737
19.7090277777778,1.28499401875289
19.7104166666667,1.27170934264568
19.7118055555556,1.22218620567748
19.7131944444444,1.28069925292458
19.7145833333333,1.29473826581123
19.7159722222222,1.3230433274718
19.7173611111111,1.30606018930404
19.71875,1.30151743554226
19.7201388888889,1.28802931904234
19.7215277777778,1.27769333645671
19.7229166666667,1.2678285607682
19.7243055555556,1.25417220942276
19.7256944444444,1.31547004204108
19.7270833333333,1.32943553887374
19.7284722222222,1.26424141721106
19.7298611111111,1.25288195526459
19.73125,1.25727476811416
19.7326388888889,1.28933288323435
19.7340277777778,1.30707488138995
19.7354166666667,1.32986674192593
19.7368055555556,1.3656263026072
19.7381944444444,1.33700537929932
19.7395833333333,1.27148801013344
19.7409722222222,1.27525267584154
19.7423611111111,1.23589450569084
19.74375,1.28432810065999
19.7451388888889,1.23616188460158
19.7465277777778,1.22848209144084
19.7479166666667,1.24649143505326
19.7493055555556,1.24971894724195
19.7506944444444,1.22088350020085
19.7520833333333,1.24103450426231
19.7534722222222,1.24060920418689
19.7548611111111,1.31927465533851
19.75625,1.25684187386898
19.7576388888889,1.26882901161922
19.7590277777778,1.27615471833537
19.7604166666667,1.26909537638656
19.7618055555556,1.27355200319769
19.7631944444444,1.29009290000569
19.7645833333333,1.2499796170279
19.7659722222222,1.22563300757332
19.7673611111111,1.18787496556786
19.76875,1.20370237849626
19.7701388888889,1.21401194501536
19.7715277777778,1.24893079859251
19.7729166666667,1.26173027057914
19.7743055555556,1.20106145484598
19.7756944444444,1.1996473315839
19.7770833333333,1.21936458238592
19.7784722222222,1.26157285541904
19.7798611111111,1.25440732472253
19.78125,1.29059017434426
19.7826388888889,1.29557362371554
19.7840277777778,1.26995462347615
19.7854166666667,1.23076510395696
19.7868055555556,1.22990897843442
19.7881944444444,1.24368781573965
19.7895833333333,1.26798129038793
19.7909722222222,1.23292108148284
19.7923611111111,1.253704645737
19.79375,1.24409422068361
19.7951388888889,1.22168489548226
19.7965277777778,1.23631898739131
19.7979166666667,1.2277253345844
19.7993055555556,1.28938895271156
19.8006944444444,1.2877058446513
19.8020833333333,1.26344737010935
19.8034722222222,1.31868445490163
19.8048611111111,1.30195408239168
19.80625,1.28440058124351
19.8076388888889,1.31152710638253
19.8090277777778,1.31836202705002
19.8104166666667,1.32136577177555
19.8118055555556,1.31590886455003
19.8131944444444,1.3045783201794
19.8145833333333,1.28519039335562
19.8159722222222,1.26708794408643
19.8173611111111,1.26726421901084
19.81875,1.29140817688395
19.8201388888889,1.31214776304914
19.8215277777778,1.34172289910997
19.8229166666667,1.32209054599945
19.8243055555556,1.35300820754306
19.8256944444444,1.31513819689631
19.8270833333333,1.26518017997476
19.8284722222222,1.26814397250084
19.8298611111111,1.28295898666698
19.83125,1.23278507616054
19.8326388888889,1.21221552733728
19.8340277777778,1.23159165378554
19.8354166666667,1.20166517080779
19.8368055555556,1.20484974725231
19.8381944444444,1.20556566124478
19.8395833333333,1.22664024075823
19.8409722222222,1.22724751163776
19.8423611111111,1.25888662954383
19.84375,1.26265543870998
19.8451388888889,1.26238098407019
19.8465277777778,1.33849224959441
19.8479166666667,1.29098032632882
19.8493055555556,1.34456408326349
19.8506944444444,1.29273870173868
19.8520833333333,1.22872449206651
19.8534722222222,1.22656357075015
19.8548611111111,1.25805301297826
19.85625,1.30096738251811
19.8576388888889,1.31512797674732
19.8590277777778,1.3133834458587
19.8604166666667,1.29976375920843
19.8618055555556,1.31218947315628
19.8631944444444,1.31677192001742
19.8645833333333,1.28550364657351
19.8659722222222,1.28776717795049
19.8673611111111,1.28855287249643
19.86875,1.35010311999796
19.8701388888889,1.3133178172065
19.8715277777778,1.27553081175796
19.8729166666667,1.26672461734596
19.8743055555556,1.24073397532
19.8756944444444,1.22476907117385
19.8770833333333,1.22166350338582
19.8784722222222,1.29308606830181
19.8798611111111,1.25016725966905
19.88125,1.26059954350563
19.8826388888889,1.23504207154789
19.8840277777778,1.23155536332187
19.8854166666667,1.25093378200599
19.8868055555556,1.22270471412451
19.8881944444444,1.24618188644171
19.8895833333333,1.23241490549705
19.8909722222222,1.19244570977299
19.8923611111111,1.19232301773332
19.89375,1.20024630463028
19.8951388888889,1.18743646460592
19.8965277777778,1.17897121649209
19.8979166666667,1.19572333550966
19.8993055555556,1.19457610712406
19.9006944444444,1.20383713850157
19.9020833333333,1.23736461069012
19.9034722222222,1.22905653125957
19.9048611111111,1.20383218715483
19.90625,1.20648312307762
19.9076388888889,1.19631141782177
19.9090277777778,1.19985198878175
19.9104166666667,1.18315221556852
19.9118055555556,1.25118279149954
19.9131944444444,1.33603118151321
19.9145833333333,1.30466359581613
19.9159722222222,1.21803074693704
19.9173611111111,1.21413046890434
19.91875,1.185498707723
19.9201388888889,1.20473655001492
19.9215277777778,1.2175495804664
19.9229166666667,1.24292002873601
19.9243055555556,1.24375025988788
19.9256944444444,1.2422877351443
19.9270833333333,1.24550369693666
19.9284722222222,1.275914412725
19.9298611111111,1.28845883145638
19.93125,1.31067513920208
19.9326388888889,1.2784595193064
19.9340277777778,1.2980557848957
19.9354166666667,1.33200520155159
19.9368055555556,1.29477305052445
19.9381944444444,1.28478874394287
19.9395833333333,1.35627841572971
19.9409722222222,1.35420012438392
19.9423611111111,1.35502160796962
19.94375,1.3079490081559
19.9451388888889,1.27675384547271
19.9465277777778,1.25499198637269
19.9479166666667,1.23711742306168
19.9493055555556,1.2537793963421
19.9506944444444,1.32743287285301
19.9520833333333,1.32895295998306
19.9534722222222,1.30930513867461
19.9548611111111,1.30181509462443
19.95625,1.30863783034291
19.9576388888889,1.32878924346139
19.9590277777778,1.36686297463161
19.9604166666667,1.35931956654428
19.9618055555556,1.33704898188366
19.9631944444444,1.35731641227604
19.9645833333333,1.37014168465893
19.9659722222222,1.31982150554396
19.9673611111111,1.33963330119108
19.96875,1.3242363712506
19.9701388888889,1.32137339363652
19.9715277777778,1.32600799117052
19.9729166666667,1.3821378516641
19.9743055555556,1.37783571150144
19.9756944444444,1.36602723562813
19.9770833333333,1.36161831851862
19.9784722222222,1.36144341267678
19.9798611111111,1.35193065171467
19.98125,1.35195279110831
19.9826388888889,1.35013247878416
19.9840277777778,1.35022846602419
19.9854166666667,1.3430151540971
19.9868055555556,1.3505677075013
19.9881944444444,1.33458698209349
19.9895833333333,1.36212794946388
19.9909722222222,1.39595988830089
19.9923611111111,1.37595585136219
19.99375,1.38615859710737
19.9951388888889,1.37675667765504
19.9965277777778,1.3509563980492
19.9979166666667,1.41170428261319
19.9993055555556,1.43137200722392
20.0006944444444,1.40859637381411
20.0020833333333,1.34774899898871
20.0034722222222,1.36794028058648
20.0048611111111,1.33635716992234
20.00625,1.34179541994621
20.0076388888889,1.3613722972362
20.0090277777778,1.38930710475944
20.0104166666667,1.35873710693346
20.0118055555556,1.30316554074189
20.0131944444444,1.29665403081183
20.0145833333333,1.27440757623178
20.0159722222222,1.20427446258845
20.0173611111111,1.23907220555948
20.01875,1.28301513529527
20.0201388888889,1.31222993896743
20.0215277777778,1.38481519331919
20.0229166666667,1.35300756561813
20.0243055555556,1.31833190018062
20.0256944444444,1.31042677869784
20.0270833333333,1.26933333227857
20.0284722222222,1.25551272392466
20.0298611111111,1.28654483659193
20.03125,1.26815645944968
20.0326388888889,1.30702310478525
20.0340277777778,1.28521374632845
20.0354166666667,1.28554245101249
20.0368055555556,1.26248842533547
20.0381944444444,1.31067445771244
20.0395833333333,1.30648347237934
20.0409722222222,1.30276958687677
20.0423611111111,1.27639197016423
20.04375,1.31393590703292
20.0451388888889,1.32909209450418
20.0465277777778,1.34854251615913
20.0479166666667,1.33495013685454
20.0493055555556,1.31377156788457
20.0506944444444,1.26379796560906
20.0520833333333,1.28871340012755
20.0534722222222,1.30145867218749
20.0548611111111,1.28621445046607
20.05625,1.25713612612757
20.0576388888889,1.28598157505334
20.0590277777778,1.26483169913581
20.0604166666667,1.31227497271144
20.0618055555556,1.32378994707595
20.0631944444444,1.27402273259244
20.0645833333333,1.26628315249379
20.0659722222222,1.26453096606903
20.0673611111111,1.24256274040377
20.06875,1.23314132824258
20.0701388888889,1.25349679779143
20.0715277777778,1.22544565517455
20.0729166666667,1.23886725034329
20.0743055555556,1.22536251187967
20.0756944444444,1.21189482827527
20.0770833333333,1.21200867634739
20.0784722222222,1.21905592664368
20.0798611111111,1.24528587167479
20.08125,1.28483158213572
20.0826388888889,1.30436454904036
20.0840277777778,1.27668459422421
20.0854166666667,1.33981686267792
20.0868055555556,1.25439903672627
20.0881944444444,1.26599486841177
20.0895833333333,1.26476502896149
20.0909722222222,1.28996640473971
20.0923611111111,1.2425542952424
20.09375,1.26076587713422
20.0951388888889,1.27013300047223
20.0965277777778,1.25758326444676
20.0979166666667,1.23846581754025
20.0993055555556,1.24598823689928
20.1006944444444,1.24422498680258
20.1020833333333,1.27550212923654
20.1034722222222,1.29962500653223
20.1048611111111,1.33177482398574
20.10625,1.3424544279057
20.1076388888889,1.36515916598482
20.1090277777778,1.31591718876242
20.1104166666667,1.30935553954521
20.1118055555556,1.34271112192606
20.1131944444444,1.31731099435981
20.1145833333333,1.28728587503388
20.1159722222222,1.28718768853799
20.1173611111111,1.28290941405543
20.11875,1.26207560757306
20.1201388888889,1.28399687647347
20.1215277777778,1.33284641201706
20.1229166666667,1.33372205830323
20.1243055555556,1.35081795512528
20.1256944444444,1.39510253978185
20.1270833333333,1.34411800428991
20.1284722222222,1.32232008245774
20.1298611111111,1.34103483067248
20.13125,1.32511053124154
20.1326388888889,1.29943697582799
20.1340277777778,1.33974893985896
20.1354166666667,1.37440668459667
20.1368055555556,1.32486959754056
20.1381944444444,1.35293656705656
20.1395833333333,1.28436840770924
20.1409722222222,1.29842385352474
20.1423611111111,1.28790730534246
20.14375,1.30586360779289
20.1451388888889,1.34036606943733
20.1465277777778,1.40483216982942
20.1479166666667,1.36138503186562
20.1493055555556,1.30327329274372
20.1506944444444,1.26736071942256
20.1520833333333,1.24192991995082
20.1534722222222,1.23797915105931
20.1548611111111,1.25087438744364
20.15625,1.28688292239438
20.1576388888889,1.2902065500171
20.1590277777778,1.32213184608267
20.1604166666667,1.37629571131063
20.1618055555556,1.36126503614958
20.1631944444444,1.35559890892776
20.1645833333333,1.32637393860553
20.1659722222222,1.36975917174533
20.1673611111111,1.33754973209293
20.16875,1.26428687407858
20.1701388888889,1.26436646639133
20.1715277777778,1.30865660357014
20.1729166666667,1.29413294002519
20.1743055555556,1.29008281713312
20.1756944444444,1.28188683380415
20.1770833333333,1.27661841248923
20.1784722222222,1.27180815614025
20.1798611111111,1.26988947765023
20.18125,1.29666067211123
20.1826388888889,1.3254620379729
20.1840277777778,1.29313727825041
20.1854166666667,1.32480233632238
20.1868055555556,1.28309563985488
20.1881944444444,1.28045743608086
20.1895833333333,1.30205049167689
20.1909722222222,1.27147727186011
20.1923611111111,1.27620184268396
20.19375,1.25009344571965
20.1951388888889,1.28409906896487
20.1965277777778,1.29512656846044
20.1979166666667,1.26553429997342
20.1993055555556,1.28650146835602
20.2006944444444,1.29669836797083
20.2020833333333,1.294824653251
20.2034722222222,1.26367762411984
20.2048611111111,1.28010283887852
20.20625,1.2723876915636
20.2076388888889,1.26418710486885
20.2090277777778,1.30763274660124
20.2104166666667,1.31010546999931
20.2118055555556,1.31588495996433
20.2131944444444,1.30007834477935
20.2145833333333,1.34025358246036
20.2159722222222,1.30307896399844
20.2173611111111,1.30602130141686
20.21875,1.27961444233964
20.2201388888889,1.28247991206885
20.2215277777778,1.29784456107923
20.2229166666667,1.26846652770494
20.2243055555556,1.27849299524924
20.2256944444444,1.25545567704338
20.2270833333333,1.22275181599355
20.2284722222222,1.20582464500002
20.2298611111111,1.19883515435914
20.23125,1.20098856858857
20.2326388888889,1.16912063103641
20.2340277777778,1.19441357554055
20.2354166666667,1.20170420666658
20.2368055555556,1.17248934532293
20.2381944444444,1.17257372889025
20.2395833333333,1.19586445749606
20.2409722222222,1.18440259230474
20.2423611111111,1.18416007538654
20.24375,1.20390449499738
20.2451388888889,1.24009456678661
20.2465277777778,1.22997145860417
20.2479166666667,1.195894749317
20.2493055555556,1.14183768085007
20.2506944444444,1.16460808686597
20.2520833333333,1.14360333561346
20.2534722222222,1.19949026377609
20.2548611111111,1.1508921191148
20.25625,1.18367419019669
20.2576388888889,1.16215167380214
20.2590277777778,1.1673116088471
20.2604166666667,1.1433871594966
20.2618055555556,1.1159094265813
20.2631944444444,1.18149091803115
20.2645833333333,1.19558066434332
20.2659722222222,1.22225084028889
20.2673611111111,1.16426044098482
20.26875,1.18004319923077
20.2701388888889,1.15372790142723
20.2715277777778,1.17904090435362
20.2729166666667,1.19316587347905
20.2743055555556,1.16198277931405
20.2756944444444,1.13780720539811
20.2770833333333,1.14453217248649
20.2784722222222,1.1461107325609
20.2798611111111,1.11812911838831
20.28125,1.08670265251823
20.2826388888889,1.13367973319845
20.2840277777778,1.13276275646099
20.2854166666667,1.08477035839386
20.2868055555556,1.10525806359848
20.2881944444444,1.12841875161189
20.2895833333333,1.16531937271619
20.2909722222222,1.14044326658338
20.2923611111111,1.16242232038574
20.29375,1.2004881508937
20.2951388888889,1.22525091547991
20.2965277777778,1.22849844203619
20.2979166666667,1.22717424322733
20.2993055555556,1.22179243144986
20.3006944444444,1.20506644123037
20.3020833333333,1.22269523001938
20.3034722222222,1.21553297837849
20.3048611111111,1.2086864057666
20.30625,1.17799511108987
20.3076388888889,1.21489119388714
20.3090277777778,1.19080734375576
20.3104166666667,1.1908482007279
20.3118055555556,1.19741539191291
20.3131944444444,1.22117830641095
20.3145833333333,1.23653333534447
20.3159722222222,1.22179490235687
20.3173611111111,1.18456783113775
20.31875,1.21549858790527
20.3201388888889,1.2073238476296
20.3215277777778,1.21090643137323
20.3229166666667,1.21437373526335
20.3243055555556,1.21551718323944
20.3256944444444,1.20301176965053
20.3270833333333,1.20254323603159
20.3284722222222,1.27864010956197
20.3298611111111,1.27120541534583
20.33125,1.21876774263949
20.3326388888889,1.19408543590218
20.3340277777778,1.19719988510594
20.3354166666667,1.18936449989465
20.3368055555556,1.18828825287996
20.3381944444444,1.19881465423403
20.3395833333333,1.26281917027793
20.3409722222222,1.2250313466111
20.3423611111111,1.19489545474846
20.34375,1.18715929640919
20.3451388888889,1.16660400668939
20.3465277777778,1.17967204083788
20.3479166666667,1.21450803003188
20.3493055555556,1.2619821023698
20.3506944444444,1.27700802826501
20.3520833333333,1.25326258531963
20.3534722222222,1.21969881994775
20.3548611111111,1.19593150228764
20.35625,1.20355770911308
20.3576388888889,1.16065902070222
20.3590277777778,1.14217489232071
20.3604166666667,1.16465527870765
20.3618055555556,1.17350996783703
20.3631944444444,1.14713357460639
20.3645833333333,1.13109578453797
20.3659722222222,1.13860135520841
20.3673611111111,1.13340201196987
20.36875,1.14073963243356
20.3701388888889,1.12020145021115
20.3715277777778,1.10752260207747
20.3729166666667,1.08399162598694
20.3743055555556,1.11516726205575
20.3756944444444,1.15080372313143
20.3770833333333,1.16524066854638
20.3784722222222,1.14659448706459
20.3798611111111,1.12623256416529
20.38125,1.11596772335602
20.3826388888889,1.16298967457528
20.3840277777778,1.14013851147
20.3854166666667,1.16929431052231
20.3868055555556,1.16970989034108
20.3881944444444,1.16144553230124
20.3895833333333,1.1400649487462
20.3909722222222,1.16351319134486
20.3923611111111,1.16533080059441
20.39375,1.1853189022637
20.3951388888889,1.12515237492489
20.3965277777778,1.09870487820615
20.3979166666667,1.09173325823574
20.3993055555556,1.07037239767287
20.4006944444444,1.0676958271507
20.4020833333333,1.10185362471611
20.4034722222222,1.09550840996952
20.4048611111111,1.09978284344328
20.40625,1.11860665155728
20.4076388888889,1.0850415873731
20.4090277777778,1.09623841703572
20.4104166666667,1.09868053312278
20.4118055555556,1.11152473342413
20.4131944444444,1.07423837538743
20.4145833333333,1.09418983158163
20.4159722222222,1.09407017842688
20.4173611111111,1.11539772527411
20.41875,1.09868578550469
20.4201388888889,1.05094910479573
20.4215277777778,1.11960454344343
20.4229166666667,1.10433309778909
20.4243055555556,1.0796250896677
20.4256944444444,1.1083790121851
20.4270833333333,1.12596361246621
20.4284722222222,1.11880439641416
20.4298611111111,1.14826634079746
20.43125,1.17042850510131
20.4326388888889,1.13054607959104
20.4340277777778,1.08434494021051
20.4354166666667,1.12486722776402
20.4368055555556,1.14522312084173
20.4381944444444,1.13780782712584
20.4395833333333,1.12426080622426
20.4409722222222,1.15310385347681
20.4423611111111,1.13329345704856
20.44375,1.15278592523425
20.4451388888889,1.1540712399428
20.4465277777778,1.13335180186488
20.4479166666667,1.12780067860974
20.4493055555556,1.15515175961447
20.4506944444444,1.12701048074515
20.4520833333333,1.13915298014206
20.4534722222222,1.13516500744315
20.4548611111111,1.12215305433331
20.45625,1.14742519515269
20.4576388888889,1.12922680382419
20.4590277777778,1.12416569520026
20.4604166666667,1.15622894155978
20.4618055555556,1.12053502338991
20.4631944444444,1.12631993101338
20.4645833333333,1.13436282819124
20.4659722222222,1.17905860244881
20.4673611111111,1.22342165071246
20.46875,1.18165898426099
20.4701388888889,1.16758285500506
20.4715277777778,1.13109997079827
20.4729166666667,1.13171165437827
20.4743055555556,1.15362241234901
20.4756944444444,1.17263493065785
20.4770833333333,1.12337837730046
20.4784722222222,1.14395528169785
20.4798611111111,1.14025795966195
20.48125,1.12175252159119
20.4826388888889,1.09959968623659
20.4840277777778,1.08314082145787
20.4854166666667,1.09761438061358
20.4868055555556,1.10644020828838
20.4881944444444,1.07313088204626
20.4895833333333,1.11699004525216
20.4909722222222,1.10268361693668
20.4923611111111,1.09476381479118
20.49375,1.15964525830701
20.4951388888889,1.13763118148633
20.4965277777778,1.11474393696544
20.4979166666667,1.09405754793498
20.4993055555556,1.13019435853422
20.5006944444444,1.10139153172626
20.5020833333333,1.1201342837844
20.5034722222222,1.09675604649278
20.5048611111111,1.12245612902301
20.50625,1.08564279475053
20.5076388888889,1.04983453324694
20.5090277777778,1.11257391515463
20.5104166666667,1.14293927909121
20.5118055555556,1.10934642136333
20.5131944444444,1.10298148714396
20.5145833333333,1.09978227983606
20.5159722222222,1.12240313316866
20.5173611111111,1.09252203291636
20.51875,1.10381106845953
20.5201388888889,1.0844532271493
20.5215277777778,1.11205521738813
20.5229166666667,1.11638498991977
20.5243055555556,1.09710391301294
20.5256944444444,1.06203733112345
20.5270833333333,1.10885012453392
20.5284722222222,1.11539339751635
20.5298611111111,1.08648229746187
20.53125,1.03508237668339
20.5326388888889,1.05807418667082
20.5340277777778,1.01395022534949
20.5354166666667,1.0520320999646
20.5368055555556,1.07768105210664
20.5381944444444,1.12916915454167
20.5395833333333,1.14337310490107
20.5409722222222,1.12715830114788
20.5423611111111,1.08466100709801
20.54375,1.08665230011971
20.5451388888889,1.09161192379748
20.5465277777778,1.1050747344131
20.5479166666667,1.1345046719751
20.5493055555556,1.14664166246157
20.5506944444444,1.13032091535549
20.5520833333333,1.15022826070478
20.5534722222222,1.16542848057899
20.5548611111111,1.17642503038285
20.55625,1.14971565810019
20.5576388888889,1.17079106762244
20.5590277777778,1.11837991533644
20.5604166666667,1.13351368887061
20.5618055555556,1.0995141351989
20.5631944444444,1.10795200185221
20.5645833333333,1.13361494014905
20.5659722222222,1.11439499825659
20.5673611111111,1.11244143784361
20.56875,1.12387850361181
20.5701388888889,1.09859905901208
20.5715277777778,1.12823484035563
20.5729166666667,1.10060491469282
20.5743055555556,1.08729654032422
20.5756944444444,1.09988465011251
20.5770833333333,1.14472105527218
20.5784722222222,1.14394609543698
20.5798611111111,1.10107008412539
20.58125,1.12827620153565
20.5826388888889,1.18014461235438
20.5840277777778,1.17016930853896
20.5854166666667,1.14496675911556
20.5868055555556,1.13484142903521
20.5881944444444,1.13107236136164
20.5895833333333,1.12334593987538
20.5909722222222,1.18660088054652
20.5923611111111,1.13421985760758
20.59375,1.16903799874413
20.5951388888889,1.18530408401882
20.5965277777778,1.18342011663768
20.5979166666667,1.19120873529202
20.5993055555556,1.18487265109721
20.6006944444444,1.20535421976164
20.6020833333333,1.23735134379486
20.6034722222222,1.22665163661143
20.6048611111111,1.21241650943526
20.60625,1.23152858825789
20.6076388888889,1.26157732256754
20.6090277777778,1.27546290607023
20.6104166666667,1.21319731311138
20.6118055555556,1.20163510081319
20.6131944444444,1.13994898847108
20.6145833333333,1.21856714282679
20.6159722222222,1.21752797177219
20.6173611111111,1.23640481592976
20.61875,1.26393204865527
20.6201388888889,1.29785556845944
20.6215277777778,1.29186819154035
20.6229166666667,1.2187881248767
20.6243055555556,1.21974172434297
20.6256944444444,1.22428036611003
20.6270833333333,1.22056951171516
20.6284722222222,1.20646003702439
20.6298611111111,1.18305385662866
20.63125,1.15049799947514
20.6326388888889,1.15807536624792
20.6340277777778,1.17548690609057
20.6354166666667,1.1718145450118
20.6368055555556,1.19512693279646
20.6381944444444,1.17690329624891
20.6395833333333,1.18436047539745
20.6409722222222,1.18650076121197
20.6423611111111,1.18234333240519
20.64375,1.18173088648022
20.6451388888889,1.18758000283253
20.6465277777778,1.17214228833278
20.6479166666667,1.14694570403703
20.6493055555556,1.17398796060687
20.6506944444444,1.21455413481535
20.6520833333333,1.22389935259543
20.6534722222222,1.2223301709787
20.6548611111111,1.22772048786283
20.65625,1.20633681311639
20.6576388888889,1.20436000053338
20.6590277777778,1.19405946725796
20.6604166666667,1.21638533526795
20.6618055555556,1.20364862881784
20.6631944444444,1.18552259452195
20.6645833333333,1.23126506484048
20.6659722222222,1.23975562511182
20.6673611111111,1.21536848987256
20.66875,1.19677430984866
20.6701388888889,1.17046463278017
20.6715277777778,1.18337997873347
20.6729166666667,1.15586116083596
20.6743055555556,1.14363790232341
20.6756944444444,1.201287166609
20.6770833333333,1.21251190536042
20.6784722222222,1.20129906984938
20.6798611111111,1.16830898250755
20.68125,1.20275461832639
20.6826388888889,1.21029023270608
20.6840277777778,1.23114303663425
20.6854166666667,1.26402046202852
20.6868055555556,1.22298741237831
20.6881944444444,1.20312951369421
20.6895833333333,1.15769063904029
20.6909722222222,1.19014092713831
20.6923611111111,1.17779854379437
20.69375,1.16733337477797
20.6951388888889,1.1696095911558
20.6965277777778,1.20812725181393
20.6979166666667,1.22993658053603
20.6993055555556,1.22660958642488
20.7006944444444,1.1931594907762
20.7020833333333,1.19393331121201
20.7034722222222,1.20117866601401
20.7048611111111,1.20445076034496
20.70625,1.20564901679919
20.7076388888889,1.19524447846679
20.7090277777778,1.20076648916387
20.7104166666667,1.20190061046086
20.7118055555556,1.2143576124037
20.7131944444444,1.2228153033164
20.7145833333333,1.25224155370018
20.7159722222222,1.32373551491805
20.7173611111111,1.23702757217279
20.71875,1.21589929335685
20.7201388888889,1.19125614460135
20.7215277777778,1.20938008375102
20.7229166666667,1.22748195485566
20.7243055555556,1.23808409471694
20.7256944444444,1.21605971718
20.7270833333333,1.26979405532139
20.7284722222222,1.2668511765586
20.7298611111111,1.23041751862563
20.73125,1.23178751579597
20.7326388888889,1.2747486891404
20.7340277777778,1.27636848835268
20.7354166666667,1.2345009119263
20.7368055555556,1.22603264213687
20.7381944444444,1.23007044771975
20.7395833333333,1.21012715770187
20.7409722222222,1.26471987715594
20.7423611111111,1.25213327443778
20.74375,1.24149234339916
20.7451388888889,1.23216754329247
20.7465277777778,1.2443670147479
20.7479166666667,1.26603391130724
20.7493055555556,1.23135611334894
20.7506944444444,1.20458541680652
20.7520833333333,1.24499793695024
20.7534722222222,1.25372597670943
20.7548611111111,1.26039617569932
20.75625,1.27763069136409
20.7576388888889,1.22160986057994
20.7590277777778,1.21330425067162
20.7604166666667,1.22424824371881
20.7618055555556,1.17673564106095
20.7631944444444,1.19159447820201
20.7645833333333,1.28458299049427
20.7659722222222,1.22664987789073
20.7673611111111,1.25324716161884
20.76875,1.23384497758381
20.7701388888889,1.22836253113559
20.7715277777778,1.20109849325775
20.7729166666667,1.19240436239929
20.7743055555556,1.18880282852694
20.7756944444444,1.22997142621119
20.7770833333333,1.22647276200669
20.7784722222222,1.21004134044051
20.7798611111111,1.20824606630059
20.78125,1.22739290717569
20.7826388888889,1.20932354945952
20.7840277777778,1.23213592931976
20.7854166666667,1.19480161211317
20.7868055555556,1.18540909615981
20.7881944444444,1.22104565378174
20.7895833333333,1.23188137925807
20.7909722222222,1.28390586474569
20.7923611111111,1.24141551290055
20.79375,1.23515879486123
20.7951388888889,1.18128897213257
20.7965277777778,1.21545161119282
20.7979166666667,1.25329456150755
20.7993055555556,1.23226470149632
20.8006944444444,1.20447512801317
20.8020833333333,1.23775128641782
20.8034722222222,1.20417297813832
20.8048611111111,1.22665554696274
20.80625,1.21775885461174
20.8076388888889,1.23219264453461
20.8090277777778,1.22311625912995
20.8104166666667,1.21673159059432
20.8118055555556,1.19246791961642
20.8131944444444,1.18834311392119
20.8145833333333,1.18012466166385
20.8159722222222,1.20684400772755
20.8173611111111,1.2161026731081
20.81875,1.2238951976293
20.8201388888889,1.19807797455242
20.8215277777778,1.21266885412304
20.8229166666667,1.23756026017519
20.8243055555556,1.28578788459196
20.8256944444444,1.25496039712067
20.8270833333333,1.20877514697093
20.8284722222222,1.23347611459707
20.8298611111111,1.23938683201526
20.83125,1.27083088987315
20.8326388888889,1.25627199144588
20.8340277777778,1.24967292010207
20.8354166666667,1.20265245328749
20.8368055555556,1.1826237527388
20.8381944444444,1.16773365894464
20.8395833333333,1.18728591564675
20.8409722222222,1.19846465222826
20.8423611111111,1.21696774735653
20.84375,1.19412210474486
20.8451388888889,1.19160361737702
20.8465277777778,1.20789295855359
20.8479166666667,1.17489323881127
20.8493055555556,1.10363775593347
20.8506944444444,1.09526705232869
20.8520833333333,1.11589692649759
20.8534722222222,1.13810690320556
20.8548611111111,1.11194880582838
20.85625,1.11773628515887
20.8576388888889,1.11063154414296
20.8590277777778,1.13673074046825
20.8604166666667,1.14245109852325
20.8618055555556,1.16665621097921
20.8631944444444,1.23642356722275
20.8645833333333,1.18412550217693
20.8659722222222,1.12377392129996
20.8673611111111,1.10679779671998
20.86875,1.13238337565161
20.8701388888889,1.12447734681388
20.8715277777778,1.11347628059522
20.8729166666667,1.15546490893058
20.8743055555556,1.17879759054631
20.8756944444444,1.1367305336921
20.8770833333333,1.14164770416863
20.8784722222222,1.23288395453792
20.8798611111111,1.25646920259517
20.88125,1.25261470335732
20.8826388888889,1.21127328082335
20.8840277777778,1.19765042650948
20.8854166666667,1.18408896017108
20.8868055555556,1.21397730984814
20.8881944444444,1.23632463894732
20.8895833333333,1.22834367011773
20.8909722222222,1.27409923820367
20.8923611111111,1.24598447794626
20.89375,1.26114218930156
20.8951388888889,1.25120929989911
20.8965277777778,1.22902469687058
20.8979166666667,1.15778338821962
20.8993055555556,1.19482933574336
20.9006944444444,1.22307347010075
20.9020833333333,1.23206130302602
20.9034722222222,1.21055222144152
20.9048611111111,1.20638115800247
20.90625,1.18966342804702
20.9076388888889,1.19765119617871
20.9090277777778,1.18801103324748
20.9104166666667,1.17304574372843
20.9118055555556,1.21634943040537
20.9131944444444,1.21057451069883
20.9145833333333,1.20842279908611
20.9159722222222,1.20323588783648
20.9173611111111,1.17787055307118
20.91875,1.16355224148905
20.9201388888889,1.19306617683794
20.9215277777778,1.21158285927794
20.9229166666667,1.25612048286588
20.9243055555556,1.26133554879946
20.9256944444444,1.22247263304361
20.9270833333333,1.25287680779683
20.9284722222222,1.23599499877887
20.9298611111111,1.22170791579476
20.93125,1.22855676346003
20.9326388888889,1.23643517268913
20.9340277777778,1.25430859410217
20.9354166666667,1.24605915086462
20.9368055555556,1.26852719223415
20.9381944444444,1.28781959268881
20.9395833333333,1.28981196731132
20.9409722222222,1.24342630597645
20.9423611111111,1.29325894179137
20.94375,1.30810135886283
20.9451388888889,1.24714068425688
20.9465277777778,1.21822649935706
20.9479166666667,1.20787581061603
20.9493055555556,1.20780392145922
20.9506944444444,1.25572714083631
20.9520833333333,1.31767961839345
20.9534722222222,1.25583640669971
20.9548611111111,1.22548194125977
20.95625,1.28956344875533
20.9576388888889,1.27859065574135
20.9590277777778,1.29175223344707
20.9604166666667,1.29399546594556
20.9618055555556,1.32001307684745
20.9631944444444,1.27590814812607
20.9645833333333,1.2826953240421
20.9659722222222,1.32381021795453
20.9673611111111,1.2865627629184
20.96875,1.26614337649301
20.9701388888889,1.2837197738634
20.9715277777778,1.29307630222658
20.9729166666667,1.2809484318935
20.9743055555556,1.29502824951016
20.9756944444444,1.30248927243684
20.9770833333333,1.27981584961854
20.9784722222222,1.28391484271499
20.9798611111111,1.27156494645907
20.98125,1.27497504522506
20.9826388888889,1.32838969997747
20.9840277777778,1.32463197067747
20.9854166666667,1.30215329487323
20.9868055555556,1.25601410545232
20.9881944444444,1.22488370929963
20.9895833333333,1.24915584575542
20.9909722222222,1.24772695934689
20.9923611111111,1.25203344782791
20.99375,1.2859414375033
20.9951388888889,1.2715276617911
20.9965277777778,1.3385733502694
20.9979166666667,1.28419568276846
20.9993055555556,1.25356429766237
21.0006944444444,1.24726271775776
21.0020833333333,1.27982572976114
21.0034722222222,1.27141512546303
21.0048611111111,1.33018321014684
21.00625,1.31542738778597
21.0076388888889,1.27691580263962
21.0090277777778,1.29150320489666
21.0104166666667,1.24957533613939
21.0118055555556,1.22585754164189
21.0131944444444,1.21497181504644
21.0145833333333,1.2092925948701
21.0159722222222,1.2569289984864
21.0173611111111,1.27612722229598
21.01875,1.2874194671432
21.0201388888889,1.26834275859312
21.0215277777778,1.27758459022493
21.0229166666667,1.26623473401214
21.0243055555556,1.26779510602355
21.0256944444444,1.30633269811113
21.0270833333333,1.30826263390481
21.0284722222222,1.32278805359684
21.0298611111111,1.33473661285022
21.03125,1.30432612624919
21.0326388888889,1.29964013484082
21.0340277777778,1.29426834246722
21.0354166666667,1.27429358300207
21.0368055555556,1.27691168992716
21.0381944444444,1.31738689295177
21.0395833333333,1.30078630135876
21.0409722222222,1.32067958152179
21.0423611111111,1.3803562325008
21.04375,1.37693323297426
21.0451388888889,1.35503291145352
21.0465277777778,1.34544454553518
21.0479166666667,1.35668664713679
21.0493055555556,1.33187699783593
21.0506944444444,1.32484697856908
21.0520833333333,1.3394282693513
21.0534722222222,1.36476473372815
21.0548611111111,1.3650594684199
21.05625,1.31339805277771
21.0576388888889,1.32198371950794
21.0590277777778,1.31577875064365
21.0604166666667,1.29182069924628
21.0618055555556,1.28410800140801
21.0631944444444,1.27808379335008
21.0645833333333,1.33329972334463
21.0659722222222,1.32424071009817
21.0673611111111,1.27754493805355
21.06875,1.27106405740026
21.0701388888889,1.26351131974752
21.0715277777778,1.29008038620432
21.0729166666667,1.29365605559393
21.0743055555556,1.26992359333511
21.0756944444444,1.29233685704028
21.0770833333333,1.26503189267783
21.0784722222222,1.30506259998756
21.0798611111111,1.28514402200917
21.08125,1.25556264614108
21.0826388888889,1.27161295246333
21.0840277777778,1.30719299867492
21.0854166666667,1.31979988539739
21.0868055555556,1.29656868284199
21.0881944444444,1.34193244776849
21.0895833333333,1.36629748321299
21.0909722222222,1.35818153028858
21.0923611111111,1.26075779690632
21.09375,1.29700866096878
21.0951388888889,1.29735378331408
21.0965277777778,1.29486641868435
21.0979166666667,1.31464121608899
21.0993055555556,1.30510410320913
21.1006944444444,1.34494179654545
21.1020833333333,1.30872920219112
21.1034722222222,1.32407814508368
21.1048611111111,1.32987582912219
21.10625,1.30978494716872
21.1076388888889,1.25826404623944
21.1090277777778,1.22307518058826
21.1104166666667,1.2467844120837
21.1118055555556,1.23665951297072
21.1131944444444,1.25700205294737
21.1145833333333,1.24958424124674
21.1159722222222,1.30837311933524
21.1173611111111,1.27917538458032
21.11875,1.25456831832416
21.1201388888889,1.25635626718466
21.1215277777778,1.25755248230898
21.1229166666667,1.28212165345663
21.1243055555556,1.23811531542993
21.1256944444444,1.2863816213216
21.1270833333333,1.27708653427404
21.1284722222222,1.30681902162153
21.1298611111111,1.26651991391876
21.13125,1.23788857431119
21.1326388888889,1.23056998055043
21.1340277777778,1.25568261907661
21.1354166666667,1.28426137941986
21.1368055555556,1.28775202402652
21.1381944444444,1.28044087586539
21.1395833333333,1.30225734402393
21.1409722222222,1.28047709302924
21.1423611111111,1.25586319768416
21.14375,1.26899563747876
21.1451388888889,1.23284186653259
21.1465277777778,1.28121466535256
21.1479166666667,1.3210531325087
21.1493055555556,1.30150582341413
21.1506944444444,1.28393005855574
21.1520833333333,1.27456135204511
21.1534722222222,1.25996392346454
21.1548611111111,1.2408871543112
21.15625,1.23881225932454
21.1576388888889,1.27729076678897
21.1590277777778,1.2397220884783
21.1604166666667,1.25241788660401
21.1618055555556,1.2471068390613
21.1631944444444,1.26712606456773
21.1645833333333,1.27823977485171
21.1659722222222,1.26628619371432
21.1673611111111,1.27409056089979
21.16875,1.2375476971654
21.1701388888889,1.27459428137778
21.1715277777778,1.28985949411731
21.1729166666667,1.25894043660112
21.1743055555556,1.23404800372905
21.1756944444444,1.21019636939183
21.1770833333333,1.22199651149969
21.1784722222222,1.23002379764
21.1798611111111,1.24421695397589
21.18125,1.21532298486262
21.1826388888889,1.22252060710613
21.1840277777778,1.19322740163911
21.1854166666667,1.18218479698668
21.1868055555556,1.25095178301864
21.1881944444444,1.22845648218845
21.1895833333333,1.27310488297251
21.1909722222222,1.27708537216973
21.1923611111111,1.2635656139444
21.19375,1.25087019268038
21.1951388888889,1.32807331321568
21.1965277777778,1.28995289669597
21.1979166666667,1.21766848945629
21.1993055555556,1.23247226150225
21.2006944444444,1.27642795972141
21.2020833333333,1.28201207090731
21.2034722222222,1.30377922744715
21.2048611111111,1.29495198048715
21.20625,1.25932477626564
21.2076388888889,1.22534474991904
21.2090277777778,1.19849545284945
21.2104166666667,1.21716353076928
21.2118055555556,1.200926397394
21.2131944444444,1.1895985709694
21.2145833333333,1.20251747834143
21.2159722222222,1.21759465153747
21.2173611111111,1.24413406324577
21.21875,1.16244575411266
21.2201388888889,1.17500503507648
21.2215277777778,1.17084440545195
21.2229166666667,1.17079813524856
21.2243055555556,1.19845751873378
21.2256944444444,1.20156898652364
21.2270833333333,1.19892477564682
21.2284722222222,1.19090982242006
21.2298611111111,1.16798734910593
21.23125,1.19131630210142
21.2326388888889,1.18471402299173
21.2340277777778,1.18694696209538
21.2354166666667,1.18591360125675
21.2368055555556,1.24322411162329
21.2381944444444,1.20253069368673
21.2395833333333,1.15561507575471
21.2409722222222,1.19888815500228
21.2423611111111,1.26906676727893
21.24375,1.1609657201916
21.2451388888889,1.20309984808274
21.2465277777778,1.23322571650918
21.2479166666667,1.18763874523133
21.2493055555556,1.18173787394731
21.2506944444444,1.21119907121977
21.2520833333333,1.21656599362413
21.2534722222222,1.17122847196357
21.2548611111111,1.15394447924377
21.25625,1.18020608994211
21.2576388888889,1.2087147708918
21.2590277777778,1.245477450973
21.2604166666667,1.17754100771653
21.2618055555556,1.23376957946296
21.2631944444444,1.24137559202981
21.2645833333333,1.24337100908803
21.2659722222222,1.22988974098357
21.2673611111111,1.2614287690388
21.26875,1.21069615782913
21.2701388888889,1.20081074061434
21.2715277777778,1.17715273024755
21.2729166666667,1.17311292035056
21.2743055555556,1.20575956681358
21.2756944444444,1.26331635995383
21.2770833333333,1.17224288304047
21.2784722222222,1.12922270823077
21.2798611111111,1.12341938628333
21.28125,1.14758571298183
21.2826388888889,1.1333492423211
21.2840277777778,1.1375983503615
21.2854166666667,1.1455382553439
21.2868055555556,1.13047866169845
21.2881944444444,1.11830186168824
21.2895833333333,1.12319186910875
21.2909722222222,1.12512058114296
21.2923611111111,1.16978713010663
21.29375,1.14925550067605
21.2951388888889,1.13182381501999
21.2965277777778,1.13725977384261
21.2979166666667,1.11626110063577
21.2993055555556,1.12553475997411
21.3006944444444,1.13706494503101
21.3020833333333,1.17236101717391
21.3034722222222,1.189876195458
21.3048611111111,1.16529946339092
21.30625,1.2352933783598
21.3076388888889,1.23125697784126
21.3090277777778,1.20301620888941
21.3104166666667,1.17863282896899
21.3118055555556,1.22852052780037
21.3131944444444,1.24274117758273
21.3145833333333,1.24562370995509
21.3159722222222,1.26330336479727
21.3173611111111,1.22588018898306
21.31875,1.27331961338119
21.3201388888889,1.24708203909084
21.3215277777778,1.23606926709863
21.3229166666667,1.21143649205533
21.3243055555556,1.2220938819312
21.3256944444444,1.19889541605793
21.3270833333333,1.21654785677534
21.3284722222222,1.22591690625995
21.3298611111111,1.24563859053085
21.33125,1.24986878347679
21.3326388888889,1.20716207612041
21.3340277777778,1.20918275925234
21.3354166666667,1.23783612372675
21.3368055555556,1.23313836714831
21.3381944444444,1.23148093714282
21.3395833333333,1.23711474141877
21.3409722222222,1.26657628640532
21.3423611111111,1.23595514951338
21.34375,1.20342863571413
21.3451388888889,1.22627008527453
21.3465277777778,1.1802211190606
21.3479166666667,1.22419372908771
21.3493055555556,1.23387062522615
21.3506944444444,1.19193945254745
21.3520833333333,1.19751260042961
21.3534722222222,1.23919749364963
21.3548611111111,1.23218509604641
21.35625,1.22432811926922
21.3576388888889,1.20345582147611
21.3590277777778,1.1793661455399
21.3604166666667,1.16819508344192
21.3618055555556,1.19217589578495
21.3631944444444,1.2506823535559
21.3645833333333,1.21388740403064
21.3659722222222,1.20397779111076
21.3673611111111,1.18080719925206
21.36875,1.16361269899805
21.3701388888889,1.21123257761115
21.3715277777778,1.25212940892269
21.3729166666667,1.20778149876358
21.3743055555556,1.20462553173561
21.3756944444444,1.15302017020897
21.3770833333333,1.16648614258618
21.3784722222222,1.18841135112633
21.3798611111111,1.19345545217331
21.38125,1.22656853004391
21.3826388888889,1.21802668804303
21.3840277777778,1.21714535679925
21.3854166666667,1.21769447701758
21.3868055555556,1.22589330281902
21.3881944444444,1.20322612660841
21.3895833333333,1.18974014949535
21.3909722222222,1.17568009701268
21.3923611111111,1.17259279587788
21.39375,1.25964430004101
21.3951388888889,1.25496431708593
21.3965277777778,1.22360081132501
21.3979166666667,1.22616147221034
21.3993055555556,1.23224405575993
21.4006944444444,1.2315570873112
21.4020833333333,1.2617472471862
21.4034722222222,1.26634409544219
21.4048611111111,1.20463129922683
21.40625,1.22402460189729
21.4076388888889,1.26894871473055
21.4090277777778,1.25351070751083
21.4104166666667,1.23910337637725
21.4118055555556,1.23691234095343
21.4131944444444,1.23829261174361
21.4145833333333,1.23288490045816
21.4159722222222,1.19887326923038
21.4173611111111,1.19740403310621
21.41875,1.15007642415063
21.4201388888889,1.19039724859698
21.4215277777778,1.1777423410837
21.4229166666667,1.18888565171831
21.4243055555556,1.22906151008311
21.4256944444444,1.2914263558285
21.4270833333333,1.30804887446254
21.4284722222222,1.27324273101343
21.4298611111111,1.23333008020538
21.43125,1.17882760532586
21.4326388888889,1.21663350834479
21.4340277777778,1.21943833830542
21.4354166666667,1.21854874482378
21.4368055555556,1.26808163611026
21.4381944444444,1.27670334772656
21.4395833333333,1.27752942903738
21.4409722222222,1.22057595262625
21.4423611111111,1.22340121225069
21.44375,1.24062295908044
21.4451388888889,1.25514806161538
21.4465277777778,1.25188455186335
21.4479166666667,1.22587371668618
21.4493055555556,1.20822453037033
21.4506944444444,1.20065445753681
21.4520833333333,1.23124551835855
21.4534722222222,1.28843679938401
21.4548611111111,1.25160371205159
21.45625,1.23636410299464
21.4576388888889,1.18999979279871
21.4590277777778,1.20860188503685
21.4604166666667,1.22360197682062
21.4618055555556,1.18920109511417
21.4631944444444,1.18606558018846
21.4645833333333,1.18353028394089
21.4659722222222,1.20920515476469
21.4673611111111,1.21283380670216
21.46875,1.19215546681883
21.4701388888889,1.17690808306737
21.4715277777778,1.17205004394536
21.4729166666667,1.20326786231378
21.4743055555556,1.18773929314078
21.4756944444444,1.21486221773325
21.4770833333333,1.26779125882794
21.4784722222222,1.26289866981739
21.4798611111111,1.23718008279704
21.48125,1.22912901295831
21.4826388888889,1.24651669786665
21.4840277777778,1.25386539264422
21.4854166666667,1.22856692044899
21.4868055555556,1.28136171821589
21.4881944444444,1.29438838378269
21.4895833333333,1.35720127442498
21.4909722222222,1.33195195029879
21.4923611111111,1.30290435153734
21.49375,1.30612049224819
21.4951388888889,1.33656991790852
21.4965277777778,1.31698238546478
21.4979166666667,1.29693579615961
21.4993055555556,1.27049450974687
21.5006944444444,1.23889730604333
21.5020833333333,1.2598497340841
21.5034722222222,1.22431086827198
21.5048611111111,1.25189773155184
21.50625,1.25458026568341
21.5076388888889,1.23992930109902
21.5090277777778,1.24341931264398
21.5104166666667,1.2810553411343
21.5118055555556,1.24509534739472
21.5131944444444,1.22882371858597
21.5145833333333,1.26397887825773
21.5159722222222,1.20640885015741
21.5173611111111,1.24269960046874
21.51875,1.20532652484735
21.5201388888889,1.18210273965037
21.5215277777778,1.18710301690253
21.5229166666667,1.17432378004626
21.5243055555556,1.12664680872113
21.5256944444444,1.12200278392832
21.5270833333333,1.13198830265038
21.5284722222222,1.1565595177484
21.5298611111111,1.1503894235425
21.53125,1.16301780443253
21.5326388888889,1.1722868430155
21.5340277777778,1.22740647480663
21.5354166666667,1.20942144163338
21.5368055555556,1.22444779750538
21.5381944444444,1.20814193506276
21.5395833333333,1.1505401753692
21.5409722222222,1.16143836440711
21.5423611111111,1.19285914164422
21.54375,1.174882699607
21.5451388888889,1.22976682635731
21.5465277777778,1.2409004972798
21.5479166666667,1.22625057794924
21.5493055555556,1.21386375368155
21.5506944444444,1.20469969429782
21.5520833333333,1.15604251754181
21.5534722222222,1.17488448237037
21.5548611111111,1.23160719278044
21.55625,1.20974057470127
21.5576388888889,1.22797977325731
21.5590277777778,1.20879448801279
21.5604166666667,1.21483736081884
21.5618055555556,1.23447149257208
21.5631944444444,1.21643383109878
21.5645833333333,1.21188851469036
21.5659722222222,1.20291963969839
21.5673611111111,1.20494097232305
21.56875,1.20679480944728
21.5701388888889,1.18600513163055
21.5715277777778,1.1775432405608
21.5729166666667,1.18334039325408
21.5743055555556,1.17998075455042
21.5756944444444,1.24072118858839
21.5770833333333,1.25626350745703
21.5784722222222,1.25929589776065
21.5798611111111,1.24196645347723
21.58125,1.22184339475914
21.5826388888889,1.22482111126441
21.5840277777778,1.20515813136409
21.5854166666667,1.18859407276814
21.5868055555556,1.17865200656755
21.5881944444444,1.18806577892653
21.5895833333333,1.21152014657855
21.5909722222222,1.23445780737133
21.5923611111111,1.20898997344334
21.59375,1.14070846051748
21.5951388888889,1.18137099731328
21.5965277777778,1.19126015606593
21.5979166666667,1.18046886327452
21.5993055555556,1.18569213516753
21.6006944444444,1.20184440105383
21.6020833333333,1.1829213028581
21.6034722222222,1.20288716292587
21.6048611111111,1.26749951326898
21.60625,1.2469169718952
21.6076388888889,1.22784985881299
21.6090277777778,1.19504255373673
21.6104166666667,1.20270064719792
21.6118055555556,1.17899732013586
21.6131944444444,1.18719745568353
21.6145833333333,1.24152126773421
21.6159722222222,1.20861511719895
21.6173611111111,1.20860182780387
21.61875,1.22514095591574
21.6201388888889,1.23640525565836
21.6215277777778,1.26886292580387
21.6229166666667,1.29831094595379
21.6243055555556,1.28691488175557
21.6256944444444,1.31755351271352
21.6270833333333,1.30189866239912
21.6284722222222,1.28230144396938
21.6298611111111,1.2469041608274
21.63125,1.2611120812338
21.6326388888889,1.25790461399432
21.6340277777778,1.24402230571442
21.6354166666667,1.2086750763051
21.6368055555556,1.20886188872672
21.6381944444444,1.19016491661555
21.6395833333333,1.21829893307696
21.6409722222222,1.20895965394146
21.6423611111111,1.21639869901641
21.64375,1.21455956157939
21.6451388888889,1.21708546171671
21.6465277777778,1.18254950562942
21.6479166666667,1.20929892630926
21.6493055555556,1.23814372041359
21.6506944444444,1.21922848598454
21.6520833333333,1.18680954088682
21.6534722222222,1.16141873636957
21.6548611111111,1.15558158730895
21.65625,1.17721086567396
21.6576388888889,1.2138020940125
21.6590277777778,1.21626935326334
21.6604166666667,1.20567891424329
21.6618055555556,1.19359671887139
21.6631944444444,1.21750065024043
21.6645833333333,1.19682800154812
21.6659722222222,1.21530334255819
21.6673611111111,1.25930133831912
21.66875,1.2136991457275
21.6701388888889,1.27986429732871
21.6715277777778,1.26950114251853
21.6729166666667,1.20963339331592
21.6743055555556,1.21023178396682
21.6756944444444,1.22921591800927
21.6770833333333,1.22709249874641
21.6784722222222,1.25942628453004
21.6798611111111,1.27496733626929
21.68125,1.28930907051946
21.6826388888889,1.27376659184951
21.6840277777778,1.28140056540483
21.6854166666667,1.3031849988126
21.6868055555556,1.33921252597637
21.6881944444444,1.29016519433273
21.6895833333333,1.26047867867325
21.6909722222222,1.3136885152937
21.6923611111111,1.31241265882192
21.69375,1.3211671524649
21.6951388888889,1.2543489064379
21.6965277777778,1.29523712243114
21.6979166666667,1.28348215031598
21.6993055555556,1.26903716644336
21.7006944444444,1.26025133658329
21.7020833333333,1.24479730143372
21.7034722222222,1.24491506838721
21.7048611111111,1.22360798749944
21.70625,1.23893098784932
21.7076388888889,1.26984382548273
21.7090277777778,1.25083333592669
21.7104166666667,1.22539419161862
21.7118055555556,1.20156372321192
21.7131944444444,1.24827893096954
21.7145833333333,1.22496325420738
21.7159722222222,1.23901116295621
21.7173611111111,1.21893104811938
21.71875,1.22369349113633
21.7201388888889,1.21882471073547
21.7215277777778,1.22421250818297
21.7229166666667,1.25114051138918
21.7243055555556,1.22668023140908
21.7256944444444,1.22827185121975
21.7270833333333,1.23397587813951
21.7284722222222,1.2370302220678
21.7298611111111,1.24590083435178
21.73125,1.27417799334909
21.7326388888889,1.22458434552597
21.7340277777778,1.24013221073767
21.7354166666667,1.22476544205806
21.7368055555556,1.29174503725151
21.7381944444444,1.26891957434087
21.7395833333333,1.22392153304777
21.7409722222222,1.2573115404061
21.7423611111111,1.25594363326271
21.74375,1.24911513889594
21.7451388888889,1.28268987123758
21.7465277777778,1.27749172546821
21.7479166666667,1.2566156918191
21.7493055555556,1.24548983302809
21.7506944444444,1.23156051614564
21.7520833333333,1.26330981011923
21.7534722222222,1.31852381201844
21.7548611111111,1.29096479763672
21.75625,1.29990743099686
21.7576388888889,1.30531622806232
21.7590277777778,1.28231440382461
21.7604166666667,1.31476930095112
21.7618055555556,1.35343840167131
21.7631944444444,1.32299251004747
21.7645833333333,1.26625633951634
21.7659722222222,1.25564908938903
21.7673611111111,1.26631550036677
21.76875,1.25503766357465
21.7701388888889,1.23377299333017
21.7715277777778,1.21564617312245
21.7729166666667,1.19700909640691
21.7743055555556,1.19937294132191
21.7756944444444,1.24286459442244
21.7770833333333,1.22225923574058
21.7784722222222,1.20933132922302
21.7798611111111,1.20690573045142
21.78125,1.20977476008925
21.7826388888889,1.2214945424093
21.7840277777778,1.21781855244636
21.7854166666667,1.19508037533394
21.7868055555556,1.20028324033874
21.7881944444444,1.17129066710564
21.7895833333333,1.16666952164426
21.7909722222222,1.24618743315071
21.7923611111111,1.26243252057123
21.79375,1.26693200700827
21.7951388888889,1.22944762386152
21.7965277777778,1.23718551145101
21.7979166666667,1.23570253145371
21.7993055555556,1.22269472640569
21.8006944444444,1.18716414182204
21.8020833333333,1.19817118362001
21.8034722222222,1.17411838873762
21.8048611111111,1.15417291951519
21.80625,1.15077643611385
21.8076388888889,1.1839020904026
21.8090277777778,1.19990999833362
21.8104166666667,1.19554238041467
21.8118055555556,1.16041533640835
21.8131944444444,1.14918208797462
21.8145833333333,1.18863304935664
21.8159722222222,1.21022275123069
21.8173611111111,1.18310505035293
21.81875,1.20814976142719
21.8201388888889,1.26113446930436
21.8215277777778,1.20654811443959
21.8229166666667,1.22634602453534
21.8243055555556,1.19886506732222
21.8256944444444,1.20256970537514
21.8270833333333,1.17411718488039
21.8284722222222,1.19740441892605
21.8298611111111,1.17306580757547
21.83125,1.21469320559217
21.8326388888889,1.19916866871621
21.8340277777778,1.23484186726153
21.8354166666667,1.25283527124613
21.8368055555556,1.22065905723737
21.8381944444444,1.22501218555119
21.8395833333333,1.19878841524111
21.8409722222222,1.18024576230498
21.8423611111111,1.20190514427648
21.84375,1.18925945459202
21.8451388888889,1.18492777754827
21.8465277777778,1.19048883287198
21.8479166666667,1.1937272529778
21.8493055555556,1.18693950491354
21.8506944444444,1.21671813278784
21.8520833333333,1.21474914578243
21.8534722222222,1.18732091293619
21.8548611111111,1.18671950141019
21.85625,1.19349984550603
21.8576388888889,1.19895497769475
21.8590277777778,1.21467834076691
21.8604166666667,1.22613197648722
21.8618055555556,1.23145499132169
21.8631944444444,1.24256052092505
21.8645833333333,1.27853014184264
21.8659722222222,1.27824168189266
21.8673611111111,1.2378575218497
21.86875,1.17884152936941
21.8701388888889,1.18207546765757
21.8715277777778,1.20640263352475
21.8729166666667,1.23153587448178
21.8743055555556,1.22337717710586
21.8756944444444,1.27789623483901
21.8770833333333,1.25214623990277
21.8784722222222,1.22716057550143
21.8798611111111,1.22015799196399
21.88125,1.2633313694307
21.8826388888889,1.21397587747954
21.8840277777778,1.21322739658852
21.8854166666667,1.18579361096107
21.8868055555556,1.21461563926088
21.8881944444444,1.22733701117439
21.8895833333333,1.22171231386673
21.8909722222222,1.20319272492604
21.8923611111111,1.20728581246588
21.89375,1.232637733117
21.8951388888889,1.25961330145508
21.8965277777778,1.24228744687077
21.8979166666667,1.252778930698
21.8993055555556,1.26668533369299
21.9006944444444,1.23403670394332
21.9020833333333,1.28428453695163
21.9034722222222,1.29862559807693
21.9048611111111,1.26023467888021
21.90625,1.28086476905705
21.9076388888889,1.23490148249512
21.9090277777778,1.22096659775109
21.9104166666667,1.21802754829357
21.9118055555556,1.2257420663572
21.9131944444444,1.24728708185753
21.9145833333333,1.23472586714931
21.9159722222222,1.23984410132805
21.9173611111111,1.24516723247896
21.91875,1.26973737944683
21.9201388888889,1.24869783021739
21.9215277777778,1.28306861691598
21.9229166666667,1.28128058702066
21.9243055555556,1.20722907370798
21.9256944444444,1.23167370974201
21.9270833333333,1.23853797640345
21.9284722222222,1.20094495017579
21.9298611111111,1.21001432696517
21.93125,1.23088453144907
21.9326388888889,1.24667377458018
21.9340277777778,1.24137704406087
21.9354166666667,1.2306676133287
21.9368055555556,1.22589967630115
21.9381944444444,1.22633241383002
21.9395833333333,1.19337641700388
21.9409722222222,1.19973943879101
21.9423611111111,1.19537934594571
21.94375,1.25586530062281
21.9451388888889,1.23289834187455
21.9465277777778,1.2415450203443
21.9479166666667,1.21990603921067
21.9493055555556,1.22273548161898
21.9506944444444,1.19960794086594
21.9520833333333,1.19305345973587
21.9534722222222,1.17240882400991
21.9548611111111,1.17785624006591
21.95625,1.21622648970734
21.9576388888889,1.24527339692457
21.9590277777778,1.24756684029724
21.9604166666667,1.19845817689082
21.9618055555556,1.22395626287142
21.9631944444444,1.19417671733919
21.9645833333333,1.2318553306443
21.9659722222222,1.19994922802618
21.9673611111111,1.20586613440019
21.96875,1.15878359595161
21.9701388888889,1.15012882262698
21.9715277777778,1.19559207540771
21.9729166666667,1.20195832178603
21.9743055555556,1.18968108518221
21.9756944444444,1.19820767825099
21.9770833333333,1.1720177331024
21.9784722222222,1.18030195600315
21.9798611111111,1.16956748373564
21.98125,1.17753815116227
21.9826388888889,1.17726418528106
21.9840277777778,1.23614395539793
21.9854166666667,1.24252829165357
21.9868055555556,1.26576107189662
21.9881944444444,1.2398015606434
21.9895833333333,1.22600963048012
21.9909722222222,1.20887272834637
21.9923611111111,1.19980450258718
21.99375,1.19152113287678
21.9951388888889,1.18911483869186
21.9965277777778,1.23934135587618
21.9979166666667,1.26723285592225
21.9993055555556,1.26071132998678
22.0006944444444,1.28910142484096
22.0020833333333,1.34214507592087
22.0034722222222,1.26181660738075
22.0048611111111,1.24798767991062
22.00625,1.26605734008528
22.0076388888889,1.26124413092495
22.0090277777778,1.20343746689173
22.0104166666667,1.22732572317929
22.0118055555556,1.25251731551819
22.0131944444444,1.2582571203671
22.0145833333333,1.21478766773047
22.0159722222222,1.23967403169986
22.0173611111111,1.25877157878131
22.01875,1.27466279144927
22.0201388888889,1.27732123936703
22.0215277777778,1.28540217746804
22.0229166666667,1.32550687263043
22.0243055555556,1.32249265679511
22.0256944444444,1.32059387262357
22.0270833333333,1.2711694831016
22.0284722222222,1.28853325936566
22.0298611111111,1.23590378641465
22.03125,1.27089342752368
22.0326388888889,1.2689383976237
22.0340277777778,1.21255059267168
22.0354166666667,1.21918667598653
22.0368055555556,1.19909325271618
22.0381944444444,1.20786429417471
22.0395833333333,1.27112341581567
22.0409722222222,1.22263866776877
22.0423611111111,1.19589478866436
22.04375,1.18893795661751
22.0451388888889,1.16340003167027
22.0465277777778,1.17467878286953
22.0479166666667,1.14492718296793
22.0493055555556,1.17164189267174
22.0506944444444,1.17299858872414
22.0520833333333,1.12989325871977
22.0534722222222,1.1507223337917
22.0548611111111,1.14807081213252
22.05625,1.15038814395745
22.0576388888889,1.20288353535422
22.0590277777778,1.19481658879227
22.0604166666667,1.24185773744122
22.0618055555556,1.19169223401695
22.0631944444444,1.21583153578969
22.0645833333333,1.26135514652029
22.0659722222222,1.25877569546936
22.0673611111111,1.27284926627259
22.06875,1.26499167865935
22.0701388888889,1.26927089041753
22.0715277777778,1.28831573949326
22.0729166666667,1.30862994698455
22.0743055555556,1.31647192028892
22.0756944444444,1.3121507741083
22.0770833333333,1.28412993925598
22.0784722222222,1.29856713461954
22.0798611111111,1.29253052932689
22.08125,1.32473020882478
22.0826388888889,1.32950535064525
22.0840277777778,1.30469278852153
22.0854166666667,1.36751385639749
22.0868055555556,1.43879830823406
22.0881944444444,1.39627144116959
22.0895833333333,1.33899712750399
22.0909722222222,1.31546802738189
22.0923611111111,1.31419472078277
22.09375,1.25411553488182
22.0951388888889,1.27302135172854
22.0965277777778,1.38496513923432
22.0979166666667,1.3415629697037
22.0993055555556,1.31052477923348
22.1006944444444,1.37346638436115
22.1020833333333,1.35757423271551
22.1034722222222,1.35852228442909
22.1048611111111,1.34185701922035
22.10625,1.28520372650913
22.1076388888889,1.25970143979646
22.1090277777778,1.2542072250319
22.1104166666667,1.25222393773446
22.1118055555556,1.25061060294723
22.1131944444444,1.26688065503825
22.1145833333333,1.28138377220367
22.1159722222222,1.27312871731969
22.1173611111111,1.27264716470273
22.11875,1.3074893729283
22.1201388888889,1.33969402408882
22.1215277777778,1.2838921180157
22.1229166666667,1.26614957473184
22.1243055555556,1.28309364115656
22.1256944444444,1.33379423515116
22.1270833333333,1.36809389484257
22.1284722222222,1.34998546848766
22.1298611111111,1.29027177852333
22.13125,1.2831492175669
22.1326388888889,1.27999303896748
22.1340277777778,1.35013411959595
22.1354166666667,1.33121409583239
22.1368055555556,1.31450994497061
22.1381944444444,1.29857684760606
22.1395833333333,1.33164334646072
22.1409722222222,1.30135933429984
22.1423611111111,1.30023339488488
22.14375,1.28413414119604
22.1451388888889,1.27095935937344
22.1465277777778,1.27309643644902
22.1479166666667,1.2577891295502
22.1493055555556,1.2762723096176
22.1506944444444,1.28719702220641
22.1520833333333,1.30070827410217
22.1534722222222,1.27524151052097
22.1548611111111,1.26010932549331
22.15625,1.24699303605539
22.1576388888889,1.2526223800724
22.1590277777778,1.28025367121036
22.1604166666667,1.24797061355796
22.1618055555556,1.24049029765573
22.1631944444444,1.23669620920043
22.1645833333333,1.2382012605437
22.1659722222222,1.25546313972803
22.1673611111111,1.24919908277878
22.16875,1.20388968082596
22.1701388888889,1.17410690630326
22.1715277777778,1.19286538485589
22.1729166666667,1.20575248265782
22.1743055555556,1.19235534280852
22.1756944444444,1.18793436825728
22.1770833333333,1.19262858056086
22.1784722222222,1.21638398300589
22.1798611111111,1.22040480351535
22.18125,1.2219135637609
22.1826388888889,1.23729525605528
22.1840277777778,1.19779106619692
22.1854166666667,1.2149970068697
22.1868055555556,1.28523734933067
22.1881944444444,1.27363304554711
22.1895833333333,1.27097188029438
22.1909722222222,1.31220149470342
22.1923611111111,1.3182412792702
22.19375,1.26022292614436
22.1951388888889,1.23407860431109
22.1965277777778,1.26643340446911
22.1979166666667,1.27571325139394
22.1993055555556,1.24776217243257
22.2006944444444,1.24755444899957
22.2020833333333,1.27570391808498
22.2034722222222,1.25459066916547
22.2048611111111,1.29249422082275
22.20625,1.32131632301654
22.2076388888889,1.32108971466487
22.2090277777778,1.33252027341341
22.2104166666667,1.31724948952025
22.2118055555556,1.38219413775447
22.2131944444444,1.34407693813586
22.2145833333333,1.32697369982614
22.2159722222222,1.30186162778252
22.2173611111111,1.30277382771208
22.21875,1.3287010903445
22.2201388888889,1.3259625549403
22.2215277777778,1.31079188970899
22.2229166666667,1.31355174871892
22.2243055555556,1.29704850933489
22.2256944444444,1.30076120491769
22.2270833333333,1.27158270617459
22.2284722222222,1.29161892011384
22.2298611111111,1.34027303353493
22.23125,1.38283345056698
22.2326388888889,1.39908548803195
22.2340277777778,1.36450113065626
22.2354166666667,1.30852057414469
22.2368055555556,1.3026437234854
22.2381944444444,1.29894171122499
22.2395833333333,1.3355761868659
22.2409722222222,1.32382093513749
22.2423611111111,1.28573893234952
22.24375,1.30346580676583
22.2451388888889,1.30893995473791
22.2465277777778,1.34763120701914
22.2479166666667,1.36717380095443
22.2493055555556,1.32641261637312
22.2506944444444,1.30435310507026
22.2520833333333,1.31338787973761
22.2534722222222,1.3528509488946
22.2548611111111,1.31593874549317
22.25625,1.31614332230183
22.2576388888889,1.34497337648016
22.2590277777778,1.33786584442557
22.2604166666667,1.3410721440466
22.2618055555556,1.32301638859349
22.2631944444444,1.32562414277345
22.2645833333333,1.34377156956298
22.2659722222222,1.32508485993949
22.2673611111111,1.32227042608743
22.26875,1.32648807394041
22.2701388888889,1.31317767574502
22.2715277777778,1.33932569958395
22.2729166666667,1.33537940875426
22.2743055555556,1.34119520459098
22.2756944444444,1.34192723352965
22.2770833333333,1.37113693841053
22.2784722222222,1.37095304064192
22.2798611111111,1.36840586136473
22.28125,1.34200196324634
22.2826388888889,1.35056854971382
22.2840277777778,1.3295461620673
22.2854166666667,1.28652247880913
22.2868055555556,1.32732802918149
22.2881944444444,1.36831387206031
22.2895833333333,1.33667680612495
22.2909722222222,1.32947983369042
22.2923611111111,1.30326295473355
22.29375,1.30402822015143
22.2951388888889,1.34917114192393
22.2965277777778,1.33770021393807
22.2979166666667,1.31345731876177
22.2993055555556,1.31586056549202
22.3006944444444,1.35791990463465
22.3020833333333,1.34468866674925
22.3034722222222,1.33283558067538
22.3048611111111,1.3363408302539
22.30625,1.37400135637192
22.3076388888889,1.40322419270484
22.3090277777778,1.36121163008313
22.3104166666667,1.34813456279477
22.3118055555556,1.36339826568508
22.3131944444444,1.35077962017543
22.3145833333333,1.37206961707577
22.3159722222222,1.40366477032217
22.3173611111111,1.44894289582609
22.31875,1.46337458446214
22.3201388888889,1.41630813614481
22.3215277777778,1.37976080821701
22.3229166666667,1.4199862207909
22.3243055555556,1.45477665704046
22.3256944444444,1.42402977516286
22.3270833333333,1.38964354364057
22.3284722222222,1.33069245852027
22.3298611111111,1.37385851797503
22.33125,1.40349620833641
22.3326388888889,1.43266239404778
22.3340277777778,1.36889976123192
22.3354166666667,1.37101568117888
22.3368055555556,1.37229522004655
22.3381944444444,1.3890972063086
22.3395833333333,1.40590292516152
22.3409722222222,1.36855671849514
22.3423611111111,1.37555630447974
22.34375,1.35121491895801
22.3451388888889,1.32017875630284
22.3465277777778,1.32534292818753
22.3479166666667,1.35670682570847
22.3493055555556,1.33243308538859
22.3506944444444,1.32833548740956
22.3520833333333,1.34529229831857
22.3534722222222,1.3060433797432
22.3548611111111,1.32513287138341
22.35625,1.34606050006145
22.3576388888889,1.33924866025805
22.3590277777778,1.33245965801554
22.3604166666667,1.38142103361803
22.3618055555556,1.41694945589742
22.3631944444444,1.50572102336876
22.3645833333333,1.48708024939785
22.3659722222222,1.44420876841517
22.3673611111111,1.43450539429741
22.36875,1.41479537808243
22.3701388888889,1.36425395415246
22.3715277777778,1.34582446803083
22.3729166666667,1.3107838036755
22.3743055555556,1.30813891367812
22.3756944444444,1.33313618421292
22.3770833333333,1.37666383913199
22.3784722222222,1.35146660191216
22.3798611111111,1.32297575383778
22.38125,1.34054834704577
22.3826388888889,1.35430013048369
22.3840277777778,1.38146612884464
22.3854166666667,1.38587963856107
22.3868055555556,1.38888625467615
22.3881944444444,1.3828981411237
22.3895833333333,1.39227852091856
22.3909722222222,1.40682284879629
22.3923611111111,1.37820501090496
22.39375,1.36860609442096
22.3951388888889,1.33988936402954
22.3965277777778,1.37253836741133
22.3979166666667,1.37421045579866
22.3993055555556,1.4062544602382
22.4006944444444,1.38168495650959
22.4020833333333,1.4149914434861
22.4034722222222,1.41333447320812
22.4048611111111,1.42074759850191
22.40625,1.43441062515145
22.4076388888889,1.43221969851886
22.4090277777778,1.43378108209812
22.4104166666667,1.40300832338156
22.4118055555556,1.37256697080904
22.4131944444444,1.3959370986496
22.4145833333333,1.40637501424816
22.4159722222222,1.37740409605505
22.4173611111111,1.36865027034468
22.41875,1.35573805126068
22.4201388888889,1.3467001744746
22.4215277777778,1.32398262829676
22.4229166666667,1.30559695733871
22.4243055555556,1.37300232703948
22.4256944444444,1.33844404268757
22.4270833333333,1.31666089509358
22.4284722222222,1.31162070858936
22.4298611111111,1.3507526257691
22.43125,1.3537357005622
22.4326388888889,1.36075276821452
22.4340277777778,1.260282814591
22.4354166666667,1.32834531783733
22.4368055555556,1.37330580967785
22.4381944444444,1.33774149172858
22.4395833333333,1.35499355982639
22.4409722222222,1.3309050322379
22.4423611111111,1.28461263110649
22.44375,1.2982123702727
22.4451388888889,1.2948674104214
22.4465277777778,1.28305162184078
22.4479166666667,1.31483176152141
22.4493055555556,1.3548748332182
22.4506944444444,1.33330151563723
22.4520833333333,1.30233081085482
22.4534722222222,1.34656044913006
22.4548611111111,1.33060359771382
22.45625,1.30664811554934
22.4576388888889,1.3093141848784
22.4590277777778,1.3142484354274
22.4604166666667,1.29135066538349
22.4618055555556,1.32673611667557
22.4631944444444,1.32719029149278
22.4645833333333,1.35885022313103
22.4659722222222,1.34588285276179
22.4673611111111,1.31999648273016
22.46875,1.33928643829571
22.4701388888889,1.34678078188105
22.4715277777778,1.3399811675147
22.4729166666667,1.35142857318857
22.4743055555556,1.3451235277372
22.4756944444444,1.34088299145622
22.4770833333333,1.36373390021403
22.4784722222222,1.42116310485114
22.4798611111111,1.41746836335667
22.48125,1.38885841495826
22.4826388888889,1.39710913393209
22.4840277777778,1.35637218050109
22.4854166666667,1.38310295925944
22.4868055555556,1.3887097914836
22.4881944444444,1.40902094397344
22.4895833333333,1.37383171857566
22.4909722222222,1.36198546694929
22.4923611111111,1.37928274100734
22.49375,1.360213740185
22.4951388888889,1.33166763728997
22.4965277777778,1.35234044876025
22.4979166666667,1.35206749020832
22.4993055555556,1.34745330554123
22.5006944444444,1.3927328168011
22.5020833333333,1.34504489709934
22.5034722222222,1.33360253342738
22.5048611111111,1.36781437927236
22.50625,1.36300454296172
22.5076388888889,1.36258092735584
22.5090277777778,1.42991352594147
22.5104166666667,1.40876931307216
22.5118055555556,1.36056180003099
22.5131944444444,1.42251714259076
22.5145833333333,1.35692216242664
22.5159722222222,1.3697028321214
22.5173611111111,1.36421768552313
22.51875,1.3632665165669
22.5201388888889,1.37654712708046
22.5215277777778,1.43565698725482
22.5229166666667,1.42520126232877
22.5243055555556,1.42815775804532
22.5256944444444,1.3967872902068
22.5270833333333,1.37384817595594
22.5284722222222,1.38436382878572
22.5298611111111,1.39253338574742
22.53125,1.42076338505062
22.5326388888889,1.47138816089059
22.5340277777778,1.43860587140545
22.5354166666667,1.44791160423929
22.5368055555556,1.46170150039718
22.5381944444444,1.4452320889694
22.5395833333333,1.41440842588122
22.5409722222222,1.3971866528069
22.5423611111111,1.43081390115432
22.54375,1.40941265902482
22.5451388888889,1.40716812811792
22.5465277777778,1.39564213663766
22.5479166666667,1.39590024946568
22.5493055555556,1.38403887544448
22.5506944444444,1.34662906424142
22.5520833333333,1.31955635126991
22.5534722222222,1.35565291704649
22.5548611111111,1.35578481967871
22.55625,1.40247513094189
22.5576388888889,1.37547206879904
22.5590277777778,1.34092696656783
22.5604166666667,1.34938799900934
22.5618055555556,1.4406201400018
22.5631944444444,1.39019177977927
22.5645833333333,1.38900727805682
22.5659722222222,1.4309585314927
22.5673611111111,1.43649876340448
22.56875,1.35961230104323
22.5701388888889,1.34535489280863
22.5715277777778,1.33841415468759
22.5729166666667,1.34459853863809
22.5743055555556,1.36614313274156
22.5756944444444,1.30588852213075
22.5770833333333,1.35601506417307
22.5784722222222,1.34966386136444
22.5798611111111,1.28448959277477
22.58125,1.31790960602462
22.5826388888889,1.27131949733943
22.5840277777778,1.22162520701376
22.5854166666667,1.29523948080838
22.5868055555556,1.33818510138119
22.5881944444444,1.28058509942144
22.5895833333333,1.27839973173725
22.5909722222222,1.31547779005331
22.5923611111111,1.37953880272495
22.59375,1.33883148172249
22.5951388888889,1.28545812099551
22.5965277777778,1.3024866311159
22.5979166666667,1.28825451156124
22.5993055555556,1.23428623720305
22.6006944444444,1.27989678227964
22.6020833333333,1.2791753709875
22.6034722222222,1.27443941520527
22.6048611111111,1.27646586844698
22.60625,1.31336578653892
22.6076388888889,1.32551865208273
22.6090277777778,1.30860275399949
22.6104166666667,1.30542638903794
22.6118055555556,1.25729187130928
22.6131944444444,1.26406178486844
22.6145833333333,1.26018640417606
22.6159722222222,1.24915925938636
22.6173611111111,1.2741616200485
22.61875,1.2821450729544
22.6201388888889,1.36689076588179
22.6215277777778,1.34830805091808
22.6229166666667,1.46770742380371
22.6243055555556,1.36431994391605
22.6256944444444,1.31830812503273
22.6270833333333,1.30584944017231
22.6284722222222,1.31886774708827
22.6298611111111,1.32783486360063
22.63125,1.34668658442485
22.6326388888889,1.32615795300032
22.6340277777778,1.31369634453828
22.6354166666667,1.30145479084613
22.6368055555556,1.30005185563117
22.6381944444444,1.304534392866
22.6395833333333,1.29818843132506
22.6409722222222,1.28465977764688
22.6423611111111,1.28055158399045
22.64375,1.3385135569144
22.6451388888889,1.33650911702774
22.6465277777778,1.32236589616785
22.6479166666667,1.28963898027937
22.6493055555556,1.27981141937897
22.6506944444444,1.25861087181295
22.6520833333333,1.26186600482712
22.6534722222222,1.23674904880114
22.6548611111111,1.30472509897624
22.65625,1.27781146194786
22.6576388888889,1.29950912866741
22.6590277777778,1.31600411669041
22.6604166666667,1.34075090442474
22.6618055555556,1.30995861378809
22.6631944444444,1.27427491475207
22.6645833333333,1.26835011122438
22.6659722222222,1.27736957863594
22.6673611111111,1.25335450780578
22.66875,1.25389962783083
22.6701388888889,1.21656332269311
22.6715277777778,1.24312908155223
22.6729166666667,1.26404768617824
22.6743055555556,1.26711017808566
22.6756944444444,1.30517254708645
22.6770833333333,1.29010110018464
22.6784722222222,1.31122129973024
22.6798611111111,1.30243675755958
22.68125,1.28682320197423
22.6826388888889,1.25847060355047
22.6840277777778,1.20439023333602
22.6854166666667,1.21315556916408
22.6868055555556,1.25760252916254
22.6881944444444,1.23578063257039
22.6895833333333,1.22469841966561
22.6909722222222,1.2886955165118
22.6923611111111,1.26831454475721
22.69375,1.27997835985074
22.6951388888889,1.20651680798891
22.6965277777778,1.18774467172722
22.6979166666667,1.20821487954507
22.6993055555556,1.18109808052036
22.7006944444444,1.19062009032389
22.7020833333333,1.2442843566214
22.7034722222222,1.26525173414654
22.7048611111111,1.27357014472829
22.70625,1.2967637750196
22.7076388888889,1.28030670872734
22.7090277777778,1.29169289950902
22.7104166666667,1.24828816875815
22.7118055555556,1.25010967548937
22.7131944444444,1.27879400653144
22.7145833333333,1.23441050062577
22.7159722222222,1.28535810578614
22.7173611111111,1.26052720649478
22.71875,1.27585355110777
22.7201388888889,1.26529511706904
22.7215277777778,1.2277958807908
22.7229166666667,1.20924747218688
22.7243055555556,1.22206098694044
22.7256944444444,1.22189383668515
22.7270833333333,1.25643669556982
22.7284722222222,1.28714946949234
22.7298611111111,1.27468785674932
22.73125,1.28556163746864
22.7326388888889,1.3200817777589
22.7340277777778,1.33615674232754
22.7354166666667,1.33079340197767
22.7368055555556,1.29824265531419
22.7381944444444,1.27128306160836
22.7395833333333,1.22008928656268
22.7409722222222,1.24260216065372
22.7423611111111,1.22097346435301
22.74375,1.19911942049861
22.7451388888889,1.19763305210276
22.7465277777778,1.17938991859555
22.7479166666667,1.16528803295145
22.7493055555556,1.16273235952637
22.7506944444444,1.19444675859685
22.7520833333333,1.2342942053033
22.7534722222222,1.19017176508904
22.7548611111111,1.19965872923067
22.75625,1.20479607192179
22.7576388888889,1.24928260201433
22.7590277777778,1.27401274465645
22.7604166666667,1.21063823590055
22.7618055555556,1.20909785488155
22.7631944444444,1.25028363972281
22.7645833333333,1.23875145059234
22.7659722222222,1.25487608576814
22.7673611111111,1.23606665512081
22.76875,1.26634151366384
22.7701388888889,1.30320604348594
22.7715277777778,1.31391512796283
22.7729166666667,1.30191570154857
22.7743055555556,1.26689680721766
22.7756944444444,1.25931186580254
22.7770833333333,1.21248984709537
22.7784722222222,1.25270888079889
22.7798611111111,1.25886935167015
22.78125,1.25064854035154
22.7826388888889,1.25154258724923
22.7840277777778,1.2358210311085
22.7854166666667,1.25672403181282
22.7868055555556,1.21727987715354
22.7881944444444,1.25220167944053
22.7895833333333,1.25046517491806
22.7909722222222,1.28578504349338
22.7923611111111,1.25740367922195
22.79375,1.27442032875668
22.7951388888889,1.22003144312543
22.7965277777778,1.26445303918328
22.7979166666667,1.24614902667274
22.7993055555556,1.21704760335134
22.8006944444444,1.16053705651158
22.8020833333333,1.17114570224522
22.8034722222222,1.22448893525133
22.8048611111111,1.24387767078772
22.80625,1.177283166678
22.8076388888889,1.17911658150287
22.8090277777778,1.21589474424552
22.8104166666667,1.17593363899631
22.8118055555556,1.20325233058335
22.8131944444444,1.20860540478789
22.8145833333333,1.20334652798338
22.8159722222222,1.24527547760818
22.8173611111111,1.2121309042519
22.81875,1.19680348244608
22.8201388888889,1.22136623780641
22.8215277777778,1.33202420578493
22.8229166666667,1.30081255641407
22.8243055555556,1.22834744280347
22.8256944444444,1.24380574989431
22.8270833333333,1.23846984637734
22.8284722222222,1.22764945621137
22.8298611111111,1.24948651401947
22.83125,1.221829901215
22.8326388888889,1.22164035429712
22.8340277777778,1.22348374432531
22.8354166666667,1.21315157037849
22.8368055555556,1.20906338803004
22.8381944444444,1.16181138676704
22.8395833333333,1.18894180624746
22.8409722222222,1.17652581642805
22.8423611111111,1.18196186914532
22.84375,1.17276346288621
22.8451388888889,1.18793927141155
22.8465277777778,1.16984900566128
22.8479166666667,1.18998580392761
22.8493055555556,1.21862916153545
22.8506944444444,1.2486958667849
22.8520833333333,1.24611704388746
22.8534722222222,1.19986252196133
22.8548611111111,1.20355788433924
22.85625,1.17270737635593
22.8576388888889,1.16668419049265
22.8590277777778,1.18191517324653
22.8604166666667,1.20203992755618
22.8618055555556,1.21750249496308
22.8631944444444,1.19645640004229
22.8645833333333,1.23531668596082
22.8659722222222,1.21673181996794
22.8673611111111,1.19858760848641
22.86875,1.25171339023548
22.8701388888889,1.24608196985597
22.8715277777778,1.26172521218925
22.8729166666667,1.26528072213841
22.8743055555556,1.28602882057739
22.8756944444444,1.21303828394196
22.8770833333333,1.23207767668634
22.8784722222222,1.23907889423426
22.8798611111111,1.23198759128184
22.88125,1.23896912856027
22.8826388888889,1.24594677599457
22.8840277777778,1.24806194352296
22.8854166666667,1.24808929789811
22.8868055555556,1.2002549826509
22.8881944444444,1.25535655168774
22.8895833333333,1.25369060594589
22.8909722222222,1.24880284180244
22.8923611111111,1.25719264746178
22.89375,1.25009319855479
22.8951388888889,1.31007363254825
22.8965277777778,1.27649941988713
22.8979166666667,1.28101862243377
22.8993055555556,1.31613243626586
22.9006944444444,1.31205120110419
22.9020833333333,1.25408080584835
22.9034722222222,1.23732727619819
22.9048611111111,1.23670359733514
22.90625,1.26058543939143
22.9076388888889,1.25680786465916
22.9090277777778,1.25086564509043
22.9104166666667,1.23821387981065
22.9118055555556,1.24912254383788
22.9131944444444,1.26371114216124
22.9145833333333,1.1979858527674
22.9159722222222,1.25703760254468
22.9173611111111,1.29983190297149
22.91875,1.25889216050971
22.9201388888889,1.25435072841705
22.9215277777778,1.22144788013771
22.9229166666667,1.2075444309817
22.9243055555556,1.21101132128543
22.9256944444444,1.20607943658251
22.9270833333333,1.24053858465981
22.9284722222222,1.3020449789955
22.9298611111111,1.31455896191765
22.93125,1.27600768524688
22.9326388888889,1.2741936249348
22.9340277777778,1.28942744073768
22.9354166666667,1.27813455671072
22.9368055555556,1.26250538199364
22.9381944444444,1.21237236542006
22.9395833333333,1.20499320917255
22.9409722222222,1.21849968867221
22.9423611111111,1.20880869469295
22.94375,1.20516852761464
22.9451388888889,1.18339445740605
22.9465277777778,1.18325348275714
22.9479166666667,1.17585447492854
22.9493055555556,1.18736907788552
22.9506944444444,1.24513766922678
22.9520833333333,1.24092192314255
22.9534722222222,1.21077428789188
22.9548611111111,1.19151507575996
22.95625,1.17043531943113
22.9576388888889,1.18875668966522
22.9590277777778,1.27871044214504
22.9604166666667,1.30104572278758
22.9618055555556,1.25326758424907
22.9631944444444,1.25074370468811
22.9645833333333,1.26434715026524
22.9659722222222,1.27475331113363
22.9673611111111,1.30577947889455
22.96875,1.29689008309972
22.9701388888889,1.29075752158028
22.9715277777778,1.25311694023122
22.9729166666667,1.20144230634285
22.9743055555556,1.19790914933508
22.9756944444444,1.24797205921883
22.9770833333333,1.25834375422448
22.9784722222222,1.27889553699022
22.9798611111111,1.29834421100716
22.98125,1.27121328910813
22.9826388888889,1.2377347023692
22.9840277777778,1.22607162789442
22.9854166666667,1.19643239122195
22.9868055555556,1.21844009858867
22.9881944444444,1.26843383459374
22.9895833333333,1.26637177346274
22.9909722222222,1.23952790000786
22.9923611111111,1.23897722428975
22.99375,1.24932569940885
22.9951388888889,1.25104953487714
22.9965277777778,1.25379260800158
22.9979166666667,1.28829988740986
22.9993055555556,1.31425474910376
23.0006944444444,1.34386465314776
23.0020833333333,1.30095352676833
23.0034722222222,1.29111166581977
23.0048611111111,1.26730657070565
23.00625,1.32393043606852
23.0076388888889,1.31709475379592
23.0090277777778,1.37160720232874
23.0104166666667,1.40519538011557
23.0118055555556,1.41133240730502
23.0131944444444,1.37122007139338
23.0145833333333,1.34186231351768
23.0159722222222,1.36216809871917
23.0173611111111,1.36678688990263
23.01875,1.35671906596826
23.0201388888889,1.32614498388022
23.0215277777778,1.33074324504783
23.0229166666667,1.33023593423733
23.0243055555556,1.3745176287042
23.0256944444444,1.35717145975679
23.0270833333333,1.37374828204513
23.0284722222222,1.37132362893472
23.0298611111111,1.32761902652836
23.03125,1.33501033643416
23.0326388888889,1.38370193253737
23.0340277777778,1.30561409451067
23.0354166666667,1.28252883150553
23.0368055555556,1.29013179911921
23.0381944444444,1.25605195947768
23.0395833333333,1.25129518532505
23.0409722222222,1.22780057566551
23.0423611111111,1.29050502512759
23.04375,1.27701610668562
23.0451388888889,1.30267704801168
23.0465277777778,1.31807847503883
23.0479166666667,1.33085008307826
23.0493055555556,1.3323897409703
23.0506944444444,1.31051278775868
23.0520833333333,1.27136726724915
23.0534722222222,1.28478565485527
23.0548611111111,1.33189584142839
23.05625,1.32402722966236
23.0576388888889,1.33289937338171
23.0590277777778,1.34250079760638
23.0604166666667,1.36493079306247
23.0618055555556,1.38692977740119
23.0631944444444,1.38247756036619
23.0645833333333,1.35280123556654
23.0659722222222,1.35935177230276
23.0673611111111,1.38001284594337
23.06875,1.35686935260271
23.0701388888889,1.38907341308892
23.0715277777778,1.38035617902875
23.0729166666667,1.33327529127089
23.0743055555556,1.40736723016948
23.0756944444444,1.38859883339455
23.0770833333333,1.38246574364409
23.0784722222222,1.36899271895166
23.0798611111111,1.36653900614823
23.08125,1.35497616704437
23.0826388888889,1.36654671090965
23.0840277777778,1.40218908766905
23.0854166666667,1.41746638356689
23.0868055555556,1.37460727584859
23.0881944444444,1.3940207217137
23.0895833333333,1.41083775944232
23.0909722222222,1.4018736908709
23.0923611111111,1.42921063036638
23.09375,1.41115403098054
23.0951388888889,1.38353337430085
23.0965277777778,1.33445792553306
23.0979166666667,1.32278052999017
23.0993055555556,1.34130376277472
23.1006944444444,1.37656781798151
23.1020833333333,1.39505108474987
23.1034722222222,1.3588347442646
23.1048611111111,1.38008787166017
23.10625,1.3773574805446
23.1076388888889,1.41808547404284
23.1090277777778,1.43891977281077
23.1104166666667,1.4829050380822
23.1118055555556,1.44056341728002
23.1131944444444,1.38171234509287
23.1145833333333,1.39720289172605
23.1159722222222,1.34916299311987
23.1173611111111,1.33654643016867
23.11875,1.36027674912785
23.1201388888889,1.38054387222277
23.1215277777778,1.39536590565927
23.1229166666667,1.37741998386259
23.1243055555556,1.39176688242704
23.1256944444444,1.39087223604321
23.1270833333333,1.3669060857563
23.1284722222222,1.3768526908864
23.1298611111111,1.3563870913256
23.13125,1.34156821715917
23.1326388888889,1.31968515802563
23.1340277777778,1.34217317337558
23.1354166666667,1.32674806352239
23.1368055555556,1.31986674482003
23.1381944444444,1.29809131826662
23.1395833333333,1.33090334339805
23.1409722222222,1.34178916219467
23.1423611111111,1.34698730685127
23.14375,1.34091729485895
23.1451388888889,1.31939942870444
23.1465277777778,1.32300402483592
23.1479166666667,1.32281208424635
23.1493055555556,1.35504270486844
23.1506944444444,1.36150936289846
23.1520833333333,1.34247055228334
23.1534722222222,1.33908507503724
23.1548611111111,1.35564284803346
23.15625,1.38859734773131
23.1576388888889,1.41928508960642
23.1590277777778,1.37734285363927
23.1604166666667,1.39445088297129
23.1618055555556,1.36584799102818
23.1631944444444,1.36697745203817
23.1645833333333,1.34210012918804
23.1659722222222,1.32832400308146
23.1673611111111,1.34770134027116
23.16875,1.38808011685188
23.1701388888889,1.38128659405474
23.1715277777778,1.38519745997852
23.1729166666667,1.46022772964556
23.1743055555556,1.4001730698933
23.1756944444444,1.33325083480643
23.1770833333333,1.35893958776064
23.1784722222222,1.33091300520425
23.1798611111111,1.36476426421975
23.18125,1.38447007633746
23.1826388888889,1.36911892257631
23.1840277777778,1.35103912279941
23.1854166666667,1.33576673618013
23.1868055555556,1.36235820847253
23.1881944444444,1.3763291847376
23.1895833333333,1.37675932072375
23.1909722222222,1.31243876901921
23.1923611111111,1.35253274198156
23.19375,1.41555234174516
23.1951388888889,1.43895955964108
23.1965277777778,1.40245417139182
23.1979166666667,1.40309682713201
23.1993055555556,1.32004295490682
23.2006944444444,1.32557320712406
23.2020833333333,1.32799921238135
23.2034722222222,1.30314627779919
23.2048611111111,1.33315129451958
23.20625,1.36955269630998
23.2076388888889,1.38904471589408
23.2090277777778,1.3071457399296
23.2104166666667,1.30049169437339
23.2118055555556,1.34339853838086
23.2131944444444,1.35276564110691
23.2145833333333,1.34816118439931
23.2159722222222,1.33422110648826
23.2173611111111,1.35498647102465
23.21875,1.33909503010839
23.2201388888889,1.37191123951847
23.2215277777778,1.3291730553781
23.2229166666667,1.3523081949229
23.2243055555556,1.34200527114794
23.2256944444444,1.32505073281665
23.2270833333333,1.34303366297235
23.2284722222222,1.36390181466433
23.2298611111111,1.38801325292637
23.23125,1.39714214098329
23.2326388888889,1.39110885991094
23.2340277777778,1.38673858334
23.2354166666667,1.4379034801852
23.2368055555556,1.42264164659777
23.2381944444444,1.38937792060276
23.2395833333333,1.36818524558408
23.2409722222222,1.41207434761648
23.2423611111111,1.39494114015251
23.24375,1.30716185925528
23.2451388888889,1.34226761184943
23.2465277777778,1.3349892946876
23.2479166666667,1.3538663058014
23.2493055555556,1.39873788592406
23.2506944444444,1.3296324188076
23.2520833333333,1.35053312214091
23.2534722222222,1.38037212295458
23.2548611111111,1.39728695126871
23.25625,1.38466094821692
23.2576388888889,1.39633655349103
23.2590277777778,1.33740984501628
23.2604166666667,1.3714430704092
23.2618055555556,1.38493296091445
23.2631944444444,1.36763038944453
23.2645833333333,1.41818280881581
23.2659722222222,1.40464710903044
23.2673611111111,1.4248540512224
23.26875,1.37175547551053
23.2701388888889,1.37358851579328
23.2715277777778,1.34707490352914
23.2729166666667,1.32114377380038
23.2743055555556,1.36318488398256
23.2756944444444,1.36607335468056
23.2770833333333,1.36771984702908
23.2784722222222,1.40240898677458
23.2798611111111,1.38746363996218
23.28125,1.39982787935374
23.2826388888889,1.36445317778736
23.2840277777778,1.31619145308
23.2854166666667,1.30771429312726
23.2868055555556,1.31270170604189
23.2881944444444,1.32949458522256
23.2895833333333,1.32076095503444
23.2909722222222,1.33031471592374
23.2923611111111,1.31704972451553
23.29375,1.31719497310619
23.2951388888889,1.31571774998369
23.2965277777778,1.3471693282264
23.2979166666667,1.32773005493296
23.2993055555556,1.36898958965205
23.3006944444444,1.40313779894263
23.3020833333333,1.38224244836718
23.3034722222222,1.33686244841665
23.3048611111111,1.34162483243582
23.30625,1.37177645660006
23.3076388888889,1.36473385118103
23.3090277777778,1.34368145065848
23.3104166666667,1.37336991600382
23.3118055555556,1.35971726216065
23.3131944444444,1.30516784354423
23.3145833333333,1.31008935514837
23.3159722222222,1.36593718384703
23.3173611111111,1.38845482766182
23.31875,1.34443688018247
23.3201388888889,1.23000083558339
23.3215277777778,1.2673587254559
23.3229166666667,1.26789274824473
23.3243055555556,1.27276080927501
23.3256944444444,1.29703344291697
23.3270833333333,1.30964128714055
23.3284722222222,1.32165720293842
23.3298611111111,1.29120060104954
23.33125,1.33592639458055
23.3326388888889,1.3142556211818
23.3340277777778,1.30521444729219
23.3354166666667,1.28695902862276
23.3368055555556,1.25480377307783
23.3381944444444,1.26831709278592
23.3395833333333,1.25786714795822
23.3409722222222,1.26922788473467
23.3423611111111,1.253396520596
23.34375,1.22472471561904
23.3451388888889,1.20277817560981
23.3465277777778,1.22798502850657
23.3479166666667,1.29462694729678
23.3493055555556,1.28283883298747
23.3506944444444,1.27072791106378
23.3520833333333,1.29143354826452
23.3534722222222,1.27528851588101
23.3548611111111,1.28138356839772
23.35625,1.27738998232875
23.3576388888889,1.28251839267556
23.3590277777778,1.272489510132
23.3604166666667,1.24526968924639
23.3618055555556,1.25000026483089
23.3631944444444,1.2745817486383
23.3645833333333,1.35734262292118
23.3659722222222,1.30716318812687
23.3673611111111,1.30121176178878
23.36875,1.31951425038278
23.3701388888889,1.30294907086218
23.3715277777778,1.30054206592652
23.3729166666667,1.30305777929723
23.3743055555556,1.30257274060665
23.3756944444444,1.31318125093045
23.3770833333333,1.3260302699171
23.3784722222222,1.29635899328821
23.3798611111111,1.27578453794587
23.38125,1.30224054347724
23.3826388888889,1.3201959814659
23.3840277777778,1.2859400343375
23.3854166666667,1.2401484623986
23.3868055555556,1.29277795717431
23.3881944444444,1.27167893468092
23.3895833333333,1.26913737082854
23.3909722222222,1.33421269954337
23.3923611111111,1.35551758312155
23.39375,1.38343922588509
23.3951388888889,1.3749219842845
23.3965277777778,1.31682601454978
23.3979166666667,1.35061332834885
23.3993055555556,1.34839529549393
23.4006944444444,1.35302046489902
23.4020833333333,1.35218077890264
23.4034722222222,1.42427094604199
23.4048611111111,1.39027610307249
23.40625,1.36358890541596
23.4076388888889,1.37692264867326
23.4090277777778,1.36065001819826
23.4104166666667,1.34835413700202
23.4118055555556,1.38273839067668
23.4131944444444,1.37619475047259
23.4145833333333,1.36268060935196
23.4159722222222,1.36734202732177
23.4173611111111,1.3191832327346
23.41875,1.34274597511316
23.4201388888889,1.31553194866826
23.4215277777778,1.32790224544083
23.4229166666667,1.31469491459274
23.4243055555556,1.32150985761235
23.4256944444444,1.34815561605928
23.4270833333333,1.36433797654696
23.4284722222222,1.34487664167924
23.4298611111111,1.34623600751782
23.43125,1.36872357485505
23.4326388888889,1.35854658724895
23.4340277777778,1.36569123209144
23.4354166666667,1.37898626300196
23.4368055555556,1.37309179997848
23.4381944444444,1.36219981519505
23.4395833333333,1.36820763568976
23.4409722222222,1.40126625509118
23.4423611111111,1.35118699725989
23.44375,1.3173949470243
23.4451388888889,1.30154844332448
23.4465277777778,1.32890851273783
23.4479166666667,1.37295914826604
23.4493055555556,1.40918252359144
23.4506944444444,1.38019357464121
23.4520833333333,1.36570525271663
23.4534722222222,1.33756877629086
23.4548611111111,1.34191276805786
23.45625,1.34881608889128
23.4576388888889,1.35850115772958
23.4590277777778,1.31257893718779
23.4604166666667,1.30057034977983
23.4618055555556,1.32441452755593
23.4631944444444,1.33145009068617
23.4645833333333,1.33494840975385
23.4659722222222,1.2907619858409
23.4673611111111,1.2944805470854
23.46875,1.34524349203333
23.4701388888889,1.30912557212015
23.4715277777778,1.28432364709986
23.4729166666667,1.28505854743533
23.4743055555556,1.30406833353918
23.4756944444444,1.31204905167222
23.4770833333333,1.30276867778661
23.4784722222222,1.26951761508981
23.4798611111111,1.33889765313516
23.48125,1.35301778056969
23.4826388888889,1.34105416960238
23.4840277777778,1.39385969567734
23.4854166666667,1.31867613895486
23.4868055555556,1.31702332367461
23.4881944444444,1.25145980084005
23.4895833333333,1.28189092768977
23.4909722222222,1.298567241972
23.4923611111111,1.31553458770116
23.49375,1.29125904198736
23.4951388888889,1.29458730445554
23.4965277777778,1.30955372917776
23.4979166666667,1.31977049265057
23.4993055555556,1.31799332668384
23.5006944444444,1.3280447401929
23.5020833333333,1.34314043125448
23.5034722222222,1.33793243288994
23.5048611111111,1.35656855414311
23.50625,1.37637564851592
23.5076388888889,1.34781476358883
23.5090277777778,1.38461776622881
23.5104166666667,1.35711815286428
23.5118055555556,1.31944127918842
23.5131944444444,1.34602583310877
23.5145833333333,1.39140698385425
23.5159722222222,1.37074641636883
23.5173611111111,1.31036988371362
23.51875,1.31745737655088
23.5201388888889,1.31246438876105
23.5215277777778,1.28854484633853
23.5229166666667,1.30986417954632
23.5243055555556,1.33350863299022
23.5256944444444,1.37754480068882
23.5270833333333,1.40628560877095
23.5284722222222,1.38544150387868
23.5298611111111,1.38973431508988
23.53125,1.37215829498212
23.5326388888889,1.35246674247086
23.5340277777778,1.3454907727614
23.5354166666667,1.37423460135236
23.5368055555556,1.35596892349112
23.5381944444444,1.35907828843532
23.5395833333333,1.34335559960455
23.5409722222222,1.37907027982175
23.5423611111111,1.35347790734842
23.54375,1.34339550500115
23.5451388888889,1.31300159587059
23.5465277777778,1.28385690204644
23.5479166666667,1.25988494028027
23.5493055555556,1.26118335410642
23.5506944444444,1.27771416220814
23.5520833333333,1.26786348721012
23.5534722222222,1.29138437821064
23.5548611111111,1.29386195581406
23.55625,1.31727834220976
23.5576388888889,1.32626618161953
23.5590277777778,1.3256930039761
23.5604166666667,1.32962254739522
23.5618055555556,1.38588613287158
23.5631944444444,1.40162304089715
23.5645833333333,1.35730292706129
23.5659722222222,1.37872709045187
23.5673611111111,1.30107440160355
23.56875,1.23145863386492
23.5701388888889,1.20112253672521
23.5715277777778,1.24403163345065
23.5729166666667,1.25484165329331
23.5743055555556,1.31559722158437
23.5756944444444,1.29707490584503
23.5770833333333,1.33253603907845
23.5784722222222,1.33963105452325
23.5798611111111,1.28060090602065
23.58125,1.29002929216251
23.5826388888889,1.28284176512311
23.5840277777778,1.28362126239886
23.5854166666667,1.29089855330919
23.5868055555556,1.29002051313951
23.5881944444444,1.2836937682579
23.5895833333333,1.29780697687219
23.5909722222222,1.24689157612699
23.5923611111111,1.26796786458542
23.59375,1.27227476885853
23.5951388888889,1.2738569256415
23.5965277777778,1.21243985707561
23.5979166666667,1.24643837921321
23.5993055555556,1.25989923634877
23.6006944444444,1.30631454730406
23.6020833333333,1.26762965396047
23.6034722222222,1.23081127034966
23.6048611111111,1.2290199181096
23.60625,1.25343440141529
23.6076388888889,1.3097460441788
23.6090277777778,1.33301153860676
23.6104166666667,1.30900754123771
23.6118055555556,1.27864094653477
23.6131944444444,1.24743418624625
23.6145833333333,1.24708392757922
23.6159722222222,1.29557845460872
23.6173611111111,1.29972266181062
23.61875,1.31631836227452
23.6201388888889,1.27437676026796
23.6215277777778,1.24075311396426
23.6229166666667,1.29322988983244
23.6243055555556,1.32098174647739
23.6256944444444,1.29332772705704
23.6270833333333,1.29922605794544
23.6284722222222,1.30571537475723
23.6298611111111,1.28765248213274
23.63125,1.30844174866875
23.6326388888889,1.28948738007496
23.6340277777778,1.30895237005626
23.6354166666667,1.27980809165786
23.6368055555556,1.23666658819964
23.6381944444444,1.24034490621338
23.6395833333333,1.25237489526936
23.6409722222222,1.28007476044198
23.6423611111111,1.2962645125327
23.64375,1.28834030884939
23.6451388888889,1.31078644972295
23.6465277777778,1.26382112277051
23.6479166666667,1.21190792631358
23.6493055555556,1.23258285066734
23.6506944444444,1.25019464716315
23.6520833333333,1.21685565562298
23.6534722222222,1.23705288331335
23.6548611111111,1.22731322442802
23.65625,1.26784169899843
23.6576388888889,1.19612898329894
23.6590277777778,1.21186086196452
23.6604166666667,1.20833639339233
23.6618055555556,1.19551745576163
23.6631944444444,1.19044989613195
23.6645833333333,1.22192423845641
23.6659722222222,1.27982752989357
23.6673611111111,1.22930691067129
23.66875,1.21703794623415
23.6701388888889,1.20387034026906
23.6715277777778,1.17490693631272
23.6729166666667,1.22425701834261
23.6743055555556,1.25977508602043
23.6756944444444,1.27067332575719
23.6770833333333,1.23567505210638
23.6784722222222,1.21442827831488
23.6798611111111,1.20805056614801
23.68125,1.23334792299196
23.6826388888889,1.20878285143214
23.6840277777778,1.23971444055438
23.6854166666667,1.23479238031757
23.6868055555556,1.19470478843432
23.6881944444444,1.16249116588073
23.6895833333333,1.1734562342676
23.6909722222222,1.21675095685447
23.6923611111111,1.2250012214086
23.69375,1.19828951288015
23.6951388888889,1.20001862093806
23.6965277777778,1.27364267271012
23.6979166666667,1.30110519986289
23.6993055555556,1.23359119957313
23.7006944444444,1.19958878618975
23.7020833333333,1.2535709073022
23.7034722222222,1.19159274797887
23.7048611111111,1.17861340365373
23.70625,1.14772092875016
23.7076388888889,1.1554552197208
23.7090277777778,1.18164007682353
23.7104166666667,1.17114294398886
23.7118055555556,1.20639310973076
23.7131944444444,1.19944883368909
23.7145833333333,1.21876374583381
23.7159722222222,1.19838965616655
23.7173611111111,1.18525895156898
23.71875,1.17565791915481
23.7201388888889,1.20859027985483
23.7215277777778,1.18302190211912
23.7229166666667,1.1916203047242
23.7243055555556,1.17838164613582
23.7256944444444,1.12222366273093
23.7270833333333,1.14777245385572
23.7284722222222,1.14730901459853
23.7298611111111,1.18440586691412
23.73125,1.22942207230255
23.7326388888889,1.23100577866038
23.7340277777778,1.2443685684974
23.7354166666667,1.27456672416379
23.7368055555556,1.17623406076804
23.7381944444444,1.16071009337592
23.7395833333333,1.22190637931538
23.7409722222222,1.21784209496807
23.7423611111111,1.20736534157768
23.74375,1.18779177928343
23.7451388888889,1.15450038404514
23.7465277777778,1.16788865583017
23.7479166666667,1.17192227214264
23.7493055555556,1.16039078088477
23.7506944444444,1.2004779632017
23.7520833333333,1.25304972288199
23.7534722222222,1.21087290180847
23.7548611111111,1.26066978695182
23.75625,1.22332074181487
23.7576388888889,1.21727633412927
23.7590277777778,1.18286596103261
23.7604166666667,1.1975786744679
23.7618055555556,1.23582849195848
23.7631944444444,1.23553755819798
23.7645833333333,1.2676732486859
23.7659722222222,1.25895472663144
23.7673611111111,1.24361235377689
23.76875,1.27942722233633
23.7701388888889,1.27525961155693
23.7715277777778,1.25058333007464
23.7729166666667,1.29451184942077
23.7743055555556,1.27924061891933
23.7756944444444,1.21823506350939
23.7770833333333,1.24933536510604
23.7784722222222,1.24301271861763
23.7798611111111,1.21666681880837
23.78125,1.21257935171326
23.7826388888889,1.22551094574854
23.7840277777778,1.23911150686443
23.7854166666667,1.26792627473051
23.7868055555556,1.33479702379555
23.7881944444444,1.25324271447957
23.7895833333333,1.24959242566178
23.7909722222222,1.24018049628474
23.7923611111111,1.24604423817558
23.79375,1.209504189156
23.7951388888889,1.22853444681192
23.7965277777778,1.24435034734507
23.7979166666667,1.2762186557427
23.7993055555556,1.26080417820563
23.8006944444444,1.27212444087568
23.8020833333333,1.25943770321086
23.8034722222222,1.26211619306356
23.8048611111111,1.24906123301014
23.80625,1.24793235841518
23.8076388888889,1.26378917913884
23.8090277777778,1.27258648637682
23.8104166666667,1.25092521648233
23.8118055555556,1.26833725684012
23.8131944444444,1.19906886798019
23.8145833333333,1.20819956799348
23.8159722222222,1.19842489069328
23.8173611111111,1.20949743149181
23.81875,1.22436489732315
23.8201388888889,1.22786824798832
23.8215277777778,1.26242179326092
23.8229166666667,1.3216828819116
23.8243055555556,1.28630892948558
23.8256944444444,1.23464720478902
23.8270833333333,1.24516168896109
23.8284722222222,1.24084052483241
23.8298611111111,1.20387085909024
23.83125,1.20237963212188
23.8326388888889,1.23527434314291
23.8340277777778,1.26047997795977
23.8354166666667,1.27477345870187
23.8368055555556,1.28957825618486
23.8381944444444,1.26789596987578
23.8395833333333,1.23313651482575
23.8409722222222,1.24339717397156
23.8423611111111,1.26496497525523
23.84375,1.28351852372289
23.8451388888889,1.29948768633107
23.8465277777778,1.26145662963701
23.8479166666667,1.23718177455167
23.8493055555556,1.24687146466846
23.8506944444444,1.28654592931271
23.8520833333333,1.25453338010237
23.8534722222222,1.22812941929325
23.8548611111111,1.19962588014702
23.85625,1.21809801407779
23.8576388888889,1.2486747192964
23.8590277777778,1.24398561567068
23.8604166666667,1.24739943271813
23.8618055555556,1.21297059149792
23.8631944444444,1.24285683987041
23.8645833333333,1.2394678849075
23.8659722222222,1.25748648136854
23.8673611111111,1.26727451776465
23.86875,1.26954065913179
23.8701388888889,1.26407566311459
23.8715277777778,1.26892462500061
23.8729166666667,1.2648843498722
23.8743055555556,1.2801321825323
23.8756944444444,1.28402866047962
23.8770833333333,1.26109416132948
23.8784722222222,1.29237963400936
23.8798611111111,1.2778418758465
23.88125,1.32052141974447
23.8826388888889,1.30072501929477
23.8840277777778,1.31547962662764
23.8854166666667,1.34045352692405
23.8868055555556,1.34095859321766
23.8881944444444,1.36575620324196
23.8895833333333,1.39335855964571
23.8909722222222,1.39869631143287
23.8923611111111,1.42155057376018
23.89375,1.38939322800996
23.8951388888889,1.37719195123451
23.8965277777778,1.37619089976108
23.8979166666667,1.34962994106114
23.8993055555556,1.36383342251104
23.9006944444444,1.34509577052978
23.9020833333333,1.33910761068265
23.9034722222222,1.31823709710191
23.9048611111111,1.35349492675314
23.90625,1.41582879017573
23.9076388888889,1.36520093837287
23.9090277777778,1.38086664297463
23.9104166666667,1.40117469067841
23.9118055555556,1.41929200160472
23.9131944444444,1.44926446690845
23.9145833333333,1.42415061443113
23.9159722222222,1.41661471322489
23.9173611111111,1.37170597200127
23.91875,1.35194732769858
23.9201388888889,1.44278667353404
23.9215277777778,1.39076410673093
23.9229166666667,1.34205458895148
23.9243055555556,1.36031763155169
23.9256944444444,1.35609062735923
23.9270833333333,1.31260579708343
23.9284722222222,1.28624529487919
23.9298611111111,1.28961039415561
23.93125,1.30391852484706
23.9326388888889,1.35032916852583
23.9340277777778,1.40479887150694
23.9354166666667,1.4081499683562
23.9368055555556,1.3758359168889
23.9381944444444,1.39238601295898
23.9395833333333,1.38785902803609
23.9409722222222,1.35881526949039
23.9423611111111,1.35661107986545
23.94375,1.33277137795153
23.9451388888889,1.34601727185771
23.9465277777778,1.28598659589421
23.9479166666667,1.25432863241993
23.9493055555556,1.28340103246272
23.9506944444444,1.29571351325139
23.9520833333333,1.30229442192242
23.9534722222222,1.28936762569783
23.9548611111111,1.27959833598385
23.95625,1.31060690448309
23.9576388888889,1.34403124732897
23.9590277777778,1.329051231031
23.9604166666667,1.31984195286408
23.9618055555556,1.34259320813852
23.9631944444444,1.42004808302037
23.9645833333333,1.40947313690248
23.9659722222222,1.38972989883895
23.9673611111111,1.39168183096374
23.96875,1.44650043087701
23.9701388888889,1.41609571969447
23.9715277777778,1.39630839382803
23.9729166666667,1.35589986365599
23.9743055555556,1.358894695666
23.9756944444444,1.36543721635205
23.9770833333333,1.38481817685689
23.9784722222222,1.37776853042344
23.9798611111111,1.41227663435818
23.98125,1.38068355263832
23.9826388888889,1.37019254817006
23.9840277777778,1.34608757239301
23.9854166666667,1.40560515832311
23.9868055555556,1.38493273388439
23.9881944444444,1.39427663577449
23.9895833333333,1.34317930012786
23.9909722222222,1.33284694415672
23.9923611111111,1.32872672237611
23.99375,1.28367645768759
23.9951388888889,1.30681590358028
23.9965277777778,1.3141431086914
23.9979166666667,1.34678370698821
23.9993055555556,1.35130366099067
