"wake_aligned_time_hours","value"
0.000694444444444444,0.0524835588161305
0.00208333333333333,0.0451295550336214
0.00347222222222222,0.0556401940094642
0.00486111111111111,0.0514169879622052
0.00625,0.0681903611014674
0.00763888888888889,0.0708550783615643
0.00902777777777778,0.0391406992596958
0.0104166666666667,0.0302403456130031
0.0118055555555556,0.0429241823465096
0.0131944444444444,0.0594198944101399
0.0145833333333333,0.0543777444451783
0.0159722222222222,0.0605433619783048
0.0173611111111111,0.0406332732842294
0.01875,0.0443423844850148
0.0201388888888889,0.0617544709418708
0.0215277777777778,0.0705702992226359
0.0229166666666667,0.0492296045044524
0.0243055555555556,0.034506960168763
0.0256944444444444,0.0561873496428538
0.0270833333333333,0.0870770744965534
0.0284722222222222,0.060485019337283
0.0298611111111111,0.0717604348462604
0.03125,0.0947282924673271
0.0326388888888889,0.0828790944290188
0.0340277777777778,0.0698855577932743
0.0354166666666667,0.0868353622199167
0.0368055555555556,0.0888909761095985
0.0381944444444444,0.0897656570142649
0.0395833333333333,0.106431070475903
0.0409722222222222,0.102160404443442
0.0423611111111111,0.102955956237407
0.04375,0.0868790190190243
0.0451388888888889,0.0771379572446262
0.0465277777777778,0.0836296709683034
0.0479166666666667,0.100416223101125
0.0493055555555556,0.0862317189835038
0.0506944444444444,0.0414328378012868
0.0520833333333333,0.0572688811008409
0.0534722222222222,0.0661820468356597
0.0548611111111111,0.0779420448323211
0.05625,0.0764222895515359
0.0576388888888889,0.0454147811873008
0.0590277777777778,0.0453641629253624
0.0604166666666667,0.06426271041914
0.0618055555555556,0.0498301849801742
0.0631944444444444,0.0600258068065972
0.0645833333333333,0.0694719491982223
0.0659722222222222,0.0423462229562003
0.0673611111111111,0.0389044523740653
0.06875,0.0528704847831986
0.0701388888888889,0.0224400425452443
0.0715277777777778,0.00215530808813737
0.0729166666666667,0.0191550356768648
0.0743055555555556,0.0438958949092009
0.0756944444444444,0.0606725380841794
0.0770833333333333,0.0554578064787552
0.0784722222222222,0.0484514051986035
0.0798611111111111,0.0499687350893898
0.08125,0.0692160252527782
0.0826388888888889,0.0642515548077377
0.0840277777777778,0.0850156890528042
0.0854166666666667,0.0857018870407061
0.0868055555555556,0.0954141046741007
0.0881944444444445,0.0806231002056284
0.0895833333333333,0.0731055559632254
0.0909722222222222,0.0628215767986094
0.0923611111111111,0.0685116847914004
0.09375,0.0757043591687507
0.0951388888888889,0.0613556096662884
0.0965277777777778,0.0389964507523532
0.0979166666666667,0.0513434818873978
0.0993055555555555,0.0763715180141212
0.100694444444444,0.074356782787228
0.102083333333333,0.0804255866185861
0.103472222222222,0.076030613615971
0.104861111111111,0.0952354925739116
0.10625,0.09628327835612
0.107638888888889,0.0735435720349108
0.109027777777778,0.0539179947154688
0.110416666666667,0.0742440045490096
0.111805555555556,0.0868502669757676
0.113194444444444,0.0720892790350531
0.114583333333333,0.0900900262235514
0.115972222222222,0.0928179500514789
0.117361111111111,0.0995743619072566
0.11875,0.108654378250752
0.120138888888889,0.12976270395268
0.121527777777778,0.149363704061762
0.122916666666667,0.120513530663097
0.124305555555556,0.0979829691246376
0.125694444444444,0.0820517937404259
0.127083333333333,0.0568941311811362
0.128472222222222,0.071575321690662
0.129861111111111,0.0630988160305496
0.13125,0.07957812910206
0.132638888888889,0.058011436314736
0.134027777777778,0.0769471497555249
0.135416666666667,0.0819617311638629
0.136805555555556,0.0869795740996332
0.138194444444444,0.0929103594450392
0.139583333333333,0.0857602517639521
0.140972222222222,0.0734205111553029
0.142361111111111,0.0775576104137615
0.14375,0.0955227116962554
0.145138888888889,0.108487002417647
0.146527777777778,0.117154833542618
0.147916666666667,0.102736576842301
0.149305555555556,0.0994851663923127
0.150694444444444,0.110429114901059
0.152083333333333,0.119727979047025
0.153472222222222,0.123294659504332
0.154861111111111,0.117638305338674
0.15625,0.0851780856839897
0.157638888888889,0.124154299472234
0.159027777777778,0.124479648877699
0.160416666666667,0.128785422638712
0.161805555555556,0.109533570937101
0.163194444444444,0.129679274892329
0.164583333333333,0.118442598789179
0.165972222222222,0.126075854705315
0.167361111111111,0.0825597906110363
0.16875,0.0914872627587054
0.170138888888889,0.0969951493210521
0.171527777777778,0.103181472444199
0.172916666666667,0.110193629821281
0.174305555555556,0.115654896705191
0.175694444444444,0.0935331031247834
0.177083333333333,0.0957435029066695
0.178472222222222,0.0770257379094703
0.179861111111111,0.0806223512287445
0.18125,0.119610407891539
0.182638888888889,0.0930259263252701
0.184027777777778,0.0569877533178495
0.185416666666667,0.0810779002199656
0.186805555555556,0.0990288341510802
0.188194444444444,0.128248196563005
0.189583333333333,0.119096741721276
0.190972222222222,0.130454734628495
0.192361111111111,0.156351980557741
0.19375,0.145549547211818
0.195138888888889,0.137336137568554
0.196527777777778,0.139368494120552
0.197916666666667,0.139969815353401
0.199305555555556,0.141884790700459
0.200694444444444,0.141750741320061
0.202083333333333,0.138996117854549
0.203472222222222,0.143573396724626
0.204861111111111,0.156606536929877
0.20625,0.137705390544486
0.207638888888889,0.0846385977788317
0.209027777777778,0.0778080011994545
0.210416666666667,0.0763441862972938
0.211805555555556,0.101795113408168
0.213194444444444,0.118567291994833
0.214583333333333,0.115881785422335
0.215972222222222,0.132701861468577
0.217361111111111,0.140547049563065
0.21875,0.162475314265624
0.220138888888889,0.199586371873313
0.221527777777778,0.153848184086279
0.222916666666667,0.109972421362034
0.224305555555556,0.110753968215364
0.225694444444444,0.129750811138948
0.227083333333333,0.117808747018565
0.228472222222222,0.137552337163993
0.229861111111111,0.130161159726162
0.23125,0.11409583695451
0.232638888888889,0.123222363637949
0.234027777777778,0.0499522211104376
0.235416666666667,0.107409845240508
0.236805555555556,0.1264372724792
0.238194444444444,0.110871022944513
0.239583333333333,0.0801066333009358
0.240972222222222,0.085643720197422
0.242361111111111,0.114602441802501
0.24375,0.10160400817528
0.245138888888889,0.105906164512845
0.246527777777778,0.104443597360809
0.247916666666667,0.131838974788274
0.249305555555556,0.0847534868066755
0.250694444444444,0.0484183033457418
0.252083333333333,0.099022006531416
0.253472222222222,0.116305814903379
0.254861111111111,0.10968768133264
0.25625,0.10603596323498
0.257638888888889,0.099267527601916
0.259027777777778,0.0903527637319353
0.260416666666667,0.109180562345638
0.261805555555556,0.0886798157515606
0.263194444444444,0.0935884634830895
0.264583333333333,0.107730250455855
0.265972222222222,0.0958946857461284
0.267361111111111,0.100738419060458
0.26875,0.105954541562192
0.270138888888889,0.0753263154642997
0.271527777777778,0.0996552045401013
0.272916666666667,0.0953982771181601
0.274305555555556,0.115993930061278
0.275694444444444,0.13495472391291
0.277083333333333,0.13902179897031
0.278472222222222,0.127047004983182
0.279861111111111,0.124179050131593
0.28125,0.104851014072819
0.282638888888889,0.12064054030843
0.284027777777778,0.115068126394801
0.285416666666667,0.128238174277281
0.286805555555556,0.135232166383467
0.288194444444444,0.131559989396369
0.289583333333333,0.123473156761515
0.290972222222222,0.13918604219443
0.292361111111111,0.152365410352744
0.29375,0.135710889264397
0.295138888888889,0.118335928972372
0.296527777777778,0.115814104846067
0.297916666666667,0.0702979201916395
0.299305555555556,0.055040275403649
0.300694444444444,0.105998263718157
0.302083333333333,0.11615951073568
0.303472222222222,0.0978352082914362
0.304861111111111,0.119488576394491
0.30625,0.11769649965161
0.307638888888889,0.118594807405
0.309027777777778,0.124763237344032
0.310416666666667,0.123186272358933
0.311805555555556,0.161162259770121
0.313194444444444,0.162773319592637
0.314583333333333,0.117869809520297
0.315972222222222,0.0926842128282732
0.317361111111111,0.110478632834926
0.31875,0.116079924247083
0.320138888888889,0.122514874239197
0.321527777777778,0.117431263979462
0.322916666666667,0.131376904069445
0.324305555555556,0.124418688776243
0.325694444444444,0.113005713287229
0.327083333333333,0.133884948848447
0.328472222222222,0.130058076381817
0.329861111111111,0.123894436729269
0.33125,0.101810278075611
0.332638888888889,0.0829890449170472
0.334027777777778,0.111329257058036
0.335416666666667,0.11888724830097
0.336805555555556,0.131354073926868
0.338194444444444,0.127339040620832
0.339583333333333,0.11938661478584
0.340972222222222,0.0862108959578654
0.342361111111111,0.0815250038269044
0.34375,0.111851352119778
0.345138888888889,0.100320362475864
0.346527777777778,0.102194345393971
0.347916666666667,0.125437901484846
0.349305555555556,0.139679307176114
0.350694444444444,0.117801751030653
0.352083333333333,0.111805879326673
0.353472222222222,0.0906079261237826
0.354861111111111,0.0945399422292863
0.35625,0.0625226336997323
0.357638888888889,0.0495652543675722
0.359027777777778,0.0710432872867512
0.360416666666667,0.0642035653188791
0.361805555555556,0.0863444715662302
0.363194444444444,0.0752248589231147
0.364583333333333,0.0572540466277448
0.365972222222222,0.0479284766998374
0.367361111111111,0.0682506180008152
0.36875,0.0800874860793099
0.370138888888889,0.105515929790142
0.371527777777778,0.0928351625086383
0.372916666666667,0.0627301750318731
0.374305555555556,0.0683487927916198
0.375694444444444,0.0845944640751547
0.377083333333333,0.0772975617082466
0.378472222222222,0.047861077774186
0.379861111111111,0.0437122642821812
0.38125,0.049613562677574
0.382638888888889,0.071971655162925
0.384027777777778,0.0769220716250529
0.385416666666667,0.0707318099390047
0.386805555555556,0.0686871897138671
0.388194444444444,0.0670295736391105
0.389583333333333,0.0552296140519698
0.390972222222222,0.0341241342118974
0.392361111111111,0.0488534661631356
0.39375,0.0554096696947091
0.395138888888889,0.0502873337227469
0.396527777777778,0.0357151768612339
0.397916666666667,0.0469424752825578
0.399305555555556,0.02527769500072
0.400694444444444,0.0410883337227829
0.402083333333333,0.0166765049070455
0.403472222222222,0.0342204507220851
0.404861111111111,0.0280500502682702
0.40625,0.027822045406277
0.407638888888889,0.0231932620704812
0.409027777777778,0.0302596084302027
0.410416666666667,0.0122225375014345
0.411805555555556,0.00664695258398362
0.413194444444444,0.00949411961824526
0.414583333333333,0.0395031889766761
0.415972222222222,0.017450815212233
0.417361111111111,0.00531565532442461
0.41875,0.00194315486892884
0.420138888888889,-0.017836834323368
0.421527777777778,0.00962584950014951
0.422916666666667,0.0247465978134505
0.424305555555556,-0.05393940690882
0.425694444444444,-0.020686571102624
0.427083333333333,-0.0538823545452553
0.428472222222222,-0.0730512256249766
0.429861111111111,-0.0697479099798134
0.43125,-0.0733649425219264
0.432638888888889,-0.092222899709291
0.434027777777778,-0.0709893874875147
0.435416666666667,-0.0770447548229871
0.436805555555556,-0.0695591452530853
0.438194444444444,-0.0478880715789784
0.439583333333333,-0.0462792728094443
0.440972222222222,-0.0232346359215382
0.442361111111111,0.00535545924313066
0.44375,0.0185828286987457
0.445138888888889,-0.00342530154561615
0.446527777777778,0.00336731255166295
0.447916666666667,-0.0024015545725189
0.449305555555556,-0.00791327344189947
0.450694444444444,-0.0421026462754293
0.452083333333333,-0.04321676501512
0.453472222222222,-0.0312317283836544
0.454861111111111,-0.0535337305640053
0.45625,-0.0413241813324587
0.457638888888889,-0.0274928051124675
0.459027777777778,-0.0380955627903574
0.460416666666667,-0.050861098507065
0.461805555555556,-0.0588538429882105
0.463194444444444,-0.0560534336539658
0.464583333333333,-0.0643674387022954
0.465972222222222,-0.0499677376955902
0.467361111111111,-0.0290838752581206
0.46875,-0.0298382387627525
0.470138888888889,-0.0635378475604204
0.471527777777778,-0.0845148479762339
0.472916666666667,-0.046392688686179
0.474305555555556,-0.0616240170221037
0.475694444444444,-0.0838889583885606
0.477083333333333,-0.0649678260499495
0.478472222222222,-0.0700215749044938
0.479861111111111,-0.104266045494841
0.48125,-0.114096291992354
0.482638888888889,-0.0712004677498199
0.484027777777778,-0.0389073190003654
0.485416666666667,-0.0548066397525596
0.486805555555556,-0.0961284346952713
0.488194444444444,-0.0784391648509628
0.489583333333333,-0.0616883809443149
0.490972222222222,-0.0507835828211848
0.492361111111111,-0.0489787392959581
0.49375,-0.0537146526933396
0.495138888888889,-0.0633357474422083
0.496527777777778,-0.0851381764584127
0.497916666666667,-0.07049293202252
0.499305555555556,-0.0642997765916522
0.500694444444444,-0.0724185552267468
0.502083333333333,-0.0788230082095991
0.503472222222222,-0.0826432565648114
0.504861111111111,-0.0591444118094346
0.50625,-0.041909072257307
0.507638888888889,-0.0329231917862612
0.509027777777778,-0.0445151278169408
0.510416666666667,-0.058852531708131
0.511805555555556,-0.0553039337520667
0.513194444444444,-0.058500927336126
0.514583333333333,-0.0527127454316991
0.515972222222222,-0.077368181095396
0.517361111111111,-0.0530783672242017
0.51875,-0.0513048056166278
0.520138888888889,-0.0391782421030699
0.521527777777778,-0.0491637379570882
0.522916666666667,-0.0275821826077747
0.524305555555556,-0.0420623975827255
0.525694444444444,-0.0143436966902589
0.527083333333333,-0.0432552327400304
0.528472222222222,-0.0488688845491972
0.529861111111111,-0.0163708010133433
0.53125,0.0311097877852747
0.532638888888889,0.0240791816417253
0.534027777777778,0.0217896259796583
0.535416666666667,0.0155950011183069
0.536805555555556,0.011669971330541
0.538194444444444,0.0260160897345138
0.539583333333333,0.00683869630157309
0.540972222222222,0.00233883259407977
0.542361111111111,0.00712861565276159
0.54375,0.0181663342815665
0.545138888888889,0.0215964759974696
0.546527777777778,0.021268661362614
0.547916666666667,0.00920447259710611
0.549305555555556,-0.00968818086707103
0.550694444444444,0.0203274085758153
0.552083333333333,0.025055755572178
0.553472222222222,0.00268474150929136
0.554861111111111,0.0265543146683353
0.55625,0.0256992548001857
0.557638888888889,0.0266252561072879
0.559027777777778,0.0301614541081858
0.560416666666667,0.0217925468035874
0.561805555555556,0.0124121759520658
0.563194444444444,-0.0299496038031697
0.564583333333333,-0.0439411898964676
0.565972222222222,-0.0104884007945143
0.567361111111111,0.00411269085024422
0.56875,0.0206772277924777
0.570138888888889,-0.00051045838081125
0.571527777777778,0.00571838014044665
0.572916666666667,0.000465504357713199
0.574305555555556,-0.00438244214599209
0.575694444444444,-0.00763200142288236
0.577083333333333,-0.00508252313683334
0.578472222222222,0.0176452347714503
0.579861111111111,0.0321406771958084
0.58125,0.0204853107702479
0.582638888888889,0.00420145809519568
0.584027777777778,0.0314582118366772
0.585416666666667,0.0340123714616927
0.586805555555556,0.0192692761378383
0.588194444444444,0.0257560778191927
0.589583333333333,0.0215985009239701
0.590972222222222,0.00732775115032627
0.592361111111111,0.0389466523761881
0.59375,0.0301210338983058
0.595138888888889,0.0169849555991936
0.596527777777778,0.0246812933245165
0.597916666666667,0.0272695203014865
0.599305555555556,0.0149766582049256
0.600694444444444,0.00078945409260707
0.602083333333333,-0.00379128488378881
0.603472222222222,0.0199130025689457
0.604861111111111,0.0287830519832576
0.60625,-0.0136668364572853
0.607638888888889,0.000166964394624003
0.609027777777778,0.00441750919895877
0.610416666666667,0.0134282865826701
0.611805555555556,-0.000756882725226364
0.613194444444444,0.000180782609061112
0.614583333333333,0.00722855823228585
0.615972222222222,-0.00192487830847541
0.617361111111111,0.0336451529861036
0.61875,0.0199535923725224
0.620138888888889,-0.00375000655401171
0.621527777777778,-0.00202407046552306
0.622916666666667,-0.0153845013266411
0.624305555555556,0.00280735762857888
0.625694444444444,0.00907336143659535
0.627083333333333,0.0290945747763632
0.628472222222222,0.0469156221035376
0.629861111111111,0.0371075447957695
0.63125,0.0276185766324643
0.632638888888889,0.0140982646585388
0.634027777777778,0.0237332427859065
0.635416666666667,0.00772980664007248
0.636805555555556,0.0124813045615701
0.638194444444444,0.0173023029404253
0.639583333333333,0.012550819637057
0.640972222222222,0.0388796112932992
0.642361111111111,-0.00892947058165096
0.64375,0.000664790263928467
0.645138888888889,0.0294350251695905
0.646527777777778,0.0202440358226474
0.647916666666667,0.0246722861654368
0.649305555555556,0.00809784843873152
0.650694444444444,0.00795281959741522
0.652083333333333,-0.00149029559974127
0.653472222222222,-0.016689684816021
0.654861111111111,-0.0488179166909574
0.65625,-0.0177155792852723
0.657638888888889,-0.033666112955946
0.659027777777778,-0.0469527967550776
0.660416666666667,-0.0419648319731585
0.661805555555556,-0.043416732885351
0.663194444444444,-0.0317852429530205
0.664583333333333,-0.00864742164325807
0.665972222222222,-0.00387894583837376
0.667361111111111,0.00120957842499844
0.66875,-0.00821708028945789
0.670138888888889,-0.00385345493289365
0.671527777777778,0.0201240780809752
0.672916666666667,0.0116865439382913
0.674305555555556,0.00740257665794956
0.675694444444444,0.00773150691341235
0.677083333333333,0.00746682063221467
0.678472222222222,0.0175924778109055
0.679861111111111,0.03375773080727
0.68125,0.0247732183010151
0.682638888888889,0.0129500639963864
0.684027777777778,0.0373812050066652
0.685416666666667,0.0282150542618828
0.686805555555556,0.0209364199618767
0.688194444444444,0.0547674155673313
0.689583333333333,0.053653849898402
0.690972222222222,0.0696415290115437
0.692361111111111,0.0598704173948603
0.69375,0.0467070754945966
0.695138888888889,0.0161435426318246
0.696527777777778,0.00330857250938181
0.697916666666667,0.0193832946856065
0.699305555555556,0.0270283523096637
0.700694444444444,0.0386831403713492
0.702083333333333,0.0440885306977603
0.703472222222222,0.0441635681222554
0.704861111111111,0.0346884220835952
0.70625,0.0310854244314731
0.707638888888889,0.0444947210886868
0.709027777777778,0.06731209970191
0.710416666666667,0.0446170564131528
0.711805555555556,0.0252109446411905
0.713194444444444,0.0279853017598506
0.714583333333333,0.0468272031829985
0.715972222222222,0.0330810851915405
0.717361111111111,0.0322539052917326
0.71875,0.0317688620031955
0.720138888888889,0.037546829719718
0.721527777777778,0.045522669753507
0.722916666666667,0.0861666465484038
0.724305555555556,0.0753156115019303
0.725694444444444,0.0710567245934507
0.727083333333333,0.0786214899718469
0.728472222222222,0.090690736499023
0.729861111111111,0.0783576532309218
0.73125,0.0728446848739929
0.732638888888889,0.091203337196881
0.734027777777778,0.0896127075175552
0.735416666666667,0.0732342841287818
0.736805555555556,0.0911080526717406
0.738194444444444,0.110625021173573
0.739583333333333,0.0824399025891908
0.740972222222222,0.0719762310573886
0.742361111111111,0.0742810282124117
0.74375,0.0655190562250504
0.745138888888889,0.0778086479291161
0.746527777777778,0.073575652706197
0.747916666666667,0.0609303395955578
0.749305555555556,0.0896958917584427
0.750694444444444,0.127381539289848
0.752083333333333,0.10515700686118
0.753472222222222,0.12554012276343
0.754861111111111,0.10496205033043
0.75625,0.10387251974386
0.757638888888889,0.0819071522195436
0.759027777777778,0.0612814586034932
0.760416666666667,0.0864359408860766
0.761805555555556,0.0761891240701365
0.763194444444444,0.0793077225608669
0.764583333333333,0.0680843543060698
0.765972222222222,0.0715574844208939
0.767361111111111,0.0626357143980682
0.76875,0.0744770678145791
0.770138888888889,0.0870340824907241
0.771527777777778,0.072600897265869
0.772916666666667,0.0711481787691469
0.774305555555556,0.0954495095415471
0.775694444444444,0.0929077429575741
0.777083333333333,0.08040805767862
0.778472222222222,0.0734911015135757
0.779861111111111,0.0833458995753776
0.78125,0.0993051349277877
0.782638888888889,0.103933213987527
0.784027777777778,0.0830881010278475
0.785416666666667,0.0796780007972061
0.786805555555556,0.0838940335438263
0.788194444444444,0.105301456119575
0.789583333333333,0.119422639844749
0.790972222222222,0.101295971704665
0.792361111111111,0.0829022383493308
0.79375,0.0774552035387093
0.795138888888889,0.0903488923907627
0.796527777777778,0.0755416703799974
0.797916666666667,0.0891685793751263
0.799305555555556,0.072038111832626
0.800694444444444,0.0457639642939459
0.802083333333333,0.0607128071200663
0.803472222222222,0.0388019224886376
0.804861111111111,0.0478165989517485
0.80625,0.0564979340409099
0.807638888888889,0.0736191778319379
0.809027777777778,0.0742729598936027
0.810416666666667,0.0459106969350065
0.811805555555556,0.0512569931086223
0.813194444444444,0.042730982934831
0.814583333333333,0.0566616184661672
0.815972222222222,0.0643113741048024
0.817361111111111,0.0659892674366156
0.81875,0.0717186819558356
0.820138888888889,0.110430745636339
0.821527777777778,0.0602918697767935
0.822916666666667,0.0321940360042688
0.824305555555556,0.00126330043757595
0.825694444444444,0.0740760837565198
0.827083333333333,0.0703518694511375
0.828472222222222,0.0103586229424247
0.829861111111111,-0.00011421540771114
0.83125,-0.000461941113448556
0.832638888888889,0.0201116941634815
0.834027777777778,0.00365544739059133
0.835416666666667,-0.0351770200067493
0.836805555555556,0.000840865274307044
0.838194444444444,0.00894714546737348
0.839583333333333,0.00950653365804438
0.840972222222222,0.0352740970599381
0.842361111111111,0.0185374148485077
0.84375,0.0180048030846615
0.845138888888889,0.00988447303005852
0.846527777777778,0.00746234425574824
0.847916666666667,0.046545704726324
0.849305555555556,0.0280801949066449
0.850694444444444,0.0126609276600696
0.852083333333333,0.0208679483195456
0.853472222222222,0.00414603027417914
0.854861111111111,0.00700587418614326
0.85625,-0.000212487391066386
0.857638888888889,0.0298005222680569
0.859027777777778,0.0274025604380303
0.860416666666667,0.0164261337039151
0.861805555555556,0.0395872746926977
0.863194444444444,0.0291257154923046
0.864583333333333,0.0262534816555581
0.865972222222222,0.0100248945220134
0.867361111111111,0.017418839113082
0.86875,0.0421704000420643
0.870138888888889,0.0681114951739418
0.871527777777778,0.0702342022106567
0.872916666666667,0.0714201069877609
0.874305555555556,0.0700151056258131
0.875694444444444,0.0490811888783596
0.877083333333333,0.0452378471010754
0.878472222222222,0.0442853612527876
0.879861111111111,0.0253526840894348
0.88125,0.0288354075538262
0.882638888888889,0.0571915786217814
0.884027777777778,0.0256570135437628
0.885416666666667,0.0622868057780332
0.886805555555556,0.0888721586213821
0.888194444444444,0.0670821401688683
0.889583333333333,0.0172086520653887
0.890972222222222,0.0301055691565175
0.892361111111111,0.0407136733116388
0.89375,0.0482554535530388
0.895138888888889,0.032318528874648
0.896527777777778,0.0730787720913826
0.897916666666667,0.0829887011947659
0.899305555555556,0.0845501312167495
0.900694444444444,0.0856736112468096
0.902083333333333,0.0902607736942823
0.903472222222222,0.0658373979861058
0.904861111111111,0.079492219270274
0.90625,0.077335372684925
0.907638888888889,0.0852412744055525
0.909027777777778,0.0795079045267372
0.910416666666667,0.0622078641127469
0.911805555555556,0.0866094729205158
0.913194444444444,0.0931089028553974
0.914583333333333,0.0970766283601174
0.915972222222222,0.0897079162692518
0.917361111111111,0.0929875231745072
0.91875,0.109276206803085
0.920138888888889,0.114028325042962
0.921527777777778,0.0938204518644492
0.922916666666667,0.106493412909782
0.924305555555556,0.104379942834458
0.925694444444444,0.096773797057541
0.927083333333333,0.105371146703225
0.928472222222222,0.0940754246866804
0.929861111111111,0.0859715788765688
0.93125,0.112146182733947
0.932638888888889,0.136336902634884
0.934027777777778,0.121569897109992
0.935416666666667,0.0900354607473833
0.936805555555556,0.0769360848166749
0.938194444444444,0.0727389873110853
0.939583333333333,0.0760003407170585
0.940972222222222,0.0954490835131073
0.942361111111111,0.0955968728270192
0.94375,0.0680894745221282
0.945138888888889,0.0307185350717103
0.946527777777778,0.0337734744330237
0.947916666666667,0.0545494513534807
0.949305555555556,0.0683974722784188
0.950694444444444,0.0683617895522743
0.952083333333333,0.113626836107967
0.953472222222222,0.0593922848954227
0.954861111111111,0.0436440980944662
0.95625,0.0454425235586776
0.957638888888889,0.0356070403444938
0.959027777777778,0.0243210111895095
0.960416666666667,-0.0012752651264818
0.961805555555556,0.005454765885139
0.963194444444444,0.0207984951326856
0.964583333333333,0.00885951429512821
0.965972222222222,-0.0213066405841542
0.967361111111111,-0.0464932583595961
0.96875,-0.0289031999675094
0.970138888888889,-0.0432252042693195
0.971527777777778,-0.0261037251234828
0.972916666666667,0.017750391955937
0.974305555555556,0.0366461643567733
0.975694444444444,-0.0066111215286784
0.977083333333333,-0.000686353570523583
0.978472222222222,-0.00884303126387283
0.979861111111111,-0.0156219574892823
0.98125,0.0414825113986591
0.982638888888889,0.0262979655721715
0.984027777777778,0.0107354714715723
0.985416666666667,0.00311362629869716
0.986805555555556,0.00426414657119626
0.988194444444444,0.0287108926464315
0.989583333333333,0.0218196921230999
0.990972222222222,0.0464806840367259
0.992361111111111,0.0895573926414953
0.99375,0.0966894912186249
0.995138888888889,0.134280863731636
0.996527777777778,0.0986793720384893
0.997916666666667,0.087685459544891
0.999305555555556,0.0494346465272564
1.00069444444444,0.0869346053096407
1.00208333333333,0.0916491967817197
1.00347222222222,0.0950369563821607
1.00486111111111,0.113554104418647
1.00625,0.12913501451409
1.00763888888889,0.119572207387667
1.00902777777778,0.112079229030861
1.01041666666667,0.117313033045449
1.01180555555556,0.133498497964917
1.01319444444444,0.120704103235782
1.01458333333333,0.127217559218275
1.01597222222222,0.139372072522528
1.01736111111111,0.134842139443432
1.01875,0.124596580373883
1.02013888888889,0.121307727165586
1.02152777777778,0.120941356644665
1.02291666666667,0.117722121009751
1.02430555555556,0.130206675447012
1.02569444444444,0.131095641483798
1.02708333333333,0.127786276891153
1.02847222222222,0.109875130193742
1.02986111111111,0.109607145060468
1.03125,0.0690062689821159
1.03263888888889,0.0633681876818944
1.03402777777778,0.10676060529851
1.03541666666667,0.128073300605896
1.03680555555556,0.10548199600714
1.03819444444444,0.0801992469181278
1.03958333333333,0.0675920439575832
1.04097222222222,0.073057227466667
1.04236111111111,0.0571789101896319
1.04375,0.00428454035282581
1.04513888888889,0.0186422751952262
1.04652777777778,0.0230694155870974
1.04791666666667,0.0831369386692703
1.04930555555556,0.0847051600000243
1.05069444444444,0.0545637810869632
1.05208333333333,0.032895740518999
1.05347222222222,0.0307064643723187
1.05486111111111,0.0488952058151958
1.05625,0.0557873893024093
1.05763888888889,0.0301837436267456
1.05902777777778,0.00791609483380429
1.06041666666667,0.0492119773750962
1.06180555555556,0.0843003439609871
1.06319444444444,0.078866915560083
1.06458333333333,0.0336790985806338
1.06597222222222,0.0520557840789503
1.06736111111111,0.0534785573945937
1.06875,0.0617164902785263
1.07013888888889,0.0267041405712808
1.07152777777778,0.0189082799368591
1.07291666666667,0.0155571959729651
1.07430555555556,0.0210329764712589
1.07569444444444,0.0199621078048775
1.07708333333333,0.0338466873995131
1.07847222222222,0.0277131658159422
1.07986111111111,0.00444202283396224
1.08125,0.0127204714690122
1.08263888888889,0.000295289061384907
1.08402777777778,0.0219859548834391
1.08541666666667,0.0324228833628412
1.08680555555556,0.0528044312531079
1.08819444444444,0.0275521285028971
1.08958333333333,0.0397471425144902
1.09097222222222,0.0772073478439033
1.09236111111111,0.0583932460241505
1.09375,0.0497013634707632
1.09513888888889,0.0402848438168117
1.09652777777778,0.0251108734747305
1.09791666666667,0.00816383481021733
1.09930555555556,0.0287709985662384
1.10069444444444,0.0116763167596544
1.10208333333333,0.0353942369535719
1.10347222222222,0.0330473613371798
1.10486111111111,0.0253543220967193
1.10625,0.0263989163370524
1.10763888888889,0.0288661368855103
1.10902777777778,0.0197538463305581
1.11041666666667,0.00905628278061174
1.11180555555556,-0.00472470670677972
1.11319444444444,0.00618254547019007
1.11458333333333,0.013319239542653
1.11597222222222,0.021505622725617
1.11736111111111,0.0480805220701481
1.11875,0.0594769396526729
1.12013888888889,-0.00109416453651913
1.12152777777778,0.0269865304018782
1.12291666666667,0.0079882624633717
1.12430555555556,0.0121820783024669
1.12569444444444,0.035515870644277
1.12708333333333,0.0390142374420422
1.12847222222222,0.0401283093868942
1.12986111111111,0.0309160017956075
1.13125,0.041057186661072
1.13263888888889,0.0363264994107188
1.13402777777778,0.0238679728175598
1.13541666666667,0.0224907007602596
1.13680555555556,0.0438458334528603
1.13819444444444,0.0657915688876953
1.13958333333333,0.0564961619953231
1.14097222222222,0.0730352657780442
1.14236111111111,0.0696436449390949
1.14375,0.0506721248094681
1.14513888888889,0.0529394537630314
1.14652777777778,0.0409601822308183
1.14791666666667,0.047192757215193
1.14930555555556,0.03964922527415
1.15069444444444,0.000292876689865744
1.15208333333333,0.014369463589839
1.15347222222222,0.0113207620940591
1.15486111111111,0.0503257593009667
1.15625,0.0411611205919132
1.15763888888889,0.0531281931416413
1.15902777777778,0.0331932664047176
1.16041666666667,0.0163024508311389
1.16180555555556,0.0323802309016166
1.16319444444444,0.0638944088505801
1.16458333333333,0.0136859896696223
1.16597222222222,0.0115670535886248
1.16736111111111,0.0207436734651288
1.16875,0.0370975394197162
1.17013888888889,0.0484432176200376
1.17152777777778,0.0326067256097218
1.17291666666667,0.0799472944448442
1.17430555555556,0.0833745776806587
1.17569444444444,0.0902223428805602
1.17708333333333,0.0673597829966593
1.17847222222222,0.056333714986872
1.17986111111111,0.0972715356902997
1.18125,0.0871673757953174
1.18263888888889,0.0846802894994843
1.18402777777778,0.0644279399323541
1.18541666666667,0.0653400828859855
1.18680555555556,0.0477520103120535
1.18819444444444,0.0623676538192954
1.18958333333333,0.0644405171790882
1.19097222222222,0.0536371576343842
1.19236111111111,0.0737967515821191
1.19375,0.0645186119623522
1.19513888888889,0.0447666168479415
1.19652777777778,0.0662381303309603
1.19791666666667,0.0616046588734549
1.19930555555556,0.0834507404407133
1.20069444444444,0.064654701875436
1.20208333333333,0.0672520329410329
1.20347222222222,0.05341065492149
1.20486111111111,0.0583065053676272
1.20625,0.101727900268754
1.20763888888889,0.094355540609256
1.20902777777778,0.0847144194455058
1.21041666666667,0.0754507434114138
1.21180555555556,0.0784963082671638
1.21319444444444,0.0946313216217237
1.21458333333333,0.0625430498402903
1.21597222222222,0.0635564010523251
1.21736111111111,0.0905783905120923
1.21875,0.109893462293952
1.22013888888889,0.0744579430226463
1.22152777777778,0.082097191533987
1.22291666666667,0.0889561532512193
1.22430555555556,0.0560606248040732
1.22569444444444,0.0583410445907234
1.22708333333333,0.0724160199025654
1.22847222222222,0.0704837866479617
1.22986111111111,0.0753738734071149
1.23125,0.0635655633985337
1.23263888888889,0.0216965209882782
1.23402777777778,0.00966820298342436
1.23541666666667,0.0216804174889138
1.23680555555556,0.0713437096894464
1.23819444444444,0.0545567262122297
1.23958333333333,0.0746405272874947
1.24097222222222,0.0626401004900224
1.24236111111111,0.0374001657746598
1.24375,0.0609989521134951
1.24513888888889,0.0605952094241004
1.24652777777778,0.0651947686590734
1.24791666666667,0.057865677339254
1.24930555555556,0.0721380096842831
1.25069444444444,0.106652855814996
1.25208333333333,0.114111899099919
1.25347222222222,0.0769124239141699
1.25486111111111,0.0768292750517583
1.25625,0.0911513382576648
1.25763888888889,0.0996896094160252
1.25902777777778,0.0932569186870004
1.26041666666667,0.0832292398208648
1.26180555555556,0.0372873986933364
1.26319444444444,0.0706191888020737
1.26458333333333,0.109782709120828
1.26597222222222,0.117822100759762
1.26736111111111,0.123783017424881
1.26875,0.122019823212972
1.27013888888889,0.133690507304492
1.27152777777778,0.118442177386054
1.27291666666667,0.104363846959454
1.27430555555556,0.0833027670587939
1.27569444444444,0.0988100520112965
1.27708333333333,0.104847960289101
1.27847222222222,0.0529273106336036
1.27986111111111,0.0653792129566411
1.28125,0.0855892504678098
1.28263888888889,0.0838117510855824
1.28402777777778,0.108139449521419
1.28541666666667,0.10866386911381
1.28680555555556,0.130489252874323
1.28819444444444,0.0994480539405491
1.28958333333333,0.109463483885656
1.29097222222222,0.0767619318374155
1.29236111111111,0.0660374530689978
1.29375,0.0758390622337311
1.29513888888889,0.112733038560193
1.29652777777778,0.119547278261256
1.29791666666667,0.118317862466064
1.29930555555556,0.0914245915817535
1.30069444444444,0.108410553341006
1.30208333333333,0.120041363063438
1.30347222222222,0.0949760051100063
1.30486111111111,0.107127937916535
1.30625,0.0681675579791791
1.30763888888889,0.0676581348115833
1.30902777777778,0.0852787649163918
1.31041666666667,0.0851998072119513
1.31180555555556,0.0790664470236413
1.31319444444444,0.0736904830136204
1.31458333333333,0.102892813531311
1.31597222222222,0.101051280032274
1.31736111111111,0.123814600844831
1.31875,0.11160687409058
1.32013888888889,0.0645401052927026
1.32152777777778,0.0714262790409279
1.32291666666667,0.0735247864229703
1.32430555555556,0.13300739828167
1.32569444444444,0.109036209361379
1.32708333333333,0.103637015503271
1.32847222222222,0.110458331078828
1.32986111111111,0.0958222943013581
1.33125,0.0858460205425736
1.33263888888889,0.101792592929041
1.33402777777778,0.101116488337746
1.33541666666667,0.129377937431044
1.33680555555556,0.112984115683983
1.33819444444444,0.111968079538795
1.33958333333333,0.128351062983537
1.34097222222222,0.103560081570335
1.34236111111111,0.0850604821196094
1.34375,0.0933192557880381
1.34513888888889,0.0674162281587798
1.34652777777778,0.0753253105921665
1.34791666666667,0.111867128596355
1.34930555555556,0.105644575823617
1.35069444444444,0.12006693014414
1.35208333333333,0.129964733900453
1.35347222222222,0.122947221059103
1.35486111111111,0.136152553284121
1.35625,0.151928225623367
1.35763888888889,0.139720164567809
1.35902777777778,0.153204530089526
1.36041666666667,0.161481093930034
1.36180555555556,0.0858647779534387
1.36319444444444,0.115350222253827
1.36458333333333,0.0725649590617736
1.36597222222222,0.104088971365428
1.36736111111111,0.108464846568827
1.36875,0.150297583119829
1.37013888888889,0.105139982622662
1.37152777777778,0.0858222762451029
1.37291666666667,0.0996914745492871
1.37430555555556,0.103332252870608
1.37569444444444,0.0587264026577564
1.37708333333333,0.0239965196223547
1.37847222222222,0.0177178749761885
1.37986111111111,0.0579913801417813
1.38125,0.0455590077132231
1.38263888888889,0.09432619511444
1.38402777777778,0.0798280378513169
1.38541666666667,0.0709482403438272
1.38680555555556,0.102431359731932
1.38819444444444,0.0981140708067655
1.38958333333333,0.103447680706756
1.39097222222222,0.0635575483298452
1.39236111111111,0.0806450458050587
1.39375,0.0427477946764399
1.39513888888889,-0.0267447863077889
1.39652777777778,0.0113542902652853
1.39791666666667,0.037297366467882
1.39930555555556,0.0338267226310709
1.40069444444444,0.0410944721407036
1.40208333333333,0.00285535411719431
1.40347222222222,-0.026143070728343
1.40486111111111,0.0389852465916829
1.40625,0.00804026773575853
1.40763888888889,0.0288520121542803
1.40902777777778,0.0370802330088693
1.41041666666667,0.0352592509874118
1.41180555555556,0.0451478351654187
1.41319444444444,0.0398287168906213
1.41458333333333,0.0253411586511783
1.41597222222222,0.0226181102206449
1.41736111111111,0.055258695460891
1.41875,0.029891243095065
1.42013888888889,-0.00581173975121201
1.42152777777778,3.43299914341194e-05
1.42291666666667,0.0707152762935638
1.42430555555556,0.0588560935750294
1.42569444444444,0.0628496049920883
1.42708333333333,0.060953290725959
1.42847222222222,0.062591119419967
1.42986111111111,0.0675319601366816
1.43125,0.0366454416350855
1.43263888888889,0.0669132470996262
1.43402777777778,0.0958361915849654
1.43541666666667,0.0806459033058473
1.43680555555556,0.0772493817995083
1.43819444444444,0.120580003092494
1.43958333333333,0.099030944744797
1.44097222222222,0.10838674490906
1.44236111111111,0.180227620707548
1.44375,0.098419752197736
1.44513888888889,0.0873136696908942
1.44652777777778,0.0885713292882242
1.44791666666667,0.0627643955761746
1.44930555555556,0.0804049640429975
1.45069444444444,0.108304658886563
1.45208333333333,0.153134721546805
1.45347222222222,0.100775989790194
1.45486111111111,0.115995850568085
1.45625,0.121890777196903
1.45763888888889,0.126899667269493
1.45902777777778,0.0730350908166157
1.46041666666667,0.0737277143667761
1.46180555555556,0.0591769509928175
1.46319444444444,0.0809480124503334
1.46458333333333,0.0822936934593753
1.46597222222222,0.0676119326636524
1.46736111111111,0.0830975221543153
1.46875,0.0781912992651469
1.47013888888889,0.0518241148571261
1.47152777777778,0.0908835070590721
1.47291666666667,0.0954666632726791
1.47430555555556,0.100306132680891
1.47569444444444,0.0655334171274579
1.47708333333333,0.0531029629560258
1.47847222222222,0.104730445280008
1.47986111111111,0.103498887213933
1.48125,0.135939826424741
1.48263888888889,0.124665773635095
1.48402777777778,0.12377240079302
1.48541666666667,0.111310116920781
1.48680555555556,0.110431603143401
1.48819444444444,0.113751380601682
1.48958333333333,0.0854839841237734
1.49097222222222,0.0886379702123035
1.49236111111111,0.0696504900797134
1.49375,0.0434412027360316
1.49513888888889,0.0774080541438085
1.49652777777778,0.0818007720761871
1.49791666666667,0.089254435031624
1.49930555555556,0.101876702004394
1.50069444444444,0.12860085083399
1.50208333333333,0.1113492096787
1.50347222222222,0.132651186955972
1.50486111111111,0.121295586761484
1.50625,0.116358270864326
1.50763888888889,0.0949077966391057
1.50902777777778,0.180460197978431
1.51041666666667,0.101739453201674
1.51180555555556,0.0983247403475195
1.51319444444444,0.105701033023137
1.51458333333333,0.113757699194371
1.51597222222222,0.095458725872221
1.51736111111111,0.0550655358613871
1.51875,0.0620237518996284
1.52013888888889,0.0672823201497827
1.52152777777778,0.0276054671255152
1.52291666666667,0.0162744167444979
1.52430555555556,0.0200189801127608
1.52569444444444,0.0504265875923826
1.52708333333333,0.0164202981851822
1.52847222222222,0.0497612396936097
1.52986111111111,0.0283252417640151
1.53125,0.0130163045899115
1.53263888888889,0.0272827009253146
1.53402777777778,0.077893384181273
1.53541666666667,0.062349731836159
1.53680555555556,0.0541822012108764
1.53819444444444,0.0671864625741271
1.53958333333333,0.0522904497278462
1.54097222222222,0.0769583295347978
1.54236111111111,0.0937632783436294
1.54375,0.0584402100675556
1.54513888888889,0.0478169215237134
1.54652777777778,0.0793273703371976
1.54791666666667,0.0878587150232941
1.54930555555556,0.12705928472018
1.55069444444444,0.155323246765527
1.55208333333333,0.168804746423215
1.55347222222222,0.191552629086797
1.55486111111111,0.150969877476954
1.55625,0.187034025787682
1.55763888888889,0.112945374288446
1.55902777777778,0.162078543162047
1.56041666666667,0.135250394762629
1.56180555555556,0.122585669482815
1.56319444444444,0.0435545521321176
1.56458333333333,0.0883661347654922
1.56597222222222,0.0149195853780634
1.56736111111111,-0.00299527835619588
1.56875,0.0172148553192337
1.57013888888889,-0.00148071253158143
1.57152777777778,-0.0033880332172988
1.57291666666667,0.0232394357136908
1.57430555555556,0.0840790267136766
1.57569444444444,0.0339956759631511
1.57708333333333,0.0139382458979312
1.57847222222222,0.0684150704025477
1.57986111111111,0.0901536795860383
1.58125,0.105825584242182
1.58263888888889,0.0734462122081044
1.58402777777778,0.0448866085985934
1.58541666666667,0.0996831102733084
1.58680555555556,0.109718366811081
1.58819444444444,0.096628959945129
1.58958333333333,0.0639115400212467
1.59097222222222,0.0485804664955741
1.59236111111111,0.044674051716512
1.59375,0.0994439208284597
1.59513888888889,0.129653709498387
1.59652777777778,0.12404080532955
1.59791666666667,0.0995602205547735
1.59930555555556,0.155039712385341
1.60069444444444,0.0958643860744395
1.60208333333333,0.0967971814724586
1.60347222222222,0.0549117406331798
1.60486111111111,0.0482931158163682
1.60625,0.0951568272973367
1.60763888888889,0.0930749188900962
1.60902777777778,0.0933974893054003
1.61041666666667,0.105605066393886
1.61180555555556,0.156938897244414
1.61319444444444,0.106543000388425
1.61458333333333,0.0685334372566469
1.61597222222222,0.0883102516454233
1.61736111111111,0.0981478349391438
1.61875,0.0974364139273976
1.62013888888889,0.0949285390534036
1.62152777777778,0.092496404311745
1.62291666666667,0.101385425957327
1.62430555555556,0.0683262028370221
1.62569444444444,0.0768466857098026
1.62708333333333,0.107447645824385
1.62847222222222,0.0673214156447487
1.62986111111111,0.0363372731482468
1.63125,0.0484191719663832
1.63263888888889,0.072431848047084
1.63402777777778,0.11755965948703
1.63541666666667,0.128624348233478
1.63680555555556,0.128843054272044
1.63819444444444,0.096802784549766
1.63958333333333,0.0802384178255272
1.64097222222222,0.124353196146441
1.64236111111111,0.11817983724848
1.64375,0.0831144383275926
1.64513888888889,0.118340232921092
1.64652777777778,0.110410740996257
1.64791666666667,0.125052466439856
1.64930555555556,0.0893154564190099
1.65069444444444,0.14480728007455
1.65208333333333,0.120880538550682
1.65347222222222,0.14747664246711
1.65486111111111,0.154840839720126
1.65625,0.140827288256813
1.65763888888889,0.205612023830748
1.65902777777778,0.184837654249675
1.66041666666667,0.125546863080526
1.66180555555556,0.129205183104578
1.66319444444444,0.0860447544553289
1.66458333333333,0.120876011807734
1.66597222222222,0.103733195948131
1.66736111111111,0.105245506866992
1.66875,0.0477572959772186
1.67013888888889,0.0370991410003564
1.67152777777778,0.0451432305608054
1.67291666666667,0.0177423818409093
1.67430555555556,0.0205812038243026
1.67569444444444,0.00924218594712596
1.67708333333333,0.0250241218439639
1.67847222222222,-0.0100547549353933
1.67986111111111,0.0302928952199282
1.68125,0.0653380207982706
1.68263888888889,0.0849620555147996
1.68402777777778,0.0161719957340564
1.68541666666667,0.0412761261043362
1.68680555555556,0.0267993736447011
1.68819444444444,0.0194873354658879
1.68958333333333,0.0353650452848965
1.69097222222222,0.0675074933998024
1.69236111111111,0.0600936638951989
1.69375,0.0477075533380193
1.69513888888889,0.057421549996606
1.69652777777778,0.0419749358236641
1.69791666666667,0.0791880860001796
1.69930555555556,0.0697410312018691
1.70069444444444,0.120334967097002
1.70208333333333,0.108332225410288
1.70347222222222,0.0776003269617561
1.70486111111111,0.0818888020540359
1.70625,0.101962087946999
1.70763888888889,0.0616863269296938
1.70902777777778,0.0929109564210967
1.71041666666667,0.0352078877968545
1.71180555555556,-0.0168761089348746
1.71319444444444,0.0337568021870788
1.71458333333333,0.049782696238056
1.71597222222222,0.00196825581283889
1.71736111111111,-0.0237622141022074
1.71875,-0.000623422306156188
1.72013888888889,3.40384480472075e-05
1.72152777777778,0.0370063759064348
1.72291666666667,0.0710947411335865
1.72430555555556,0.0770590763754456
1.72569444444444,0.0695791999852829
1.72708333333333,0.0787128393521858
1.72847222222222,0.0720660103126411
1.72986111111111,0.0722124400485521
1.73125,0.086146575272296
1.73263888888889,0.0887316860137716
1.73402777777778,0.0985104700452238
1.73541666666667,0.0971314828913512
1.73680555555556,0.0635767341573271
1.73819444444444,0.0885477872549753
1.73958333333333,0.0575338062375265
1.74097222222222,0.0401078590603307
1.74236111111111,-0.0255930574821486
1.74375,0.0433149236721705
1.74513888888889,0.104255045522143
1.74652777777778,0.0539862974835194
1.74791666666667,0.0735014956784461
1.74930555555556,0.140403915041184
1.75069444444444,0.163408338493615
1.75208333333333,0.133788524801881
1.75347222222222,0.125819755289493
1.75486111111111,0.124306714763187
1.75625,0.0969342855496846
1.75763888888889,0.106958731569878
1.75902777777778,0.0801655859141384
1.76041666666667,0.114064363201895
1.76180555555556,0.103289563497225
1.76319444444444,0.0570724823934047
1.76458333333333,0.039621798122088
1.76597222222222,0.0729723864575365
1.76736111111111,0.0838619949659613
1.76875,0.0545646649443747
1.77013888888889,0.0543332724660834
1.77152777777778,0.0738266664166562
1.77291666666667,0.0614710111469408
1.77430555555556,0.101240925755366
1.77569444444444,0.0744820450128046
1.77708333333333,0.0680073595234533
1.77847222222222,0.120114974960519
1.77986111111111,0.139693419038505
1.78125,0.151359590414393
1.78263888888889,0.151559841901343
1.78402777777778,0.146177717828235
1.78541666666667,0.13233400079164
1.78680555555556,0.181239593662352
1.78819444444444,0.178230722850976
1.78958333333333,0.135804779499368
1.79097222222222,0.165196533676602
1.79236111111111,0.19496181181029
1.79375,0.189374816179259
1.79513888888889,0.142596809939283
1.79652777777778,0.178750372880562
1.79791666666667,0.192843319269458
1.79930555555556,0.217001113540113
1.80069444444444,0.181076954610678
1.80208333333333,0.153012644120059
1.80347222222222,0.163540433958365
1.80486111111111,0.134591988146749
1.80625,0.162711542098917
1.80763888888889,0.164293360674326
1.80902777777778,0.166599417401325
1.81041666666667,0.154442319692967
1.81180555555556,0.176325173722608
1.81319444444444,0.171401783948368
1.81458333333333,0.187827156324819
1.81597222222222,0.226297549243585
1.81736111111111,0.21883265999838
1.81875,0.235396393919593
1.82013888888889,0.270986054219315
1.82152777777778,0.242490734473268
1.82291666666667,0.221312060825365
1.82430555555556,0.255547133915309
1.82569444444444,0.30024777532925
1.82708333333333,0.265049034714809
1.82847222222222,0.275396852761657
1.82986111111111,0.257049632931955
1.83125,0.2538095550807
1.83263888888889,0.232040187324593
1.83402777777778,0.267834746104986
1.83541666666667,0.241805431197332
1.83680555555556,0.23650945802528
1.83819444444444,0.253275468924195
1.83958333333333,0.267267464037939
1.84097222222222,0.246636026666729
1.84236111111111,0.192169621869965
1.84375,0.219082260227507
1.84513888888889,0.257697411163397
1.84652777777778,0.277467540034652
1.84791666666667,0.308106208682514
1.84930555555556,0.283733567251121
1.85069444444444,0.231748146854933
1.85208333333333,0.262009921960973
1.85347222222222,0.28533993444788
1.85486111111111,0.186862486238524
1.85625,0.248742577081026
1.85763888888889,0.240332193453234
1.85902777777778,0.230375556685174
1.86041666666667,0.237900691236328
1.86180555555556,0.255395304996775
1.86319444444444,0.240701369157701
1.86458333333333,0.25152494356309
1.86597222222222,0.218226407396496
1.86736111111111,0.222958503285588
1.86875,0.217724334886611
1.87013888888889,0.199003472365478
1.87152777777778,0.207053102384654
1.87291666666667,0.262805065882171
1.87430555555556,0.266650073145748
1.87569444444444,0.242982242368696
1.87708333333333,0.252992511868318
1.87847222222222,0.228722178871187
1.87986111111111,0.243415566963431
1.88125,0.228617736184833
1.88263888888889,0.22809398521748
1.88402777777778,0.257774563411065
1.88541666666667,0.256456221744758
1.88680555555556,0.255154819535833
1.88819444444444,0.263453072441241
1.88958333333333,0.294295809837412
1.89097222222222,0.249689581728937
1.89236111111111,0.249191222248964
1.89375,0.233007267821854
1.89513888888889,0.245572086673422
1.89652777777778,0.273769053613417
1.89791666666667,0.222444204549348
1.89930555555556,0.258870659572272
1.90069444444444,0.302651342982123
1.90208333333333,0.293255743844881
1.90347222222222,0.237728334236259
1.90486111111111,0.268507176848667
1.90625,0.295081987430196
1.90763888888889,0.311786139071534
1.90902777777778,0.263740239424458
1.91041666666667,0.198757891959358
1.91180555555556,0.234960546491184
1.91319444444444,0.263371586461425
1.91458333333333,0.260463860676147
1.91597222222222,0.308686010671634
1.91736111111111,0.278670138097032
1.91875,0.252682897091581
1.92013888888889,0.272106157770503
1.92152777777778,0.215744780772404
1.92291666666667,0.234789736762759
1.92430555555556,0.21685177171649
1.92569444444444,0.233666485492506
1.92708333333333,0.213758229747021
1.92847222222222,0.209719683056577
1.92986111111111,0.212094112060314
1.93125,0.228873466196462
1.93263888888889,0.195415015147448
1.93402777777778,0.219588090326341
1.93541666666667,0.241768110895436
1.93680555555556,0.18851130395561
1.93819444444444,0.150988441007213
1.93958333333333,0.218527659625929
1.94097222222222,0.254522587976227
1.94236111111111,0.246241023947104
1.94375,0.246187192005707
1.94513888888889,0.199128581364016
1.94652777777778,0.226481395431134
1.94791666666667,0.270016874751352
1.94930555555556,0.252370179951179
1.95069444444444,0.284029996089955
1.95208333333333,0.267903259248926
1.95347222222222,0.253106029584313
1.95486111111111,0.255472279417891
1.95625,0.261523205714516
1.95763888888889,0.236972259471883
1.95902777777778,0.242530510099784
1.96041666666667,0.240161482042212
1.96180555555556,0.228160828609875
1.96319444444444,0.241874005997543
1.96458333333333,0.280801135632195
1.96597222222222,0.285558575382819
1.96736111111111,0.314403116878231
1.96875,0.269471243629317
1.97013888888889,0.242787781150765
1.97152777777778,0.272464670704913
1.97291666666667,0.24329747276918
1.97430555555556,0.224409893386779
1.97569444444444,0.252077863341959
1.97708333333333,0.253274354598466
1.97847222222222,0.232056984912588
1.97986111111111,0.247224302681811
1.98125,0.305476605138141
1.98263888888889,0.274847513873443
1.98402777777778,0.277434247794732
1.98541666666667,0.262142203058033
1.98680555555556,0.292882054907026
1.98819444444444,0.281090564197752
1.98958333333333,0.266924288718228
1.99097222222222,0.281625697380546
1.99236111111111,0.317145948616016
1.99375,0.276367307444145
1.99513888888889,0.303320979448962
1.99652777777778,0.236396418855819
1.99791666666667,0.235528694927598
1.99930555555556,0.238415201841691
2.00069444444444,0.232523217041226
2.00208333333333,0.234040126096452
2.00347222222222,0.255665098604901
2.00486111111111,0.208925700970142
2.00625,0.181447723967641
2.00763888888889,0.233649531746053
2.00902777777778,0.199466589238006
2.01041666666667,0.255023692571975
2.01180555555556,0.227670615468951
2.01319444444444,0.220118427681484
2.01458333333333,0.179554009783561
2.01597222222222,0.223886103273971
2.01736111111111,0.243634452859782
2.01875,0.192654719341689
2.02013888888889,0.219050579640131
2.02152777777778,0.202331472040579
2.02291666666667,0.231210869521512
2.02430555555556,0.250077318525692
2.02569444444444,0.239578126028925
2.02708333333333,0.196883064988101
2.02847222222222,0.195690338906464
2.02986111111111,0.210008454461899
2.03125,0.278344543184563
2.03263888888889,0.249369489446625
2.03402777777778,0.233843368805931
2.03541666666667,0.232361887549413
2.03680555555556,0.19512544137847
2.03819444444444,0.266429747958332
2.03958333333333,0.277139678097234
2.04097222222222,0.331319836885675
2.04236111111111,0.27755623286279
2.04375,0.25824666028995
2.04513888888889,0.213744722376229
2.04652777777778,0.277206819071318
2.04791666666667,0.266999172619329
2.04930555555556,0.286086710274176
2.05069444444444,0.22300702053846
2.05208333333333,0.25719808751448
2.05347222222222,0.234235349736106
2.05486111111111,0.244614475423873
2.05625,0.227278114483022
2.05763888888889,0.227450844123363
2.05902777777778,0.182608592864859
2.06041666666667,0.256112593221812
2.06180555555556,0.283441656986614
2.06319444444444,0.261736732039588
2.06458333333333,0.317809943221807
2.06597222222222,0.312518801823763
2.06736111111111,0.263385464468747
2.06875,0.259720882158668
2.07013888888889,0.234882183323687
2.07152777777778,0.166962420586281
2.07291666666667,0.251708021195118
2.07430555555556,0.209164936265576
2.07569444444444,0.166907779247604
2.07708333333333,0.20057677886841
2.07847222222222,0.170640712576839
2.07986111111111,0.160124621864962
2.08125,0.16415896282392
2.08263888888889,0.178383680322569
2.08402777777778,0.165048808333731
2.08541666666667,0.248765376459632
2.08680555555556,0.179012324609855
2.08819444444444,0.135583741742693
2.08958333333333,0.148289123583568
2.09097222222222,0.195368330728183
2.09236111111111,0.229635711421769
2.09375,0.20275777515309
2.09513888888889,0.217949566727228
2.09652777777778,0.216817025009444
2.09791666666667,0.222906002716068
2.09930555555556,0.235854936649198
2.10069444444444,0.180091704464659
2.10208333333333,0.217359731474518
2.10347222222222,0.218543227989652
2.10486111111111,0.141833328880341
2.10625,0.184345204266747
2.10763888888889,0.232191574951128
2.10902777777778,0.206046006118659
2.11041666666667,0.135999905957063
2.11180555555556,0.217935974899311
2.11319444444444,0.175319639507041
2.11458333333333,0.223972026320435
2.11597222222222,0.219255284445017
2.11736111111111,0.164408890755865
2.11875,0.219074085170077
2.12013888888889,0.190143525522788
2.12152777777778,0.175047706372559
2.12291666666667,0.254169477177475
2.12430555555556,0.212580204609487
2.12569444444444,0.195984158644281
2.12708333333333,0.230402753789112
2.12847222222222,0.224164105659323
2.12986111111111,0.247613574049991
2.13125,0.226932681249298
2.13263888888889,0.255290495104113
2.13402777777778,0.319115283764841
2.13541666666667,0.273453645297319
2.13680555555556,0.328019016234705
2.13819444444444,0.287164217881741
2.13958333333333,0.277689672422327
2.14097222222222,0.269799188355523
2.14236111111111,0.265351923650505
2.14375,0.230380356378436
2.14513888888889,0.215893821609574
2.14652777777778,0.276964455669768
2.14791666666667,0.20474576242911
2.14930555555556,0.212672542681934
2.15069444444444,0.18744188834353
2.15208333333333,0.194934264508692
2.15347222222222,0.232773576723015
2.15486111111111,0.187242109412632
2.15625,0.183273361272919
2.15763888888889,0.203144021397984
2.15902777777778,0.175912033356111
2.16041666666667,0.219317942111453
2.16180555555556,0.264996269741047
2.16319444444444,0.263449621219529
2.16458333333333,0.243116109733712
2.16597222222222,0.179917560486423
2.16736111111111,0.244057330798342
2.16875,0.220464375006338
2.17013888888889,0.247465395836807
2.17152777777778,0.239697348026611
2.17291666666667,0.253060682667989
2.17430555555556,0.150530571944158
2.17569444444444,0.164269204279407
2.17708333333333,0.189308981276861
2.17847222222222,0.174848317373345
2.17986111111111,0.156623724146285
2.18125,0.151292283731475
2.18263888888889,0.155121804791762
2.18402777777778,0.121395166842195
2.18541666666667,0.130329281149559
2.18680555555556,0.24522296024559
2.18819444444444,0.24777404611271
2.18958333333333,0.224257728292059
2.19097222222222,0.251804384029079
2.19236111111111,0.237722306760047
2.19375,0.234538096047465
2.19513888888889,0.303020340242319
2.19652777777778,0.285137458590733
2.19791666666667,0.257185826090369
2.19930555555556,0.291926575458324
2.20069444444444,0.311777191313007
2.20208333333333,0.243633365217442
2.20347222222222,0.276813152687708
2.20486111111111,0.284122194625327
2.20625,0.273119306352707
2.20763888888889,0.215993582372705
2.20902777777778,0.226778503335877
2.21041666666667,0.20866874791133
2.21180555555556,0.231403660951772
2.21319444444444,0.203057882864854
2.21458333333333,0.288185203600752
2.21597222222222,0.261184122608416
2.21736111111111,0.250565929628659
2.21875,0.230186542603408
2.22013888888889,0.282333204066367
2.22152777777778,0.270593887102008
2.22291666666667,0.225793027537535
2.22430555555556,0.234835807444937
2.22569444444444,0.200888676927572
2.22708333333333,0.196147321541403
2.22847222222222,0.180523408496924
2.22986111111111,0.217308212081749
2.23125,0.286150350994667
2.23263888888889,0.220086944819224
2.23402777777778,0.206535495678466
2.23541666666667,0.142937641709189
2.23680555555556,0.224190913940339
2.23819444444444,0.146428726967257
2.23958333333333,0.0441938659033772
2.24097222222222,0.0612086759887279
2.24236111111111,0.0763986816919316
2.24375,0.0560881953539182
2.24513888888889,0.126148361256761
2.24652777777778,0.0912980715228353
2.24791666666667,0.0707205974329597
2.24930555555556,0.173054282533615
2.25069444444444,0.125972320423444
2.25208333333333,0.146580559969787
2.25347222222222,0.149138277835182
2.25486111111111,0.14465768181024
2.25625,0.109850616099665
2.25763888888889,0.10231839373123
2.25902777777778,0.0825632699616106
2.26041666666667,0.172061531824733
2.26180555555556,0.192297798581601
2.26319444444444,0.248412945329489
2.26458333333333,0.211758200054071
2.26597222222222,0.209895798834688
2.26736111111111,0.138193063018782
2.26875,0.146047671814351
2.27013888888889,0.167013937805636
2.27152777777778,0.165658288298984
2.27291666666667,0.172215917169714
2.27430555555556,0.207000511382393
2.27569444444444,0.151299155165183
2.27708333333333,0.186874279729933
2.27847222222222,0.181646108978136
2.27986111111111,0.173619756293085
2.28125,0.136559909640838
2.28263888888889,0.127905968261694
2.28402777777778,0.178818230029329
2.28541666666667,0.184356848525585
2.28680555555556,0.176438198235885
2.28819444444444,0.141364054849139
2.28958333333333,0.160277803349683
2.29097222222222,0.17533095529663
2.29236111111111,0.129708255965019
2.29375,0.170985483686573
2.29513888888889,0.171383826307681
2.29652777777778,0.179694855974268
2.29791666666667,0.138235810013462
2.29930555555556,0.162593199646848
2.30069444444444,0.210564378815527
2.30208333333333,0.184581879501758
2.30347222222222,0.180277683060412
2.30486111111111,0.17487950647421
2.30625,0.166908097279008
2.30763888888889,0.185896453273945
2.30902777777778,0.169074195044991
2.31041666666667,0.146743683680562
2.31180555555556,0.166174965413936
2.31319444444444,0.195356447832666
2.31458333333333,0.217766995384764
2.31597222222222,0.224156972746566
2.31736111111111,0.217004390295858
2.31875,0.199596382835018
2.32013888888889,0.170748886127202
2.32152777777778,0.165565337968905
2.32291666666667,0.166197826829325
2.32430555555556,0.167965284422347
2.32569444444444,0.164429183485697
2.32708333333333,0.168341905039662
2.32847222222222,0.196808252040386
2.32986111111111,0.133542005592429
2.33125,0.177316227516912
2.33263888888889,0.178416936467121
2.33402777777778,0.16081387928103
2.33541666666667,0.180057955921393
2.33680555555556,0.15803696489152
2.33819444444444,0.14953133532901
2.33958333333333,0.144511017841195
2.34097222222222,0.213685545535032
2.34236111111111,0.160650991796596
2.34375,0.150514544106063
2.34513888888889,0.127859961076274
2.34652777777778,0.107252728608943
2.34791666666667,0.185190929077399
2.34930555555556,0.203972718165947
2.35069444444444,0.139531624190618
2.35208333333333,0.140741417373211
2.35347222222222,0.153587601126906
2.35486111111111,0.160167098829575
2.35625,0.195695828217805
2.35763888888889,0.170352155939222
2.35902777777778,0.215608174543885
2.36041666666667,0.233726856345037
2.36180555555556,0.232990297563024
2.36319444444444,0.17936967202966
2.36458333333333,0.207840415595541
2.36597222222222,0.226962441887704
2.36736111111111,0.182340739287943
2.36875,0.147998686224458
2.37013888888889,0.0694965273067884
2.37152777777778,0.152331025661748
2.37291666666667,0.120377434916336
2.37430555555556,0.173536175358269
2.37569444444444,0.164929731318435
2.37708333333333,0.183462881744724
2.37847222222222,0.158462877137728
2.37986111111111,0.153411478005307
2.38125,0.133767160200771
2.38263888888889,0.150816091941533
2.38402777777778,0.125121958149924
2.38541666666667,0.180847487860008
2.38680555555556,0.145422086645678
2.38819444444444,0.162812393744421
2.38958333333333,0.132144669675794
2.39097222222222,0.115998709047001
2.39236111111111,0.0979476480602864
2.39375,0.125243522512668
2.39513888888889,0.160241172844743
2.39652777777778,0.156413583752475
2.39791666666667,0.128330476972694
2.39930555555556,0.128737567493187
2.40069444444444,0.206532932715978
2.40208333333333,0.22098995737545
2.40347222222222,0.250027030070401
2.40486111111111,0.199105000980447
2.40625,0.233224818559298
2.40763888888889,0.235682291937765
2.40902777777778,0.239860242494746
2.41041666666667,0.232631059990926
2.41180555555556,0.260948547633168
2.41319444444444,0.176638679862905
2.41458333333333,0.203734052520084
2.41597222222222,0.214091497934684
2.41736111111111,0.246915629373498
2.41875,0.196296276428103
2.42013888888889,0.242809502032251
2.42152777777778,0.248270376110489
2.42291666666667,0.215514451369567
2.42430555555556,0.196733267455856
2.42569444444444,0.222104318088347
2.42708333333333,0.138895405507466
2.42847222222222,0.187927070666741
2.42986111111111,0.166736798394608
2.43125,0.209668220301923
2.43263888888889,0.258936299381225
2.43402777777778,0.21281651131573
2.43541666666667,0.143521142242217
2.43680555555556,0.130944358170417
2.43819444444444,0.165426904943988
2.43958333333333,0.169307517990984
2.44097222222222,0.240635746137851
2.44236111111111,0.16506987752822
2.44375,0.129640717265547
2.44513888888889,0.20715296551805
2.44652777777778,0.24277800259452
2.44791666666667,0.206719392665
2.44930555555556,0.176639970271271
2.45069444444444,0.184449411438835
2.45208333333333,0.202639179661967
2.45347222222222,0.141553523367769
2.45486111111111,0.176191317467813
2.45625,0.119786165520837
2.45763888888889,0.206690430006639
2.45902777777778,0.180132569946705
2.46041666666667,0.178548845882555
2.46180555555556,0.179748416965204
2.46319444444444,0.223073586702997
2.46458333333333,0.173180530983649
2.46597222222222,0.140061683543184
2.46736111111111,0.16086712997665
2.46875,0.181526415781096
2.47013888888889,0.125086088848965
2.47152777777778,0.144647023088266
2.47291666666667,0.183904704325639
2.47430555555556,0.21232452751411
2.47569444444444,0.153137177717771
2.47708333333333,0.127806205152355
2.47847222222222,0.153529655315435
2.47986111111111,0.199202085308255
2.48125,0.213728511926627
2.48263888888889,0.253886810755564
2.48402777777778,0.253219220881662
2.48541666666667,0.207825096814074
2.48680555555556,0.207913678257942
2.48819444444444,0.174637353033027
2.48958333333333,0.146268181984369
2.49097222222222,0.176451262832023
2.49236111111111,0.23577649866506
2.49375,0.199333896466493
2.49513888888889,0.217347391464143
2.49652777777778,0.228147094594286
2.49791666666667,0.200331000261826
2.49930555555556,0.200914959855406
2.50069444444444,0.210104636012227
2.50208333333333,0.194828394135899
2.50347222222222,0.221877010033772
2.50486111111111,0.245383978903047
2.50625,0.26395048588461
2.50763888888889,0.281080506670527
2.50902777777778,0.324779746584622
2.51041666666667,0.280256247125399
2.51180555555556,0.290743624192703
2.51319444444444,0.272800776645313
2.51458333333333,0.248195727641007
2.51597222222222,0.294197252200735
2.51736111111111,0.272585399063387
2.51875,0.184804732467982
2.52013888888889,0.169644200954306
2.52152777777778,0.215200522505633
2.52291666666667,0.198905615101471
2.52430555555556,0.21246487455621
2.52569444444444,0.191852044419998
2.52708333333333,0.233500950702293
2.52847222222222,0.199319109419351
2.52986111111111,0.2450458005959
2.53125,0.198779714410474
2.53263888888889,0.253192124889514
2.53402777777778,0.234900162486911
2.53541666666667,0.235823780400828
2.53680555555556,0.264811867681432
2.53819444444444,0.217737584260214
2.53958333333333,0.211589765019337
2.54097222222222,0.215468277961322
2.54236111111111,0.246134701842612
2.54375,0.396715306663008
2.54513888888889,0.300977451362181
2.54652777777778,0.246323676881753
2.54791666666667,0.248708879498575
2.54930555555556,0.245635414637396
2.55069444444444,0.227911160514802
2.55208333333333,0.176035254093889
2.55347222222222,0.25203265152528
2.55486111111111,0.308482533716
2.55625,0.311495008345327
2.55763888888889,0.268629150932005
2.55902777777778,0.277121424416429
2.56041666666667,0.274934180640451
2.56180555555556,0.263764889038282
2.56319444444444,0.243841926518995
2.56458333333333,0.247187024365644
2.56597222222222,0.323442423142201
2.56736111111111,0.246604146096541
2.56875,0.177219096795548
2.57013888888889,0.154739117786322
2.57152777777778,0.221846347380765
2.57291666666667,0.174534840860211
2.57430555555556,0.216129381833791
2.57569444444444,0.210932971229845
2.57708333333333,0.232385870408005
2.57847222222222,0.181982674993025
2.57986111111111,0.193796010300202
2.58125,0.191235186693681
2.58263888888889,0.275436080505122
2.58402777777778,0.271574548628825
2.58541666666667,0.250524275254708
2.58680555555556,0.238078874038953
2.58819444444444,0.249796633731241
2.58958333333333,0.162062775377261
2.59097222222222,0.167959279809868
2.59236111111111,0.164024423290703
2.59375,0.14215919638997
2.59513888888889,0.187752878102314
2.59652777777778,0.231822280119269
2.59791666666667,0.208681432665365
2.59930555555556,0.197615799257411
2.60069444444444,0.175947726070186
2.60208333333333,0.226179017296517
2.60347222222222,0.170689566534938
2.60486111111111,0.130855171809491
2.60625,0.191861518416936
2.60763888888889,0.306675373641956
2.60902777777778,0.250317634172226
2.61041666666667,0.210222092459414
2.61180555555556,0.208190031626753
2.61319444444444,0.238527218497724
2.61458333333333,0.220831400017198
2.61597222222222,0.247677291423675
2.61736111111111,0.239876698210765
2.61875,0.192037395672809
2.62013888888889,0.171695255608621
2.62152777777778,0.195828319729854
2.62291666666667,0.153048385471662
2.62430555555556,0.229556933527285
2.62569444444444,0.2143442562091
2.62708333333333,0.236624038211437
2.62847222222222,0.215859063947687
2.62986111111111,0.223054790230786
2.63125,0.209079855434787
2.63263888888889,0.190666610480538
2.63402777777778,0.220948752842312
2.63541666666667,0.261244328520084
2.63680555555556,0.217604618246396
2.63819444444444,0.227796154771964
2.63958333333333,0.229593928053537
2.64097222222222,0.175122439889427
2.64236111111111,0.193975505986569
2.64375,0.205201944639735
2.64513888888889,0.244832198977787
2.64652777777778,0.220451056714243
2.64791666666667,0.254213277294771
2.64930555555556,0.261249466866913
2.65069444444444,0.286554508599695
2.65208333333333,0.319917656071763
2.65347222222222,0.26646830169958
2.65486111111111,0.311317267395459
2.65625,0.323068633991245
2.65763888888889,0.252467514915203
2.65902777777778,0.24201732571759
2.66041666666667,0.213047736493815
2.66180555555556,0.227126112086728
2.66319444444444,0.241487419607588
2.66458333333333,0.309327446161329
2.66597222222222,0.347662333224052
2.66736111111111,0.262007882608746
2.66875,0.244051160419075
2.67013888888889,0.251863146062211
2.67152777777778,0.206499708520748
2.67291666666667,0.228723061074254
2.67430555555556,0.245332851661133
2.67569444444444,0.222690611201441
2.67708333333333,0.225199554724604
2.67847222222222,0.271785784167902
2.67986111111111,0.257700349682799
2.68125,0.309123988047669
2.68263888888889,0.269286672318942
2.68402777777778,0.278334178478084
2.68541666666667,0.290348572574268
2.68680555555556,0.29250597199656
2.68819444444444,0.321844266488776
2.68958333333333,0.288432125123107
2.69097222222222,0.261898282725733
2.69236111111111,0.23096132319987
2.69375,0.223185465232729
2.69513888888889,0.233391170647999
2.69652777777778,0.230988318582309
2.69791666666667,0.278824750295784
2.69930555555556,0.298080564232759
2.70069444444444,0.2897927934862
2.70208333333333,0.223989222592789
2.70347222222222,0.271942432844871
2.70486111111111,0.308526621118198
2.70625,0.30484853992383
2.70763888888889,0.341201913231128
2.70902777777778,0.296938871824616
2.71041666666667,0.287467121301967
2.71180555555556,0.225572819476634
2.71319444444444,0.304988921829258
2.71458333333333,0.242469956970601
2.71597222222222,0.214931484395689
2.71736111111111,0.261354825953204
2.71875,0.206389675827483
2.72013888888889,0.220613513483928
2.72152777777778,0.187945943576453
2.72291666666667,0.256134864034748
2.72430555555556,0.282788010745823
2.72569444444444,0.21242262931724
2.72708333333333,0.197115428572007
2.72847222222222,0.240335641097023
2.72986111111111,0.26723311404304
2.73125,0.252933540149202
2.73263888888889,0.277541176163018
2.73402777777778,0.239606976256415
2.73541666666667,0.310805538152549
2.73680555555556,0.288075476376896
2.73819444444444,0.204508061802273
2.73958333333333,0.264720890775835
2.74097222222222,0.285181167274431
2.74236111111111,0.260597659147793
2.74375,0.293319167708317
2.74513888888889,0.297370259653043
2.74652777777778,0.313671716777251
2.74791666666667,0.300381660469551
2.74930555555556,0.341212166206959
2.75069444444444,0.322692227247255
2.75208333333333,0.302197351556498
2.75347222222222,0.305113567916965
2.75486111111111,0.35999443445344
2.75625,0.330858217871758
2.75763888888889,0.277314846051583
2.75902777777778,0.253888348074291
2.76041666666667,0.293498373578082
2.76180555555556,0.243629188319644
2.76319444444444,0.216213980966281
2.76458333333333,0.268255814804718
2.76597222222222,0.299286400395408
2.76736111111111,0.28006019151021
2.76875,0.299222827381418
2.77013888888889,0.282437999598265
2.77152777777778,0.248939016505184
2.77291666666667,0.253999153844664
2.77430555555556,0.267903187733648
2.77569444444444,0.295361170947678
2.77708333333333,0.262171979518401
2.77847222222222,0.291661166694356
2.77986111111111,0.265487387714647
2.78125,0.203223028992157
2.78263888888889,0.246198951127843
2.78402777777778,0.230414440329441
2.78541666666667,0.215680925125498
2.78680555555556,0.299126945408601
2.78819444444444,0.302925850977683
2.78958333333333,0.23633165800115
2.79097222222222,0.24493366969826
2.79236111111111,0.2656203943131
2.79375,0.27845895672329
2.79513888888889,0.228023793422737
2.79652777777778,0.255287122388601
2.79791666666667,0.27488032650558
2.79930555555556,0.267135242674545
2.80069444444444,0.274104456434714
2.80208333333333,0.312922187607636
2.80347222222222,0.322598667331542
2.80486111111111,0.33296384987699
2.80625,0.334709487079432
2.80763888888889,0.362225187293573
2.80902777777778,0.31022576442245
2.81041666666667,0.340599871788304
2.81180555555556,0.311385029519897
2.81319444444444,0.293944147424263
2.81458333333333,0.343331647402159
2.81597222222222,0.347074550369477
2.81736111111111,0.280946087451582
2.81875,0.234743816154382
2.82013888888889,0.260552087335379
2.82152777777778,0.319642972394168
2.82291666666667,0.266111585629653
2.82430555555556,0.257076774309167
2.82569444444444,0.234156292437721
2.82708333333333,0.268203953727422
2.82847222222222,0.240934824847059
2.82986111111111,0.339170633672468
2.83125,0.308169083140936
2.83263888888889,0.272078744881568
2.83402777777778,0.268611086428275
2.83541666666667,0.305084046976291
2.83680555555556,0.271247353206978
2.83819444444444,0.273552502803809
2.83958333333333,0.295282699871374
2.84097222222222,0.291469343726945
2.84236111111111,0.2744196818946
2.84375,0.321826902113927
2.84513888888889,0.349264295149035
2.84652777777778,0.344068679611295
2.84791666666667,0.32025478143492
2.84930555555556,0.317744076047821
2.85069444444444,0.290515057368115
2.85208333333333,0.365604023972217
2.85347222222222,0.321083371893093
2.85486111111111,0.309471630855855
2.85625,0.327973577489465
2.85763888888889,0.304623845389558
2.85902777777778,0.290436041870298
2.86041666666667,0.307052120226756
2.86180555555556,0.288362071952978
2.86319444444444,0.316623499066062
2.86458333333333,0.294175969599247
2.86597222222222,0.257468028943633
2.86736111111111,0.256579125746094
2.86875,0.238306135686439
2.87013888888889,0.250734349954505
2.87152777777778,0.214503917244872
2.87291666666667,0.285993929402719
2.87430555555556,0.298819701204482
2.87569444444444,0.2693433590729
2.87708333333333,0.303134725172667
2.87847222222222,0.322152303424646
2.87986111111111,0.310537968568821
2.88125,0.363443465480433
2.88263888888889,0.342343455166726
2.88402777777778,0.298148727428306
2.88541666666667,0.301893087527837
2.88680555555556,0.334289480205781
2.88819444444444,0.270145844752005
2.88958333333333,0.281048626662174
2.89097222222222,0.304992203905208
2.89236111111111,0.283603814022713
2.89375,0.264299012576483
2.89513888888889,0.256209154851827
2.89652777777778,0.25133308964716
2.89791666666667,0.299764148020203
2.89930555555556,0.256065146376769
2.90069444444444,0.249318311375251
2.90208333333333,0.280287899348459
2.90347222222222,0.260932474625676
2.90486111111111,0.287989667347224
2.90625,0.274722616535238
2.90763888888889,0.261406481102856
2.90902777777778,0.248074651369374
2.91041666666667,0.336168855837315
2.91180555555556,0.311752409729806
2.91319444444444,0.298291096510241
2.91458333333333,0.228702471919032
2.91597222222222,0.211840709936891
2.91736111111111,0.223321575264754
2.91875,0.2187513794869
2.92013888888889,0.276533910019046
2.92152777777778,0.234738740851449
2.92291666666667,0.273519581710128
2.92430555555556,0.237076364709905
2.92569444444444,0.198932507481466
2.92708333333333,0.192245191532019
2.92847222222222,0.224089874426927
2.92986111111111,0.207564000149625
2.93125,0.190180299572293
2.93263888888889,0.207043723888204
2.93402777777778,0.208301497405928
2.93541666666667,0.235147015219456
2.93680555555556,0.261546725606477
2.93819444444444,0.299505349577258
2.93958333333333,0.353542601456976
2.94097222222222,0.32640266515487
2.94236111111111,0.32067850933967
2.94375,0.320926756087377
2.94513888888889,0.291083818436568
2.94652777777778,0.283563455805398
2.94791666666667,0.290788748692254
2.94930555555556,0.273442347949399
2.95069444444444,0.26556241038878
2.95208333333333,0.32850777998495
2.95347222222222,0.305431309356362
2.95486111111111,0.257047905032441
2.95625,0.224762681662031
2.95763888888889,0.291144249039872
2.95902777777778,0.250845845233615
2.96041666666667,0.219180584932132
2.96180555555556,0.243296308538843
2.96319444444444,0.280092800408106
2.96458333333333,0.233608460702659
2.96597222222222,0.168228929061365
2.96736111111111,0.211010536921891
2.96875,0.237381259985274
2.97013888888889,0.267367389898871
2.97152777777778,0.265983033405775
2.97291666666667,0.289987776616129
2.97430555555556,0.300766268394837
2.97569444444444,0.319507884627453
2.97708333333333,0.310223126180255
2.97847222222222,0.266758438070458
2.97986111111111,0.252196317934024
2.98125,0.246726777867405
2.98263888888889,0.255228355976849
2.98402777777778,0.181260670280334
2.98541666666667,0.156446478379075
2.98680555555556,0.231520132156319
2.98819444444444,0.124976816855482
2.98958333333333,0.114639531441953
2.99097222222222,0.249042298309532
2.99236111111111,0.233931325642557
2.99375,0.248484603856548
2.99513888888889,0.16370582768465
2.99652777777778,0.208664943447525
2.99791666666667,0.226154858886147
2.99930555555556,0.194101120681981
3.00069444444444,0.224653481452572
3.00208333333333,0.138970208746044
3.00347222222222,0.215813804333346
3.00486111111111,0.195548477509939
3.00625,0.248259085129759
3.00763888888889,0.213551935552872
3.00902777777778,0.207562557170746
3.01041666666667,0.240883423533662
3.01180555555556,0.229556537631292
3.01319444444444,0.22228232028423
3.01458333333333,0.258625860818077
3.01597222222222,0.211687719760752
3.01736111111111,0.18886342500601
3.01875,0.166896867067939
3.02013888888889,0.17023241576893
3.02152777777778,0.100364743070701
3.02291666666667,0.0860703938490393
3.02430555555556,0.128454171822507
3.02569444444444,0.118221421908531
3.02708333333333,0.195877452020392
3.02847222222222,0.224806182584366
3.02986111111111,0.185816400174091
3.03125,0.144916237471596
3.03263888888889,0.153932180814493
3.03402777777778,0.221819795694174
3.03541666666667,0.193282891096314
3.03680555555556,0.217173724964461
3.03819444444444,0.229913334252584
3.03958333333333,0.206193812090116
3.04097222222222,0.16984287358358
3.04236111111111,0.213426027212255
3.04375,0.182462662770377
3.04513888888889,0.142834717284373
3.04652777777778,0.156855424401643
3.04791666666667,0.169672463042558
3.04930555555556,0.181723813679412
3.05069444444444,0.167852496950876
3.05208333333333,0.128284955536495
3.05347222222222,0.15395698830481
3.05486111111111,0.165825408942627
3.05625,0.213007203280499
3.05763888888889,0.0996971950460664
3.05902777777778,0.166357732701783
3.06041666666667,0.180563970377295
3.06180555555556,0.200562380000762
3.06319444444444,0.167919982097607
3.06458333333333,0.156698201858926
3.06597222222222,0.155418724586449
3.06736111111111,0.132149761042651
3.06875,0.144290816980463
3.07013888888889,0.0979189660947948
3.07152777777778,0.0962479517238707
3.07291666666667,0.0825778418829685
3.07430555555556,0.0991112826101379
3.07569444444444,0.156362328651114
3.07708333333333,0.134135621723875
3.07847222222222,0.0658636506652664
3.07986111111111,0.166762323723012
3.08125,0.158763917845927
3.08263888888889,0.12230658405718
3.08402777777778,0.156017980772936
3.08541666666667,0.180527639553897
3.08680555555556,0.162616770511101
3.08819444444444,0.151754354949152
3.08958333333333,0.186277593485269
3.09097222222222,0.165677787490339
3.09236111111111,0.112315884644161
3.09375,0.160227235880541
3.09513888888889,0.156380902134072
3.09652777777778,0.168688185596539
3.09791666666667,0.14026660231644
3.09930555555556,0.188248499333481
3.10069444444444,0.182448534273709
3.10208333333333,0.169211421330064
3.10347222222222,0.246784934937837
3.10486111111111,0.19599499625385
3.10625,0.218837786445938
3.10763888888889,0.226487233933473
3.10902777777778,0.254540906549154
3.11041666666667,0.188045741925254
3.11180555555556,0.183236801443068
3.11319444444444,0.232615964405297
3.11458333333333,0.248590998560292
3.11597222222222,0.213936248939408
3.11736111111111,0.20644661198548
3.11875,0.195336026652085
3.12013888888889,0.210097247912499
3.12152777777778,0.242714854244822
3.12291666666667,0.174851053215882
3.12430555555556,0.199881538109183
3.12569444444444,0.194454018457991
3.12708333333333,0.209479399845349
3.12847222222222,0.173472298263304
3.12986111111111,0.187284565446865
3.13125,0.201382800161417
3.13263888888889,0.19522328513656
3.13402777777778,0.199429424951275
3.13541666666667,0.151336462823456
3.13680555555556,0.140202777995506
3.13819444444444,0.0958917962455484
3.13958333333333,0.124472136498581
3.14097222222222,0.111467694768739
3.14236111111111,0.120149959110896
3.14375,0.145720600426036
3.14513888888889,0.110533684562961
3.14652777777778,0.090635794575611
3.14791666666667,0.120599227922109
3.14930555555556,0.161126641450235
3.15069444444444,0.1780998619636
3.15208333333333,0.203433426893023
3.15347222222222,0.168723776036002
3.15486111111111,0.167224812613136
3.15625,0.191922104171261
3.15763888888889,0.202340476610362
3.15902777777778,0.209042249466238
3.16041666666667,0.256923262255217
3.16180555555556,0.201616756864893
3.16319444444444,0.1945565693684
3.16458333333333,0.166836244162176
3.16597222222222,0.242751531572759
3.16736111111111,0.222501201998106
3.16875,0.238710488539522
3.17013888888889,0.229693717013368
3.17152777777778,0.253594813433738
3.17291666666667,0.24775860618906
3.17430555555556,0.265637708447779
3.17569444444444,0.224719091942027
3.17708333333333,0.190507785805508
3.17847222222222,0.155428454815719
3.17986111111111,0.100605047731992
3.18125,0.105562845457835
3.18263888888889,0.119187093337857
3.18402777777778,0.0833282855875453
3.18541666666667,0.139823230077744
3.18680555555556,0.207955502872597
3.18819444444444,0.244189228679146
3.18958333333333,0.244592863886833
3.19097222222222,0.190756251414132
3.19236111111111,0.255877548442299
3.19375,0.223955904933359
3.19513888888889,0.198460767287388
3.19652777777778,0.191959070660597
3.19791666666667,0.218216584695115
3.19930555555556,0.22761993618373
3.20069444444444,0.201220550607504
3.20208333333333,0.195765421976071
3.20347222222222,0.131927236227865
3.20486111111111,0.194648763111984
3.20625,0.259201331549925
3.20763888888889,0.178880785365718
3.20902777777778,0.219770864768113
3.21041666666667,0.289692057934964
3.21180555555556,0.236802375205307
3.21319444444444,0.173054044255774
3.21458333333333,0.220418688863875
3.21597222222222,0.248401752870053
3.21736111111111,0.222571233391399
3.21875,0.227875886815535
3.22013888888889,0.235899697930368
3.22152777777778,0.201325506502081
3.22291666666667,0.251494300611284
3.22430555555556,0.231939459337132
3.22569444444444,0.240619002338874
3.22708333333333,0.25302492027446
3.22847222222222,0.208969949214406
3.22986111111111,0.245929257802226
3.23125,0.305834668225285
3.23263888888889,0.306605697610227
3.23402777777778,0.268243411135734
3.23541666666667,0.287475763750777
3.23680555555556,0.20187615659756
3.23819444444444,0.259113036480748
3.23958333333333,0.226589467629011
3.24097222222222,0.253073814950179
3.24236111111111,0.281076275294072
3.24375,0.209539902391427
3.24513888888889,0.282040735851489
3.24652777777778,0.277819688377322
3.24791666666667,0.27738365530339
3.24930555555556,0.233377003081466
3.25069444444444,0.293259764666998
3.25208333333333,0.277809896710337
3.25347222222222,0.272752297049212
3.25486111111111,0.267533319160532
3.25625,0.2767994106639
3.25763888888889,0.224829338414401
3.25902777777778,0.261245416541008
3.26041666666667,0.286696636615281
3.26180555555556,0.25899475449468
3.26319444444444,0.241732792353257
3.26458333333333,0.227107599160861
3.26597222222222,0.269379970462187
3.26736111111111,0.268568154418104
3.26875,0.258867886422158
3.27013888888889,0.239295912551087
3.27152777777778,0.206077557940992
3.27291666666667,0.224018466453099
3.27430555555556,0.242498495273132
3.27569444444444,0.236164489943058
3.27708333333333,0.250903238337919
3.27847222222222,0.21793568691278
3.27986111111111,0.231268092812149
3.28125,0.267209403076701
3.28263888888889,0.282508798048978
3.28402777777778,0.275879864055326
3.28541666666667,0.231290183012092
3.28680555555556,0.251771481825275
3.28819444444444,0.245921533029204
3.28958333333333,0.247113721761662
3.29097222222222,0.247706006868634
3.29236111111111,0.25259987441041
3.29375,0.202701257577776
3.29513888888889,0.241895514685853
3.29652777777778,0.269330310955958
3.29791666666667,0.22600894560728
3.29930555555556,0.225693738139484
3.30069444444444,0.277541008367219
3.30208333333333,0.261018835176488
3.30347222222222,0.197079056286877
3.30486111111111,0.210225868553467
3.30625,0.271068728583036
3.30763888888889,0.219479892463002
3.30902777777778,0.240800533144726
3.31041666666667,0.223817862090696
3.31180555555556,0.202833815504254
3.31319444444444,0.215093930644495
3.31458333333333,0.165956175667229
3.31597222222222,0.161458533715828
3.31736111111111,0.175506713353358
3.31875,0.180436062214676
3.32013888888889,0.214758599198873
3.32152777777778,0.190116286125891
3.32291666666667,0.209859868965879
3.32430555555556,0.229177848745786
3.32569444444444,0.2025209798071
3.32708333333333,0.179876421513742
3.32847222222222,0.207676997205132
3.32986111111111,0.221226558740317
3.33125,0.227973412780531
3.33263888888889,0.232001703894694
3.33402777777778,0.293208139846152
3.33541666666667,0.268508279278116
3.33680555555556,0.247435356466704
3.33819444444444,0.220068583526556
3.33958333333333,0.176341262497651
3.34097222222222,0.19979505715643
3.34236111111111,0.270927760926383
3.34375,0.291246633672484
3.34513888888889,0.284210686549404
3.34652777777778,0.289413838440833
3.34791666666667,0.261547267853367
3.34930555555556,0.25175189426356
3.35069444444444,0.268965087646805
3.35208333333333,0.313329990376275
3.35347222222222,0.264122659582841
3.35486111111111,0.271653074837077
3.35625,0.243410011540828
3.35763888888889,0.245502880117983
3.35902777777778,0.296340469813443
3.36041666666667,0.320535964155503
3.36180555555556,0.330398449781924
3.36319444444444,0.333460210879409
3.36458333333333,0.286696435642066
3.36597222222222,0.278688876742989
3.36736111111111,0.306778632238501
3.36875,0.325737291893205
3.37013888888889,0.339999759170278
3.37152777777778,0.355933030158981
3.37291666666667,0.298169976948609
3.37430555555556,0.271490865687338
3.37569444444444,0.238543630779037
3.37708333333333,0.253031278321897
3.37847222222222,0.232179921916387
3.37986111111111,0.201009079967984
3.38125,0.204203119634922
3.38263888888889,0.244632637597589
3.38402777777778,0.309501640976392
3.38541666666667,0.281765141501887
3.38680555555556,0.28879965956048
3.38819444444444,0.255986625938874
3.38958333333333,0.279341511061143
3.39097222222222,0.256342223922667
3.39236111111111,0.241139958081165
3.39375,0.254298706110096
3.39513888888889,0.196768296866565
3.39652777777778,0.217864375722294
3.39791666666667,0.241342247792501
3.39930555555556,0.266433014013521
3.40069444444444,0.273031827163723
3.40208333333333,0.328140630983565
3.40347222222222,0.338817836882259
3.40486111111111,0.304498052353344
3.40625,0.301116809306147
3.40763888888889,0.325114896751486
3.40902777777778,0.308593167676006
3.41041666666667,0.315007926790689
3.41180555555556,0.319097256955134
3.41319444444444,0.281435081722202
3.41458333333333,0.362595716447433
3.41597222222222,0.383882055943423
3.41736111111111,0.345972260244793
3.41875,0.301578688636797
3.42013888888889,0.330811217845506
3.42152777777778,0.313037124113675
3.42291666666667,0.333735336532994
3.42430555555556,0.347506749379066
3.42569444444444,0.295496687771575
3.42708333333333,0.307069083593921
3.42847222222222,0.289259191504443
3.42986111111111,0.323934880681792
3.43125,0.385650154646281
3.43263888888889,0.340544090548745
3.43402777777778,0.320487933239247
3.43541666666667,0.356851707312918
3.43680555555556,0.298674201404758
3.43819444444444,0.275431563444702
3.43958333333333,0.214484998571112
3.44097222222222,0.187071533864382
3.44236111111111,0.210552474904666
3.44375,0.233736468971109
3.44513888888889,0.2414321888424
3.44652777777778,0.29748077161291
3.44791666666667,0.278186648931621
3.44930555555556,0.253691683722747
3.45069444444444,0.238881205892614
3.45208333333333,0.318273903038536
3.45347222222222,0.304407236628413
3.45486111111111,0.270323855877862
3.45625,0.317257942966826
3.45763888888889,0.292182355617547
3.45902777777778,0.311108764559271
3.46041666666667,0.284633472028448
3.46180555555556,0.320621133525336
3.46319444444444,0.280140437332669
3.46458333333333,0.272497955310699
3.46597222222222,0.191580844411789
3.46736111111111,0.161446275470793
3.46875,0.249518025522865
3.47013888888889,0.220478494507449
3.47152777777778,0.192869351838054
3.47291666666667,0.217233071205074
3.47430555555556,0.191937691080959
3.47569444444444,0.254131976721679
3.47708333333333,0.271417336506085
3.47847222222222,0.260475016074036
3.47986111111111,0.19774893719532
3.48125,0.233247462959961
3.48263888888889,0.250303299060643
3.48402777777778,0.255241400017894
3.48541666666667,0.266372627553544
3.48680555555556,0.300128717596657
3.48819444444444,0.229837295537195
3.48958333333333,0.314188304200885
3.49097222222222,0.308389693314524
3.49236111111111,0.307598695608877
3.49375,0.275548324578823
3.49513888888889,0.302660890560176
3.49652777777778,0.27008419674298
3.49791666666667,0.329576256864472
3.49930555555556,0.28558514487347
3.50069444444444,0.291946361884606
3.50208333333333,0.290530235170334
3.50347222222222,0.272508605933706
3.50486111111111,0.233941794678591
3.50625,0.226223071488186
3.50763888888889,0.228193615720274
3.50902777777778,0.241442217500416
3.51041666666667,0.309797844310812
3.51180555555556,0.303008683157936
3.51319444444444,0.359884307520208
3.51458333333333,0.342707587828081
3.51597222222222,0.253686727482365
3.51736111111111,0.249588434562225
3.51875,0.275281664627192
3.52013888888889,0.294848516082625
3.52152777777778,0.354692001944371
3.52291666666667,0.397750319700126
3.52430555555556,0.358668087379727
3.52569444444444,0.339558223661806
3.52708333333333,0.348126425778373
3.52847222222222,0.337518988664934
3.52986111111111,0.351889184075955
3.53125,0.34601207331857
3.53263888888889,0.350218407207328
3.53402777777778,0.362427637080946
3.53541666666667,0.330820803082837
3.53680555555556,0.359179592027519
3.53819444444444,0.400405191609859
3.53958333333333,0.307627919238616
3.54097222222222,0.291474515450806
3.54236111111111,0.269721728758161
3.54375,0.290028432090591
3.54513888888889,0.350367585495349
3.54652777777778,0.339239816598797
3.54791666666667,0.355998065400032
3.54930555555556,0.358026399145089
3.55069444444444,0.347284728009604
3.55208333333333,0.31168051403519
3.55347222222222,0.377738618701862
3.55486111111111,0.30620888348576
3.55625,0.353588996838343
3.55763888888889,0.31436599169777
3.55902777777778,0.333382087706302
3.56041666666667,0.318474788427125
3.56180555555556,0.341344343250015
3.56319444444444,0.173492110069114
3.56458333333333,0.272774711998774
3.56597222222222,0.300363091661576
3.56736111111111,0.272126189808472
3.56875,0.318288519407243
3.57013888888889,0.333204794091449
3.57152777777778,0.289009960479153
3.57291666666667,0.313973008740758
3.57430555555556,0.336858499441048
3.57569444444444,0.320908320411843
3.57708333333333,0.359549418643809
3.57847222222222,0.374546035176006
3.57986111111111,0.388556427868757
3.58125,0.411300303645052
3.58263888888889,0.405999380058095
3.58402777777778,0.401887703012172
3.58541666666667,0.346836132292291
3.58680555555556,0.379565975854525
3.58819444444444,0.372401326216044
3.58958333333333,0.327663061946185
3.59097222222222,0.311361899307296
3.59236111111111,0.32456838267796
3.59375,0.346865084810923
3.59513888888889,0.365868227049138
3.59652777777778,0.382439793844082
3.59791666666667,0.369812200070743
3.59930555555556,0.355474423711083
3.60069444444444,0.295676569434276
3.60208333333333,0.312522313677462
3.60347222222222,0.288380809131467
3.60486111111111,0.361408855063383
3.60625,0.358461855102929
3.60763888888889,0.341794745799147
3.60902777777778,0.328379093180447
3.61041666666667,0.415071523820217
3.61180555555556,0.346427039814291
3.61319444444444,0.355730178710075
3.61458333333333,0.310642071603927
3.61597222222222,0.340294628617227
3.61736111111111,0.344654796212749
3.61875,0.342741977034455
3.62013888888889,0.333013489883812
3.62152777777778,0.304140809278169
3.62291666666667,0.347103012571823
3.62430555555556,0.264385061903913
3.62569444444444,0.274051827444345
3.62708333333333,0.343786358123594
3.62847222222222,0.368274849584071
3.62986111111111,0.340971827914227
3.63125,0.29567284145154
3.63263888888889,0.307285941557585
3.63402777777778,0.334370444373959
3.63541666666667,0.276860128394359
3.63680555555556,0.298619991027796
3.63819444444444,0.293657862255445
3.63958333333333,0.339313345247727
3.64097222222222,0.34473607812901
3.64236111111111,0.365176487770707
3.64375,0.302688707395903
3.64513888888889,0.314725032660304
3.64652777777778,0.383236075469315
3.64791666666667,0.332411434267852
3.64930555555556,0.350305654437435
3.65069444444444,0.357427011585046
3.65208333333333,0.341384709714028
3.65347222222222,0.288522504655963
3.65486111111111,0.256749560367495
3.65625,0.326759953060604
3.65763888888889,0.344612639684698
3.65902777777778,0.353560934597292
3.66041666666667,0.376538865141196
3.66180555555556,0.333191339683195
3.66319444444444,0.298309414642563
3.66458333333333,0.309684820595145
3.66597222222222,0.30479912019319
3.66736111111111,0.303731176986776
3.66875,0.316110942462716
3.67013888888889,0.355080303939205
3.67152777777778,0.337900701007212
3.67291666666667,0.363621890692734
3.67430555555556,0.368894538797806
3.67569444444444,0.363773635714577
3.67708333333333,0.410411906914669
3.67847222222222,0.417322163943474
3.67986111111111,0.423235995287537
3.68125,0.416779549032126
3.68263888888889,0.435955355695242
3.68402777777778,0.389991146788014
3.68541666666667,0.398231795581861
3.68680555555556,0.36645886922129
3.68819444444444,0.388489863230305
3.68958333333333,0.366595607363867
3.69097222222222,0.383991922717291
3.69236111111111,0.394561798328167
3.69375,0.365043361770969
3.69513888888889,0.323725945299415
3.69652777777778,0.343038150338359
3.69791666666667,0.358060310549718
3.69930555555556,0.40247243817249
3.70069444444444,0.395889719220525
3.70208333333333,0.362221193868875
3.70347222222222,0.333579586978135
3.70486111111111,0.39340155201107
3.70625,0.370082006341479
3.70763888888889,0.376906870159708
3.70902777777778,0.369523655545218
3.71041666666667,0.331823136524987
3.71180555555556,0.380433761754731
3.71319444444444,0.392706496425978
3.71458333333333,0.471666186008531
3.71597222222222,0.428753149889862
3.71736111111111,0.409011472699253
3.71875,0.335803166417802
3.72013888888889,0.362615068225812
3.72152777777778,0.394705414641592
3.72291666666667,0.394078323542606
3.72430555555556,0.354334500016849
3.72569444444444,0.400669073116358
3.72708333333333,0.349187494904459
3.72847222222222,0.405594977180084
3.72986111111111,0.385761378921789
3.73125,0.420417654050636
3.73263888888889,0.475708511997058
3.73402777777778,0.360481955097002
3.73541666666667,0.39472376236634
3.73680555555556,0.436564648524367
3.73819444444444,0.393395647798325
3.73958333333333,0.410613892848479
3.74097222222222,0.381725479799576
3.74236111111111,0.369386730075022
3.74375,0.397645467050601
3.74513888888889,0.448286769762371
3.74652777777778,0.431261430145384
3.74791666666667,0.408441295114124
3.74930555555556,0.400308268055114
3.75069444444444,0.375563846536558
3.75208333333333,0.407450443373961
3.75347222222222,0.347351630764848
3.75486111111111,0.370973336758646
3.75625,0.343438336235582
3.75763888888889,0.347755749796517
3.75902777777778,0.327152589854721
3.76041666666667,0.26926976938338
3.76180555555556,0.316693012572871
3.76319444444444,0.484148160967963
3.76458333333333,0.452892383733817
3.76597222222222,0.420883399562967
3.76736111111111,0.402752426641802
3.76875,0.378539707685643
3.77013888888889,0.351754698887643
3.77152777777778,0.429017967705027
3.77291666666667,0.398189035685426
3.77430555555556,0.379967350416517
3.77569444444444,0.382310939478486
3.77708333333333,0.368987255348634
3.77847222222222,0.427016441444593
3.77986111111111,0.375654415970665
3.78125,0.344888448676895
3.78263888888889,0.402524259005814
3.78402777777778,0.378901075227705
3.78541666666667,0.339607362492734
3.78680555555556,0.334233492535031
3.78819444444444,0.398824581605217
3.78958333333333,0.389657101967593
3.79097222222222,0.405301686929196
3.79236111111111,0.373643089109929
3.79375,0.354352149364283
3.79513888888889,0.393438896961861
3.79652777777778,0.388117417271814
3.79791666666667,0.413907898810995
3.79930555555556,0.406244504191845
3.80069444444444,0.434248283552598
3.80208333333333,0.438033959515967
3.80347222222222,0.396592737379142
3.80486111111111,0.27742457910076
3.80625,0.298480778853336
3.80763888888889,0.257301573611376
3.80902777777778,0.2733754629142
3.81041666666667,0.302386771328183
3.81180555555556,0.284400605583816
3.81319444444444,0.351011161614427
3.81458333333333,0.410026291374435
3.81597222222222,0.410550673427124
3.81736111111111,0.392016697877684
3.81875,0.350645040004488
3.82013888888889,0.367304664924947
3.82152777777778,0.359545838889145
3.82291666666667,0.308094323153332
3.82430555555556,0.331450113263402
3.82569444444444,0.354359490839997
3.82708333333333,0.298736255775012
3.82847222222222,0.305556314356004
3.82986111111111,0.368150135990073
3.83125,0.328556970471591
3.83263888888889,0.336528644296588
3.83402777777778,0.277524734677211
3.83541666666667,0.247883015606983
3.83680555555556,0.368329440941405
3.83819444444444,0.325924762682684
3.83958333333333,0.31047078876378
3.84097222222222,0.309673495489946
3.84236111111111,0.385040314207021
3.84375,0.324471106597964
3.84513888888889,0.27558787858043
3.84652777777778,0.313456921124443
3.84791666666667,0.335032731515086
3.84930555555556,0.29194306874075
3.85069444444444,0.323851886103153
3.85208333333333,0.3049746875581
3.85347222222222,0.316973902410409
3.85486111111111,0.265908577150455
3.85625,0.309698862723417
3.85763888888889,0.238191930255709
3.85902777777778,0.301385321567013
3.86041666666667,0.291218721270116
3.86180555555556,0.320538845085442
3.86319444444444,0.2829600759263
3.86458333333333,0.261790468407515
3.86597222222222,0.198647595013168
3.86736111111111,0.270537567843551
3.86875,0.31295709875652
3.87013888888889,0.284864078026118
3.87152777777778,0.255855805069267
3.87291666666667,0.343025244417138
3.87430555555556,0.298196145078807
3.87569444444444,0.292863024987134
3.87708333333333,0.247546287959169
3.87847222222222,0.304650351119371
3.87986111111111,0.303401235440761
3.88125,0.315993729500919
3.88263888888889,0.333074798864292
3.88402777777778,0.331139947213236
3.88541666666667,0.33133994853855
3.88680555555556,0.33443498233818
3.88819444444444,0.352957597050535
3.88958333333333,0.322493928260966
3.89097222222222,0.293942100314752
3.89236111111111,0.332948241939368
3.89375,0.235584198119327
3.89513888888889,0.277470136129302
3.89652777777778,0.314965570206405
3.89791666666667,0.363933486242768
3.89930555555556,0.284363443007187
3.90069444444444,0.283872425028019
3.90208333333333,0.330087094406471
3.90347222222222,0.338593436127092
3.90486111111111,0.372966136072882
3.90625,0.303753165819097
3.90763888888889,0.353140538689275
3.90902777777778,0.365114846081065
3.91041666666667,0.324209511775954
3.91180555555556,0.327064426587407
3.91319444444444,0.313568250646429
3.91458333333333,0.325610814498865
3.91597222222222,0.352225821818843
3.91736111111111,0.377296923741115
3.91875,0.417363124736612
3.92013888888889,0.314516859856543
3.92152777777778,0.337152873555537
3.92291666666667,0.334198671772064
3.92430555555556,0.293618989910236
3.92569444444444,0.283008066864507
3.92708333333333,0.27990795394229
3.92847222222222,0.289909485326772
3.92986111111111,0.346933449714683
3.93125,0.332863211999217
3.93263888888889,0.330221539009222
3.93402777777778,0.375454036079964
3.93541666666667,0.380352873970387
3.93680555555556,0.354869728399326
3.93819444444444,0.332071729345708
3.93958333333333,0.321673852631781
3.94097222222222,0.303296641036148
3.94236111111111,0.302087259809441
3.94375,0.32933748289196
3.94513888888889,0.345175580199074
3.94652777777778,0.339133619929344
3.94791666666667,0.330556914844092
3.94930555555556,0.304248494839186
3.95069444444444,0.224002544524724
3.95208333333333,0.294424394493145
3.95347222222222,0.287445208330892
3.95486111111111,0.270510386265132
3.95625,0.212628340545583
3.95763888888889,0.248969755855804
3.95902777777778,0.285750983754116
3.96041666666667,0.223984585272749
3.96180555555556,0.185172936530659
3.96319444444444,0.249995225024889
3.96458333333333,0.302545364712335
3.96597222222222,0.333123263191311
3.96736111111111,0.294863515987039
3.96875,0.372880875108001
3.97013888888889,0.374215046553414
3.97152777777778,0.355857194553479
3.97291666666667,0.352089193371334
3.97430555555556,0.336246855839813
3.97569444444444,0.281418285249412
3.97708333333333,0.310449499237617
3.97847222222222,0.354025401881602
3.97986111111111,0.393664032205816
3.98125,0.420416470796654
3.98263888888889,0.432491675890935
3.98402777777778,0.320559889155036
3.98541666666667,0.352418288345792
3.98680555555556,0.400554456070486
3.98819444444444,0.420520481438998
3.98958333333333,0.406770537931713
3.99097222222222,0.442976214721846
3.99236111111111,0.336668524510964
3.99375,0.365002504433474
3.99513888888889,0.359843948353144
3.99652777777778,0.299366434816924
3.99791666666667,0.314419172664075
3.99930555555556,0.374696756624003
4.00069444444444,0.392449317589924
4.00208333333333,0.357736060434996
4.00347222222222,0.309216474825028
4.00486111111111,0.322400772171162
4.00625,0.31762715971888
4.00763888888889,0.336065494801086
4.00902777777778,0.324906388090591
4.01041666666667,0.27483757062522
4.01180555555556,0.28504903774957
4.01319444444444,0.26001117187641
4.01458333333333,0.277070023475835
4.01597222222222,0.335494271944789
4.01736111111111,0.360299179542294
4.01875,0.263970820397211
4.02013888888889,0.23670386386995
4.02152777777778,0.281213059483411
4.02291666666667,0.275447193825972
4.02430555555556,0.205463121217315
4.02569444444444,0.173145178207277
4.02708333333333,0.158580235178435
4.02847222222222,0.20765825096848
4.02986111111111,0.273142793622188
4.03125,0.225070058046265
4.03263888888889,0.238168959963636
4.03402777777778,0.296062607481072
4.03541666666667,0.329525460960113
4.03680555555556,0.261313676408878
4.03819444444444,0.261586672642572
4.03958333333333,0.236673518881317
4.04097222222222,0.245825310416247
4.04236111111111,0.274229084487748
4.04375,0.28780467187087
4.04513888888889,0.260197656775006
4.04652777777778,0.257517208831373
4.04791666666667,0.256468460854937
4.04930555555556,0.281048690974997
4.05069444444444,0.310539407059186
4.05208333333333,0.402930459219607
4.05347222222222,0.390614784558557
4.05486111111111,0.343281168417539
4.05625,0.350769248738467
4.05763888888889,0.272310496452248
4.05902777777778,0.295692205951704
4.06041666666667,0.306967056321239
4.06180555555556,0.277954970080946
4.06319444444444,0.270765085040154
4.06458333333333,0.234451403112216
4.06597222222222,0.218465029584515
4.06736111111111,0.236369363359608
4.06875,0.235384318595111
4.07013888888889,0.277200047320166
4.07152777777778,0.238427536949434
4.07291666666667,0.266752772698903
4.07430555555556,0.281048827367655
4.07569444444444,0.32231487983079
4.07708333333333,0.335054487029821
4.07847222222222,0.314825568196604
4.07986111111111,0.336958283492318
4.08125,0.346791624404734
4.08263888888889,0.348194049720981
4.08402777777778,0.376409902766814
4.08541666666667,0.363020619505726
4.08680555555556,0.316663109757271
4.08819444444444,0.302868194087631
4.08958333333333,0.245228708434244
4.09097222222222,0.315995414469554
4.09236111111111,0.269280759074369
4.09375,0.31332415513268
4.09513888888889,0.266461177303831
4.09652777777778,0.340582265776427
4.09791666666667,0.306789364326701
4.09930555555556,0.226742291116013
4.10069444444444,0.231869361358869
4.10208333333333,0.25868371791869
4.10347222222222,0.284813750049944
4.10486111111111,0.323222002861826
4.10625,0.302017385017299
4.10763888888889,0.239721305703538
4.10902777777778,0.298835038552836
4.11041666666667,0.24436091153639
4.11180555555556,0.232604568097862
4.11319444444444,0.22118696293941
4.11458333333333,0.263334783387969
4.11597222222222,0.255805878590684
4.11736111111111,0.27358026593933
4.11875,0.249651910219355
4.12013888888889,0.264344910661985
4.12152777777778,0.291165475258963
4.12291666666667,0.300265514557539
4.12430555555556,0.313809463946736
4.12569444444444,0.27769449929985
4.12708333333333,0.273297488797881
4.12847222222222,0.285651788996585
4.12986111111111,0.303650202058444
4.13125,0.26436433308601
4.13263888888889,0.314014643700098
4.13402777777778,0.299643644123225
4.13541666666667,0.274491287849571
4.13680555555556,0.255374859152324
4.13819444444444,0.204811526587319
4.13958333333333,0.208199413204595
4.14097222222222,0.252181108645941
4.14236111111111,0.24148159393767
4.14375,0.287717486263848
4.14513888888889,0.192407101328957
4.14652777777778,0.187486801351913
4.14791666666667,0.202014830672666
4.14930555555556,0.20405114393748
4.15069444444444,0.228443676276578
4.15208333333333,0.288830124565431
4.15347222222222,0.2378967118273
4.15486111111111,0.214876825420019
4.15625,0.205127130725397
4.15763888888889,0.189850732236348
4.15902777777778,0.20331893574626
4.16041666666667,0.186691554047904
4.16180555555556,0.178287145680799
4.16319444444444,0.155984102201567
4.16458333333333,0.137705125720379
4.16597222222222,0.313954780924439
4.16736111111111,0.214113388297544
4.16875,0.241206362253186
4.17013888888889,0.202846630173716
4.17152777777778,0.267577822640011
4.17291666666667,0.186901371200261
4.17430555555556,0.148846371825499
4.17569444444444,0.181155258774494
4.17708333333333,0.201527648195395
4.17847222222222,0.221503846225115
4.17986111111111,0.177507940500509
4.18125,0.220543238857012
4.18263888888889,0.154390391491307
4.18402777777778,0.187794854739422
4.18541666666667,0.252819577411991
4.18680555555556,0.239245785207646
4.18819444444444,0.206591602473488
4.18958333333333,0.266114355839236
4.19097222222222,0.255870976859196
4.19236111111111,0.255080915106969
4.19375,0.313814952507623
4.19513888888889,0.330630078523733
4.19652777777778,0.322454275027141
4.19791666666667,0.342015158426159
4.19930555555556,0.306197968193912
4.20069444444444,0.33365945369987
4.20208333333333,0.302090577921504
4.20347222222222,0.295106706184495
4.20486111111111,0.32905824001112
4.20625,0.274185454854771
4.20763888888889,0.267327501852028
4.20902777777778,0.290738157794475
4.21041666666667,0.263852767982737
4.21180555555556,0.246544389110132
4.21319444444444,0.283508186674855
4.21458333333333,0.287689326906169
4.21597222222222,0.20875681889028
4.21736111111111,0.215632774951361
4.21875,0.245378451939501
4.22013888888889,0.19499698230168
4.22152777777778,0.236410365185443
4.22291666666667,0.218551043458127
4.22430555555556,0.228378312910874
4.22569444444444,0.21812762853958
4.22708333333333,0.275402530933422
4.22847222222222,0.229121892029815
4.22986111111111,0.220291067423899
4.23125,0.2536696592358
4.23263888888889,0.191877233201726
4.23402777777778,0.235578477806244
4.23541666666667,0.184613037403368
4.23680555555556,0.190146270176223
4.23819444444444,0.196729404460538
4.23958333333333,0.187714244886014
4.24097222222222,0.251695315444032
4.24236111111111,0.26358463629193
4.24375,0.317107503194875
4.24513888888889,0.31789509810035
4.24652777777778,0.279464610181412
4.24791666666667,0.238293131325389
4.24930555555556,0.270251854414043
4.25069444444444,0.212751327412986
4.25208333333333,0.204853426867301
4.25347222222222,0.299981864498143
4.25486111111111,0.246520958951966
4.25625,0.190683985714
4.25763888888889,0.213450788134608
4.25902777777778,0.240703715232348
4.26041666666667,0.246468521170774
4.26180555555556,0.170029094301652
4.26319444444444,0.187381903133309
4.26458333333333,0.165095869723869
4.26597222222222,0.125372380250993
4.26736111111111,0.19163953983302
4.26875,0.194313700262641
4.27013888888889,0.151381894587744
4.27152777777778,0.145393812289663
4.27291666666667,0.200757076649065
4.27430555555556,0.220954949642225
4.27569444444444,0.282909110921935
4.27708333333333,0.283684460115325
4.27847222222222,0.230681434576084
4.27986111111111,0.233812516023457
4.28125,0.206323607070442
4.28263888888889,0.298075077360298
4.28402777777778,0.266208185010427
4.28541666666667,0.203988423556968
4.28680555555556,0.220681230808974
4.28819444444444,0.264530281650757
4.28958333333333,0.259379741039604
4.29097222222222,0.240477365633175
4.29236111111111,0.182975612027122
4.29375,0.207648362155679
4.29513888888889,0.229473754199467
4.29652777777778,0.265010256773265
4.29791666666667,0.224553082130554
4.29930555555556,0.251375827855582
4.30069444444444,0.176060010218683
4.30208333333333,0.240793762515258
4.30347222222222,0.316820854947383
4.30486111111111,0.28652604277883
4.30625,0.239613093174988
4.30763888888889,0.265661599660146
4.30902777777778,0.219305355877139
4.31041666666667,0.249520061387792
4.31180555555556,0.213570268114615
4.31319444444444,0.250351790227051
4.31458333333333,0.256203070976309
4.31597222222222,0.21601577979893
4.31736111111111,0.256726642324149
4.31875,0.27307076818534
4.32013888888889,0.304673316358732
4.32152777777778,0.282286377466621
4.32291666666667,0.188987148180969
4.32430555555556,0.178613126920532
4.32569444444444,0.233390418115512
4.32708333333333,0.27085950810854
4.32847222222222,0.240769081028879
4.32986111111111,0.292289800480462
4.33125,0.31771120224682
4.33263888888889,0.262747610807448
4.33402777777778,0.248662507900853
4.33541666666667,0.181596459796803
4.33680555555556,0.228017290932907
4.33819444444444,0.250511623952998
4.33958333333333,0.261384210112561
4.34097222222222,0.303242527002202
4.34236111111111,0.267185405486113
4.34375,0.309341516175769
4.34513888888889,0.303016835015889
4.34652777777778,0.272493731822111
4.34791666666667,0.210015364865588
4.34930555555556,0.287270497864081
4.35069444444444,0.288283646451474
4.35208333333333,0.278125548865355
4.35347222222222,0.240356618913704
4.35486111111111,0.194852069749489
4.35625,0.139883347421585
4.35763888888889,0.170231895206909
4.35902777777778,0.179144331787533
4.36041666666667,0.226568436465763
4.36180555555556,0.228914893988042
4.36319444444444,0.23602467843244
4.36458333333333,0.235801491206281
4.36597222222222,0.281957731449526
4.36736111111111,0.300635549706949
4.36875,0.289465194990916
4.37013888888889,0.327418775873686
4.37152777777778,0.320186289698672
4.37291666666667,0.275561917631656
4.37430555555556,0.264062632652751
4.37569444444444,0.256218949498938
4.37708333333333,0.271625694033423
4.37847222222222,0.290216928572004
4.37986111111111,0.262787482276123
4.38125,0.303486532770876
4.38263888888889,0.29884560889632
4.38402777777778,0.272304609033994
4.38541666666667,0.290578077936426
4.38680555555556,0.328114337644698
4.38819444444444,0.384760711284632
4.38958333333333,0.320558382528014
4.39097222222222,0.323530887260605
4.39236111111111,0.330320710779729
4.39375,0.323987366138636
4.39513888888889,0.318844093965029
4.39652777777778,0.318614882427167
4.39791666666667,0.28524641816204
4.39930555555556,0.285760696499465
4.40069444444444,0.292146575894892
4.40208333333333,0.327058640421745
4.40347222222222,0.330515283597558
4.40486111111111,0.354390041517605
4.40625,0.362042907732188
4.40763888888889,0.320882860552604
4.40902777777778,0.351230686077204
4.41041666666667,0.347441992892938
4.41180555555556,0.321569172221621
4.41319444444444,0.293938659851832
4.41458333333333,0.264408122512639
4.41597222222222,0.259047749678672
4.41736111111111,0.306861518517953
4.41875,0.295840648205223
4.42013888888889,0.298442518035458
4.42152777777778,0.264587117634555
4.42291666666667,0.316573285277484
4.42430555555556,0.362658158762753
4.42569444444444,0.388049926250069
4.42708333333333,0.312716129581401
4.42847222222222,0.326076805016069
4.42986111111111,0.294205867158759
4.43125,0.276352353263702
4.43263888888889,0.268636982693664
4.43402777777778,0.254883243438334
4.43541666666667,0.255318440325455
4.43680555555556,0.295674185420626
4.43819444444444,0.280399937512755
4.43958333333333,0.302027062815424
4.44097222222222,0.344105097983236
4.44236111111111,0.31385982112672
4.44375,0.319526230097475
4.44513888888889,0.331349443149299
4.44652777777778,0.296367831695963
4.44791666666667,0.280350739573083
4.44930555555556,0.331630323385229
4.45069444444444,0.371522442373618
4.45208333333333,0.397786880958151
4.45347222222222,0.385474410143886
4.45486111111111,0.374814601486604
4.45625,0.353204432522442
4.45763888888889,0.327956953032234
4.45902777777778,0.378267602281865
4.46041666666667,0.324937504221273
4.46180555555556,0.331230410225579
4.46319444444444,0.28616043028457
4.46458333333333,0.339954603638462
4.46597222222222,0.352656133586153
4.46736111111111,0.302686753528624
4.46875,0.336687969911818
4.47013888888889,0.326157725166591
4.47152777777778,0.299381660887725
4.47291666666667,0.305225431008371
4.47430555555556,0.254954722532459
4.47569444444444,0.309337133282653
4.47708333333333,0.381653475660137
4.47847222222222,0.350621769054102
4.47986111111111,0.307389119862705
4.48125,0.321658950065475
4.48263888888889,0.36686979668921
4.48402777777778,0.269389040280666
4.48541666666667,0.344632010471686
4.48680555555556,0.311913391800942
4.48819444444444,0.250079684198777
4.48958333333333,0.312475238311371
4.49097222222222,0.30255133943172
4.49236111111111,0.358010463601711
4.49375,0.339768723835703
4.49513888888889,0.382354551928902
4.49652777777778,0.363202749861741
4.49791666666667,0.37067461099071
4.49930555555556,0.375319486179623
4.50069444444444,0.369203100362847
4.50208333333333,0.283260024421985
4.50347222222222,0.282126644308232
4.50486111111111,0.314983145704062
4.50625,0.32704126765708
4.50763888888889,0.314641778259133
4.50902777777778,0.297430986358309
4.51041666666667,0.294900880379761
4.51180555555556,0.29664648586206
4.51319444444444,0.298687548477439
4.51458333333333,0.263437901144792
4.51597222222222,0.234748157852319
4.51736111111111,0.180358354637421
4.51875,0.240590617410068
4.52013888888889,0.312057189628883
4.52152777777778,0.332754870660279
4.52291666666667,0.31231105115534
4.52430555555556,0.347989006870241
4.52569444444444,0.271630692174206
4.52708333333333,0.258487270436358
4.52847222222222,0.321966011793162
4.52986111111111,0.238365340942474
4.53125,0.363772499532866
4.53263888888889,0.282174727848791
4.53402777777778,0.294696045089274
4.53541666666667,0.29162727312615
4.53680555555556,0.310944624906994
4.53819444444444,0.329589672867893
4.53958333333333,0.323958445974325
4.54097222222222,0.279672580741436
4.54236111111111,0.279033377541738
4.54375,0.308629337345709
4.54513888888889,0.293814802535596
4.54652777777778,0.355245947912112
4.54791666666667,0.334629865906336
4.54930555555556,0.324743494114769
4.55069444444444,0.324283385241537
4.55208333333333,0.344281380527297
4.55347222222222,0.305591981404626
4.55486111111111,0.258162849306987
4.55625,0.263956704204537
4.55763888888889,0.30058911964421
4.55902777777778,0.359116001171628
4.56041666666667,0.345229025110764
4.56180555555556,0.230318756892494
4.56319444444444,0.268303962465402
4.56458333333333,0.219326975761874
4.56597222222222,0.226873635168977
4.56736111111111,0.246126120278387
4.56875,0.284185368806689
4.57013888888889,0.294303223957486
4.57152777777778,0.265545616665858
4.57291666666667,0.2419577451591
4.57430555555556,0.279569113550459
4.57569444444444,0.316141297928595
4.57708333333333,0.298328471391585
4.57847222222222,0.320461855319892
4.57986111111111,0.31191244328413
4.58125,0.328907551274324
4.58263888888889,0.304414193247459
4.58402777777778,0.332012668408854
4.58541666666667,0.288013980404416
4.58680555555556,0.255453075669139
4.58819444444444,0.327515028500997
4.58958333333333,0.265267683637278
4.59097222222222,0.277856291422503
4.59236111111111,0.304957918642087
4.59375,0.274663507857339
4.59513888888889,0.250974021369558
4.59652777777778,0.335428793365258
4.59791666666667,0.366066785039677
4.59930555555556,0.356829134667998
4.60069444444444,0.310271280488316
4.60208333333333,0.355805456806367
4.60347222222222,0.360187570359461
4.60486111111111,0.34649028168468
4.60625,0.294600831370269
4.60763888888889,0.338238264181322
4.60902777777778,0.364502347751402
4.61041666666667,0.348868795669478
4.61180555555556,0.360287613057742
4.61319444444444,0.37474856429577
4.61458333333333,0.324731638087481
4.61597222222222,0.397014357312872
4.61736111111111,0.350149557132454
4.61875,0.359322539778472
4.62013888888889,0.397363741062516
4.62152777777778,0.351092735331806
4.62291666666667,0.400465403991332
4.62430555555556,0.385732690618113
4.62569444444444,0.36812799080854
4.62708333333333,0.332113402910707
4.62847222222222,0.317676646662068
4.62986111111111,0.348349755906676
4.63125,0.325990561178522
4.63263888888889,0.327919724595895
4.63402777777778,0.341090519956364
4.63541666666667,0.349204445153051
4.63680555555556,0.300507854308621
4.63819444444444,0.271095823329149
4.63958333333333,0.266307848123824
4.64097222222222,0.288343000350796
4.64236111111111,0.298831525348858
4.64375,0.334014590384675
4.64513888888889,0.319598873541532
4.64652777777778,0.297179917383972
4.64791666666667,0.306988583731527
4.64930555555556,0.382109677578457
4.65069444444444,0.367940859366737
4.65208333333333,0.342775901581172
4.65347222222222,0.316051978415451
4.65486111111111,0.304362245247803
4.65625,0.303476454851247
4.65763888888889,0.350947995789528
4.65902777777778,0.365274379360477
4.66041666666667,0.378991541524428
4.66180555555556,0.314484204301085
4.66319444444444,0.302670807238314
4.66458333333333,0.206699889484818
4.66597222222222,0.297446124988653
4.66736111111111,0.302470897657973
4.66875,0.320581562147616
4.67013888888889,0.328870312860551
4.67152777777778,0.253591983851363
4.67291666666667,0.322978473152262
4.67430555555556,0.348167946190147
4.67569444444444,0.285489649783637
4.67708333333333,0.238416335298741
4.67847222222222,0.226625102097233
4.67986111111111,0.240265199621399
4.68125,0.3157893677297
4.68263888888889,0.25270363698268
4.68402777777778,0.261503260962015
4.68541666666667,0.254519704103124
4.68680555555556,0.230078331761769
4.68819444444444,0.270030962124572
4.68958333333333,0.261346427027278
4.69097222222222,0.283214292647211
4.69236111111111,0.240606479629874
4.69375,0.239599129689125
4.69513888888889,0.18449476576499
4.69652777777778,0.217179156662384
4.69791666666667,0.206557696654696
4.69930555555556,0.217687534208597
4.70069444444444,0.213886935394456
4.70208333333333,0.236859541588743
4.70347222222222,0.267930696671436
4.70486111111111,0.214891827664727
4.70625,0.271046630096934
4.70763888888889,0.232194378609933
4.70902777777778,0.23075567037256
4.71041666666667,0.293436119953978
4.71180555555556,0.286043959514479
4.71319444444444,0.270546791102534
4.71458333333333,0.284931476260958
4.71597222222222,0.27102345572734
4.71736111111111,0.275780266024696
4.71875,0.299586477529763
4.72013888888889,0.301800455253062
4.72152777777778,0.269389995239036
4.72291666666667,0.327861452603942
4.72430555555556,0.235479060833316
4.72569444444444,0.248976101526113
4.72708333333333,0.236823298863651
4.72847222222222,0.217864206887427
4.72986111111111,0.274955268639168
4.73125,0.289596548898827
4.73263888888889,0.292457852974379
4.73402777777778,0.276062908945605
4.73541666666667,0.216419811697013
4.73680555555556,0.205944419261015
4.73819444444444,0.192771828818885
4.73958333333333,0.195097943925765
4.74097222222222,0.210320852273164
4.74236111111111,0.221448801100673
4.74375,0.289167593270232
4.74513888888889,0.279649550916017
4.74652777777778,0.308985591550925
4.74791666666667,0.286544160569601
4.74930555555556,0.29342210081435
4.75069444444444,0.295507854931027
4.75208333333333,0.272585445098716
4.75347222222222,0.226115763280323
4.75486111111111,0.246332747786981
4.75625,0.26512846998401
4.75763888888889,0.299266160803221
4.75902777777778,0.281008968533633
4.76041666666667,0.292803218976094
4.76180555555556,0.299760882950614
4.76319444444444,0.302964132222459
4.76458333333333,0.284972013993547
4.76597222222222,0.297697466516802
4.76736111111111,0.306997031417013
4.76875,0.26893181710517
4.77013888888889,0.220568262108902
4.77152777777778,0.266553645196771
4.77291666666667,0.297175762203795
4.77430555555556,0.248700733948576
4.77569444444444,0.271684175383596
4.77708333333333,0.329160436793387
4.77847222222222,0.316862537699506
4.77986111111111,0.236902904338052
4.78125,0.252067583367326
4.78263888888889,0.247198044070819
4.78402777777778,0.222114185197448
4.78541666666667,0.233276946017394
4.78680555555556,0.233880925590556
4.78819444444444,0.198405911734208
4.78958333333333,0.220070319775708
4.79097222222222,0.217500675464643
4.79236111111111,0.189843540327082
4.79375,0.171712839906263
4.79513888888889,0.160588842505339
4.79652777777778,0.173022695162365
4.79791666666667,0.206953318902322
4.79930555555556,0.258921726563669
4.80069444444444,0.200972020264862
4.80208333333333,0.221214223420065
4.80347222222222,0.165110942782926
4.80486111111111,0.205941306195795
4.80625,0.184463879944896
4.80763888888889,0.136112826915565
4.80902777777778,0.201387522617278
4.81041666666667,0.243607311394402
4.81180555555556,0.194811261068941
4.81319444444444,0.181183774695545
4.81458333333333,0.186945996385699
4.81597222222222,0.221157997237048
4.81736111111111,0.251200161726347
4.81875,0.206426815721764
4.82013888888889,0.175893506525191
4.82152777777778,0.233714040001083
4.82291666666667,0.232930835215227
4.82430555555556,0.23998624157539
4.82569444444444,0.20168242051408
4.82708333333333,0.162577683829473
4.82847222222222,0.176782998375626
4.82986111111111,0.21814776694769
4.83125,0.162744773713583
4.83263888888889,0.164762831995545
4.83402777777778,0.150399369597217
4.83541666666667,0.122589026053306
4.83680555555556,0.224709121219727
4.83819444444444,0.264157422183341
4.83958333333333,0.244613584270906
4.84097222222222,0.300665386094011
4.84236111111111,0.255213868334053
4.84375,0.265274040504812
4.84513888888889,0.248429485870444
4.84652777777778,0.230521400367691
4.84791666666667,0.240218737883531
4.84930555555556,0.238668150776958
4.85069444444444,0.275346309616582
4.85208333333333,0.225599822165966
4.85347222222222,0.169750069364866
4.85486111111111,0.240484357389129
4.85625,0.203629019179818
4.85763888888889,0.231092258610198
4.85902777777778,0.198434866041385
4.86041666666667,0.171678635488455
4.86180555555556,0.155039273948374
4.86319444444444,0.221800618237172
4.86458333333333,0.230370547655959
4.86597222222222,0.284172819953964
4.86736111111111,0.242406008261741
4.86875,0.183544539427952
4.87013888888889,0.141368885808998
4.87152777777778,0.124724361536936
4.87291666666667,0.150959990966753
4.87430555555556,0.18059822387638
4.87569444444444,0.194025083213014
4.87708333333333,0.261498405194398
4.87847222222222,0.259932685922645
4.87986111111111,0.225276808734432
4.88125,0.241156750138897
4.88263888888889,0.237065921270573
4.88402777777778,0.272520066967399
4.88541666666667,0.2238319528088
4.88680555555556,0.253992730731151
4.88819444444444,0.219442682909141
4.88958333333333,0.215510503229282
4.89097222222222,0.209476262059075
4.89236111111111,0.201268475676694
4.89375,0.183268313557502
4.89513888888889,0.207101840100521
4.89652777777778,0.232231149288982
4.89791666666667,0.253848925257412
4.89930555555556,0.211544445500514
4.90069444444444,0.221865382617151
4.90208333333333,0.24479812144701
4.90347222222222,0.256377337304606
4.90486111111111,0.225056361643687
4.90625,0.23582448570521
4.90763888888889,0.252251767479992
4.90902777777778,0.205052382672303
4.91041666666667,0.163150919403355
4.91180555555556,0.182919728429407
4.91319444444444,0.247514972594967
4.91458333333333,0.229174707141458
4.91597222222222,0.258936423617078
4.91736111111111,0.259215920687206
4.91875,0.24166675390959
4.92013888888889,0.288883975197887
4.92152777777778,0.265207194272481
4.92291666666667,0.255395786798842
4.92430555555556,0.294238712816423
4.92569444444444,0.309738836463355
4.92708333333333,0.277004642553492
4.92847222222222,0.244035975728241
4.92986111111111,0.27405516496299
4.93125,0.287643322710038
4.93263888888889,0.256517678820522
4.93402777777778,0.228287595656968
4.93541666666667,0.160382899547427
4.93680555555556,0.155600598498779
4.93819444444444,0.236919312351469
4.93958333333333,0.222627117762932
4.94097222222222,0.196915700684284
4.94236111111111,0.172187978162712
4.94375,0.20159832933151
4.94513888888889,0.255371095195062
4.94652777777778,0.256495314216864
4.94791666666667,0.256477955638271
4.94930555555556,0.24197398326549
4.95069444444444,0.255739329813303
4.95208333333333,0.249680816806586
4.95347222222222,0.283090257105094
4.95486111111111,0.231466452286367
4.95625,0.213491520040798
4.95763888888889,0.236882695274156
4.95902777777778,0.260647798290744
4.96041666666667,0.322186695920775
4.96180555555556,0.289467577110388
4.96319444444444,0.212745035655946
4.96458333333333,0.200093149556787
4.96597222222222,0.19834027821464
4.96736111111111,0.200016288656727
4.96875,0.163918703129097
4.97013888888889,0.22988570045316
4.97152777777778,0.237084167434548
4.97291666666667,0.259824881609645
4.97430555555556,0.220911349727577
4.97569444444444,0.28084759375459
4.97708333333333,0.255616230260455
4.97847222222222,0.171543410092718
4.97986111111111,0.196806505912087
4.98125,0.21419739205343
4.98263888888889,0.235904097480295
4.98402777777778,0.177828270890038
4.98541666666667,0.178061922829751
4.98680555555556,0.12478812951812
4.98819444444444,0.134393048332218
4.98958333333333,0.236254443516242
4.99097222222222,0.223182933504072
4.99236111111111,0.178394079381673
4.99375,0.188021896995609
4.99513888888889,0.204799550080358
4.99652777777778,0.185455852493799
4.99791666666667,0.21399044703993
4.99930555555556,0.159019705347627
5.00069444444444,0.19759480620775
5.00208333333333,0.143764596202914
5.00347222222222,0.206670001228857
5.00486111111111,0.223307317222247
5.00625,0.248837152704499
5.00763888888889,0.220310211539481
5.00902777777778,0.159894208194243
5.01041666666667,0.167648573900091
5.01180555555556,0.224087461577417
5.01319444444444,0.17674680175715
5.01458333333333,0.145429027417265
5.01597222222222,0.162373917389536
5.01736111111111,0.142313677873144
5.01875,0.176267935130328
5.02013888888889,0.169215594629325
5.02152777777778,0.144209779782615
5.02291666666667,0.147048647943025
5.02430555555556,0.140050852114896
5.02569444444444,0.171336495852545
5.02708333333333,0.0804822393204161
5.02847222222222,0.133009524475792
5.02986111111111,0.134077026223428
5.03125,0.115778856502581
5.03263888888889,0.125044735126843
5.03402777777778,0.0942984911840245
5.03541666666667,0.0918184132301279
5.03680555555556,0.1270701089945
5.03819444444444,0.170758007151821
5.03958333333333,0.148260315822506
5.04097222222222,0.198391774442975
5.04236111111111,0.13581209160247
5.04375,0.177140351032506
5.04513888888889,0.240834082167288
5.04652777777778,0.226641231089587
5.04791666666667,0.158561552524875
5.04930555555556,0.205276863427666
5.05069444444444,0.294458933760463
5.05208333333333,0.305238114874366
5.05347222222222,0.300244619825281
5.05486111111111,0.281941472917514
5.05625,0.282388425295338
5.05763888888889,0.255881894213916
5.05902777777778,0.263926443041987
5.06041666666667,0.259846891903879
5.06180555555556,0.213626152336744
5.06319444444444,0.280655433388069
5.06458333333333,0.223871823136465
5.06597222222222,0.259595888308894
5.06736111111111,0.283478099073066
5.06875,0.286052263104327
5.07013888888889,0.288649607201793
5.07152777777778,0.281510250931373
5.07291666666667,0.264795147320067
5.07430555555556,0.182669911608777
5.07569444444444,0.214700708333148
5.07708333333333,0.241020351444937
5.07847222222222,0.26680757549869
5.07986111111111,0.29139380189881
5.08125,0.275372118850845
5.08263888888889,0.296468766701744
5.08402777777778,0.300922063366313
5.08541666666667,0.303835246452888
5.08680555555556,0.272692524009988
5.08819444444444,0.300200479403373
5.08958333333333,0.302539566136465
5.09097222222222,0.333061928469401
5.09236111111111,0.284055107487592
5.09375,0.296504380267692
5.09513888888889,0.204645995709117
5.09652777777778,0.219002774929922
5.09791666666667,0.196638519237707
5.09930555555556,0.191965446637896
5.10069444444444,0.233458076893245
5.10208333333333,0.249537665169619
5.10347222222222,0.189412447323074
5.10486111111111,0.181814137746034
5.10625,0.208288528321086
5.10763888888889,0.224573758749322
5.10902777777778,0.200705211881864
5.11041666666667,0.238589777834122
5.11180555555556,0.254671125922633
5.11319444444444,0.164718464692287
5.11458333333333,0.242172094261686
5.11597222222222,0.285456154254819
5.11736111111111,0.316120600985011
5.11875,0.319610359024862
5.12013888888889,0.357631427014864
5.12152777777778,0.296940595130503
5.12291666666667,0.319870504651441
5.12430555555556,0.256926515829613
5.12569444444444,0.266370296993339
5.12708333333333,0.231436782925039
5.12847222222222,0.224279267629717
5.12986111111111,0.295702378431978
5.13125,0.275435847870717
5.13263888888889,0.264081102450487
5.13402777777778,0.312327650663617
5.13541666666667,0.31672679877045
5.13680555555556,0.246095253158331
5.13819444444444,0.293772141857618
5.13958333333333,0.303327502419684
5.14097222222222,0.264545241607241
5.14236111111111,0.279624948714171
5.14375,0.30348427003816
5.14513888888889,0.310878926828579
5.14652777777778,0.318406191455663
5.14791666666667,0.317093084318022
5.14930555555556,0.253080928528759
5.15069444444444,0.292610296355019
5.15208333333333,0.238619689912591
5.15347222222222,0.291178677142592
5.15486111111111,0.289847001837559
5.15625,0.297497996754614
5.15763888888889,0.271389738862958
5.15902777777778,0.224965155045122
5.16041666666667,0.294921425672746
5.16180555555556,0.309907672979698
5.16319444444444,0.341925373121207
5.16458333333333,0.375547733645355
5.16597222222222,0.33111321568965
5.16736111111111,0.370777295727942
5.16875,0.317713280539029
5.17013888888889,0.364051355554677
5.17152777777778,0.366054007106159
5.17291666666667,0.376536029054969
5.17430555555556,0.372053100529914
5.17569444444444,0.395543715479757
5.17708333333333,0.390990279940902
5.17847222222222,0.343366242436024
5.17986111111111,0.361970184920353
5.18125,0.268153240288286
5.18263888888889,0.233796673295067
5.18402777777778,0.206413421973056
5.18541666666667,0.290947523344687
5.18680555555556,0.343199519180764
5.18819444444444,0.297423935849092
5.18958333333333,0.385018712823998
5.19097222222222,0.39825059786358
5.19236111111111,0.319094347440189
5.19375,0.246750611050184
5.19513888888889,0.358812156162391
5.19652777777778,0.311349886154686
5.19791666666667,0.316140044792814
5.19930555555556,0.315558537823666
5.20069444444444,0.281512732960454
5.20208333333333,0.358973002558307
5.20347222222222,0.324166533274275
5.20486111111111,0.356963696265197
5.20625,0.250173797051857
5.20763888888889,0.277786689384587
5.20902777777778,0.288193762519134
5.21041666666667,0.253760759439644
5.21180555555556,0.284842816264764
5.21319444444444,0.233451881102368
5.21458333333333,0.255470386941204
5.21597222222222,0.242448313550961
5.21736111111111,0.24054078423071
5.21875,0.255594422264595
5.22013888888889,0.239652175742294
5.22152777777778,0.261375261723112
5.22291666666667,0.286804584504994
5.22430555555556,0.236069113708115
5.22569444444444,0.237762622105452
5.22708333333333,0.30596855409541
5.22847222222222,0.278681384887006
5.22986111111111,0.298603910155966
5.23125,0.302918519992467
5.23263888888889,0.264984807929577
5.23402777777778,0.325207062423091
5.23541666666667,0.300408019024829
5.23680555555556,0.318833034205101
5.23819444444444,0.235093513864916
5.23958333333333,0.276426452817452
5.24097222222222,0.34434911997845
5.24236111111111,0.305528387467991
5.24375,0.239010896851655
5.24513888888889,0.249938094983564
5.24652777777778,0.293300764821849
5.24791666666667,0.358620801070692
5.24930555555556,0.34648184101668
5.25069444444444,0.349746186740402
5.25208333333333,0.361384545483098
5.25347222222222,0.33347841923345
5.25486111111111,0.336392424957125
5.25625,0.403595531367856
5.25763888888889,0.352584222621719
5.25902777777778,0.315622183538381
5.26041666666667,0.310637842663375
5.26180555555556,0.349538060068468
5.26319444444444,0.337532065525731
5.26458333333333,0.31977722913771
5.26597222222222,0.308201834889858
5.26736111111111,0.287559906178208
5.26875,0.235945760559478
5.27013888888889,0.26871196877377
5.27152777777778,0.268535763726513
5.27291666666667,0.248515416139153
5.27430555555556,0.222245504954342
5.27569444444444,0.204233113765731
5.27708333333333,0.257096423031485
5.27847222222222,0.294440157833099
5.27986111111111,0.246354115090249
5.28125,0.321845371621468
5.28263888888889,0.301907284201662
5.28402777777778,0.342329895655962
5.28541666666667,0.328654480803206
5.28680555555556,0.388971264070944
5.28819444444444,0.38697439802993
5.28958333333333,0.266489682130373
5.29097222222222,0.284420269765576
5.29236111111111,0.284629142147993
5.29375,0.325715799813442
5.29513888888889,0.33332586746455
5.29652777777778,0.323663251156644
5.29791666666667,0.259929787370892
5.29930555555556,0.285300046038912
5.30069444444444,0.354309913973753
5.30208333333333,0.359982460111957
5.30347222222222,0.380061089132129
5.30486111111111,0.372967646211984
5.30625,0.384782835977815
5.30763888888889,0.409698391183334
5.30902777777778,0.380749166603587
5.31041666666667,0.326246297320996
5.31180555555556,0.339499232186974
5.31319444444444,0.416674619437866
5.31458333333333,0.36224152383154
5.31597222222222,0.41163587813842
5.31736111111111,0.362677615598177
5.31875,0.353584668553299
5.32013888888889,0.356959028839946
5.32152777777778,0.331617586063318
5.32291666666667,0.346100643961208
5.32430555555556,0.404047344987505
5.32569444444444,0.397337738013852
5.32708333333333,0.366676852187191
5.32847222222222,0.334055313716695
5.32986111111111,0.403988411904324
5.33125,0.358530533830298
5.33263888888889,0.239183375435725
5.33402777777778,0.322761398666208
5.33541666666667,0.339779505020916
5.33680555555556,0.289659103465655
5.33819444444444,0.292083861721522
5.33958333333333,0.321196326984338
5.34097222222222,0.340662509175929
5.34236111111111,0.353963816586259
5.34375,0.361260638593024
5.34513888888889,0.280004701454155
5.34652777777778,0.326939390947601
5.34791666666667,0.359236868771704
5.34930555555556,0.361052946665326
5.35069444444444,0.31466284294392
5.35208333333333,0.299376713581075
5.35347222222222,0.263286968338349
5.35486111111111,0.240443601064214
5.35625,0.269130321992874
5.35763888888889,0.346874771406392
5.35902777777778,0.291393869820134
5.36041666666667,0.312019067897967
5.36180555555556,0.279875833339897
5.36319444444444,0.292234481300819
5.36458333333333,0.283122099772882
5.36597222222222,0.342416908072626
5.36736111111111,0.324766811581473
5.36875,0.245028983600467
5.37013888888889,0.225652165247406
5.37152777777778,0.207671768736538
5.37291666666667,0.192627175123608
5.37430555555556,0.187095098308075
5.37569444444444,0.222662009189542
5.37708333333333,0.246486572591342
5.37847222222222,0.20781009800745
5.37986111111111,0.271337430377727
5.38125,0.348294569830907
5.38263888888889,0.359348310277398
5.38402777777778,0.301810055253853
5.38541666666667,0.322869939316805
5.38680555555556,0.377355440691024
5.38819444444444,0.332226523718724
5.38958333333333,0.274174316556445
5.39097222222222,0.291244352453702
5.39236111111111,0.386942963281703
5.39375,0.333903091188125
5.39513888888889,0.284862759826107
5.39652777777778,0.304205680959626
5.39791666666667,0.322158313980517
5.39930555555556,0.265663797567773
5.40069444444444,0.306580866904716
5.40208333333333,0.295511458346945
5.40347222222222,0.275504312496248
5.40486111111111,0.244114548819057
5.40625,0.320178288442079
5.40763888888889,0.303283391926651
5.40902777777778,0.300446799391818
5.41041666666667,0.355341347008262
5.41180555555556,0.386295939546455
5.41319444444444,0.379344473162017
5.41458333333333,0.349029521878709
5.41597222222222,0.418043018641465
5.41736111111111,0.325482933612588
5.41875,0.407053873073317
5.42013888888889,0.376572963202661
5.42152777777778,0.332760964586231
5.42291666666667,0.376682786686748
5.42430555555556,0.326894695241611
5.42569444444444,0.345117497642065
5.42708333333333,0.321528262011113
5.42847222222222,0.325300742584008
5.42986111111111,0.317689878180142
5.43125,0.328129967916768
5.43263888888889,0.304415494187276
5.43402777777778,0.272089613878143
5.43541666666667,0.242900944779755
5.43680555555556,0.324483640055292
5.43819444444444,0.260522699656293
5.43958333333333,0.235449090341123
5.44097222222222,0.257394073737067
5.44236111111111,0.229649725846896
5.44375,0.251583230865855
5.44513888888889,0.269264553580882
5.44652777777778,0.26765397337751
5.44791666666667,0.267823535663595
5.44930555555556,0.232216371679083
5.45069444444444,0.19170167687216
5.45208333333333,0.206045215527379
5.45347222222222,0.209356540457977
5.45486111111111,0.242410277590111
5.45625,0.251936261052878
5.45763888888889,0.264482463833119
5.45902777777778,0.281005121044622
5.46041666666667,0.257845025670982
5.46180555555556,0.263937150442976
5.46319444444444,0.240945086400865
5.46458333333333,0.213840432437899
5.46597222222222,0.258637403711703
5.46736111111111,0.225288367176446
5.46875,0.220613667197051
5.47013888888889,0.207224648182263
5.47152777777778,0.228723015655689
5.47291666666667,0.172028282040121
5.47430555555556,0.225177687345402
5.47569444444444,0.226404284039776
5.47708333333333,0.263613837364982
5.47847222222222,0.233835896655991
5.47986111111111,0.221094940790852
5.48125,0.27283954862117
5.48263888888889,0.212829010942558
5.48402777777778,0.219267552837772
5.48541666666667,0.28264336744243
5.48680555555556,0.281080892006159
5.48819444444444,0.245369972863646
5.48958333333333,0.228848439859991
5.49097222222222,0.277766249672636
5.49236111111111,0.191085964163439
5.49375,0.229928171018617
5.49513888888889,0.270025249922697
5.49652777777778,0.277990419994085
5.49791666666667,0.383633242591296
5.49930555555556,0.383436419461761
5.50069444444444,0.336310770025547
5.50208333333333,0.25009602030435
5.50347222222222,0.287551002688021
5.50486111111111,0.248481998315254
5.50625,0.330006636542215
5.50763888888889,0.317944804514871
5.50902777777778,0.260196354627229
5.51041666666667,0.239253490803533
5.51180555555556,0.286971327866171
5.51319444444444,0.309847969707369
5.51458333333333,0.249808784832385
5.51597222222222,0.345138122042438
5.51736111111111,0.307327809682487
5.51875,0.306315661258541
5.52013888888889,0.320515957401823
5.52152777777778,0.282002941858651
5.52291666666667,0.253749020120506
5.52430555555556,0.26763224003681
5.52569444444444,0.303412116407321
5.52708333333333,0.254858683422008
5.52847222222222,0.260087814332835
5.52986111111111,0.267344349736753
5.53125,0.260425787811063
5.53263888888889,0.244526760423006
5.53402777777778,0.290781255413602
5.53541666666667,0.239607167973458
5.53680555555556,0.370162741157863
5.53819444444444,0.350188114721728
5.53958333333333,0.338926977756457
5.54097222222222,0.340003075884778
5.54236111111111,0.335453315078982
5.54375,0.279990110231882
5.54513888888889,0.263501089056075
5.54652777777778,0.318396497306994
5.54791666666667,0.240380847668145
5.54930555555556,0.209432917201472
5.55069444444444,0.241038506428428
5.55208333333333,0.294373779841554
5.55347222222222,0.276806250725032
5.55486111111111,0.289482990201843
5.55625,0.207696521238436
5.55763888888889,0.276154303248288
5.55902777777778,0.309738810962743
5.56041666666667,0.349818104814309
5.56180555555556,0.274211098166999
5.56319444444444,0.340866820594518
5.56458333333333,0.263500024835441
5.56597222222222,0.247410764626175
5.56736111111111,0.311394429955933
5.56875,0.390261124776525
5.57013888888889,0.295396996927599
5.57152777777778,0.220729701195594
5.57291666666667,0.251167945000798
5.57430555555556,0.257191397858561
5.57569444444444,0.185660444924672
5.57708333333333,0.213690485656554
5.57847222222222,0.211464110125516
5.57986111111111,0.197275278042855
5.58125,0.229782116575494
5.58263888888889,0.259079559487758
5.58402777777778,0.26674534274488
5.58541666666667,0.196394486429722
5.58680555555556,0.276509236220956
5.58819444444444,0.208399358465138
5.58958333333333,0.242913646100421
5.59097222222222,0.297343005449742
5.59236111111111,0.21764230716562
5.59375,0.299233657585924
5.59513888888889,0.26799599996334
5.59652777777778,0.276185972964816
5.59791666666667,0.25882985999359
5.59930555555556,0.314389139400106
5.60069444444444,0.303512042072453
5.60208333333333,0.273498490786626
5.60347222222222,0.275009239783257
5.60486111111111,0.273666806584816
5.60625,0.293130228719394
5.60763888888889,0.282879506744539
5.60902777777778,0.188202982401156
5.61041666666667,0.254740105730452
5.61180555555556,0.241317232751161
5.61319444444444,0.226424811073336
5.61458333333333,0.258987774245193
5.61597222222222,0.228914031367562
5.61736111111111,0.252815150534284
5.61875,0.224795639230564
5.62013888888889,0.224202089694228
5.62152777777778,0.287682902541582
5.62291666666667,0.23543875658888
5.62430555555556,0.278210975401676
5.62569444444444,0.288260440424527
5.62708333333333,0.295676614241888
5.62847222222222,0.198532408382581
5.62986111111111,0.267320995846805
5.63125,0.276934706168259
5.63263888888889,0.316445845708753
5.63402777777778,0.281643596496754
5.63541666666667,0.279037125289163
5.63680555555556,0.320908266702094
5.63819444444444,0.353253443817555
5.63958333333333,0.294870577076639
5.64097222222222,0.30824171049746
5.64236111111111,0.321947699014728
5.64375,0.376788318924232
5.64513888888889,0.38489917115784
5.64652777777778,0.299354049080531
5.64791666666667,0.267132223799165
5.64930555555556,0.217047006288521
5.65069444444444,0.227402723851772
5.65208333333333,0.247634165262116
5.65347222222222,0.338601659820129
5.65486111111111,0.292140558920031
5.65625,0.292335131552313
5.65763888888889,0.350198458792426
5.65902777777778,0.33283280740765
5.66041666666667,0.359337077910579
5.66180555555556,0.340308091970307
5.66319444444444,0.371794397576277
5.66458333333333,0.3748680008516
5.66597222222222,0.319442113488769
5.66736111111111,0.263794936138186
5.66875,0.278031711599872
5.67013888888889,0.331867826931173
5.67152777777778,0.363368092409436
5.67291666666667,0.302724162671493
5.67430555555556,0.264817346020923
5.67569444444444,0.295230534345716
5.67708333333333,0.224107435528955
5.67847222222222,0.267851999981416
5.67986111111111,0.28863216035464
5.68125,0.343762357430449
5.68263888888889,0.292896905603394
5.68402777777778,0.271055604000214
5.68541666666667,0.253151463941921
5.68680555555556,0.268056646681438
5.68819444444444,0.256346160867478
5.68958333333333,0.315353766672676
5.69097222222222,0.32354799648942
5.69236111111111,0.293863158182195
5.69375,0.238547593520136
5.69513888888889,0.232762988010524
5.69652777777778,0.17579744170232
5.69791666666667,0.187531233040977
5.69930555555556,0.148339230821741
5.70069444444444,0.221843368379883
5.70208333333333,0.208648130257205
5.70347222222222,0.279833453058753
5.70486111111111,0.257254563256762
5.70625,0.231335543749417
5.70763888888889,0.277466235368036
5.70902777777778,0.21743718800286
5.71041666666667,0.183415073512772
5.71180555555556,0.148473358481284
5.71319444444444,0.159142800629783
5.71458333333333,0.151837189816353
5.71597222222222,0.128720829970872
5.71736111111111,0.171099561614889
5.71875,0.199692830257828
5.72013888888889,0.22808128028371
5.72152777777778,0.206133160485321
5.72291666666667,0.246385580861131
5.72430555555556,0.214565765920836
5.72569444444444,0.230955088402413
5.72708333333333,0.264737495717339
5.72847222222222,0.236901346937066
5.72986111111111,0.248690028640834
5.73125,0.185976400119023
5.73263888888889,0.180653859613071
5.73402777777778,0.170536512178418
5.73541666666667,0.230295959522836
5.73680555555556,0.247112870460318
5.73819444444444,0.189572823155957
5.73958333333333,0.184081352920802
5.74097222222222,0.194825007769025
5.74236111111111,0.171016762475095
5.74375,0.146624947537336
5.74513888888889,0.185743303142716
5.74652777777778,0.161589337194847
5.74791666666667,0.188903960645249
5.74930555555556,0.15313193871459
5.75069444444444,0.167696893456012
5.75208333333333,0.165802255166248
5.75347222222222,0.167244147245935
5.75486111111111,0.131244128294047
5.75625,0.17118050033296
5.75763888888889,0.195278521439162
5.75902777777778,0.233569306399611
5.76041666666667,0.157046989090685
5.76180555555556,0.142880793234166
5.76319444444444,0.139336114888118
5.76458333333333,0.225126398310063
5.76597222222222,0.188683663284325
5.76736111111111,0.141401385618307
5.76875,0.202964263087225
5.77013888888889,0.152604425267235
5.77152777777778,0.127467857492022
5.77291666666667,0.202217150224728
5.77430555555556,0.220215023124721
5.77569444444444,0.211367845694937
5.77708333333333,0.209802053544064
5.77847222222222,0.212528571967561
5.77986111111111,0.200718178779707
5.78125,0.167501104130489
5.78263888888889,0.17275848255375
5.78402777777778,0.172918463450064
5.78541666666667,0.248769612721613
5.78680555555556,0.240280288873111
5.78819444444444,0.269425242843321
5.78958333333333,0.242153371427802
5.79097222222222,0.190605750888082
5.79236111111111,0.193879488042756
5.79375,0.215074420419051
5.79513888888889,0.190108764520129
5.79652777777778,0.223406509572693
5.79791666666667,0.155637559734534
5.79930555555556,0.227745386448756
5.80069444444444,0.213042918211763
5.80208333333333,0.18679107224624
5.80347222222222,0.22005931465453
5.80486111111111,0.304512919911729
5.80625,0.295783445274539
5.80763888888889,0.258182821371929
5.80902777777778,0.305942154034211
5.81041666666667,0.294725218659752
5.81180555555556,0.264833557368629
5.81319444444444,0.229757030377256
5.81458333333333,0.247583337335124
5.81597222222222,0.247520822229451
5.81736111111111,0.232033610394183
5.81875,0.199682670626953
5.82013888888889,0.286732477356901
5.82152777777778,0.213611052293991
5.82291666666667,0.183702604346272
5.82430555555556,0.195044532612942
5.82569444444444,0.153800637177578
5.82708333333333,0.218831779086861
5.82847222222222,0.200824282343399
5.82986111111111,0.186395990269736
5.83125,0.184198503615968
5.83263888888889,0.212698345736494
5.83402777777778,0.188726712616546
5.83541666666667,0.162005448958001
5.83680555555556,0.157116298425813
5.83819444444444,0.168340174697663
5.83958333333333,0.191707728550666
5.84097222222222,0.196335743045788
5.84236111111111,0.188779745212325
5.84375,0.23304006422302
5.84513888888889,0.257963456833213
5.84652777777778,0.223421793834219
5.84791666666667,0.193290944241355
5.84930555555556,0.207889378181339
5.85069444444444,0.229570773165728
5.85208333333333,0.23390084487459
5.85347222222222,0.216779654676956
5.85486111111111,0.197346805906159
5.85625,0.218687138374922
5.85763888888889,0.17508045918234
5.85902777777778,0.177709343559398
5.86041666666667,0.22209225343827
5.86180555555556,0.225816212888424
5.86319444444444,0.158554900455935
5.86458333333333,0.191865995079629
5.86597222222222,0.210079168738774
5.86736111111111,0.232968515795409
5.86875,0.196418021870369
5.87013888888889,0.174006149878438
5.87152777777778,0.189069144535643
5.87291666666667,0.212720396986421
5.87430555555556,0.144220712726913
5.87569444444444,0.171327207056167
5.87708333333333,0.157192337122133
5.87847222222222,0.237035980408327
5.87986111111111,0.251913141850245
5.88125,0.24740902989411
5.88263888888889,0.167547745975926
5.88402777777778,0.170291989455921
5.88541666666667,0.179272033418931
5.88680555555556,0.116229329853117
5.88819444444444,0.165679820586345
5.88958333333333,0.137798192684431
5.89097222222222,0.149662334423912
5.89236111111111,0.186099529292521
5.89375,0.118420316974747
5.89513888888889,0.153169723317294
5.89652777777778,0.114751280926093
5.89791666666667,0.0675427300141481
5.89930555555556,0.0809942350836468
5.90069444444444,0.156247075254354
5.90208333333333,0.216128918370016
5.90347222222222,0.267930520464987
5.90486111111111,0.271885382201002
5.90625,0.213232689582087
5.90763888888889,0.179491607569139
5.90902777777778,0.200150239686847
5.91041666666667,0.227133129206883
5.91180555555556,0.225092896604058
5.91319444444444,0.224082659125336
5.91458333333333,0.269245595723646
5.91597222222222,0.240889687482352
5.91736111111111,0.259056587483183
5.91875,0.203521054341823
5.92013888888889,0.175371976248712
5.92152777777778,0.227579504646371
5.92291666666667,0.259671571266477
5.92430555555556,0.308660820120913
5.92569444444444,0.297081478097559
5.92708333333333,0.333849661045071
5.92847222222222,0.338821408935464
5.92986111111111,0.291464998481952
5.93125,0.271285254304078
5.93263888888889,0.265635028694362
5.93402777777778,0.273038959209597
5.93541666666667,0.249102219877318
5.93680555555556,0.220924471311469
5.93819444444444,0.214198535980561
5.93958333333333,0.198388548995403
5.94097222222222,0.230486339087385
5.94236111111111,0.25628244627194
5.94375,0.21810366758576
5.94513888888889,0.215065837089564
5.94652777777778,0.260456792350081
5.94791666666667,0.203521216942813
5.94930555555556,0.258012631617499
5.95069444444444,0.331774801236987
5.95208333333333,0.233429889573307
5.95347222222222,0.317898365397856
5.95486111111111,0.326990519420798
5.95625,0.287559944716559
5.95763888888889,0.314806821494808
5.95902777777778,0.263305697252879
5.96041666666667,0.285077168281203
5.96180555555556,0.148727731942513
5.96319444444444,0.244287589244402
5.96458333333333,0.284815275868294
5.96597222222222,0.287386006208437
5.96736111111111,0.340754142975597
5.96875,0.351782493496753
5.97013888888889,0.294477076345562
5.97152777777778,0.256744606831111
5.97291666666667,0.270624182557741
5.97430555555556,0.300988400387838
5.97569444444444,0.251179267248763
5.97708333333333,0.259259165730113
5.97847222222222,0.277397317763768
5.97986111111111,0.323864800675562
5.98125,0.282328846290378
5.98263888888889,0.2532856209653
5.98402777777778,0.30989489568281
5.98541666666667,0.329807060988718
5.98680555555556,0.310178169005254
5.98819444444444,0.272085831759546
5.98958333333333,0.195158272004417
5.99097222222222,0.214265764951719
5.99236111111111,0.298422872920897
5.99375,0.209251722736309
5.99513888888889,0.194250070460911
5.99652777777778,0.232543297432574
5.99791666666667,0.152004642085693
5.99930555555556,0.191760973298708
6.00069444444444,0.208962004285939
6.00208333333333,0.282183548067166
6.00347222222222,0.283488421741512
6.00486111111111,0.311538894255394
6.00625,0.286288069627099
6.00763888888889,0.252723874575217
6.00902777777778,0.278981613164814
6.01041666666667,0.218006210688716
6.01180555555556,0.285381004387281
6.01319444444444,0.32395330125773
6.01458333333333,0.268433835743449
6.01597222222222,0.30786304896107
6.01736111111111,0.221049988997349
6.01875,0.324082014749844
6.02013888888889,0.240431314985777
6.02152777777778,0.245489990150364
6.02291666666667,0.308777993228019
6.02430555555556,0.254915938722992
6.02569444444444,0.248688080220222
6.02708333333333,0.282958468101297
6.02847222222222,0.185438132990461
6.02986111111111,0.258252651740106
6.03125,0.268153204450469
6.03263888888889,0.195517551580947
6.03402777777778,0.168579547413815
6.03541666666667,0.130271089192392
6.03680555555556,0.151277104053562
6.03819444444444,0.240527148918883
6.03958333333333,0.295801428395779
6.04097222222222,0.264260560170364
6.04236111111111,0.280992832401175
6.04375,0.277189145447982
6.04513888888889,0.291727520528008
6.04652777777778,0.408646397827766
6.04791666666667,0.453739590885532
6.04930555555556,0.428896640354481
6.05069444444444,0.361236114911187
6.05208333333333,0.361360544239744
6.05347222222222,0.388056575888928
6.05486111111111,0.420445060790834
6.05625,0.389052021225728
6.05763888888889,0.390014713065705
6.05902777777778,0.323400505974179
6.06041666666667,0.307866486987579
6.06180555555556,0.34462937719828
6.06319444444444,0.346057567362532
6.06458333333333,0.297310231243675
6.06597222222222,0.292283846362651
6.06736111111111,0.367990422426521
6.06875,0.366783141087635
6.07013888888889,0.314877673636434
6.07152777777778,0.291467306462832
6.07291666666667,0.398008296607444
6.07430555555556,0.38337526684427
6.07569444444444,0.411047101963251
6.07708333333333,0.433731637955089
6.07847222222222,0.399736234177765
6.07986111111111,0.34808460476713
6.08125,0.414797191965822
6.08263888888889,0.395042222570623
6.08402777777778,0.276326870786571
6.08541666666667,0.350314666473946
6.08680555555556,0.322821125910346
6.08819444444444,0.380148942127568
6.08958333333333,0.359637753825717
6.09097222222222,0.314013512888613
6.09236111111111,0.294844507921688
6.09375,0.277853196008253
6.09513888888889,0.2855762059817
6.09652777777778,0.316077816385808
6.09791666666667,0.303846297233735
6.09930555555556,0.313316320347516
6.10069444444444,0.304047075109819
6.10208333333333,0.354997315282637
6.10347222222222,0.271597956984713
6.10486111111111,0.271362560824351
6.10625,0.272689972749361
6.10763888888889,0.31635475486701
6.10902777777778,0.292064078095867
6.11041666666667,0.292801699446525
6.11180555555556,0.30550333726816
6.11319444444444,0.23904346838596
6.11458333333333,0.295166277387591
6.11597222222222,0.272505016559215
6.11736111111111,0.296709461254405
6.11875,0.316182434062642
6.12013888888889,0.257594574985392
6.12152777777778,0.263538529665109
6.12291666666667,0.271107163461545
6.12430555555556,0.302927753350343
6.12569444444444,0.310954972118063
6.12708333333333,0.302048973190093
6.12847222222222,0.235987912752259
6.12986111111111,0.295258345063667
6.13125,0.297885665183251
6.13263888888889,0.336810997793893
6.13402777777778,0.305352033142514
6.13541666666667,0.301270500969629
6.13680555555556,0.255657665465109
6.13819444444444,0.303712891003217
6.13958333333333,0.30230622002863
6.14097222222222,0.269266932198731
6.14236111111111,0.243938490522006
6.14375,0.239241625000851
6.14513888888889,0.24454616436898
6.14652777777778,0.304818136320638
6.14791666666667,0.345841888066775
6.14930555555556,0.355258479142849
6.15069444444444,0.322360308917203
6.15208333333333,0.325609832189519
6.15347222222222,0.344394742033357
6.15486111111111,0.280542800661372
6.15625,0.31794411621474
6.15763888888889,0.265656199284389
6.15902777777778,0.266193136810412
6.16041666666667,0.273082703163567
6.16180555555556,0.330482276148256
6.16319444444444,0.342457339645154
6.16458333333333,0.279045047858384
6.16597222222222,0.393624399852385
6.16736111111111,0.339947573397569
6.16875,0.343442330065838
6.17013888888889,0.319234674122417
6.17152777777778,0.361663937046334
6.17291666666667,0.343088486872941
6.17430555555556,0.341392350969048
6.17569444444444,0.33032507061747
6.17708333333333,0.313154794330572
6.17847222222222,0.282186349063685
6.17986111111111,0.359217884459741
6.18125,0.324543559221187
6.18263888888889,0.290397881101141
6.18402777777778,0.269979177533795
6.18541666666667,0.300169939037036
6.18680555555556,0.322179037021575
6.18819444444444,0.328030285350635
6.18958333333333,0.350431445987518
6.19097222222222,0.338672269171306
6.19236111111111,0.357413469217804
6.19375,0.297113276956693
6.19513888888889,0.228107167112898
6.19652777777778,0.31660753176101
6.19791666666667,0.234620163113296
6.19930555555556,0.292489278353657
6.20069444444444,0.306951687013941
6.20208333333333,0.246988106327471
6.20347222222222,0.262520581783164
6.20486111111111,0.24708004804963
6.20625,0.253643691853763
6.20763888888889,0.26084445075995
6.20902777777778,0.269887505720367
6.21041666666667,0.33845872743716
6.21180555555556,0.247547157006213
6.21319444444444,0.228136727507023
6.21458333333333,0.305821866464362
6.21597222222222,0.282025606430538
6.21736111111111,0.304525448435073
6.21875,0.337914694011923
6.22013888888889,0.303810208957761
6.22152777777778,0.321481911407712
6.22291666666667,0.263865637689721
6.22430555555556,0.284392471293185
6.22569444444444,0.292768247070364
6.22708333333333,0.370797324439647
6.22847222222222,0.321617807560266
6.22986111111111,0.318290641757541
6.23125,0.325667319549723
6.23263888888889,0.374187045783833
6.23402777777778,0.328027415186697
6.23541666666667,0.402722014508095
6.23680555555556,0.331405428522541
6.23819444444444,0.331490136780358
6.23958333333333,0.329932577645837
6.24097222222222,0.349568369149749
6.24236111111111,0.4151822468359
6.24375,0.407483371376325
6.24513888888889,0.462357971410405
6.24652777777778,0.342394732864908
6.24791666666667,0.367838471723303
6.24930555555556,0.306222813070373
6.25069444444444,0.334887059335217
6.25208333333333,0.315454767685013
6.25347222222222,0.316983176910994
6.25486111111111,0.260356908718628
6.25625,0.33222248208508
6.25763888888889,0.400555615172229
6.25902777777778,0.329127931175363
6.26041666666667,0.323030730686876
6.26180555555556,0.381163326684626
6.26319444444444,0.385207526148044
6.26458333333333,0.385606771796377
6.26597222222222,0.401224718923208
6.26736111111111,0.400360520223987
6.26875,0.401805048628506
6.27013888888889,0.367006251767104
6.27152777777778,0.423242862007677
6.27291666666667,0.423444328518471
6.27430555555556,0.393108316978175
6.27569444444444,0.342583635983233
6.27708333333333,0.349747031000305
6.27847222222222,0.371164976995689
6.27986111111111,0.416322919318751
6.28125,0.355236505112605
6.28263888888889,0.395682933924611
6.28402777777778,0.434245840543986
6.28541666666667,0.405661067889131
6.28680555555556,0.359077995036916
6.28819444444444,0.381498507589564
6.28958333333333,0.353310507962657
6.29097222222222,0.359263114182636
6.29236111111111,0.37213773932133
6.29375,0.354637915323781
6.29513888888889,0.314628225189633
6.29652777777778,0.345441011284515
6.29791666666667,0.340754241241738
6.29930555555556,0.283927054247845
6.30069444444444,0.320146276195847
6.30208333333333,0.267894425876824
6.30347222222222,0.2519567174661
6.30486111111111,0.310933330216333
6.30625,0.277885356003175
6.30763888888889,0.275830676171016
6.30902777777778,0.322664455245696
6.31041666666667,0.285854294586602
6.31180555555556,0.332335040578009
6.31319444444444,0.316039671952337
6.31458333333333,0.292381243029301
6.31597222222222,0.256778476997202
6.31736111111111,0.322499262254303
6.31875,0.303107904604768
6.32013888888889,0.309893210751626
6.32152777777778,0.287092610440605
6.32291666666667,0.272999153854994
6.32430555555556,0.211930923981225
6.32569444444444,0.249598096717363
6.32708333333333,0.25884403920635
6.32847222222222,0.235103354796926
6.32986111111111,0.260662607555957
6.33125,0.306484653682513
6.33263888888889,0.291552520911345
6.33402777777778,0.282505633277998
6.33541666666667,0.360525307784408
6.33680555555556,0.371081319777894
6.33819444444444,0.315023640212097
6.33958333333333,0.296506650885869
6.34097222222222,0.333439839631218
6.34236111111111,0.32991454033472
6.34375,0.304963616511207
6.34513888888889,0.270211816533005
6.34652777777778,0.244630372724284
6.34791666666667,0.25761675621661
6.34930555555556,0.316062303641601
6.35069444444444,0.276312170367321
6.35208333333333,0.246417262235891
6.35347222222222,0.278970989969578
6.35486111111111,0.311163747636584
6.35625,0.326305266830309
6.35763888888889,0.281767815141113
6.35902777777778,0.320456221685978
6.36041666666667,0.268657767058693
6.36180555555556,0.274287646871374
6.36319444444444,0.271260429578788
6.36458333333333,0.297606917164066
6.36597222222222,0.297509189919601
6.36736111111111,0.220279306111509
6.36875,0.310486751869142
6.37013888888889,0.179057705933477
6.37152777777778,0.27411934706745
6.37291666666667,0.260205225152216
6.37430555555556,0.247080764877896
6.37569444444444,0.299417099812597
6.37708333333333,0.299914994305725
6.37847222222222,0.281998083815008
6.37986111111111,0.29878824519886
6.38125,0.291339994130865
6.38263888888889,0.300315432984881
6.38402777777778,0.232195945508648
6.38541666666667,0.344114834959091
6.38680555555556,0.260517975558433
6.38819444444444,0.336504779489184
6.38958333333333,0.355320090305094
6.39097222222222,0.349966956600205
6.39236111111111,0.408642776549194
6.39375,0.375567586919567
6.39513888888889,0.310589340405025
6.39652777777778,0.280876240532879
6.39791666666667,0.339657294325305
6.39930555555556,0.318749385290988
6.40069444444444,0.375010768610026
6.40208333333333,0.386487192864553
6.40347222222222,0.387545864120287
6.40486111111111,0.315012440653483
6.40625,0.354728167777044
6.40763888888889,0.372707232784984
6.40902777777778,0.38200622734323
6.41041666666667,0.358927066074137
6.41180555555556,0.362940716941863
6.41319444444444,0.376531204276376
6.41458333333333,0.389038020772262
6.41597222222222,0.383341293966517
6.41736111111111,0.343578312804909
6.41875,0.317387502657883
6.42013888888889,0.396625511542816
6.42152777777778,0.273729829534911
6.42291666666667,0.255075918687944
6.42430555555556,0.324966571992636
6.42569444444444,0.353273422751827
6.42708333333333,0.32044989856756
6.42847222222222,0.345247822046191
6.42986111111111,0.373184413616931
6.43125,0.352780176267247
6.43263888888889,0.35878713270383
6.43402777777778,0.356807887898661
6.43541666666667,0.354157472310224
6.43680555555556,0.345950016663099
6.43819444444444,0.391239509549056
6.43958333333333,0.321767563992446
6.44097222222222,0.226326287824931
6.44236111111111,0.218582870867535
6.44375,0.220172983684072
6.44513888888889,0.295707125615261
6.44652777777778,0.222900711095492
6.44791666666667,0.299824652407543
6.44930555555556,0.297726042559294
6.45069444444444,0.258107091973576
6.45208333333333,0.292668469849358
6.45347222222222,0.243680806908597
6.45486111111111,0.242219787619336
6.45625,0.2164940432698
6.45763888888889,0.26360904042444
6.45902777777778,0.351628522247924
6.46041666666667,0.299034593131443
6.46180555555556,0.322709752999243
6.46319444444444,0.371236884912872
6.46458333333333,0.309631002059784
6.46597222222222,0.375341819248948
6.46736111111111,0.320937457225955
6.46875,0.28005308556611
6.47013888888889,0.339198024121791
6.47152777777778,0.25852971012859
6.47291666666667,0.312780066418724
6.47430555555556,0.317107816075184
6.47569444444444,0.324326762785698
6.47708333333333,0.311508799116537
6.47847222222222,0.32889421443499
6.47986111111111,0.34866915506845
6.48125,0.249177540041574
6.48263888888889,0.326033335951137
6.48402777777778,0.370549187009397
6.48541666666667,0.334829171004313
6.48680555555556,0.34479887228584
6.48819444444444,0.395515653445154
6.48958333333333,0.336321413148174
6.49097222222222,0.342488982393054
6.49236111111111,0.312114090713105
6.49375,0.368796718886901
6.49513888888889,0.387164942792963
6.49652777777778,0.368350425348211
6.49791666666667,0.374473810052592
6.49930555555556,0.295564665135616
6.50069444444444,0.38736226143738
6.50208333333333,0.376956602691488
6.50347222222222,0.344408958422744
6.50486111111111,0.342883005593071
6.50625,0.331292050386084
6.50763888888889,0.266641036810495
6.50902777777778,0.268091091102536
6.51041666666667,0.323420016474807
6.51180555555556,0.361127421914078
6.51319444444444,0.273953520413292
6.51458333333333,0.380969179919868
6.51597222222222,0.397566811007625
6.51736111111111,0.363777069532069
6.51875,0.398985914610943
6.52013888888889,0.398637511725473
6.52152777777778,0.40912403333572
6.52291666666667,0.389109133153099
6.52430555555556,0.335384637280555
6.52569444444444,0.355705615632727
6.52708333333333,0.377063240390971
6.52847222222222,0.397000124575978
6.52986111111111,0.374898315435566
6.53125,0.436722202097548
6.53263888888889,0.434077906312459
6.53402777777778,0.339817568830849
6.53541666666667,0.315708838709714
6.53680555555556,0.28217650243602
6.53819444444444,0.361398029068021
6.53958333333333,0.349685589567699
6.54097222222222,0.37481189113862
6.54236111111111,0.371450995827898
6.54375,0.359686936010922
6.54513888888889,0.378154374267898
6.54652777777778,0.291835400198294
6.54791666666667,0.299845018281405
6.54930555555556,0.334763767731227
6.55069444444444,0.337450839602663
6.55208333333333,0.2497109810295
6.55347222222222,0.275802825174703
6.55486111111111,0.297371642621553
6.55625,0.376324549686956
6.55763888888889,0.331886476647201
6.55902777777778,0.331954421196556
6.56041666666667,0.339600731471804
6.56180555555556,0.267120720744465
6.56319444444444,0.31705320563606
6.56458333333333,0.306528143789019
6.56597222222222,0.349498520402801
6.56736111111111,0.265139521245502
6.56875,0.293028498878523
6.57013888888889,0.336130826668272
6.57152777777778,0.283716507654433
6.57291666666667,0.211134994135542
6.57430555555556,0.227212794235456
6.57569444444444,0.278164150531296
6.57708333333333,0.266825562695514
6.57847222222222,0.300047723451066
6.57986111111111,0.348449511179913
6.58125,0.3667197731513
6.58263888888889,0.280254224448231
6.58402777777778,0.279246603118996
6.58541666666667,0.252271341251726
6.58680555555556,0.228205558089759
6.58819444444444,0.287676562692306
6.58958333333333,0.22617433180703
6.59097222222222,0.274367972457534
6.59236111111111,0.339219069198069
6.59375,0.307421634684399
6.59513888888889,0.331766554402518
6.59652777777778,0.305181241875649
6.59791666666667,0.38853369542128
6.59930555555556,0.333082823700532
6.60069444444444,0.337629189343772
6.60208333333333,0.345893931665631
6.60347222222222,0.293227567187477
6.60486111111111,0.345184544827245
6.60625,0.361053144017172
6.60763888888889,0.3087415689285
6.60902777777778,0.314582137533871
6.61041666666667,0.268623257754145
6.61180555555556,0.272620872957888
6.61319444444444,0.232304048142768
6.61458333333333,0.234979420652754
6.61597222222222,0.346614168756865
6.61736111111111,0.30472909968827
6.61875,0.330971995898274
6.62013888888889,0.284025710824595
6.62152777777778,0.347389041180411
6.62291666666667,0.312772678358586
6.62430555555556,0.360397237856043
6.62569444444444,0.324139499719229
6.62708333333333,0.284906132609234
6.62847222222222,0.350903732764956
6.62986111111111,0.302191437453687
6.63125,0.25721737499059
6.63263888888889,0.267899531829882
6.63402777777778,0.331011180453348
6.63541666666667,0.328075053969584
6.63680555555556,0.317204987238887
6.63819444444444,0.272830076770986
6.63958333333333,0.295198335006467
6.64097222222222,0.283310173333734
6.64236111111111,0.262308565756135
6.64375,0.306566221538169
6.64513888888889,0.352802915925501
6.64652777777778,0.316926141014572
6.64791666666667,0.354589506036384
6.64930555555556,0.328972532019987
6.65069444444444,0.267644666634558
6.65208333333333,0.303712001179322
6.65347222222222,0.296876262601498
6.65486111111111,0.346646793867597
6.65625,0.351681039886867
6.65763888888889,0.218534554415681
6.65902777777778,0.195294236980558
6.66041666666667,0.235326009042152
6.66180555555556,0.260042075260339
6.66319444444444,0.321760081773049
6.66458333333333,0.289764678265146
6.66597222222222,0.231478666209695
6.66736111111111,0.288600727833365
6.66875,0.264200453017183
6.67013888888889,0.284421172113787
6.67152777777778,0.298932876523168
6.67291666666667,0.32483134994503
6.67430555555556,0.343302215848028
6.67569444444444,0.343780523372927
6.67708333333333,0.327865973983985
6.67847222222222,0.330214097247027
6.67986111111111,0.373660365335472
6.68125,0.376180363772758
6.68263888888889,0.359914159578673
6.68402777777778,0.223010416310041
6.68541666666667,0.250394845316033
6.68680555555556,0.274080041643103
6.68819444444444,0.224700508384007
6.68958333333333,0.235403375461469
6.69097222222222,0.265529227815156
6.69236111111111,0.286975046413076
6.69375,0.264151218954365
6.69513888888889,0.304339322319254
6.69652777777778,0.31814484014833
6.69791666666667,0.239451423545799
6.69930555555556,0.30794603696475
6.70069444444444,0.289055129066627
6.70208333333333,0.234381062360526
6.70347222222222,0.21153110214399
6.70486111111111,0.312570024101728
6.70625,0.301873276503294
6.70763888888889,0.33532880856723
6.70902777777778,0.348949614245491
6.71041666666667,0.316559155762926
6.71180555555556,0.277538823672007
6.71319444444444,0.307324338565631
6.71458333333333,0.249480353643622
6.71597222222222,0.267075763757276
6.71736111111111,0.318066726499266
6.71875,0.306780283333866
6.72013888888889,0.344606490021167
6.72152777777778,0.322375212235639
6.72291666666667,0.383156933531078
6.72430555555556,0.330335678954463
6.72569444444444,0.329544505889385
6.72708333333333,0.359905411229875
6.72847222222222,0.297734696896689
6.72986111111111,0.284843162204952
6.73125,0.316105177422369
6.73263888888889,0.369996819022259
6.73402777777778,0.290705305279609
6.73541666666667,0.329524099778572
6.73680555555556,0.374243769004639
6.73819444444444,0.34056833108791
6.73958333333333,0.381967922757705
6.74097222222222,0.415690606730594
6.74236111111111,0.387574868989974
6.74375,0.351817087931531
6.74513888888889,0.402445204000828
6.74652777777778,0.319432133207767
6.74791666666667,0.392228844710993
6.74930555555556,0.38396308745316
6.75069444444444,0.433585685879783
6.75208333333333,0.374552881970667
6.75347222222222,0.362418778978452
6.75486111111111,0.396791821294585
6.75625,0.311399086418552
6.75763888888889,0.344457590144562
6.75902777777778,0.310243079713414
6.76041666666667,0.34955039166085
6.76180555555556,0.357183189550468
6.76319444444444,0.313555952077163
6.76458333333333,0.318572871571361
6.76597222222222,0.289133461989837
6.76736111111111,0.335799033932733
6.76875,0.322953157801975
6.77013888888889,0.369102230086177
6.77152777777778,0.294702516852276
6.77291666666667,0.370745841391221
6.77430555555556,0.357848234291304
6.77569444444444,0.250157733678789
6.77708333333333,0.286310187400206
6.77847222222222,0.379742152549169
6.77986111111111,0.260991348758708
6.78125,0.320584702345705
6.78263888888889,0.305120985222688
6.78402777777778,0.349368243380935
6.78541666666667,0.267641735502781
6.78680555555556,0.278072257046145
6.78819444444444,0.286442216155231
6.78958333333333,0.325909009214374
6.79097222222222,0.293944032558462
6.79236111111111,0.284734468063284
6.79375,0.31471984473336
6.79513888888889,0.398327040332344
6.79652777777778,0.34927735918335
6.79791666666667,0.291547503246395
6.79930555555556,0.28388820267353
6.80069444444444,0.291333133115716
6.80208333333333,0.278837377326849
6.80347222222222,0.274557354552099
6.80486111111111,0.321299648131647
6.80625,0.249991514335974
6.80763888888889,0.328607982324811
6.80902777777778,0.255845090805389
6.81041666666667,0.288684724850679
6.81180555555556,0.271974523540166
6.81319444444444,0.249485455135964
6.81458333333333,0.262663796935394
6.81597222222222,0.260600521755474
6.81736111111111,0.320602471548107
6.81875,0.24109358825513
6.82013888888889,0.293564527815026
6.82152777777778,0.280318482188164
6.82291666666667,0.314178093639128
6.82430555555556,0.320419418031268
6.82569444444444,0.261872995045203
6.82708333333333,0.242370557825901
6.82847222222222,0.279860893689566
6.82986111111111,0.431211849780803
6.83125,0.358450174937993
6.83263888888889,0.37089516228182
6.83402777777778,0.31995536576345
6.83541666666667,0.264027031764595
6.83680555555556,0.287054101416471
6.83819444444444,0.365545946776723
6.83958333333333,0.370692771807226
6.84097222222222,0.352223509790779
6.84236111111111,0.272157057334063
6.84375,0.316898744307995
6.84513888888889,0.286308092749232
6.84652777777778,0.238731496546749
6.84791666666667,0.216280497167588
6.84930555555556,0.224462631197698
6.85069444444444,0.263078961941819
6.85208333333333,0.241415987891599
6.85347222222222,0.22635120739897
6.85486111111111,0.21237275984921
6.85625,0.208428253497937
6.85763888888889,0.2115186315491
6.85902777777778,0.290138002302437
6.86041666666667,0.278139350947056
6.86180555555556,0.283158257986405
6.86319444444444,0.310736039150331
6.86458333333333,0.233249505754541
6.86597222222222,0.293962253559708
6.86736111111111,0.310952054322039
6.86875,0.332388093788449
6.87013888888889,0.334510766117818
6.87152777777778,0.28685680488117
6.87291666666667,0.325222464124666
6.87430555555556,0.36993015355815
6.87569444444444,0.314618006356288
6.87708333333333,0.354354783441447
6.87847222222222,0.299122640816106
6.87986111111111,0.283727784596712
6.88125,0.303558909665178
6.88263888888889,0.30180296594163
6.88402777777778,0.230319677602774
6.88541666666667,0.294620854236059
6.88680555555556,0.359212522528846
6.88819444444444,0.319136652589816
6.88958333333333,0.289650574481318
6.89097222222222,0.337120915547123
6.89236111111111,0.255537363758405
6.89375,0.191163979552766
6.89513888888889,0.241853687301684
6.89652777777778,0.262837750701445
6.89791666666667,0.356535963740102
6.89930555555556,0.386662734673903
6.90069444444444,0.364536795241801
6.90208333333333,0.37649309664244
6.90347222222222,0.371577444984728
6.90486111111111,0.376230248580931
6.90625,0.385567382485041
6.90763888888889,0.348945213989424
6.90902777777778,0.315893459329212
6.91041666666667,0.296148526199421
6.91180555555556,0.317553336748241
6.91319444444444,0.375935296852807
6.91458333333333,0.333205281971722
6.91597222222222,0.312348011128678
6.91736111111111,0.331131406984918
6.91875,0.331070294173819
6.92013888888889,0.363457958508017
6.92152777777778,0.233003807470665
6.92291666666667,0.301884589918657
6.92430555555556,0.303914005720862
6.92569444444444,0.294528394008426
6.92708333333333,0.347136272179284
6.92847222222222,0.349449149985575
6.92986111111111,0.288887952064039
6.93125,0.363847383704782
6.93263888888889,0.337437720759861
6.93402777777778,0.336317925444757
6.93541666666667,0.382302196874794
6.93680555555556,0.358973104672946
6.93819444444444,0.301932193719983
6.93958333333333,0.269728130552734
6.94097222222222,0.255918937666479
6.94236111111111,0.29451962186008
6.94375,0.305744864981347
6.94513888888889,0.299235455291276
6.94652777777778,0.269626383014183
6.94791666666667,0.319246802033214
6.94930555555556,0.362830407696978
6.95069444444444,0.305720798115814
6.95208333333333,0.277253897339934
6.95347222222222,0.283482424933752
6.95486111111111,0.360760292653263
6.95625,0.366849601347126
6.95763888888889,0.260975286316629
6.95902777777778,0.303270225089582
6.96041666666667,0.363220622517384
6.96180555555556,0.368505403770831
6.96319444444444,0.300767428612119
6.96458333333333,0.297001465632904
6.96597222222222,0.305960835029469
6.96736111111111,0.257454703053946
6.96875,0.291569695858324
6.97013888888889,0.382775577384581
6.97152777777778,0.290650084490548
6.97291666666667,0.287276365027303
6.97430555555556,0.278129147272818
6.97569444444444,0.274993441473484
6.97708333333333,0.271965256784224
6.97847222222222,0.26259840371037
6.97986111111111,0.236123050106663
6.98125,0.23624489645377
6.98263888888889,0.280568925855329
6.98402777777778,0.229868285047634
6.98541666666667,0.26917689651003
6.98680555555556,0.243791193665553
6.98819444444444,0.287698915127945
6.98958333333333,0.336321198888609
6.99097222222222,0.321813872490352
6.99236111111111,0.274363184323071
6.99375,0.3231249116617
6.99513888888889,0.326920889214212
6.99652777777778,0.268009370410723
6.99791666666667,0.315381173240434
6.99930555555556,0.304573413355557
7.00069444444444,0.242355624447196
7.00208333333333,0.275640350039083
7.00347222222222,0.27758710289271
7.00486111111111,0.286507396356605
7.00625,0.24730408975428
7.00763888888889,0.285206083391452
7.00902777777778,0.366159600712278
7.01041666666667,0.280110420720558
7.01180555555556,0.255210692396811
7.01319444444444,0.221754838424683
7.01458333333333,0.192181229865332
7.01597222222222,0.221699202086137
7.01736111111111,0.233360154121754
7.01875,0.234760060410128
7.02013888888889,0.217410187674285
7.02152777777778,0.2654806545051
7.02291666666667,0.225223853543364
7.02430555555556,0.251146616168474
7.02569444444444,0.202056429528421
7.02708333333333,0.242575580650361
7.02847222222222,0.256264316282505
7.02986111111111,0.277706973847774
7.03125,0.231623024000107
7.03263888888889,0.19265419533135
7.03402777777778,0.266818950756591
7.03541666666667,0.268042783947295
7.03680555555556,0.198441869992563
7.03819444444444,0.163116912725343
7.03958333333333,0.188188336250649
7.04097222222222,0.191736235371267
7.04236111111111,0.216317587787368
7.04375,0.229735926884328
7.04513888888889,0.285886886543593
7.04652777777778,0.217242927562559
7.04791666666667,0.220063299568961
7.04930555555556,0.224710638149767
7.05069444444444,0.174577295028205
7.05208333333333,0.201219697411714
7.05347222222222,0.243060808963845
7.05486111111111,0.263699677369457
7.05625,0.297549901649377
7.05763888888889,0.307183741952506
7.05902777777778,0.285878792566854
7.06041666666667,0.298785796986515
7.06180555555556,0.268309622264095
7.06319444444444,0.296574348320896
7.06458333333333,0.244139196801084
7.06597222222222,0.266370066321841
7.06736111111111,0.216657190572604
7.06875,0.311067136893702
7.07013888888889,0.306637261096195
7.07152777777778,0.194495689907698
7.07291666666667,0.249097559392574
7.07430555555556,0.269280111609249
7.07569444444444,0.224220402397285
7.07708333333333,0.192182821721677
7.07847222222222,0.188099331217635
7.07986111111111,0.231181130223631
7.08125,0.206966878396643
7.08263888888889,0.210482987436404
7.08402777777778,0.241354252447316
7.08541666666667,0.197045336604737
7.08680555555556,0.17454981425765
7.08819444444444,0.186154011360472
7.08958333333333,0.249486462707675
7.09097222222222,0.227908485708294
7.09236111111111,0.210965780241248
7.09375,0.22004152002899
7.09513888888889,0.20862975337153
7.09652777777778,0.208441254570986
7.09791666666667,0.188460873489643
7.09930555555556,0.156887850894987
7.10069444444444,0.183366274747877
7.10208333333333,0.173912591155753
7.10347222222222,0.169468056029347
7.10486111111111,0.213718174653125
7.10625,0.228355833389036
7.10763888888889,0.198621577166958
7.10902777777778,0.133177306869688
7.11041666666667,0.119383493531888
7.11180555555556,0.173067826082584
7.11319444444444,0.156414249976869
7.11458333333333,0.140823009541641
7.11597222222222,0.186770221200437
7.11736111111111,0.211540503842545
7.11875,0.275037890610973
7.12013888888889,0.279793421234672
7.12152777777778,0.228497720869584
7.12291666666667,0.266768976300753
7.12430555555556,0.266671537370834
7.12569444444444,0.275903161140506
7.12708333333333,0.280133768315626
7.12847222222222,0.27247357898394
7.12986111111111,0.227634556783071
7.13125,0.183152700918224
7.13263888888889,0.157564619361451
7.13402777777778,0.2005502055329
7.13541666666667,0.255024228037679
7.13680555555556,0.220388501778872
7.13819444444444,0.194702441706224
7.13958333333333,0.20545052110023
7.14097222222222,0.165085080357842
7.14236111111111,0.194782888336796
7.14375,0.250321391959098
7.14513888888889,0.323723432472907
7.14652777777778,0.269818225728083
7.14791666666667,0.271012559783905
7.14930555555556,0.21731379766974
7.15069444444444,0.294564953291594
7.15208333333333,0.29016593771901
7.15347222222222,0.247894737764202
7.15486111111111,0.258087553270059
7.15625,0.223922341137159
7.15763888888889,0.280382783847517
7.15902777777778,0.32767933308563
7.16041666666667,0.30599401526606
7.16180555555556,0.296020733864251
7.16319444444444,0.319965009584023
7.16458333333333,0.343650820314753
7.16597222222222,0.366523855005354
7.16736111111111,0.331939824218399
7.16875,0.357224199006928
7.17013888888889,0.311488854555375
7.17152777777778,0.273106300970612
7.17291666666667,0.290292917021713
7.17430555555556,0.306346303522085
7.17569444444444,0.349940428826861
7.17708333333333,0.299532125461645
7.17847222222222,0.232140540119444
7.17986111111111,0.313373176922177
7.18125,0.357258674436896
7.18263888888889,0.33689384041966
7.18402777777778,0.324191647478523
7.18541666666667,0.330433902517402
7.18680555555556,0.323156541117521
7.18819444444444,0.326140575060813
7.18958333333333,0.230790227689518
7.19097222222222,0.238864712329162
7.19236111111111,0.33539868741803
7.19375,0.352097295901997
7.19513888888889,0.276162257441264
7.19652777777778,0.252431464400443
7.19791666666667,0.317656256174347
7.19930555555556,0.349948278065015
7.20069444444444,0.321813301296377
7.20208333333333,0.379885444641269
7.20347222222222,0.368903733636352
7.20486111111111,0.355882309421393
7.20625,0.366167366996297
7.20763888888889,0.385696000303639
7.20902777777778,0.31584742994133
7.21041666666667,0.319817782604397
7.21180555555556,0.394559970725166
7.21319444444444,0.313054168467703
7.21458333333333,0.30176438199558
7.21597222222222,0.322956557750011
7.21736111111111,0.346598744769605
7.21875,0.333928305943655
7.22013888888889,0.379600320638312
7.22152777777778,0.372007459784453
7.22291666666667,0.281476078467122
7.22430555555556,0.305106123422976
7.22569444444444,0.291241874697224
7.22708333333333,0.306436954136076
7.22847222222222,0.311275549870651
7.22986111111111,0.388166803384714
7.23125,0.378933905953645
7.23263888888889,0.34676331238369
7.23402777777778,0.389034276900537
7.23541666666667,0.326656495294675
7.23680555555556,0.369691196693219
7.23819444444444,0.419842634254171
7.23958333333333,0.385193871764047
7.24097222222222,0.396407636148786
7.24236111111111,0.366116146412861
7.24375,0.330884349187113
7.24513888888889,0.38610548502007
7.24652777777778,0.360815962417324
7.24791666666667,0.34265347397844
7.24930555555556,0.334810491329071
7.25069444444444,0.318715472309782
7.25208333333333,0.380360905212813
7.25347222222222,0.36708850022376
7.25486111111111,0.368382522153605
7.25625,0.371428979668671
7.25763888888889,0.350480839829787
7.25902777777778,0.371280573154651
7.26041666666667,0.31607301043951
7.26180555555556,0.394699094709779
7.26319444444444,0.381844357483654
7.26458333333333,0.414177650991667
7.26597222222222,0.420645504918063
7.26736111111111,0.471871641278116
7.26875,0.356918928052714
7.27013888888889,0.378479908049501
7.27152777777778,0.379357286422076
7.27291666666667,0.391532036651691
7.27430555555556,0.326428345452828
7.27569444444444,0.358622116055978
7.27708333333333,0.439635652964777
7.27847222222222,0.388702592272851
7.27986111111111,0.41060162767453
7.28125,0.432945292409543
7.28263888888889,0.382746333729403
7.28402777777778,0.402893240481438
7.28541666666667,0.400972873949209
7.28680555555556,0.356583805113495
7.28819444444444,0.382329448734692
7.28958333333333,0.464586809554987
7.29097222222222,0.498795545871383
7.29236111111111,0.488280783135234
7.29375,0.514974995306443
7.29513888888889,0.491895515052115
7.29652777777778,0.421495469663793
7.29791666666667,0.425622895104605
7.29930555555556,0.470036760485087
7.30069444444444,0.547358010074172
7.30208333333333,0.44999326493728
7.30347222222222,0.440102732690043
7.30486111111111,0.486324281661206
7.30625,0.501033100247029
7.30763888888889,0.467185997991211
7.30902777777778,0.434337602995705
7.31041666666667,0.40724222668799
7.31180555555556,0.457786427919157
7.31319444444444,0.430793422076272
7.31458333333333,0.404818732361293
7.31597222222222,0.460916377334075
7.31736111111111,0.445135124409254
7.31875,0.410151246274438
7.32013888888889,0.380089202845811
7.32152777777778,0.353423614820727
7.32291666666667,0.336211370795999
7.32430555555556,0.357370103912245
7.32569444444444,0.397269305306303
7.32708333333333,0.353452085709612
7.32847222222222,0.36829988654171
7.32986111111111,0.388267371462974
7.33125,0.274348606642857
7.33263888888889,0.296207496953021
7.33402777777778,0.265952057075306
7.33541666666667,0.377762088086929
7.33680555555556,0.429889261702061
7.33819444444444,0.405559601634663
7.33958333333333,0.411520546325514
7.34097222222222,0.353681068217015
7.34236111111111,0.408068558487099
7.34375,0.323761038919157
7.34513888888889,0.353600741197865
7.34652777777778,0.319204114345133
7.34791666666667,0.325475708276094
7.34930555555556,0.35906710395227
7.35069444444444,0.411644247253048
7.35208333333333,0.367742417674238
7.35347222222222,0.453310706775721
7.35486111111111,0.431605789948571
7.35625,0.388061438507533
7.35763888888889,0.336560718124709
7.35902777777778,0.373002785679376
7.36041666666667,0.333030948897243
7.36180555555556,0.351398331522218
7.36319444444444,0.317233834261072
7.36458333333333,0.398533987029367
7.36597222222222,0.397049532492095
7.36736111111111,0.427432160839011
7.36875,0.379239781097544
7.37013888888889,0.341675704626605
7.37152777777778,0.416130206792511
7.37291666666667,0.498562738544902
7.37430555555556,0.383157988541245
7.37569444444444,0.373882788094264
7.37708333333333,0.390852840742188
7.37847222222222,0.407667272078332
7.37986111111111,0.348012172045687
7.38125,0.290210294509112
7.38263888888889,0.271541835482301
7.38402777777778,0.269751225995027
7.38541666666667,0.300552643682118
7.38680555555556,0.311051945853504
7.38819444444444,0.310526328858267
7.38958333333333,0.356654065176927
7.39097222222222,0.412182141506077
7.39236111111111,0.358825355427193
7.39375,0.300611586138781
7.39513888888889,0.279869098167311
7.39652777777778,0.323759566298887
7.39791666666667,0.342407246575751
7.39930555555556,0.343720453279738
7.40069444444444,0.334160560729925
7.40208333333333,0.355140515852377
7.40347222222222,0.359280404506851
7.40486111111111,0.321769034539467
7.40625,0.322778333444307
7.40763888888889,0.350603468714415
7.40902777777778,0.328517376973154
7.41041666666667,0.318636311344933
7.41180555555556,0.319175305380424
7.41319444444444,0.289599112609504
7.41458333333333,0.304464859208959
7.41597222222222,0.324729902120003
7.41736111111111,0.271028335861484
7.41875,0.262660883061008
7.42013888888889,0.409875690974457
7.42152777777778,0.420924324705914
7.42291666666667,0.41886907256472
7.42430555555556,0.429552393903062
7.42569444444444,0.427994582128985
7.42708333333333,0.432832486959711
7.42847222222222,0.417814349602035
7.42986111111111,0.353201264879763
7.43125,0.378222449473553
7.43263888888889,0.387799477337284
7.43402777777778,0.406799186802013
7.43541666666667,0.373438942551282
7.43680555555556,0.384995341036556
7.43819444444444,0.394535742955578
7.43958333333333,0.413396434398518
7.44097222222222,0.386456675954413
7.44236111111111,0.400328653590374
7.44375,0.403961842417235
7.44513888888889,0.378497232301492
7.44652777777778,0.349536869316382
7.44791666666667,0.378671494502459
7.44930555555556,0.370512772621112
7.45069444444444,0.323590975327852
7.45208333333333,0.34528621392297
7.45347222222222,0.323984626705431
7.45486111111111,0.379146655741134
7.45625,0.376222131786887
7.45763888888889,0.364007710590911
7.45902777777778,0.331713465103375
7.46041666666667,0.395393400496441
7.46180555555556,0.414003914802749
7.46319444444444,0.338757476718497
7.46458333333333,0.389484334473838
7.46597222222222,0.422891818092559
7.46736111111111,0.468816710372161
7.46875,0.37290928861315
7.47013888888889,0.402022908466461
7.47152777777778,0.32993563924484
7.47291666666667,0.436756070111389
7.47430555555556,0.41126690066849
7.47569444444444,0.418437495635898
7.47708333333333,0.403879380529821
7.47847222222222,0.398731731051629
7.47986111111111,0.399103449745423
7.48125,0.473364635580213
7.48263888888889,0.449824357049939
7.48402777777778,0.424692382411113
7.48541666666667,0.400147785813073
7.48680555555556,0.365016547733607
7.48819444444444,0.376073144970651
7.48958333333333,0.336771974125163
7.49097222222222,0.350276164969331
7.49236111111111,0.283891264246498
7.49375,0.302706517375735
7.49513888888889,0.391362585533469
7.49652777777778,0.324381168710981
7.49791666666667,0.352480943770186
7.49930555555556,0.321508060140393
7.50069444444444,0.37947513470221
7.50208333333333,0.337882188691134
7.50347222222222,0.324242167673287
7.50486111111111,0.393661302821608
7.50625,0.420116279750759
7.50763888888889,0.371699284933883
7.50902777777778,0.367265018897703
7.51041666666667,0.35253488550732
7.51180555555556,0.362382013995393
7.51319444444444,0.297152248312746
7.51458333333333,0.293127021833147
7.51597222222222,0.281417902276022
7.51736111111111,0.347785221163397
7.51875,0.334037259437314
7.52013888888889,0.343370640274543
7.52152777777778,0.373693374692866
7.52291666666667,0.369911060063061
7.52430555555556,0.426924123925996
7.52569444444444,0.455952926061814
7.52708333333333,0.423303280229561
7.52847222222222,0.372404382866337
7.52986111111111,0.297189977195171
7.53125,0.280444799275584
7.53263888888889,0.292668552098255
7.53402777777778,0.335996969660761
7.53541666666667,0.282107777998791
7.53680555555556,0.318587094161207
7.53819444444444,0.334188267347866
7.53958333333333,0.335392502188421
7.54097222222222,0.396829278414842
7.54236111111111,0.36504307269815
7.54375,0.350399931467881
7.54513888888889,0.409617176229948
7.54652777777778,0.358924747956912
7.54791666666667,0.303262563410664
7.54930555555556,0.332324626355239
7.55069444444444,0.317601991329501
7.55208333333333,0.338575777434038
7.55347222222222,0.3464064539071
7.55486111111111,0.376429899803524
7.55625,0.306049989448161
7.55763888888889,0.311064735368453
7.55902777777778,0.300018762407488
7.56041666666667,0.256569845070124
7.56180555555556,0.304184612780707
7.56319444444444,0.302111089505595
7.56458333333333,0.226780472125714
7.56597222222222,0.209161623181883
7.56736111111111,0.243867283418348
7.56875,0.224096057377
7.57013888888889,0.254221966493698
7.57152777777778,0.259575833002885
7.57291666666667,0.274799192597543
7.57430555555556,0.230759754212048
7.57569444444444,0.267599769949675
7.57708333333333,0.238278676576977
7.57847222222222,0.21416254358834
7.57986111111111,0.254719273736966
7.58125,0.237731348162756
7.58263888888889,0.25018873084384
7.58402777777778,0.270869653598698
7.58541666666667,0.297777909586214
7.58680555555556,0.292123183467531
7.58819444444444,0.379651906542315
7.58958333333333,0.367379541308428
7.59097222222222,0.332114198587345
7.59236111111111,0.34904522013285
7.59375,0.332456331921343
7.59513888888889,0.338170124523828
7.59652777777778,0.342995283121963
7.59791666666667,0.262089919446393
7.59930555555556,0.350841217170413
7.60069444444444,0.352263228323973
7.60208333333333,0.317928124584694
7.60347222222222,0.344938313444796
7.60486111111111,0.366711845357387
7.60625,0.373633987598033
7.60763888888889,0.386274973079104
7.60902777777778,0.348042231782301
7.61041666666667,0.278251189067857
7.61180555555556,0.255708456981779
7.61319444444444,0.180059606760382
7.61458333333333,0.279826484058493
7.61597222222222,0.350530510580806
7.61736111111111,0.304209594265787
7.61875,0.312761621577714
7.62013888888889,0.325789927857621
7.62152777777778,0.368119764616624
7.62291666666667,0.336585209214361
7.62430555555556,0.370070790327607
7.62569444444444,0.339310262866868
7.62708333333333,0.282552228112094
7.62847222222222,0.324247694005428
7.62986111111111,0.346189016599344
7.63125,0.349582144110383
7.63263888888889,0.327024214793384
7.63402777777778,0.326537927132934
7.63541666666667,0.253736898020341
7.63680555555556,0.284746751134123
7.63819444444444,0.239821770357103
7.63958333333333,0.205751843083569
7.64097222222222,0.275657745423407
7.64236111111111,0.311352249313391
7.64375,0.334570041535128
7.64513888888889,0.355926554053829
7.64652777777778,0.29206316768193
7.64791666666667,0.272822563578727
7.64930555555556,0.322367689780636
7.65069444444444,0.275731051218419
7.65208333333333,0.305537750069569
7.65347222222222,0.326158187923725
7.65486111111111,0.346499082223595
7.65625,0.392180499881726
7.65763888888889,0.373889602125546
7.65902777777778,0.35630241266091
7.66041666666667,0.320507839777231
7.66180555555556,0.289687803425218
7.66319444444444,0.356273961715225
7.66458333333333,0.348061176549047
7.66597222222222,0.293873225283571
7.66736111111111,0.367660106130637
7.66875,0.360737789318505
7.67013888888889,0.372465930579642
7.67152777777778,0.347651888182738
7.67291666666667,0.312244034024672
7.67430555555556,0.352861331673216
7.67569444444444,0.290342981144555
7.67708333333333,0.267425939266988
7.67847222222222,0.290952229676768
7.67986111111111,0.258293333439211
7.68125,0.231387206711588
7.68263888888889,0.188574041090472
7.68402777777778,0.274273690895852
7.68541666666667,0.338759417763568
7.68680555555556,0.281471880028725
7.68819444444444,0.31914272351692
7.68958333333333,0.33939623334934
7.69097222222222,0.375717179765117
7.69236111111111,0.326805341771233
7.69375,0.344046698074162
7.69513888888889,0.381666377558522
7.69652777777778,0.394334476850473
7.69791666666667,0.427219084422654
7.69930555555556,0.436708652012561
7.70069444444444,0.317114337930803
7.70208333333333,0.303699824292045
7.70347222222222,0.353500429573636
7.70486111111111,0.36401887568588
7.70625,0.445027325065797
7.70763888888889,0.457064602696385
7.70902777777778,0.447220107522774
7.71041666666667,0.467648154034067
7.71180555555556,0.46242473972323
7.71319444444444,0.451621411034481
7.71458333333333,0.442372897583853
7.71597222222222,0.451431635877757
7.71736111111111,0.435660154913652
7.71875,0.435246994652036
7.72013888888889,0.400991317689743
7.72152777777778,0.428074949750822
7.72291666666667,0.376468432519862
7.72430555555556,0.352020246590286
7.72569444444444,0.413451559028476
7.72708333333333,0.396845746492616
7.72847222222222,0.369288522985227
7.72986111111111,0.37760749572113
7.73125,0.388041815427114
7.73263888888889,0.37401308622761
7.73402777777778,0.3162500497307
7.73541666666667,0.338768360541263
7.73680555555556,0.403721444098105
7.73819444444444,0.415178255698265
7.73958333333333,0.401664192221064
7.74097222222222,0.379641681493543
7.74236111111111,0.411102020559966
7.74375,0.437039083780386
7.74513888888889,0.39941167000362
7.74652777777778,0.402178510063547
7.74791666666667,0.407012018646389
7.74930555555556,0.345706412124783
7.75069444444444,0.378186923354304
7.75208333333333,0.32632910283954
7.75347222222222,0.371370220191736
7.75486111111111,0.329859781895537
7.75625,0.327674474189466
7.75763888888889,0.310199560310316
7.75902777777778,0.296080897156558
7.76041666666667,0.309835949068325
7.76180555555556,0.316729441912022
7.76319444444444,0.338262625478951
7.76458333333333,0.375522426822822
7.76597222222222,0.368323768411978
7.76736111111111,0.3753273688457
7.76875,0.351560829653152
7.77013888888889,0.334186012625679
7.77152777777778,0.307210347180727
7.77291666666667,0.284177777000888
7.77430555555556,0.294830918046946
7.77569444444444,0.23492622514847
7.77708333333333,0.28914320289423
7.77847222222222,0.290581553407417
7.77986111111111,0.330393066248225
7.78125,0.337873981282274
7.78263888888889,0.296182746564371
7.78402777777778,0.296900698900857
7.78541666666667,0.290057780739227
7.78680555555556,0.293059244091518
7.78819444444444,0.280304681603398
7.78958333333333,0.321647245513687
7.79097222222222,0.349505992785101
7.79236111111111,0.282170771110503
7.79375,0.284235038410304
7.79513888888889,0.290120536863503
7.79652777777778,0.208742318935123
7.79791666666667,0.310449383948989
7.79930555555556,0.311337040196811
7.80069444444444,0.265958680822877
7.80208333333333,0.283717678993036
7.80347222222222,0.296472750453254
7.80486111111111,0.295779373950868
7.80625,0.247688626952506
7.80763888888889,0.217615204647061
7.80902777777778,0.328806462960598
7.81041666666667,0.34651594865548
7.81180555555556,0.308374739304522
7.81319444444444,0.299419926326176
7.81458333333333,0.317992995464886
7.81597222222222,0.316895533001868
7.81736111111111,0.255569703615349
7.81875,0.283658226741286
7.82013888888889,0.22104998300922
7.82152777777778,0.251066264156621
7.82291666666667,0.285969017297369
7.82430555555556,0.208272940383246
7.82569444444444,0.227606849962511
7.82708333333333,0.257766729792403
7.82847222222222,0.279355794896341
7.82986111111111,0.299025624715369
7.83125,0.248634563474804
7.83263888888889,0.23060645078363
7.83402777777778,0.247140889831878
7.83541666666667,0.320919917030639
7.83680555555556,0.294290091901793
7.83819444444444,0.338183293168459
7.83958333333333,0.280229863937513
7.84097222222222,0.241161397835161
7.84236111111111,0.221376784879782
7.84375,0.229612910354615
7.84513888888889,0.264671033212046
7.84652777777778,0.272272519774821
7.84791666666667,0.283221656988849
7.84930555555556,0.276765141248065
7.85069444444444,0.235652519655659
7.85208333333333,0.238006019140229
7.85347222222222,0.224521812756915
7.85486111111111,0.236575343514335
7.85625,0.26504006383183
7.85763888888889,0.264740459946554
7.85902777777778,0.233291744667545
7.86041666666667,0.183678613628187
7.86180555555556,0.210995020008114
7.86319444444444,0.190149311515399
7.86458333333333,0.21698655726832
7.86597222222222,0.185704224154673
7.86736111111111,0.212487868974997
7.86875,0.202833693291806
7.87013888888889,0.174186742467743
7.87152777777778,0.182066571406448
7.87291666666667,0.15474869431767
7.87430555555556,0.178977012399356
7.87569444444444,0.248470908364961
7.87708333333333,0.284716213578146
7.87847222222222,0.230853853409152
7.87986111111111,0.257799715805774
7.88125,0.269500892307534
7.88263888888889,0.208635158592658
7.88402777777778,0.256758659372892
7.88541666666667,0.206710939910508
7.88680555555556,0.301565252290219
7.88819444444444,0.304536251786998
7.88958333333333,0.301687212239728
7.89097222222222,0.271153761471441
7.89236111111111,0.194896678595396
7.89375,0.240312408296126
7.89513888888889,0.214367663836264
7.89652777777778,0.233406731382126
7.89791666666667,0.250403494412373
7.89930555555556,0.214485383435989
7.90069444444444,0.218377982002288
7.90208333333333,0.234152279186116
7.90347222222222,0.235916525590634
7.90486111111111,0.240952798390911
7.90625,0.208640628880171
7.90763888888889,0.23794673954434
7.90902777777778,0.277245937133425
7.91041666666667,0.258234675536601
7.91180555555556,0.293487260215667
7.91319444444444,0.27508087034411
7.91458333333333,0.309865271626371
7.91597222222222,0.310905880125763
7.91736111111111,0.281139516999965
7.91875,0.259005888797686
7.92013888888889,0.241196545847139
7.92152777777778,0.257313156448977
7.92291666666667,0.274572674402592
7.92430555555556,0.214577120223128
7.92569444444444,0.230501541179872
7.92708333333333,0.20494581098407
7.92847222222222,0.265749287392619
7.92986111111111,0.263427275561049
7.93125,0.226793922910934
7.93263888888889,0.228216235005748
7.93402777777778,0.199144793944763
7.93541666666667,0.224641422169787
7.93680555555556,0.175299357447314
7.93819444444444,0.213402925576443
7.93958333333333,0.20988248466785
7.94097222222222,0.229156036869721
7.94236111111111,0.165631731447748
7.94375,0.163990330706148
7.94513888888889,0.213149622566091
7.94652777777778,0.199749807379164
7.94791666666667,0.208330164723467
7.94930555555556,0.222369937446982
7.95069444444444,0.233276168790981
7.95208333333333,0.251513392628944
7.95347222222222,0.215580716237708
7.95486111111111,0.22927960374079
7.95625,0.223773852161634
7.95763888888889,0.186980119349276
7.95902777777778,0.21670422192614
7.96041666666667,0.214750694415664
7.96180555555556,0.213951159299912
7.96319444444444,0.178755493643593
7.96458333333333,0.211355255286732
7.96597222222222,0.196879407618537
7.96736111111111,0.214120881626638
7.96875,0.226993668283247
7.97013888888889,0.132987591341623
7.97152777777778,0.145894214799772
7.97291666666667,0.195107348745206
7.97430555555556,0.188066659634488
7.97569444444444,0.119128323522085
7.97708333333333,0.092735441893683
7.97847222222222,0.156277404156454
7.97986111111111,0.102871134631615
7.98125,0.150611977036827
7.98263888888889,0.146405526186688
7.98402777777778,0.176339687608454
7.98541666666667,0.202269614234118
7.98680555555556,0.254640642874073
7.98819444444444,0.233227744740748
7.98958333333333,0.176682762817538
7.99097222222222,0.169546950219928
7.99236111111111,0.108685695994281
7.99375,0.130266567140141
7.99513888888889,0.201851448983624
7.99652777777778,0.194615536816399
7.99791666666667,0.178777354595932
7.99930555555556,0.260706352891246
8.00069444444444,0.167564898083998
8.00208333333333,0.180761331841465
8.00347222222222,0.186763604931084
8.00486111111111,0.139163351277781
8.00625,0.143986239182148
8.00763888888889,0.19900969966178
8.00902777777778,0.193190653205525
8.01041666666667,0.155105659225227
8.01180555555556,0.183652321239472
8.01319444444444,0.231115492556142
8.01458333333333,0.187890387937824
8.01597222222222,0.22878266518116
8.01736111111111,0.182942123330928
8.01875,0.205493660584637
8.02013888888889,0.198341688895243
8.02152777777778,0.188573354589237
8.02291666666667,0.0652752840716022
8.02430555555556,0.0904476082734203
8.02569444444444,0.123449408034198
8.02708333333333,0.188857200217024
8.02847222222222,0.219608525781614
8.02986111111111,0.144226705340926
8.03125,0.134385936707945
8.03263888888889,0.177146620789967
8.03402777777778,0.202775770593267
8.03541666666667,0.229147840800276
8.03680555555556,0.224551183642399
8.03819444444444,0.24153898736479
8.03958333333333,0.221580469039439
8.04097222222222,0.26525131655155
8.04236111111111,0.247222445177391
8.04375,0.27502265618972
8.04513888888889,0.31761627397837
8.04652777777778,0.37946154778034
8.04791666666667,0.362217365064489
8.04930555555556,0.353124718537043
8.05069444444444,0.308916220784545
8.05208333333333,0.211998084171616
8.05347222222222,0.212544476963143
8.05486111111111,0.15383303996789
8.05625,0.188634158395896
8.05763888888889,0.233009374642326
8.05902777777778,0.190802443728127
8.06041666666667,0.209821254705492
8.06180555555556,0.24929691088404
8.06319444444444,0.221475825892627
8.06458333333333,0.198004668915359
8.06597222222222,0.177297082230066
8.06736111111111,0.161480694820351
8.06875,0.21372559020209
8.07013888888889,0.252158643934951
8.07152777777778,0.220001617756835
8.07291666666667,0.19747412736759
8.07430555555556,0.274106536579375
8.07569444444444,0.226382599739244
8.07708333333333,0.245397874120367
8.07847222222222,0.236404906944345
8.07986111111111,0.241889548191863
8.08125,0.235252914224631
8.08263888888889,0.270064675805945
8.08402777777778,0.261844957663148
8.08541666666667,0.275642661710619
8.08680555555556,0.29158669741706
8.08819444444444,0.240810171835866
8.08958333333333,0.297416304536135
8.09097222222222,0.269063374098449
8.09236111111111,0.203917057356878
8.09375,0.287837872079256
8.09513888888889,0.204160023130714
8.09652777777778,0.143117119261659
8.09791666666667,0.216721571736782
8.09930555555556,0.22383214125476
8.10069444444444,0.18985943079242
8.10208333333333,0.239043360547203
8.10347222222222,0.202048372226483
8.10486111111111,0.223130924457895
8.10625,0.250387256233602
8.10763888888889,0.25784689007087
8.10902777777778,0.268623694666913
8.11041666666667,0.20002108978466
8.11180555555556,0.15807643580807
8.11319444444444,0.177387673638746
8.11458333333333,0.196305383845913
8.11597222222222,0.21343122643159
8.11736111111111,0.288646861880447
8.11875,0.31730682047965
8.12013888888889,0.269425751980367
8.12152777777778,0.266389310795031
8.12291666666667,0.257922241870332
8.12430555555556,0.222071554472035
8.12569444444444,0.298754482997345
8.12708333333333,0.335583324926937
8.12847222222222,0.35864637599539
8.12986111111111,0.279201754862106
8.13125,0.331786529912622
8.13263888888889,0.310203919558048
8.13402777777778,0.307807118845034
8.13541666666667,0.323026550130045
8.13680555555556,0.364664726500594
8.13819444444444,0.247639789117389
8.13958333333333,0.256735453023604
8.14097222222222,0.21632606969367
8.14236111111111,0.248088655268372
8.14375,0.262087191929792
8.14513888888889,0.277621454694555
8.14652777777778,0.25020674380981
8.14791666666667,0.234083087279192
8.14930555555556,0.303844912948485
8.15069444444444,0.348223365933134
8.15208333333333,0.302786984168474
8.15347222222222,0.228018640141438
8.15486111111111,0.284368294170759
8.15625,0.22665096416747
8.15763888888889,0.205724095764487
8.15902777777778,0.233718491023316
8.16041666666667,0.311031184910319
8.16180555555556,0.291856422921349
8.16319444444444,0.229851825613201
8.16458333333333,0.203267746708048
8.16597222222222,0.220797053408622
8.16736111111111,0.173324348601172
8.16875,0.191649498769301
8.17013888888889,0.16430321405229
8.17152777777778,0.180531456838531
8.17291666666667,0.188421862270918
8.17430555555556,0.162828432161709
8.17569444444444,0.231359701930748
8.17708333333333,0.225155191397914
8.17847222222222,0.284431708444029
8.17986111111111,0.284226409984314
8.18125,0.267955226949328
8.18263888888889,0.348582390253418
8.18402777777778,0.300175098394966
8.18541666666667,0.282455973358631
8.18680555555556,0.26685589138167
8.18819444444444,0.272105056372122
8.18958333333333,0.338813157515254
8.19097222222222,0.333528840154898
8.19236111111111,0.28656153550538
8.19375,0.286847341330875
8.19513888888889,0.293497410221192
8.19652777777778,0.294499463004624
8.19791666666667,0.318915022805313
8.19930555555556,0.313691869737195
8.20069444444444,0.283777775846894
8.20208333333333,0.320023871751868
8.20347222222222,0.248069372469129
8.20486111111111,0.26340095422931
8.20625,0.298380390971329
8.20763888888889,0.358009072823692
8.20902777777778,0.295615258548905
8.21041666666667,0.279230187868232
8.21180555555556,0.300414445208528
8.21319444444444,0.251606178820451
8.21458333333333,0.324739190345668
8.21597222222222,0.294588187428731
8.21736111111111,0.270449931447584
8.21875,0.309862355542534
8.22013888888889,0.321176760618387
8.22152777777778,0.30769511852855
8.22291666666667,0.274653297399835
8.22430555555556,0.249185014654337
8.22569444444444,0.312967773586415
8.22708333333333,0.268102417541
8.22847222222222,0.27855947785394
8.22986111111111,0.355196657768614
8.23125,0.36043684031755
8.23263888888889,0.325433387707011
8.23402777777778,0.385370805764697
8.23541666666667,0.419558314620992
8.23680555555556,0.278840025976255
8.23819444444444,0.311591902312648
8.23958333333333,0.305235017810627
8.24097222222222,0.339377544605241
8.24236111111111,0.347364039825098
8.24375,0.385576378813639
8.24513888888889,0.372665027159422
8.24652777777778,0.355511170954725
8.24791666666667,0.336487214892032
8.24930555555556,0.320513230521297
8.25069444444444,0.312061059375677
8.25208333333333,0.306104157996475
8.25347222222222,0.391743586364119
8.25486111111111,0.301408569026773
8.25625,0.321344942943728
8.25763888888889,0.285031920601835
8.25902777777778,0.286998443169483
8.26041666666667,0.287622677811016
8.26180555555556,0.303583615202409
8.26319444444444,0.31613070389581
8.26458333333333,0.274304952142688
8.26597222222222,0.314734787947972
8.26736111111111,0.315632147339566
8.26875,0.305863483720893
8.27013888888889,0.288626188062051
8.27152777777778,0.324318192728919
8.27291666666667,0.354886328978946
8.27430555555556,0.361431480188111
8.27569444444444,0.303504823075254
8.27708333333333,0.265410113128588
8.27847222222222,0.245295846099478
8.27986111111111,0.258630480743469
8.28125,0.281043441022245
8.28263888888889,0.360736577708452
8.28402777777778,0.353386403059298
8.28541666666667,0.316865086955709
8.28680555555556,0.310101901225767
8.28819444444444,0.292035452514241
8.28958333333333,0.313239791939835
8.29097222222222,0.289715697848972
8.29236111111111,0.333073620809871
8.29375,0.333368161345839
8.29513888888889,0.324711114669188
8.29652777777778,0.289247600186577
8.29791666666667,0.312427689871782
8.29930555555556,0.274035497496634
8.30069444444444,0.43856336229652
8.30208333333333,0.413218293701754
8.30347222222222,0.386276131520055
8.30486111111111,0.353481462155159
8.30625,0.383877616350685
8.30763888888889,0.377116031275804
8.30902777777778,0.372402839009021
8.31041666666667,0.424299520183001
8.31180555555556,0.402124848818718
8.31319444444444,0.40132827105316
8.31458333333333,0.404291765539777
8.31597222222222,0.364304765297711
8.31736111111111,0.349096575309617
8.31875,0.434595582858999
8.32013888888889,0.39813697417926
8.32152777777778,0.446748283208973
8.32291666666667,0.490791796984671
8.32430555555556,0.492352723347725
8.32569444444444,0.429844490870171
8.32708333333333,0.35900002486016
8.32847222222222,0.333780033409526
8.32986111111111,0.406388069727118
8.33125,0.443131340519271
8.33263888888889,0.399577543046665
8.33402777777778,0.503726390890176
8.33541666666667,0.486545028749086
8.33680555555556,0.452266385428187
8.33819444444444,0.42163189158157
8.33958333333333,0.330489075098356
8.34097222222222,0.382019133288226
8.34236111111111,0.307472289452049
8.34375,0.341013049518642
8.34513888888889,0.295387052737349
8.34652777777778,0.298509616347304
8.34791666666667,0.303222518350781
8.34930555555556,0.32579319457378
8.35069444444444,0.35831202338546
8.35208333333333,0.340586193078669
8.35347222222222,0.358130701898335
8.35486111111111,0.357667460339828
8.35625,0.283779443590417
8.35763888888889,0.319649945341543
8.35902777777778,0.351390074010012
8.36041666666667,0.327080989269983
8.36180555555556,0.269523339527068
8.36319444444444,0.276878012650179
8.36458333333333,0.30799307852982
8.36597222222222,0.3080396343789
8.36736111111111,0.224551252226113
8.36875,0.202684844603488
8.37013888888889,0.187737783486905
8.37152777777778,0.223545613112832
8.37291666666667,0.235047450681993
8.37430555555556,0.25627893443974
8.37569444444444,0.224853639886315
8.37708333333333,0.191070180453992
8.37847222222222,0.217147408861529
8.37986111111111,0.224421665510421
8.38125,0.215086141326525
8.38263888888889,0.24236102460629
8.38402777777778,0.293272400105989
8.38541666666667,0.23985310171009
8.38680555555556,0.240739284147151
8.38819444444444,0.285082563063951
8.38958333333333,0.279199036730035
8.39097222222222,0.276849652775699
8.39236111111111,0.295013455950029
8.39375,0.301053834708437
8.39513888888889,0.186975253179563
8.39652777777778,0.183580371897224
8.39791666666667,0.200543007153093
8.39930555555556,0.263388339557652
8.40069444444444,0.312319122005175
8.40208333333333,0.257875123206532
8.40347222222222,0.23739266045088
8.40486111111111,0.307212679146316
8.40625,0.304456142585251
8.40763888888889,0.285769853653416
8.40902777777778,0.315136301753128
8.41041666666667,0.372586225047886
8.41180555555556,0.368156662992807
8.41319444444444,0.342534603595759
8.41458333333333,0.297936037277269
8.41597222222222,0.365119071472226
8.41736111111111,0.381281226282438
8.41875,0.385114400338623
8.42013888888889,0.328867250177892
8.42152777777778,0.291744203063403
8.42291666666667,0.306265758483804
8.42430555555556,0.292948396968283
8.42569444444444,0.316235442732499
8.42708333333333,0.283101307325293
8.42847222222222,0.241668484338416
8.42986111111111,0.236537098578067
8.43125,0.302005793556834
8.43263888888889,0.307133012152372
8.43402777777778,0.205540757893123
8.43541666666667,0.201822636458129
8.43680555555556,0.213207323091253
8.43819444444444,0.234985172679443
8.43958333333333,0.253624566742078
8.44097222222222,0.241778566036409
8.44236111111111,0.228243164030173
8.44375,0.212606780550162
8.44513888888889,0.259656318973632
8.44652777777778,0.218424283642678
8.44791666666667,0.233655950660932
8.44930555555556,0.206545901895217
8.45069444444444,0.211273590959686
8.45208333333333,0.124438305067433
8.45347222222222,0.256569475758792
8.45486111111111,0.256439500806968
8.45625,0.30849576014151
8.45763888888889,0.284841316614548
8.45902777777778,0.254213803628295
8.46041666666667,0.279217336851578
8.46180555555556,0.210790049702425
8.46319444444444,0.257602204429662
8.46458333333333,0.23891326059937
8.46597222222222,0.286533551106785
8.46736111111111,0.256120667852719
8.46875,0.266956290318945
8.47013888888889,0.198841562561379
8.47152777777778,0.213459810283103
8.47291666666667,0.19151800268371
8.47430555555556,0.193167249702369
8.47569444444444,0.246599555978307
8.47708333333333,0.273001746714346
8.47847222222222,0.246720389350017
8.47986111111111,0.239313148859908
8.48125,0.26065204774309
8.48263888888889,0.303211786638067
8.48402777777778,0.314541487060887
8.48541666666667,0.320471869570646
8.48680555555556,0.295719348346184
8.48819444444444,0.249416834180927
8.48958333333333,0.280624931372176
8.49097222222222,0.248818058940261
8.49236111111111,0.300736869268623
8.49375,0.251958406133271
8.49513888888889,0.255292477594283
8.49652777777778,0.323957832711792
8.49791666666667,0.303491160655902
8.49930555555556,0.355119592266873
8.50069444444444,0.311175731189594
8.50208333333333,0.243193372752989
8.50347222222222,0.331239733090929
8.50486111111111,0.313296615690543
8.50625,0.34308748919443
8.50763888888889,0.304665003764701
8.50902777777778,0.319857131089977
8.51041666666667,0.309614390625344
8.51180555555556,0.329053952425148
8.51319444444444,0.246181315118623
8.51458333333333,0.33171086735712
8.51597222222222,0.268902907350306
8.51736111111111,0.298449277746883
8.51875,0.33276833467529
8.52013888888889,0.256553250608585
8.52152777777778,0.283604519634853
8.52291666666667,0.27198202989739
8.52430555555556,0.286294911998123
8.52569444444444,0.262818693936505
8.52708333333333,0.219798184032551
8.52847222222222,0.268711239758718
8.52986111111111,0.326780827794572
8.53125,0.292061338580603
8.53263888888889,0.321377012916432
8.53402777777778,0.315011415455227
8.53541666666667,0.30265151342374
8.53680555555556,0.326722140600889
8.53819444444444,0.311052302661866
8.53958333333333,0.313255371970804
8.54097222222222,0.399225778477867
8.54236111111111,0.303520499188274
8.54375,0.356211973141515
8.54513888888889,0.322995272807669
8.54652777777778,0.351083768268747
8.54791666666667,0.433307782141859
8.54930555555556,0.457027288698923
8.55069444444444,0.406111673430128
8.55208333333333,0.32886776512147
8.55347222222222,0.325285813696161
8.55486111111111,0.353697137584744
8.55625,0.351390246557565
8.55763888888889,0.439968618759494
8.55902777777778,0.418790435626115
8.56041666666667,0.396268544133684
8.56180555555556,0.406306863671324
8.56319444444444,0.307825683222273
8.56458333333333,0.284812746543945
8.56597222222222,0.286262214727214
8.56736111111111,0.2459623620855
8.56875,0.272374374533378
8.57013888888889,0.313946860549308
8.57152777777778,0.323111145361363
8.57291666666667,0.402575865647253
8.57430555555556,0.382582052146221
8.57569444444444,0.325578900215251
8.57708333333333,0.384879792129195
8.57847222222222,0.310774305919446
8.57986111111111,0.248139087007979
8.58125,0.289241008110578
8.58263888888889,0.305360930445537
8.58402777777778,0.36753025760815
8.58541666666667,0.365506967173748
8.58680555555556,0.342674452418681
8.58819444444444,0.258249459875747
8.58958333333333,0.28412860668189
8.59097222222222,0.276353419542741
8.59236111111111,0.27819163713912
8.59375,0.230850697466478
8.59513888888889,0.192708953337648
8.59652777777778,0.261925169884104
8.59791666666667,0.287124507579026
8.59930555555556,0.281501942636308
8.60069444444444,0.286865220422081
8.60208333333333,0.324401183293865
8.60347222222222,0.285585013062005
8.60486111111111,0.197146013268193
8.60625,0.226769203204597
8.60763888888889,0.274054063628122
8.60902777777778,0.217389825190517
8.61041666666667,0.228597554280279
8.61180555555556,0.268675142269769
8.61319444444444,0.339436543862695
8.61458333333333,0.35799669832048
8.61597222222222,0.321835559307777
8.61736111111111,0.341201909533854
8.61875,0.416273833883882
8.62013888888889,0.400179792801472
8.62152777777778,0.372421967821856
8.62291666666667,0.363421062974488
8.62430555555556,0.387486682719835
8.62569444444444,0.349961789191813
8.62708333333333,0.345646883676668
8.62847222222222,0.370315297799804
8.62986111111111,0.326439052411785
8.63125,0.366240935504639
8.63263888888889,0.427572314241015
8.63402777777778,0.400309950735048
8.63541666666667,0.411264796304031
8.63680555555556,0.372829599014717
8.63819444444444,0.371389419185573
8.63958333333333,0.366803551003632
8.64097222222222,0.324326564455589
8.64236111111111,0.376991111916834
8.64375,0.411792680524584
8.64513888888889,0.394629275981182
8.64652777777778,0.4643129346386
8.64791666666667,0.464466296374175
8.64930555555556,0.44254533282929
8.65069444444444,0.417970790102695
8.65208333333333,0.399636414797029
8.65347222222222,0.443393460494545
8.65486111111111,0.411716758859576
8.65625,0.394734681250875
8.65763888888889,0.396413318779514
8.65902777777778,0.415590572402574
8.66041666666667,0.416701328182235
8.66180555555556,0.333337656743452
8.66319444444444,0.341572370508829
8.66458333333333,0.416983841244981
8.66597222222222,0.391555852439926
8.66736111111111,0.358109586899514
8.66875,0.387433160892754
8.67013888888889,0.377465274090769
8.67152777777778,0.304410156292831
8.67291666666667,0.305103501989775
8.67430555555556,0.326134136467885
8.67569444444444,0.37930707193604
8.67708333333333,0.43005078528526
8.67847222222222,0.416682027480347
8.67986111111111,0.420154689250157
8.68125,0.423309256629334
8.68263888888889,0.412327316693066
8.68402777777778,0.397294842803707
8.68541666666667,0.473683389198624
8.68680555555556,0.410930023806132
8.68819444444444,0.356954985589237
8.68958333333333,0.305824295353873
8.69097222222222,0.317145574628766
8.69236111111111,0.352674701493
8.69375,0.419962782560857
8.69513888888889,0.426299384961992
8.69652777777778,0.416374943951003
8.69791666666667,0.376677882431416
8.69930555555556,0.342062319691181
8.70069444444444,0.382984420676263
8.70208333333333,0.411842467038174
8.70347222222222,0.431205119175836
8.70486111111111,0.416988873138213
8.70625,0.415443031813943
8.70763888888889,0.392299878213178
8.70902777777778,0.38697725103699
8.71041666666667,0.376730119040914
8.71180555555556,0.336268211288592
8.71319444444444,0.359877886297806
8.71458333333333,0.398824036121392
8.71597222222222,0.398334623601087
8.71736111111111,0.375124927161827
8.71875,0.431162495108634
8.72013888888889,0.394087274593838
8.72152777777778,0.375962809510078
8.72291666666667,0.365939556661428
8.72430555555556,0.397703390098576
8.72569444444444,0.389956406221304
8.72708333333333,0.339512607750165
8.72847222222222,0.395818776880305
8.72986111111111,0.431809582820577
8.73125,0.435975055123627
8.73263888888889,0.450532211635989
8.73402777777778,0.394574388274091
8.73541666666667,0.404997556433441
8.73680555555556,0.435334116969551
8.73819444444444,0.474110203402932
8.73958333333333,0.417701490125567
8.74097222222222,0.463616886912381
8.74236111111111,0.409335639739825
8.74375,0.413678014944468
8.74513888888889,0.419887129595104
8.74652777777778,0.45144726315385
8.74791666666667,0.495114590499966
8.74930555555556,0.482654056305515
8.75069444444444,0.429299902665827
8.75208333333333,0.547916781664928
8.75347222222222,0.4887606159402
8.75486111111111,0.462517435478019
8.75625,0.41649960160969
8.75763888888889,0.419629090287641
8.75902777777778,0.405895833373227
8.76041666666667,0.439956908882404
8.76180555555556,0.428572184281475
8.76319444444444,0.410669496677736
8.76458333333333,0.43509256175497
8.76597222222222,0.393247610136119
8.76736111111111,0.335934651829368
8.76875,0.347699424584844
8.77013888888889,0.415520923240817
8.77152777777778,0.452636041812138
8.77291666666667,0.414458664991058
8.77430555555556,0.417822297177199
8.77569444444444,0.441404139343982
8.77708333333333,0.431464765887133
8.77847222222222,0.419038583597793
8.77986111111111,0.437751370047832
8.78125,0.496074159624181
8.78263888888889,0.468287587505776
8.78402777777778,0.435682572054967
8.78541666666667,0.470266903986407
8.78680555555556,0.423790292389715
8.78819444444444,0.492048067063025
8.78958333333333,0.423841767166913
8.79097222222222,0.517746548224107
8.79236111111111,0.42794390546692
8.79375,0.446098283562945
8.79513888888889,0.481237511011227
8.79652777777778,0.524930135260233
8.79791666666667,0.434292232079621
8.79930555555556,0.426532656798072
8.80069444444444,0.52545629444923
8.80208333333333,0.53625321515377
8.80347222222222,0.512451448724982
8.80486111111111,0.511385170567164
8.80625,0.477775188689705
8.80763888888889,0.484115175348626
8.80902777777778,0.471984738602035
8.81041666666667,0.507781560537075
8.81180555555556,0.501781556446238
8.81319444444444,0.450634607332813
8.81458333333333,0.416701634124406
8.81597222222222,0.468432824148094
8.81736111111111,0.436527289400636
8.81875,0.417613766022647
8.82013888888889,0.504464305620912
8.82152777777778,0.440377299847543
8.82291666666667,0.40568430069122
8.82430555555556,0.438036164109065
8.82569444444444,0.440833240800751
8.82708333333333,0.453926970730256
8.82847222222222,0.410343737490741
8.82986111111111,0.393486767466287
8.83125,0.489853812770914
8.83263888888889,0.452235238062455
8.83402777777778,0.411726229384083
8.83541666666667,0.461115297124159
8.83680555555556,0.481767346300044
8.83819444444444,0.416587056248998
8.83958333333333,0.383751629332344
8.84097222222222,0.376615981453296
8.84236111111111,0.390629798393469
8.84375,0.349980206062275
8.84513888888889,0.387934299333173
8.84652777777778,0.389471780904712
8.84791666666667,0.376975832402523
8.84930555555556,0.383986120715229
8.85069444444444,0.357066303991707
8.85208333333333,0.459892866307113
8.85347222222222,0.441711287082796
8.85486111111111,0.401264892899483
8.85625,0.444242706380499
8.85763888888889,0.373652778024112
8.85902777777778,0.416768314839992
8.86041666666667,0.397530007588503
8.86180555555556,0.300948974982409
8.86319444444444,0.363524405643212
8.86458333333333,0.304510866694513
8.86597222222222,0.294730839227756
8.86736111111111,0.336130271402787
8.86875,0.358977698491963
8.87013888888889,0.344762024308136
8.87152777777778,0.289440163098209
8.87291666666667,0.306062712372175
8.87430555555556,0.324584614821573
8.87569444444444,0.422040893317712
8.87708333333333,0.389550445082522
8.87847222222222,0.425338822022337
8.87986111111111,0.42057266827532
8.88125,0.391239369964388
8.88263888888889,0.372406032463532
8.88402777777778,0.328535967398962
8.88541666666667,0.345812493499775
8.88680555555556,0.391595229511227
8.88819444444444,0.373777947694381
8.88958333333333,0.381457500843177
8.89097222222222,0.406942407657688
8.89236111111111,0.37110100327329
8.89375,0.362354534165689
8.89513888888889,0.378707527076067
8.89652777777778,0.368392742507966
8.89791666666667,0.379337772184106
8.89930555555556,0.375593684223444
8.90069444444444,0.308776047309711
8.90208333333333,0.354773378937576
8.90347222222222,0.421240474040824
8.90486111111111,0.335539625056446
8.90625,0.389254437925455
8.90763888888889,0.368462500301375
8.90902777777778,0.352701401859602
8.91041666666667,0.388063500351301
8.91180555555556,0.410676647427302
8.91319444444444,0.413167210659135
8.91458333333333,0.431362922189182
8.91597222222222,0.393605318506832
8.91736111111111,0.376480457233803
8.91875,0.417408950532177
8.92013888888889,0.368879678451893
8.92152777777778,0.331679826179347
8.92291666666667,0.325906412395264
8.92430555555556,0.329163315591815
8.92569444444444,0.346271682374948
8.92708333333333,0.370765196874078
8.92847222222222,0.414028243107577
8.92986111111111,0.368403203860575
8.93125,0.376835164156426
8.93263888888889,0.364969246826392
8.93402777777778,0.416631359671096
8.93541666666667,0.362851230341811
8.93680555555556,0.381367976751427
8.93819444444444,0.37985285985804
8.93958333333333,0.394025786004041
8.94097222222222,0.405825505277582
8.94236111111111,0.364661759384123
8.94375,0.363739168965148
8.94513888888889,0.342291354466136
8.94652777777778,0.287149805413412
8.94791666666667,0.325198265505572
8.94930555555556,0.314461461281581
8.95069444444444,0.321377986583047
8.95208333333333,0.342002795866359
8.95347222222222,0.423198852456928
8.95486111111111,0.383336584864861
8.95625,0.378623725811737
8.95763888888889,0.388557714881783
8.95902777777778,0.420694119592501
8.96041666666667,0.462454654165739
8.96180555555556,0.424570337549064
8.96319444444444,0.399044994745407
8.96458333333333,0.373261767911756
8.96597222222222,0.420960665583671
8.96736111111111,0.361924848642326
8.96875,0.336990966115512
8.97013888888889,0.404955474385701
8.97152777777778,0.33246327616285
8.97291666666667,0.290733123719544
8.97430555555556,0.343780202804357
8.97569444444444,0.354983138574437
8.97708333333333,0.402620295820565
8.97847222222222,0.36766982453975
8.97986111111111,0.451700454917568
8.98125,0.470668161378648
8.98263888888889,0.422443232170742
8.98402777777778,0.441825406362325
8.98541666666667,0.413214083264006
8.98680555555556,0.419170935301777
8.98819444444444,0.421875074111689
8.98958333333333,0.372674282121284
8.99097222222222,0.400742455379294
8.99236111111111,0.391711293939579
8.99375,0.353699471044164
8.99513888888889,0.484858326667427
8.99652777777778,0.464474596251138
8.99791666666667,0.427989070901508
8.99930555555556,0.405887927907022
9.00069444444444,0.403351246420194
9.00208333333333,0.429780232298354
9.00347222222222,0.478637231020172
9.00486111111111,0.423579159056635
9.00625,0.444287079976802
9.00763888888889,0.347751258293966
9.00902777777778,0.370777861926302
9.01041666666667,0.390231254262397
9.01180555555556,0.334943973851066
9.01319444444444,0.453436999599173
9.01458333333333,0.426636406266389
9.01597222222222,0.402314336680057
9.01736111111111,0.429450411806072
9.01875,0.394575599774589
9.02013888888889,0.372712251332331
9.02152777777778,0.412756117527994
9.02291666666667,0.419434545151474
9.02430555555556,0.413167273484463
9.02569444444444,0.379731154048701
9.02708333333333,0.375652322530392
9.02847222222222,0.495745196751309
9.02986111111111,0.397245708653476
9.03125,0.393681120463217
9.03263888888889,0.373716334697875
9.03402777777778,0.298697184921171
9.03541666666667,0.324861327166265
9.03680555555556,0.339844885193552
9.03819444444444,0.33247230877382
9.03958333333333,0.319956973755196
9.04097222222222,0.411386827704294
9.04236111111111,0.326340458302817
9.04375,0.329641911003108
9.04513888888889,0.330821862288922
9.04652777777778,0.351828678989982
9.04791666666667,0.440513641629656
9.04930555555556,0.390534735333092
9.05069444444444,0.441005103709082
9.05208333333333,0.364776721677029
9.05347222222222,0.438128699575235
9.05486111111111,0.313585201578884
9.05625,0.293612941385474
9.05763888888889,0.305352504859691
9.05902777777778,0.332392083957919
9.06041666666667,0.33594931237305
9.06180555555556,0.345839746820618
9.06319444444444,0.350298125222928
9.06458333333333,0.353475995029997
9.06597222222222,0.300495209614462
9.06736111111111,0.236710303762631
9.06875,0.291693158509646
9.07013888888889,0.281944708571445
9.07152777777778,0.295282101328747
9.07291666666667,0.271576678450671
9.07430555555556,0.220609839238366
9.07569444444444,0.275774976533687
9.07708333333333,0.298740075505235
9.07847222222222,0.366608588685899
9.07986111111111,0.339876053655991
9.08125,0.309285836007428
9.08263888888889,0.287342770191432
9.08402777777778,0.331630898295645
9.08541666666667,0.35370073643741
9.08680555555556,0.354429494316652
9.08819444444444,0.368649802146713
9.08958333333333,0.354508531981204
9.09097222222222,0.335666776027557
9.09236111111111,0.349554331953106
9.09375,0.382984370748141
9.09513888888889,0.335493881431444
9.09652777777778,0.301657991147391
9.09791666666667,0.284667941584463
9.09930555555556,0.271802346752039
9.10069444444444,0.317714886100109
9.10208333333333,0.27688809703814
9.10347222222222,0.310740973017396
9.10486111111111,0.270447019908971
9.10625,0.33833887495988
9.10763888888889,0.334246849631324
9.10902777777778,0.336274164640288
9.11041666666667,0.368732142088561
9.11180555555556,0.400795376605559
9.11319444444444,0.380166803693731
9.11458333333333,0.34181191434446
9.11597222222222,0.325487144619159
9.11736111111111,0.302815063574186
9.11875,0.254465746339851
9.12013888888889,0.238364127678332
9.12152777777778,0.311503259350579
9.12291666666667,0.30149110588181
9.12430555555556,0.345949438831621
9.12569444444444,0.35325241359788
9.12708333333333,0.408019098375948
9.12847222222222,0.42916999485811
9.12986111111111,0.357333322701733
9.13125,0.445790865284127
9.13263888888889,0.434783074246549
9.13402777777778,0.3936757317785
9.13541666666667,0.42146072786449
9.13680555555556,0.37836401141054
9.13819444444444,0.355742967975499
9.13958333333333,0.404358363146354
9.14097222222222,0.337756781811269
9.14236111111111,0.379298639614704
9.14375,0.387315345257819
9.14513888888889,0.418981001748549
9.14652777777778,0.375430769727335
9.14791666666667,0.334397001182243
9.14930555555556,0.330482465068224
9.15069444444444,0.407689245447517
9.15208333333333,0.377823171914787
9.15347222222222,0.374249721579963
9.15486111111111,0.322120971805487
9.15625,0.350326758513372
9.15763888888889,0.304965472275218
9.15902777777778,0.316974193889366
9.16041666666667,0.372372147226871
9.16180555555556,0.344572379564275
9.16319444444444,0.368650869637344
9.16458333333333,0.355259054705498
9.16597222222222,0.36168398365793
9.16736111111111,0.268497862114711
9.16875,0.301443775978826
9.17013888888889,0.281318834593272
9.17152777777778,0.236533471510598
9.17291666666667,0.285815611457985
9.17430555555556,0.334911116745536
9.17569444444444,0.315325261209745
9.17708333333333,0.280552272128343
9.17847222222222,0.251525380432669
9.17986111111111,0.219568948634708
9.18125,0.280730230603823
9.18263888888889,0.312583500256092
9.18402777777778,0.330509740028896
9.18541666666667,0.36833934375389
9.18680555555556,0.394087966281951
9.18819444444444,0.329494929149924
9.18958333333333,0.313949046673584
9.19097222222222,0.340390649426083
9.19236111111111,0.371869370882795
9.19375,0.373111577374424
9.19513888888889,0.320867409010433
9.19652777777778,0.357405301332215
9.19791666666667,0.343017690273853
9.19930555555556,0.342861826534807
9.20069444444444,0.376775370130002
9.20208333333333,0.372900822287132
9.20347222222222,0.357418051622733
9.20486111111111,0.318830647382316
9.20625,0.333811421336764
9.20763888888889,0.336207322939324
9.20902777777778,0.401106480170073
9.21041666666667,0.387605306990997
9.21180555555556,0.379202545374147
9.21319444444444,0.383072082837883
9.21458333333333,0.36101679704592
9.21597222222222,0.381871392131875
9.21736111111111,0.402804820459136
9.21875,0.335411927200407
9.22013888888889,0.316926516657998
9.22152777777778,0.298801949780457
9.22291666666667,0.296921767253791
9.22430555555556,0.285435169060275
9.22569444444444,0.277981982832374
9.22708333333333,0.347601788929064
9.22847222222222,0.373361811433612
9.22986111111111,0.347452717306169
9.23125,0.353587267679414
9.23263888888889,0.373107128329756
9.23402777777778,0.465985042961217
9.23541666666667,0.394205011625401
9.23680555555556,0.354355599922866
9.23819444444444,0.339269765645811
9.23958333333333,0.323923429231045
9.24097222222222,0.407917018789992
9.24236111111111,0.411623344039046
9.24375,0.406496809122517
9.24513888888889,0.374940851343649
9.24652777777778,0.414514509634163
9.24791666666667,0.378662087350337
9.24930555555556,0.310598038133145
9.25069444444444,0.299760390936835
9.25208333333333,0.337930620397417
9.25347222222222,0.360871040068931
9.25486111111111,0.327035967999148
9.25625,0.327534610126992
9.25763888888889,0.260244203884763
9.25902777777778,0.312419398271102
9.26041666666667,0.375517660804513
9.26180555555556,0.344605503549909
9.26319444444444,0.328596401668564
9.26458333333333,0.250439731981646
9.26597222222222,0.243576655909242
9.26736111111111,0.271257033347032
9.26875,0.335465475848203
9.27013888888889,0.313727587608954
9.27152777777778,0.328048920988348
9.27291666666667,0.31735893729219
9.27430555555556,0.367283547452746
9.27569444444444,0.358209277257713
9.27708333333333,0.353181305288718
9.27847222222222,0.323242143467517
9.27986111111111,0.338970441829638
9.28125,0.347032618576608
9.28263888888889,0.343819373501024
9.28402777777778,0.356757624478887
9.28541666666667,0.402761448832085
9.28680555555556,0.368627981415286
9.28819444444444,0.315830908477576
9.28958333333333,0.365812971063154
9.29097222222222,0.300852029862988
9.29236111111111,0.304625429116787
9.29375,0.34146324935024
9.29513888888889,0.393713806357632
9.29652777777778,0.336850429063974
9.29791666666667,0.339131586108803
9.29930555555556,0.435639499167354
9.30069444444444,0.390547061269679
9.30208333333333,0.380318326084905
9.30347222222222,0.391105977539503
9.30486111111111,0.379131292868517
9.30625,0.391799516689189
9.30763888888889,0.39544553450174
9.30902777777778,0.409632414077414
9.31041666666667,0.40375773330744
9.31180555555556,0.380479942868037
9.31319444444444,0.354840254981373
9.31458333333333,0.34318147193363
9.31597222222222,0.255858981967014
9.31736111111111,0.347201405711304
9.31875,0.308300146547979
9.32013888888889,0.305588219227346
9.32152777777778,0.317486867432398
9.32291666666667,0.317277707906732
9.32430555555556,0.325097212019433
9.32569444444444,0.287749286500992
9.32708333333333,0.255778147744607
9.32847222222222,0.313887921624688
9.32986111111111,0.279113118434019
9.33125,0.307497347154955
9.33263888888889,0.27780749961223
9.33402777777778,0.364621097743131
9.33541666666667,0.337236281870215
9.33680555555556,0.318157837711985
9.33819444444444,0.319471355412109
9.33958333333333,0.32735829631153
9.34097222222222,0.371176749352935
9.34236111111111,0.322511808712183
9.34375,0.288932503364938
9.34513888888889,0.347021421535041
9.34652777777778,0.29132200480796
9.34791666666667,0.257718369207877
9.34930555555556,0.295639690967153
9.35069444444444,0.30331228023449
9.35208333333333,0.298424527011494
9.35347222222222,0.296710134966847
9.35486111111111,0.342488262371827
9.35625,0.364134232813431
9.35763888888889,0.341163529286073
9.35902777777778,0.274707533346664
9.36041666666667,0.303381158810241
9.36180555555556,0.288164498072258
9.36319444444444,0.285001441277228
9.36458333333333,0.361479543987072
9.36597222222222,0.290904050754212
9.36736111111111,0.320340375156189
9.36875,0.351597972364447
9.37013888888889,0.3473001133515
9.37152777777778,0.349600138865014
9.37291666666667,0.352027375027134
9.37430555555556,0.306653169332229
9.37569444444444,0.312850348978522
9.37708333333333,0.339539472351619
9.37847222222222,0.361364598120654
9.37986111111111,0.290455146828411
9.38125,0.355004397081247
9.38263888888889,0.351121577717399
9.38402777777778,0.311092022336397
9.38541666666667,0.280971921074088
9.38680555555556,0.28668185717715
9.38819444444444,0.278339180066792
9.38958333333333,0.308660840518619
9.39097222222222,0.339688916262918
9.39236111111111,0.336421434228062
9.39375,0.331038068705806
9.39513888888889,0.306872468868705
9.39652777777778,0.292434442632218
9.39791666666667,0.310877069166667
9.39930555555556,0.352033473959217
9.40069444444444,0.268401156147884
9.40208333333333,0.280641939697078
9.40347222222222,0.314383114128477
9.40486111111111,0.267374303790009
9.40625,0.191385118810798
9.40763888888889,0.305445725051871
9.40902777777778,0.318198538735533
9.41041666666667,0.30715741676163
9.41180555555556,0.325821748087269
9.41319444444444,0.296611185600899
9.41458333333333,0.265654837648475
9.41597222222222,0.236152647720452
9.41736111111111,0.247751889381996
9.41875,0.209421921497893
9.42013888888889,0.268473998265624
9.42152777777778,0.258336882700086
9.42291666666667,0.283842465309379
9.42430555555556,0.223321875366905
9.42569444444444,0.226473549750988
9.42708333333333,0.312641296796991
9.42847222222222,0.336749685245655
9.42986111111111,0.322024962490826
9.43125,0.268333558479557
9.43263888888889,0.310076185023742
9.43402777777778,0.248947347993596
9.43541666666667,0.282395546815196
9.43680555555556,0.314738959255238
9.43819444444444,0.363743478709524
9.43958333333333,0.317902092462699
9.44097222222222,0.230660874838937
9.44236111111111,0.283436241533065
9.44375,0.265681527503277
9.44513888888889,0.305130412334914
9.44652777777778,0.357236531921245
9.44791666666667,0.283013965531307
9.44930555555556,0.280740598771157
9.45069444444444,0.309068106348672
9.45208333333333,0.338617751519736
9.45347222222222,0.344899350144372
9.45486111111111,0.311171482428126
9.45625,0.322058987687814
9.45763888888889,0.276831235874245
9.45902777777778,0.29592087047922
9.46041666666667,0.369103849033542
9.46180555555556,0.328548348466946
9.46319444444444,0.378485652201671
9.46458333333333,0.366037984737946
9.46597222222222,0.318877484160943
9.46736111111111,0.373429615847171
9.46875,0.400970525757193
9.47013888888889,0.407970862715943
9.47152777777778,0.391454634485893
9.47291666666667,0.336809401513381
9.47430555555556,0.312365348063398
9.47569444444444,0.33973641317027
9.47708333333333,0.396123851446312
9.47847222222222,0.370027457749437
9.47986111111111,0.433091291354502
9.48125,0.418857589318002
9.48263888888889,0.381253910046834
9.48402777777778,0.314085649731774
9.48541666666667,0.348830938805027
9.48680555555556,0.33103569765815
9.48819444444444,0.318224585770948
9.48958333333333,0.320039081523143
9.49097222222222,0.375658949096225
9.49236111111111,0.331218898903854
9.49375,0.313109830313271
9.49513888888889,0.434184441602505
9.49652777777778,0.369659395011976
9.49791666666667,0.37655775987186
9.49930555555556,0.334404893395904
9.50069444444444,0.358016816615707
9.50208333333333,0.37802279237165
9.50347222222222,0.399413201124148
9.50486111111111,0.393916857064654
9.50625,0.371348030665748
9.50763888888889,0.356006119242665
9.50902777777778,0.367168860159501
9.51041666666667,0.367568492261852
9.51180555555556,0.358836125292303
9.51319444444444,0.296154291999333
9.51458333333333,0.339313858742348
9.51597222222222,0.41156065002371
9.51736111111111,0.380921213503532
9.51875,0.362304517761508
9.52013888888889,0.425865307863982
9.52152777777778,0.287104595013218
9.52291666666667,0.324491513030225
9.52430555555556,0.345674629735256
9.52569444444444,0.309471288189793
9.52708333333333,0.391267922968375
9.52847222222222,0.407447087042398
9.52986111111111,0.458191613453297
9.53125,0.359073122812198
9.53263888888889,0.425069797640243
9.53402777777778,0.388074675257887
9.53541666666667,0.40293211719782
9.53680555555556,0.367654100262653
9.53819444444444,0.443895103791619
9.53958333333333,0.394448388413472
9.54097222222222,0.406264977883162
9.54236111111111,0.301083781274102
9.54375,0.329081734798989
9.54513888888889,0.354570161315542
9.54652777777778,0.288545062051809
9.54791666666667,0.359388838295855
9.54930555555556,0.394833239162587
9.55069444444444,0.255493983629768
9.55208333333333,0.247523388458393
9.55347222222222,0.336565056430431
9.55486111111111,0.367316947788258
9.55625,0.335807109145979
9.55763888888889,0.341556673863895
9.55902777777778,0.368854156306902
9.56041666666667,0.428939586435374
9.56180555555556,0.420991205580107
9.56319444444444,0.399687590570775
9.56458333333333,0.461929277877856
9.56597222222222,0.389188184958252
9.56736111111111,0.359487962577342
9.56875,0.397352928761119
9.57013888888889,0.355675443677105
9.57152777777778,0.335920927891436
9.57291666666667,0.374541632156938
9.57430555555556,0.372359865655772
9.57569444444444,0.360070902555938
9.57708333333333,0.331647453248744
9.57847222222222,0.410731941669083
9.57986111111111,0.40247532169902
9.58125,0.349168253852575
9.58263888888889,0.384828175048973
9.58402777777778,0.379746179458984
9.58541666666667,0.305777579460399
9.58680555555556,0.417910901286788
9.58819444444444,0.381370360819823
9.58958333333333,0.297099095631475
9.59097222222222,0.277723736868305
9.59236111111111,0.371825673860475
9.59375,0.405958251173012
9.59513888888889,0.344237160176432
9.59652777777778,0.344257166553899
9.59791666666667,0.385821857864238
9.59930555555556,0.402114708645455
9.60069444444444,0.316202420239245
9.60208333333333,0.360056994470202
9.60347222222222,0.371154179580361
9.60486111111111,0.35089270933594
9.60625,0.343928966703669
9.60763888888889,0.344316921071106
9.60902777777778,0.396986483828294
9.61041666666667,0.351972462457547
9.61180555555556,0.340425194094713
9.61319444444444,0.382166294122264
9.61458333333333,0.433993474939188
9.61597222222222,0.463718831293445
9.61736111111111,0.359170746759419
9.61875,0.344849706658242
9.62013888888889,0.297018487784765
9.62152777777778,0.227581095175444
9.62291666666667,0.361046830997901
9.62430555555556,0.377696536738758
9.62569444444444,0.343882596433224
9.62708333333333,0.376135486339259
9.62847222222222,0.3485571575571
9.62986111111111,0.344548749705146
9.63125,0.3629603928757
9.63263888888889,0.346102583149627
9.63402777777778,0.360345846795517
9.63541666666667,0.390135318502573
9.63680555555556,0.384787156939054
9.63819444444444,0.374064862277035
9.63958333333333,0.291078085575707
9.64097222222222,0.339211404654107
9.64236111111111,0.334241177819604
9.64375,0.379971396664107
9.64513888888889,0.372324217235411
9.64652777777778,0.351406312142705
9.64791666666667,0.322338423395674
9.64930555555556,0.383498717965281
9.65069444444444,0.348606246501602
9.65208333333333,0.289078116447033
9.65347222222222,0.329537499963675
9.65486111111111,0.323241794588098
9.65625,0.338890985836884
9.65763888888889,0.335218031904375
9.65902777777778,0.317780433046449
9.66041666666667,0.365688890220739
9.66180555555556,0.395661440697188
9.66319444444444,0.37236009829797
9.66458333333333,0.38127726189629
9.66597222222222,0.27474876626152
9.66736111111111,0.323053700480082
9.66875,0.323483205330873
9.67013888888889,0.327872879600707
9.67152777777778,0.249650368223067
9.67291666666667,0.295401966406789
9.67430555555556,0.371883697467104
9.67569444444444,0.338523883966372
9.67708333333333,0.25444415415115
9.67847222222222,0.268032302314012
9.67986111111111,0.266634006959741
9.68125,0.351405374298053
9.68263888888889,0.28334989283795
9.68402777777778,0.317393583258228
9.68541666666667,0.359075505523414
9.68680555555556,0.358314277355227
9.68819444444444,0.370900567188133
9.68958333333333,0.330163771512603
9.69097222222222,0.321115294320043
9.69236111111111,0.30683609061531
9.69375,0.317990843442266
9.69513888888889,0.303840955098273
9.69652777777778,0.319544351564491
9.69791666666667,0.361481409695026
9.69930555555556,0.402551021147706
9.70069444444444,0.436754042965027
9.70208333333333,0.390867821201796
9.70347222222222,0.38218339576589
9.70486111111111,0.401932936696042
9.70625,0.393528769563233
9.70763888888889,0.431559430667774
9.70902777777778,0.432057833423176
9.71041666666667,0.383394021371259
9.71180555555556,0.307886115741475
9.71319444444444,0.386899452741331
9.71458333333333,0.398704002736206
9.71597222222222,0.279021822018534
9.71736111111111,0.367326583530312
9.71875,0.352637808085987
9.72013888888889,0.251021077877422
9.72152777777778,0.30035483414173
9.72291666666667,0.377079523294485
9.72430555555556,0.370671245503911
9.72569444444444,0.333568404966275
9.72708333333333,0.298262994298749
9.72847222222222,0.299283778731059
9.72986111111111,0.368917263739932
9.73125,0.330124091878274
9.73263888888889,0.31995974715448
9.73402777777778,0.347071017282343
9.73541666666667,0.337090556775933
9.73680555555556,0.396770103448464
9.73819444444444,0.37659969656201
9.73958333333333,0.326156026055688
9.74097222222222,0.315628992496075
9.74236111111111,0.317531593227558
9.74375,0.410936308769528
9.74513888888889,0.369188222634536
9.74652777777778,0.370200906897696
9.74791666666667,0.35293422348107
9.74930555555556,0.33575415669273
9.75069444444444,0.312533984305332
9.75208333333333,0.362505369725838
9.75347222222222,0.399768561313229
9.75486111111111,0.408355464615441
9.75625,0.389532284390108
9.75763888888889,0.31532059795105
9.75902777777778,0.331632110077263
9.76041666666667,0.286974569879202
9.76180555555556,0.402335571687617
9.76319444444444,0.369516780635259
9.76458333333333,0.352149914815629
9.76597222222222,0.319043919365364
9.76736111111111,0.339837301429056
9.76875,0.312522714666245
9.77013888888889,0.36646070727768
9.77152777777778,0.400778810362897
9.77291666666667,0.351345254808122
9.77430555555556,0.336262823638941
9.77569444444444,0.299008746649167
9.77708333333333,0.237143357837732
9.77847222222222,0.265539480499765
9.77986111111111,0.229239697832559
9.78125,0.248351394026742
9.78263888888889,0.290392429845692
9.78402777777778,0.343937699487956
9.78541666666667,0.367436323021284
9.78680555555556,0.323856965680543
9.78819444444444,0.247595678437762
9.78958333333333,0.208428177952989
9.79097222222222,0.276834542456679
9.79236111111111,0.259930404164596
9.79375,0.308155067190862
9.79513888888889,0.282881939191342
9.79652777777778,0.262163761568992
9.79791666666667,0.313087791786023
9.79930555555556,0.290215322300857
9.80069444444444,0.289633364373779
9.80208333333333,0.289024674895155
9.80347222222222,0.327284389851054
9.80486111111111,0.323589689586991
9.80625,0.336754530563235
9.80763888888889,0.336353721856724
9.80902777777778,0.334918002089334
9.81041666666667,0.291651121288138
9.81180555555556,0.3060252503558
9.81319444444444,0.306476515944686
9.81458333333333,0.281062877987169
9.81597222222222,0.318164505486491
9.81736111111111,0.33537957536561
9.81875,0.248228365608517
9.82013888888889,0.264968534030293
9.82152777777778,0.276687186726447
9.82291666666667,0.274143028306327
9.82430555555556,0.275636504919755
9.82569444444444,0.364514948792643
9.82708333333333,0.340907035687633
9.82847222222222,0.327433425634569
9.82986111111111,0.360988184958655
9.83125,0.362559473384839
9.83263888888889,0.332912785529485
9.83402777777778,0.384607860563793
9.83541666666667,0.412550579032566
9.83680555555556,0.396566862451936
9.83819444444444,0.329807866623036
9.83958333333333,0.376383125957204
9.84097222222222,0.383302505390615
9.84236111111111,0.383592917814822
9.84375,0.428712498570524
9.84513888888889,0.478020227851616
9.84652777777778,0.447955696967507
9.84791666666667,0.470320898275392
9.84930555555556,0.407828513483857
9.85069444444444,0.363935072377877
9.85208333333333,0.353635635706801
9.85347222222222,0.389203072348221
9.85486111111111,0.361705546181275
9.85625,0.412664685522048
9.85763888888889,0.348702714602944
9.85902777777778,0.426747398171536
9.86041666666667,0.39727411107274
9.86180555555556,0.334199697895337
9.86319444444444,0.296346548257934
9.86458333333333,0.334155721783877
9.86597222222222,0.412254916544291
9.86736111111111,0.4104587465311
9.86875,0.377259512680186
9.87013888888889,0.310521701697439
9.87152777777778,0.375793107815594
9.87291666666667,0.354725641869824
9.87430555555556,0.362265174878929
9.87569444444444,0.381765928200678
9.87708333333333,0.399926854597047
9.87847222222222,0.389678352184926
9.87986111111111,0.448890130371416
9.88125,0.431519148890576
9.88263888888889,0.479039972636234
9.88402777777778,0.453583119850895
9.88541666666667,0.439260091463855
9.88680555555556,0.480123463461716
9.88819444444444,0.436560080180805
9.88958333333333,0.480516763219901
9.89097222222222,0.485809203261721
9.89236111111111,0.393288374263116
9.89375,0.392958767565408
9.89513888888889,0.41802587329101
9.89652777777778,0.44106184238918
9.89791666666667,0.438034363996114
9.89930555555556,0.433157652715739
9.90069444444444,0.359367596658581
9.90208333333333,0.430953558693838
9.90347222222222,0.379692612762515
9.90486111111111,0.356910336688817
9.90625,0.342153677173469
9.90763888888889,0.440525942807808
9.90902777777778,0.359475888179636
9.91041666666667,0.353659208455574
9.91180555555556,0.344443590217317
9.91319444444444,0.41701113291552
9.91458333333333,0.402703722581422
9.91597222222222,0.346097288543049
9.91736111111111,0.339030708248301
9.91875,0.368936991728608
9.92013888888889,0.364035426417601
9.92152777777778,0.347529036207883
9.92291666666667,0.344345736049156
9.92430555555556,0.363630877095546
9.92569444444444,0.397742391267951
9.92708333333333,0.313381677030345
9.92847222222222,0.34023368224063
9.92986111111111,0.349415081852577
9.93125,0.389315955743497
9.93263888888889,0.437300856769857
9.93402777777778,0.326184076505315
9.93541666666667,0.389984912093775
9.93680555555556,0.347827387110425
9.93819444444444,0.322703379166547
9.93958333333333,0.352448403038974
9.94097222222222,0.38300264893217
9.94236111111111,0.391914035914403
9.94375,0.389587539207722
9.94513888888889,0.375474841781956
9.94652777777778,0.375158060470769
9.94791666666667,0.406837773108423
9.94930555555556,0.377491115992662
9.95069444444444,0.389023164445829
9.95208333333333,0.394840144637302
9.95347222222222,0.42421522369351
9.95486111111111,0.442318357207527
9.95625,0.394530644295789
9.95763888888889,0.43323516549159
9.95902777777778,0.385973518602531
9.96041666666667,0.400773925923137
9.96180555555556,0.369198458277996
9.96319444444444,0.344810048952211
9.96458333333333,0.328962676030745
9.96597222222222,0.305465506333145
9.96736111111111,0.26029124146281
9.96875,0.345064406765148
9.97013888888889,0.40017585062517
9.97152777777778,0.323693383439338
9.97291666666667,0.291402824902633
9.97430555555556,0.300164127755778
9.97569444444444,0.333897816964514
9.97708333333333,0.327422164190991
9.97847222222222,0.297336205967757
9.97986111111111,0.321779139931627
9.98125,0.364384548245301
9.98263888888889,0.345379186883802
9.98402777777778,0.32536208858393
9.98541666666667,0.326549777510145
9.98680555555556,0.344277634187415
9.98819444444444,0.314419339168912
9.98958333333333,0.313908717961983
9.99097222222222,0.271500525940467
9.99236111111111,0.244284903820936
9.99375,0.243792849763249
9.99513888888889,0.350299990326137
9.99652777777778,0.387874584903925
9.99791666666667,0.276546305083456
9.99930555555556,0.312438132293232
10.0006944444444,0.260088717769574
10.0020833333333,0.294257371357729
10.0034722222222,0.25270453708427
10.0048611111111,0.25162508377439
10.00625,0.274153322888965
10.0076388888889,0.306196489332427
10.0090277777778,0.303312683952813
10.0104166666667,0.284273019821297
10.0118055555556,0.360893744599686
10.0131944444444,0.293661075285737
10.0145833333333,0.268394242295785
10.0159722222222,0.315161016597173
10.0173611111111,0.273024284954991
10.01875,0.230409941838056
10.0201388888889,0.249074742190279
10.0215277777778,0.279606620511916
10.0229166666667,0.328368861795932
10.0243055555556,0.328654250518569
10.0256944444444,0.314672735819639
10.0270833333333,0.259384261067427
10.0284722222222,0.285465277426196
10.0298611111111,0.26961719148667
10.03125,0.203332966864581
10.0326388888889,0.207343376459759
10.0340277777778,0.199478468759353
10.0354166666667,0.212866219224395
10.0368055555556,0.189449524402265
10.0381944444444,0.307687143624243
10.0395833333333,0.231415587636969
10.0409722222222,0.235780717807403
10.0423611111111,0.246429637651286
10.04375,0.31270914373691
10.0451388888889,0.40511297686358
10.0465277777778,0.369675718063462
10.0479166666667,0.306492596382551
10.0493055555556,0.32283286414722
10.0506944444444,0.309675433164803
10.0520833333333,0.352195433249756
10.0534722222222,0.330530004151924
10.0548611111111,0.386548487121661
10.05625,0.305426663766337
10.0576388888889,0.283145140314734
10.0590277777778,0.319417235242544
10.0604166666667,0.302421595385897
10.0618055555556,0.277599984229165
10.0631944444444,0.27749028212449
10.0645833333333,0.30852424477324
10.0659722222222,0.296039329985669
10.0673611111111,0.273297375920892
10.06875,0.221769800413955
10.0701388888889,0.303556663464424
10.0715277777778,0.310242557905728
10.0729166666667,0.243710834828267
10.0743055555556,0.316832620014941
10.0756944444444,0.326469129863036
10.0770833333333,0.326338613630554
10.0784722222222,0.260332161341507
10.0798611111111,0.26230421031014
10.08125,0.294865112688521
10.0826388888889,0.23443189633555
10.0840277777778,0.264303403801007
10.0854166666667,0.317291398586997
10.0868055555556,0.325679411546764
10.0881944444444,0.347269780378549
10.0895833333333,0.326013864446236
10.0909722222222,0.317495282072448
10.0923611111111,0.331898515948979
10.09375,0.318168828299666
10.0951388888889,0.283591818414482
10.0965277777778,0.333326419829795
10.0979166666667,0.252572374868379
10.0993055555556,0.321307879351436
10.1006944444444,0.291719584330646
10.1020833333333,0.418327145112647
10.1034722222222,0.364474195226765
10.1048611111111,0.345690017086172
10.10625,0.29939461294839
10.1076388888889,0.318776434505431
10.1090277777778,0.316813606356932
10.1104166666667,0.320226439623438
10.1118055555556,0.313172178341963
10.1131944444444,0.276563516632815
10.1145833333333,0.30689490560934
10.1159722222222,0.288576624057793
10.1173611111111,0.27626415416153
10.11875,0.277380917553854
10.1201388888889,0.261035838832974
10.1215277777778,0.359622525757238
10.1229166666667,0.273392253695008
10.1243055555556,0.238909681753003
10.1256944444444,0.310517363236248
10.1270833333333,0.278559948161886
10.1284722222222,0.310865171493412
10.1298611111111,0.297437985998819
10.13125,0.287629827472995
10.1326388888889,0.308090273745122
10.1340277777778,0.248694638311207
10.1354166666667,0.258865775573295
10.1368055555556,0.265667757707415
10.1381944444444,0.212571746256296
10.1395833333333,0.210594661705862
10.1409722222222,0.220043361060385
10.1423611111111,0.280587746052716
10.14375,0.242797320181014
10.1451388888889,0.298296112555193
10.1465277777778,0.238871879704413
10.1479166666667,0.270073822737298
10.1493055555556,0.296842468070914
10.1506944444444,0.307121760966808
10.1520833333333,0.27715796035911
10.1534722222222,0.282175747261938
10.1548611111111,0.266232902866528
10.15625,0.271757303844145
10.1576388888889,0.16218257484766
10.1590277777778,0.246892532956765
10.1604166666667,0.287561072251547
10.1618055555556,0.221390440275298
10.1631944444444,0.17261452462742
10.1645833333333,0.138613747802073
10.1659722222222,0.164432669130733
10.1673611111111,0.220113766589793
10.16875,0.180641824329601
10.1701388888889,0.211374089444938
10.1715277777778,0.280234311015959
10.1729166666667,0.259324717241575
10.1743055555556,0.258196631679998
10.1756944444444,0.25218122037765
10.1770833333333,0.265471682323739
10.1784722222222,0.262798109695008
10.1798611111111,0.286317354902414
10.18125,0.277979691651638
10.1826388888889,0.288490768738195
10.1840277777778,0.319841834245376
10.1854166666667,0.283304180833555
10.1868055555556,0.270960054044642
10.1881944444444,0.29316866371676
10.1895833333333,0.326388990524617
10.1909722222222,0.315424924049833
10.1923611111111,0.21673730842022
10.19375,0.225139722308662
10.1951388888889,0.271296549306211
10.1965277777778,0.240506079935937
10.1979166666667,0.316549289969356
10.1993055555556,0.278289918091003
10.2006944444444,0.315369282454065
10.2020833333333,0.304209076729188
10.2034722222222,0.342167259722771
10.2048611111111,0.318179076969483
10.20625,0.285691056908828
10.2076388888889,0.285337204067575
10.2090277777778,0.319772391101876
10.2104166666667,0.318143880306439
10.2118055555556,0.366739180505588
10.2131944444444,0.316057742721037
10.2145833333333,0.369469541198766
10.2159722222222,0.360231664217253
10.2173611111111,0.245158246092515
10.21875,0.278692270968955
10.2201388888889,0.348167004757498
10.2215277777778,0.352832240078902
10.2229166666667,0.329899699837455
10.2243055555556,0.364476613454461
10.2256944444444,0.387887333033834
10.2270833333333,0.348549933479265
10.2284722222222,0.375495525767625
10.2298611111111,0.376772000982798
10.23125,0.353089231885931
10.2326388888889,0.344413455353661
10.2340277777778,0.322696563760475
10.2354166666667,0.284160956985395
10.2368055555556,0.323547819949247
10.2381944444444,0.360261391070612
10.2395833333333,0.344498049446898
10.2409722222222,0.389927853656117
10.2423611111111,0.365290202551184
10.24375,0.345518388405465
10.2451388888889,0.270487555768646
10.2465277777778,0.281743009824196
10.2479166666667,0.247500007635008
10.2493055555556,0.310589702027167
10.2506944444444,0.345621564761329
10.2520833333333,0.284686617325852
10.2534722222222,0.269429350226205
10.2548611111111,0.269028402297895
10.25625,0.244735421654009
10.2576388888889,0.261711454913231
10.2590277777778,0.251687899608088
10.2604166666667,0.257120670272495
10.2618055555556,0.270218774285882
10.2631944444444,0.333286272686348
10.2645833333333,0.261510403328299
10.2659722222222,0.248372541162021
10.2673611111111,0.308128463468202
10.26875,0.290434229392432
10.2701388888889,0.224520727123394
10.2715277777778,0.140497402554975
10.2729166666667,0.18770250607669
10.2743055555556,0.213117597317185
10.2756944444444,0.191087292434664
10.2770833333333,0.189955627582571
10.2784722222222,0.206885947225306
10.2798611111111,0.262729065152082
10.28125,0.187624027711843
10.2826388888889,0.213271047441368
10.2840277777778,0.228573966143394
10.2854166666667,0.181227287400088
10.2868055555556,0.152723117459037
10.2881944444444,0.183602046258366
10.2895833333333,0.196186961569547
10.2909722222222,0.268811205674264
10.2923611111111,0.288505905166381
10.29375,0.290509073439668
10.2951388888889,0.185129045408635
10.2965277777778,0.249978363603141
10.2979166666667,0.258413188166165
10.2993055555556,0.291373715507595
10.3006944444444,0.321158957779033
10.3020833333333,0.266976174264497
10.3034722222222,0.232197817748108
10.3048611111111,0.289657570717705
10.30625,0.312721589319457
10.3076388888889,0.2476317065853
10.3090277777778,0.255736651687481
10.3104166666667,0.296504195327137
10.3118055555556,0.247117580348561
10.3131944444444,0.217315173879974
10.3145833333333,0.286412933790575
10.3159722222222,0.306460881143063
10.3173611111111,0.285894609065245
10.31875,0.277587283826939
10.3201388888889,0.25787962623772
10.3215277777778,0.252814830061972
10.3229166666667,0.293086543335837
10.3243055555556,0.299300194042416
10.3256944444444,0.338379557111016
10.3270833333333,0.328968585932475
10.3284722222222,0.301590752059935
10.3298611111111,0.304241211755062
10.33125,0.269823667304439
10.3326388888889,0.310657579214884
10.3340277777778,0.28592433776164
10.3354166666667,0.261126501185493
10.3368055555556,0.256413688900187
10.3381944444444,0.264398885764716
10.3395833333333,0.281248450591513
10.3409722222222,0.317346751944057
10.3423611111111,0.305849192560775
10.34375,0.334706917832425
10.3451388888889,0.300427056702019
10.3465277777778,0.303847362174928
10.3479166666667,0.247828698336283
10.3493055555556,0.250390003006516
10.3506944444444,0.260763673077489
10.3520833333333,0.232811102295728
10.3534722222222,0.258096965298902
10.3548611111111,0.28233705725085
10.35625,0.207287416918043
10.3576388888889,0.280554840074199
10.3590277777778,0.313244203073352
10.3604166666667,0.26324821312189
10.3618055555556,0.285167646500013
10.3631944444444,0.297172279425113
10.3645833333333,0.353066886290949
10.3659722222222,0.28768945844136
10.3673611111111,0.298461124550338
10.36875,0.300197777225771
10.3701388888889,0.302095098451711
10.3715277777778,0.263461879911668
10.3729166666667,0.264985269981557
10.3743055555556,0.269386375605181
10.3756944444444,0.266883027274445
10.3770833333333,0.304186222841879
10.3784722222222,0.33461063375237
10.3798611111111,0.260117492239461
10.38125,0.307814623511084
10.3826388888889,0.266117366252031
10.3840277777778,0.258281129530162
10.3854166666667,0.240171279614142
10.3868055555556,0.287459889077741
10.3881944444444,0.290332033424539
10.3895833333333,0.309085272569759
10.3909722222222,0.326515861384071
10.3923611111111,0.294805562728702
10.39375,0.317827391612783
10.3951388888889,0.263537921706225
10.3965277777778,0.25381441121408
10.3979166666667,0.315305116312542
10.3993055555556,0.266728709449878
10.4006944444444,0.264778032676534
10.4020833333333,0.245639136976142
10.4034722222222,0.251035781690585
10.4048611111111,0.272790223350996
10.40625,0.273098457413663
10.4076388888889,0.24587876449719
10.4090277777778,0.248354231838466
10.4104166666667,0.272725184640119
10.4118055555556,0.263955205600539
10.4131944444444,0.296843758084114
10.4145833333333,0.335250672888411
10.4159722222222,0.298744228101607
10.4173611111111,0.298854519204045
10.41875,0.331905265549724
10.4201388888889,0.374073851976609
10.4215277777778,0.348035011590527
10.4229166666667,0.315823815796457
10.4243055555556,0.261892651466287
10.4256944444444,0.251473099051933
10.4270833333333,0.284258542808168
10.4284722222222,0.363208876884102
10.4298611111111,0.342706082820135
10.43125,0.338620843613689
10.4326388888889,0.353112733911404
10.4340277777778,0.338009253022734
10.4354166666667,0.379750570746297
10.4368055555556,0.318245329599911
10.4381944444444,0.32054976051355
10.4395833333333,0.282022821255611
10.4409722222222,0.246569190429429
10.4423611111111,0.218100186658941
10.44375,0.218093873768729
10.4451388888889,0.206685696600549
10.4465277777778,0.273193269245117
10.4479166666667,0.289774080129773
10.4493055555556,0.326575220571745
10.4506944444444,0.277693074695302
10.4520833333333,0.316230277350523
10.4534722222222,0.317641101034134
10.4548611111111,0.309330701851743
10.45625,0.277917803416561
10.4576388888889,0.330051231133735
10.4590277777778,0.324962910246122
10.4604166666667,0.329830788969937
10.4618055555556,0.286720223489548
10.4631944444444,0.248649542356617
10.4645833333333,0.226659585219458
10.4659722222222,0.239011874319036
10.4673611111111,0.274343145106829
10.46875,0.319800675812574
10.4701388888889,0.284787391057513
10.4715277777778,0.298209342766598
10.4729166666667,0.316435334517238
10.4743055555556,0.307803906531436
10.4756944444444,0.296094341827401
10.4770833333333,0.321057900172901
10.4784722222222,0.39531487442224
10.4798611111111,0.425986231256782
10.48125,0.403800822769696
10.4826388888889,0.406491908182534
10.4840277777778,0.405325543088318
10.4854166666667,0.356647862737032
10.4868055555556,0.369135304634032
10.4881944444444,0.388528704381845
10.4895833333333,0.288857491963627
10.4909722222222,0.319647662139749
10.4923611111111,0.326007867810249
10.49375,0.393762473351025
10.4951388888889,0.336445363983056
10.4965277777778,0.278625853980431
10.4979166666667,0.295266152888128
10.4993055555556,0.331516537712192
10.5006944444444,0.358669607383797
10.5020833333333,0.352412552506679
10.5034722222222,0.299502386464267
10.5048611111111,0.331964427716328
10.50625,0.346014031295689
10.5076388888889,0.311681579754933
10.5090277777778,0.28520993222032
10.5104166666667,0.320649880782864
10.5118055555556,0.274893394769084
10.5131944444444,0.229592284826373
10.5145833333333,0.205461926114328
10.5159722222222,0.20220323693713
10.5173611111111,0.233572416433977
10.51875,0.244533081609132
10.5201388888889,0.204587632414123
10.5215277777778,0.260231725604236
10.5229166666667,0.284020138961046
10.5243055555556,0.262870710696311
10.5256944444444,0.244153673160632
10.5270833333333,0.252153979333007
10.5284722222222,0.231976037372857
10.5298611111111,0.344522993143269
10.53125,0.370875824345895
10.5326388888889,0.359673241613326
10.5340277777778,0.320793798050103
10.5354166666667,0.295079306718015
10.5368055555556,0.279472433057837
10.5381944444444,0.285589584466676
10.5395833333333,0.316812014776681
10.5409722222222,0.355767884514048
10.5423611111111,0.362704387571863
10.54375,0.337180186660523
10.5451388888889,0.297252183789896
10.5465277777778,0.361585953414146
10.5479166666667,0.347603415955778
10.5493055555556,0.388337789049534
10.5506944444444,0.322001661395208
10.5520833333333,0.30247897572236
10.5534722222222,0.321530950106565
10.5548611111111,0.322074517202984
10.55625,0.286589843315737
10.5576388888889,0.271354145402088
10.5590277777778,0.28420734218688
10.5604166666667,0.284770929864578
10.5618055555556,0.310218121960144
10.5631944444444,0.29134726472009
10.5645833333333,0.352377448919241
10.5659722222222,0.364162239112322
10.5673611111111,0.322958115663957
10.56875,0.316546454245497
10.5701388888889,0.259701483322005
10.5715277777778,0.247114390070241
10.5729166666667,0.264551467098245
10.5743055555556,0.291261119421843
10.5756944444444,0.283689172825395
10.5770833333333,0.299695685303448
10.5784722222222,0.245011330328737
10.5798611111111,0.317175001091545
10.58125,0.355594977031448
10.5826388888889,0.359542456846495
10.5840277777778,0.310527114602595
10.5854166666667,0.310004081581608
10.5868055555556,0.303398824932663
10.5881944444444,0.256300343502062
10.5895833333333,0.255600247859622
10.5909722222222,0.245671602388454
10.5923611111111,0.295057934000166
10.59375,0.300573800566968
10.5951388888889,0.314441150019016
10.5965277777778,0.302665932711571
10.5979166666667,0.232257508203853
10.5993055555556,0.300293705231299
10.6006944444444,0.319865251391669
10.6020833333333,0.268066606520485
10.6034722222222,0.278907642484865
10.6048611111111,0.306541043680304
10.60625,0.353433909279453
10.6076388888889,0.373975660234818
10.6090277777778,0.306145635656736
10.6104166666667,0.285442105638844
10.6118055555556,0.258737807913379
10.6131944444444,0.295194359847911
10.6145833333333,0.33996907385584
10.6159722222222,0.377190955768101
10.6173611111111,0.36193683345737
10.61875,0.423635686123897
10.6201388888889,0.363249777834847
10.6215277777778,0.353791148533533
10.6229166666667,0.346893188409147
10.6243055555556,0.277474253849742
10.6256944444444,0.340596713820821
10.6270833333333,0.329021462249654
10.6284722222222,0.330354038312485
10.6298611111111,0.295454467245689
10.63125,0.306345214824386
10.6326388888889,0.278767923510729
10.6340277777778,0.302671896028912
10.6354166666667,0.343687542473845
10.6368055555556,0.391631005452603
10.6381944444444,0.42498920522538
10.6395833333333,0.384224783033284
10.6409722222222,0.375058585602299
10.6423611111111,0.38069019649012
10.64375,0.400598421766902
10.6451388888889,0.29727034340493
10.6465277777778,0.373083185436158
10.6479166666667,0.367242212661049
10.6493055555556,0.397266275907899
10.6506944444444,0.367488313342625
10.6520833333333,0.388875435569321
10.6534722222222,0.347750941375276
10.6548611111111,0.316912536711791
10.65625,0.371464281759615
10.6576388888889,0.325761332398607
10.6590277777778,0.289430225998303
10.6604166666667,0.283519218564896
10.6618055555556,0.28138806062005
10.6631944444444,0.3479767614575
10.6645833333333,0.291250926740818
10.6659722222222,0.313879219857318
10.6673611111111,0.285164396521625
10.66875,0.266662824382108
10.6701388888889,0.330053689781227
10.6715277777778,0.333533772570719
10.6729166666667,0.294591372608956
10.6743055555556,0.300560771330508
10.6756944444444,0.274607075306912
10.6770833333333,0.278060433431056
10.6784722222222,0.297533177725852
10.6798611111111,0.280537266893104
10.68125,0.338425804085529
10.6826388888889,0.321257277531899
10.6840277777778,0.320861418812175
10.6854166666667,0.265005897638131
10.6868055555556,0.297402254216831
10.6881944444444,0.314857436519041
10.6895833333333,0.306842434824017
10.6909722222222,0.298785659407927
10.6923611111111,0.289477576655408
10.69375,0.264364106634166
10.6951388888889,0.252819882751189
10.6965277777778,0.240469471791096
10.6979166666667,0.313228075219589
10.6993055555556,0.255521233075888
10.7006944444444,0.246756339797081
10.7020833333333,0.282195018581766
10.7034722222222,0.19297382891093
10.7048611111111,0.233105033516201
10.70625,0.230999933305732
10.7076388888889,0.170637163315807
10.7090277777778,0.196372389828421
10.7104166666667,0.217963791684783
10.7118055555556,0.242879689780518
10.7131944444444,0.220252823856381
10.7145833333333,0.205855903437429
10.7159722222222,0.248085878796276
10.7173611111111,0.225563516250857
10.71875,0.246867918044643
10.7201388888889,0.212530084094264
10.7215277777778,0.147924155396045
10.7229166666667,0.100027737266194
10.7243055555556,0.0901045533257948
10.7256944444444,0.162169134403441
10.7270833333333,0.208162510978059
10.7284722222222,0.210599986182271
10.7298611111111,0.183566801124697
10.73125,0.227795872214126
10.7326388888889,0.286908667901221
10.7340277777778,0.241615992365868
10.7354166666667,0.221641350533592
10.7368055555556,0.183684097581405
10.7381944444444,0.206278574086923
10.7395833333333,0.24726267615738
10.7409722222222,0.272605845569055
10.7423611111111,0.268032727678543
10.74375,0.285107955955323
10.7451388888889,0.286566342618012
10.7465277777778,0.301278220440433
10.7479166666667,0.286854789459798
10.7493055555556,0.298760518945725
10.7506944444444,0.287049994525563
10.7520833333333,0.326921156804453
10.7534722222222,0.295409463597629
10.7548611111111,0.283054082890242
10.75625,0.238604161313934
10.7576388888889,0.212868720576074
10.7590277777778,0.268898551324423
10.7604166666667,0.251372022569753
10.7618055555556,0.288641708339515
10.7631944444444,0.289538798724635
10.7645833333333,0.213372595709156
10.7659722222222,0.221625817190106
10.7673611111111,0.256800499337565
10.76875,0.25663292117112
10.7701388888889,0.278890340152379
10.7715277777778,0.293258182309478
10.7729166666667,0.260609030635005
10.7743055555556,0.251450024666155
10.7756944444444,0.280215235219598
10.7770833333333,0.301867848261294
10.7784722222222,0.283953161202177
10.7798611111111,0.283593192928426
10.78125,0.282986992368415
10.7826388888889,0.18051966790704
10.7840277777778,0.196909774782204
10.7854166666667,0.166830949022259
10.7868055555556,0.193888683919601
10.7881944444444,0.246423102539929
10.7895833333333,0.229443627474483
10.7909722222222,0.200368477317004
10.7923611111111,0.218001843223555
10.79375,0.181215806062793
10.7951388888889,0.199471476071565
10.7965277777778,0.20724606217598
10.7979166666667,0.255753469645646
10.7993055555556,0.233310010454935
10.8006944444444,0.298131896619997
10.8020833333333,0.264896310573045
10.8034722222222,0.279966604986653
10.8048611111111,0.270173452392748
10.80625,0.218494799908791
10.8076388888889,0.196950405957838
10.8090277777778,0.224262842100062
10.8104166666667,0.24320089087975
10.8118055555556,0.284710813850264
10.8131944444444,0.189214739615682
10.8145833333333,0.172187253523761
10.8159722222222,0.231058448699377
10.8173611111111,0.242351375492153
10.81875,0.233475915902299
10.8201388888889,0.299587201716451
10.8215277777778,0.279795576487663
10.8229166666667,0.213803995569334
10.8243055555556,0.308468252596305
10.8256944444444,0.334659461293352
10.8270833333333,0.321332284398004
10.8284722222222,0.31544405331222
10.8298611111111,0.240780092571541
10.83125,0.236917658469303
10.8326388888889,0.251116340290303
10.8340277777778,0.281787166441135
10.8354166666667,0.258208993929593
10.8368055555556,0.303948193422622
10.8381944444444,0.182069519408689
10.8395833333333,0.187476534615646
10.8409722222222,0.257790087021132
10.8423611111111,0.211193528855456
10.84375,0.202971841142062
10.8451388888889,0.234099828377014
10.8465277777778,0.191749542144532
10.8479166666667,0.186130729883309
10.8493055555556,0.214095656279115
10.8506944444444,0.271464906943437
10.8520833333333,0.284694883044169
10.8534722222222,0.276432071907271
10.8548611111111,0.343107581521989
10.85625,0.227934002830474
10.8576388888889,0.206217138542667
10.8590277777778,0.154026527216839
10.8604166666667,0.255034196901561
10.8618055555556,0.255337643197576
10.8631944444444,0.307083974252455
10.8645833333333,0.28243527496227
10.8659722222222,0.300507655763905
10.8673611111111,0.314227126811146
10.86875,0.256073209240739
10.8701388888889,0.264695927810283
10.8715277777778,0.261974514238811
10.8729166666667,0.319017232996526
10.8743055555556,0.279649871891206
10.8756944444444,0.219307617104033
10.8770833333333,0.279566818904239
10.8784722222222,0.241385496271011
10.8798611111111,0.203296160570331
10.88125,0.188388040782247
10.8826388888889,0.182460124231612
10.8840277777778,0.239905306548707
10.8854166666667,0.19294448758648
10.8868055555556,0.199598325780322
10.8881944444444,0.217298056582768
10.8895833333333,0.259044822077108
10.8909722222222,0.216912628399486
10.8923611111111,0.213485613012802
10.89375,0.190215025510605
10.8951388888889,0.272171616011189
10.8965277777778,0.241368529119774
10.8979166666667,0.259043170204857
10.8993055555556,0.243125594644401
10.9006944444444,0.31735533056942
10.9020833333333,0.263776163949323
10.9034722222222,0.210141101969562
10.9048611111111,0.244333866617993
10.90625,0.257058841131195
10.9076388888889,0.282061360640363
10.9090277777778,0.240525922139145
10.9104166666667,0.203443031553415
10.9118055555556,0.228859211032117
10.9131944444444,0.189285336858949
10.9145833333333,0.200845695304431
10.9159722222222,0.171665777212094
10.9173611111111,0.251209179401776
10.91875,0.248578663725015
10.9201388888889,0.187598874489409
10.9215277777778,0.169902290919794
10.9229166666667,0.138790067474029
10.9243055555556,0.195101681574248
10.9256944444444,0.160011504528582
10.9270833333333,0.147149054355858
10.9284722222222,0.132665553639411
10.9298611111111,0.185881528753206
10.93125,0.130546722542798
10.9326388888889,0.136949758946411
10.9340277777778,0.216493827472223
10.9354166666667,0.205923760184645
10.9368055555556,0.168435559841348
10.9381944444444,0.17763530269088
10.9395833333333,0.208245485868479
10.9409722222222,0.187393733987441
10.9423611111111,0.179968623267012
10.94375,0.178593629361138
10.9451388888889,0.215150375094484
10.9465277777778,0.207205992315242
10.9479166666667,0.210973813824884
10.9493055555556,0.218724553357003
10.9506944444444,0.207725016911947
10.9520833333333,0.118659821654464
10.9534722222222,0.169608496509449
10.9548611111111,0.240275903100215
10.95625,0.231399965900452
10.9576388888889,0.215567154439957
10.9590277777778,0.207214943279064
10.9604166666667,0.211560802573772
10.9618055555556,0.265688959720859
10.9631944444444,0.284195576767823
10.9645833333333,0.212476194789406
10.9659722222222,0.226909403632639
10.9673611111111,0.254041638905956
10.96875,0.271002050902806
10.9701388888889,0.240160032647881
10.9715277777778,0.236316502839049
10.9729166666667,0.210894536106789
10.9743055555556,0.212303844649914
10.9756944444444,0.215206963886528
10.9770833333333,0.229465080121441
10.9784722222222,0.266656879144344
10.9798611111111,0.23448334136895
10.98125,0.173895912910243
10.9826388888889,0.194539663346845
10.9840277777778,0.225975212342876
10.9854166666667,0.167621577187335
10.9868055555556,0.0858147474895817
10.9881944444444,0.131628520319717
10.9895833333333,0.177497974123072
10.9909722222222,0.197151548718378
10.9923611111111,0.189922341722935
10.99375,0.178336087383648
10.9951388888889,0.211511487232427
10.9965277777778,0.217633686472296
10.9979166666667,0.237288659557864
10.9993055555556,0.254958737119802
11.0006944444444,0.250561655728829
11.0020833333333,0.243409506981667
11.0034722222222,0.266649794615291
11.0048611111111,0.219923142839425
11.00625,0.232381439099376
11.0076388888889,0.249287171188488
11.0090277777778,0.171361537000409
11.0104166666667,0.158587432484618
11.0118055555556,0.199510343964992
11.0131944444444,0.218069941070569
11.0145833333333,0.224177144966142
11.0159722222222,0.295857724551232
11.0173611111111,0.281060187467445
11.01875,0.28660750673929
11.0201388888889,0.220752871516448
11.0215277777778,0.287084959168553
11.0229166666667,0.338307790081899
11.0243055555556,0.291160822753682
11.0256944444444,0.305019007525869
11.0270833333333,0.233900106361745
11.0284722222222,0.283035079824024
11.0298611111111,0.297290450564594
11.03125,0.262760892071973
11.0326388888889,0.28888479189652
11.0340277777778,0.245254229544264
11.0354166666667,0.209066857535939
11.0368055555556,0.226692317126711
11.0381944444444,0.237477620021196
11.0395833333333,0.220083449022944
11.0409722222222,0.264855660867724
11.0423611111111,0.261088876815525
11.04375,0.184261805725973
11.0451388888889,0.277167026531666
11.0465277777778,0.299619830084142
11.0479166666667,0.314760385747124
11.0493055555556,0.310092782571897
11.0506944444444,0.296087977623098
11.0520833333333,0.337572025189452
11.0534722222222,0.326839499004134
11.0548611111111,0.31027073613614
11.05625,0.33214041366316
11.0576388888889,0.368297014634733
11.0590277777778,0.401410568224714
11.0604166666667,0.29590381207306
11.0618055555556,0.384585275941465
11.0631944444444,0.382788571817554
11.0645833333333,0.385098162288953
11.0659722222222,0.383772728142898
11.0673611111111,0.370895545083589
11.06875,0.347417352490129
11.0701388888889,0.358002152549442
11.0715277777778,0.356481350801397
11.0729166666667,0.334659876428765
11.0743055555556,0.320188109451717
11.0756944444444,0.301564542454529
11.0770833333333,0.336522536760122
11.0784722222222,0.341664269760128
11.0798611111111,0.348474221676875
11.08125,0.262788695899379
11.0826388888889,0.351077734139608
11.0840277777778,0.331459994450624
11.0854166666667,0.345189947133784
11.0868055555556,0.331173874741257
11.0881944444444,0.323736940382397
11.0895833333333,0.283289774902787
11.0909722222222,0.344276992217856
11.0923611111111,0.34382774824705
11.09375,0.384852724256536
11.0951388888889,0.410828644768911
11.0965277777778,0.35300205950773
11.0979166666667,0.3243896846638
11.0993055555556,0.392171683915516
11.1006944444444,0.301075966794214
11.1020833333333,0.314261318720023
11.1034722222222,0.278508219918456
11.1048611111111,0.344374884999449
11.10625,0.321458678915333
11.1076388888889,0.272386546711639
11.1090277777778,0.303131109966225
11.1104166666667,0.278548652657933
11.1118055555556,0.246544185594323
11.1131944444444,0.320619087985233
11.1145833333333,0.293586830924644
11.1159722222222,0.269407508251532
11.1173611111111,0.296926899567038
11.11875,0.347342830184356
11.1201388888889,0.326169283981106
11.1215277777778,0.334553562426462
11.1229166666667,0.339938764682768
11.1243055555556,0.354185106394081
11.1256944444444,0.365324267430035
11.1270833333333,0.376449391944986
11.1284722222222,0.369618461959108
11.1298611111111,0.344861530577788
11.13125,0.348353267822711
11.1326388888889,0.329317152074442
11.1340277777778,0.305095959246083
11.1354166666667,0.295090649565746
11.1368055555556,0.294983819739713
11.1381944444444,0.289456521435642
11.1395833333333,0.312332856436716
11.1409722222222,0.225615725988669
11.1423611111111,0.253814438685094
11.14375,0.205543588264527
11.1451388888889,0.206842062222352
11.1465277777778,0.200816507330773
11.1479166666667,0.25873242358882
11.1493055555556,0.248219230903439
11.1506944444444,0.286525706004466
11.1520833333333,0.317653663242132
11.1534722222222,0.32953549842079
11.1548611111111,0.312014391194427
11.15625,0.315281210694183
11.1576388888889,0.253854987359574
11.1590277777778,0.245361251283817
11.1604166666667,0.31950330134356
11.1618055555556,0.282284351338244
11.1631944444444,0.277575795639236
11.1645833333333,0.28358285266234
11.1659722222222,0.295591453240201
11.1673611111111,0.295358196542824
11.16875,0.261340354977329
11.1701388888889,0.248158716551773
11.1715277777778,0.252282984172288
11.1729166666667,0.255646378378795
11.1743055555556,0.293986810143634
11.1756944444444,0.25799247597819
11.1770833333333,0.291774090629568
11.1784722222222,0.23832355911931
11.1798611111111,0.193382066771511
11.18125,0.268632695533583
11.1826388888889,0.251711928553697
11.1840277777778,0.247398898967715
11.1854166666667,0.295444515145098
11.1868055555556,0.229060765417288
11.1881944444444,0.296965315237767
11.1895833333333,0.283656300654745
11.1909722222222,0.270383134346369
11.1923611111111,0.304535367728801
11.19375,0.235245440307736
11.1951388888889,0.238027372880797
11.1965277777778,0.232140528753659
11.1979166666667,0.18894924517913
11.1993055555556,0.220062757867307
11.2006944444444,0.258400803785901
11.2020833333333,0.32087249119964
11.2034722222222,0.266922462491224
11.2048611111111,0.240397494990692
11.20625,0.221479267503447
11.2076388888889,0.249092693352764
11.2090277777778,0.280268797730134
11.2104166666667,0.302878912994687
11.2118055555556,0.313156666712701
11.2131944444444,0.298166716725524
11.2145833333333,0.327346490362895
11.2159722222222,0.326763336260562
11.2173611111111,0.332476336607863
11.21875,0.332651149933813
11.2201388888889,0.309229401712939
11.2215277777778,0.311501422565545
11.2229166666667,0.294769827356174
11.2243055555556,0.339115693045239
11.2256944444444,0.312005853489504
11.2270833333333,0.321623316930453
11.2284722222222,0.294298355851599
11.2298611111111,0.300595110462356
11.23125,0.330037224098406
11.2326388888889,0.333607402473809
11.2340277777778,0.211216978952304
11.2354166666667,0.22721090203797
11.2368055555556,0.233741545357676
11.2381944444444,0.242655104690749
11.2395833333333,0.229405485970465
11.2409722222222,0.281890208989757
11.2423611111111,0.237398118586513
11.24375,0.263044999954541
11.2451388888889,0.302662674797508
11.2465277777778,0.236691912107352
11.2479166666667,0.267711599802292
11.2493055555556,0.233465119451391
11.2506944444444,0.245320809027724
11.2520833333333,0.301903100655324
11.2534722222222,0.229446443806329
11.2548611111111,0.286732576980992
11.25625,0.282021852776631
11.2576388888889,0.269576436434256
11.2590277777778,0.247277299586168
11.2604166666667,0.263381958567297
11.2618055555556,0.246966867038253
11.2631944444444,0.244564465784186
11.2645833333333,0.270603975043219
11.2659722222222,0.325362391012587
11.2673611111111,0.292393078784157
11.26875,0.325018562743217
11.2701388888889,0.315855574464034
11.2715277777778,0.326669404472269
11.2729166666667,0.348420405722587
11.2743055555556,0.276541142970976
11.2756944444444,0.302174936834797
11.2770833333333,0.362506231184392
11.2784722222222,0.347578543888164
11.2798611111111,0.314267606227892
11.28125,0.262908443826668
11.2826388888889,0.196606416962413
11.2840277777778,0.250734177755376
11.2854166666667,0.308353523066858
11.2868055555556,0.229731349072281
11.2881944444444,0.21559442362133
11.2895833333333,0.214607867403617
11.2909722222222,0.250542021451385
11.2923611111111,0.201072114815264
11.29375,0.196476996326401
11.2951388888889,0.23274158076774
11.2965277777778,0.263723538341557
11.2979166666667,0.314345174671182
11.2993055555556,0.287420901098299
11.3006944444444,0.301522243306107
11.3020833333333,0.322755844483946
11.3034722222222,0.349425828571486
11.3048611111111,0.327479699288259
11.30625,0.307828012847679
11.3076388888889,0.288753202809739
11.3090277777778,0.319004808899515
11.3104166666667,0.314765100654146
11.3118055555556,0.322243704295226
11.3131944444444,0.296329718163758
11.3145833333333,0.352368572579572
11.3159722222222,0.33448813882067
11.3173611111111,0.340256731169616
11.31875,0.345793861098889
11.3201388888889,0.277385440138464
11.3215277777778,0.316941532290657
11.3229166666667,0.271813700941298
11.3243055555556,0.280325518965522
11.3256944444444,0.272801653014407
11.3270833333333,0.313847122811064
11.3284722222222,0.327651193626074
11.3298611111111,0.297962031024866
11.33125,0.272967542379151
11.3326388888889,0.273546480070782
11.3340277777778,0.344085812511744
11.3354166666667,0.354660709357923
11.3368055555556,0.339006303573758
11.3381944444444,0.33686282306822
11.3395833333333,0.33534782646051
11.3409722222222,0.28355049910241
11.3423611111111,0.267735457423588
11.34375,0.278559264998633
11.3451388888889,0.242794812569221
11.3465277777778,0.23216773869226
11.3479166666667,0.273140651439687
11.3493055555556,0.299120987365945
11.3506944444444,0.292155307369094
11.3520833333333,0.193127581311778
11.3534722222222,0.123970098660782
11.3548611111111,0.0998962279489368
11.35625,0.204573794467939
11.3576388888889,0.222161533850154
11.3590277777778,0.234387691328476
11.3604166666667,0.251584787597665
11.3618055555556,0.178318648295895
11.3631944444444,0.17239731115678
11.3645833333333,0.244013641611155
11.3659722222222,0.232948833335679
11.3673611111111,0.254832423907751
11.36875,0.233377143717051
11.3701388888889,0.22841824879643
11.3715277777778,0.187463527472698
11.3729166666667,0.229957396282667
11.3743055555556,0.251855943219963
11.3756944444444,0.282360948092497
11.3770833333333,0.263318790544962
11.3784722222222,0.266711241403878
11.3798611111111,0.180506515312465
11.38125,0.171114034322248
11.3826388888889,0.199774936302574
11.3840277777778,0.254614549542761
11.3854166666667,0.231910256912509
11.3868055555556,0.207375879630434
11.3881944444444,0.172142482258298
11.3895833333333,0.185503031918253
11.3909722222222,0.224192633581459
11.3923611111111,0.192948292387188
11.39375,0.146295968583983
11.3951388888889,0.181531047443617
11.3965277777778,0.19928053641575
11.3979166666667,0.207706620098538
11.3993055555556,0.195013862701926
11.4006944444444,0.166690427441291
11.4020833333333,0.168899100251725
11.4034722222222,0.228621861421792
11.4048611111111,0.18034861559167
11.40625,0.21896772095422
11.4076388888889,0.227197684271695
11.4090277777778,0.243084116551819
11.4104166666667,0.20119050338447
11.4118055555556,0.171985224422125
11.4131944444444,0.142683764638214
11.4145833333333,0.131878876275941
11.4159722222222,0.105781948686797
11.4173611111111,0.186874152931808
11.41875,0.194287537294488
11.4201388888889,0.271046973927818
11.4215277777778,0.206200832186425
11.4229166666667,0.255061580507083
11.4243055555556,0.258846410009563
11.4256944444444,0.268436035165234
11.4270833333333,0.275363677978962
11.4284722222222,0.273933174008154
11.4298611111111,0.230972729893907
11.43125,0.153177349371894
11.4326388888889,0.17902277818347
11.4340277777778,0.228064948050308
11.4354166666667,0.268092440252534
11.4368055555556,0.259987184900615
11.4381944444444,0.224604259005065
11.4395833333333,0.214761685190853
11.4409722222222,0.283851971688454
11.4423611111111,0.279348619077669
11.44375,0.233625032717731
11.4451388888889,0.20626646396203
11.4465277777778,0.211259339728827
11.4479166666667,0.264902814177615
11.4493055555556,0.264903885764323
11.4506944444444,0.265338629094787
11.4520833333333,0.247195752236417
11.4534722222222,0.16409702459931
11.4548611111111,0.244575884540216
11.45625,0.229280718949296
11.4576388888889,0.226893642560493
11.4590277777778,0.279649200535722
11.4604166666667,0.277233152757733
11.4618055555556,0.287133890165887
11.4631944444444,0.304545954846067
11.4645833333333,0.278940568576317
11.4659722222222,0.297573475908762
11.4673611111111,0.305998647434143
11.46875,0.264191168628191
11.4701388888889,0.237993515740337
11.4715277777778,0.239293184206002
11.4729166666667,0.249999011010259
11.4743055555556,0.240854289720791
11.4756944444444,0.247461613762237
11.4770833333333,0.214958557381308
11.4784722222222,0.221499913036915
11.4798611111111,0.231911039597775
11.48125,0.222765779818767
11.4826388888889,0.14341711087077
11.4840277777778,0.165582991360106
11.4854166666667,0.193318347684848
11.4868055555556,0.198725957880102
11.4881944444444,0.229128375718922
11.4895833333333,0.281481287750816
11.4909722222222,0.256391542203239
11.4923611111111,0.251263446440808
11.49375,0.250106109627436
11.4951388888889,0.277537346623561
11.4965277777778,0.224711743111139
11.4979166666667,0.211299349970666
11.4993055555556,0.182696759036391
11.5006944444444,0.160624131506038
11.5020833333333,0.210899521181267
11.5034722222222,0.202825034811394
11.5048611111111,0.1987811189962
11.50625,0.217608545377198
11.5076388888889,0.223521676718124
11.5090277777778,0.18847236858462
11.5104166666667,0.151615821641482
11.5118055555556,0.14897886095243
11.5131944444444,0.112064102935185
11.5145833333333,0.130924211363593
11.5159722222222,0.107937880520917
11.5173611111111,0.0867449235104475
11.51875,0.124638579533142
11.5201388888889,0.104598494224546
11.5215277777778,0.133982388625198
11.5229166666667,0.089260981613392
11.5243055555556,0.102673974672276
11.5256944444444,0.195332832273685
11.5270833333333,0.192179523420256
11.5284722222222,0.164855112195847
11.5298611111111,0.139187709499006
11.53125,0.15742108268074
11.5326388888889,0.174700598238784
11.5340277777778,0.118004502559483
11.5354166666667,0.163346875408082
11.5368055555556,0.205214325988506
11.5381944444444,0.160115084401266
11.5395833333333,0.0907712000063313
11.5409722222222,0.160137248601369
11.5423611111111,0.177793171054691
11.54375,0.19397100243231
11.5451388888889,0.255751281329493
11.5465277777778,0.265661438367712
11.5479166666667,0.255832776898667
11.5493055555556,0.261462631356147
11.5506944444444,0.218121322413614
11.5520833333333,0.233136217182023
11.5534722222222,0.211583505514111
11.5548611111111,0.249499698085143
11.55625,0.235529184708156
11.5576388888889,0.253929326304368
11.5590277777778,0.21460813522617
11.5604166666667,0.226085695965378
11.5618055555556,0.210283342085112
11.5631944444444,0.202843680181955
11.5645833333333,0.209611974708483
11.5659722222222,0.217241976281281
11.5673611111111,0.213771194254805
11.56875,0.249585711047716
11.5701388888889,0.246433046393538
11.5715277777778,0.240614058768572
11.5729166666667,0.273616740929521
11.5743055555556,0.238181669252224
11.5756944444444,0.295632322275934
11.5770833333333,0.270928534690068
11.5784722222222,0.27205623806947
11.5798611111111,0.225709706268443
11.58125,0.150691241745968
11.5826388888889,0.207528353389165
11.5840277777778,0.206944330840369
11.5854166666667,0.246839564256264
11.5868055555556,0.225318351963394
11.5881944444444,0.210359636522818
11.5895833333333,0.231951226716627
11.5909722222222,0.257358056740951
11.5923611111111,0.212433896263729
11.59375,0.150825465808304
11.5951388888889,0.16585671954738
11.5965277777778,0.14619544193436
11.5979166666667,0.173753184619343
11.5993055555556,0.197207671180611
11.6006944444444,0.303331346141801
11.6020833333333,0.301295225469042
11.6034722222222,0.287027026272886
11.6048611111111,0.235941924523819
11.60625,0.228343734189901
11.6076388888889,0.221040045400366
11.6090277777778,0.226014902955585
11.6104166666667,0.262116081914275
11.6118055555556,0.259422703706438
11.6131944444444,0.259290482627604
11.6145833333333,0.254304418288132
11.6159722222222,0.17773313830692
11.6173611111111,0.198432303322305
11.61875,0.188492795491929
11.6201388888889,0.274235022096989
11.6215277777778,0.255968020589219
11.6229166666667,0.243726495016007
11.6243055555556,0.176597701209183
11.6256944444444,0.175245443412313
11.6270833333333,0.251568249799008
11.6284722222222,0.212008036843856
11.6298611111111,0.273093779706484
11.63125,0.251684995438184
11.6326388888889,0.232278454695239
11.6340277777778,0.227741180482846
11.6354166666667,0.252961514298336
11.6368055555556,0.228372105906519
11.6381944444444,0.196563720238484
11.6395833333333,0.221854751210469
11.6409722222222,0.261604231356613
11.6423611111111,0.232338672476871
11.64375,0.235092134848413
11.6451388888889,0.253923308493736
11.6465277777778,0.1973708742407
11.6479166666667,0.16402526985328
11.6493055555556,0.204838681750211
11.6506944444444,0.12242607280305
11.6520833333333,0.179244850466475
11.6534722222222,0.199360337353025
11.6548611111111,0.158254918304997
11.65625,0.161548854701897
11.6576388888889,0.145296505905442
11.6590277777778,0.159970639753157
11.6604166666667,0.233263039192167
11.6618055555556,0.162212168626279
11.6631944444444,0.257360126470518
11.6645833333333,0.197384785502919
11.6659722222222,0.233525382966273
11.6673611111111,0.247415569282431
11.66875,0.245761692599687
11.6701388888889,0.240836121562207
11.6715277777778,0.192054044142258
11.6729166666667,0.229204373025293
11.6743055555556,0.248595529809027
11.6756944444444,0.250657792303483
11.6770833333333,0.225858758541293
11.6784722222222,0.187697103056386
11.6798611111111,0.269991080083344
11.68125,0.24582447859338
11.6826388888889,0.202983609984818
11.6840277777778,0.180501329151211
11.6854166666667,0.181336551024747
11.6868055555556,0.154419877910175
11.6881944444444,0.152656172591105
11.6895833333333,0.181969925078816
11.6909722222222,0.129688347356403
11.6923611111111,0.175865329201423
11.69375,0.249990072488632
11.6951388888889,0.15937382591546
11.6965277777778,0.128249185138736
11.6979166666667,0.181719285581524
11.6993055555556,0.194718707431942
11.7006944444444,0.212352662225006
11.7020833333333,0.23277328752178
11.7034722222222,0.187407790611396
11.7048611111111,0.209323108865162
11.70625,0.162840690358842
11.7076388888889,0.1853732194012
11.7090277777778,0.149144148174499
11.7104166666667,0.193948078033241
11.7118055555556,0.207860697334121
11.7131944444444,0.20372141143646
11.7145833333333,0.164442257550729
11.7159722222222,0.136964841226206
11.7173611111111,0.15400324441564
11.71875,0.122616162684577
11.7201388888889,0.167914043025949
11.7215277777778,0.157836717123945
11.7229166666667,0.173618173564278
11.7243055555556,0.167576057529671
11.7256944444444,0.184659245208052
11.7270833333333,0.213474945877149
11.7284722222222,0.208653643061888
11.7298611111111,0.22124640389891
11.73125,0.217525726684941
11.7326388888889,0.275198427569851
11.7340277777778,0.254202343179781
11.7354166666667,0.180505837136213
11.7368055555556,0.177455392740036
11.7381944444444,0.188719230242252
11.7395833333333,0.155134692646513
11.7409722222222,0.193504347762125
11.7423611111111,0.145634545261064
11.74375,0.235047209526697
11.7451388888889,0.189375217372713
11.7465277777778,0.233458383332642
11.7479166666667,0.297956697049751
11.7493055555556,0.264640347819331
11.7506944444444,0.24023890069179
11.7520833333333,0.246901146042664
11.7534722222222,0.280366927939973
11.7548611111111,0.304293372804286
11.75625,0.275803105859828
11.7576388888889,0.26308586655161
11.7590277777778,0.241546479361152
11.7604166666667,0.193443891621047
11.7618055555556,0.22161028940917
11.7631944444444,0.216808494242055
11.7645833333333,0.234093163798384
11.7659722222222,0.289248968380392
11.7673611111111,0.297782826282146
11.76875,0.260154362717661
11.7701388888889,0.20719963455231
11.7715277777778,0.196655098929327
11.7729166666667,0.230054833964552
11.7743055555556,0.189807643768619
11.7756944444444,0.177468291160444
11.7770833333333,0.2429254540576
11.7784722222222,0.207522560031067
11.7798611111111,0.175388586464446
11.78125,0.0965058610376528
11.7826388888889,0.142249454380779
11.7840277777778,0.133794110961015
11.7854166666667,0.132904109654711
11.7868055555556,0.168195582465543
11.7881944444444,0.16367895180577
11.7895833333333,0.192362834230784
11.7909722222222,0.203105733314317
11.7923611111111,0.204162432211705
11.79375,0.138603917181961
11.7951388888889,0.159356767358498
11.7965277777778,0.164852317915661
11.7979166666667,0.209972559922004
11.7993055555556,0.167414038429227
11.8006944444444,0.18362533344313
11.8020833333333,0.222971000506937
11.8034722222222,0.116000551774577
11.8048611111111,0.123388631994478
11.80625,0.157073737581533
11.8076388888889,0.167973938954803
11.8090277777778,0.136234775605269
11.8104166666667,0.15924916046229
11.8118055555556,0.102361289433622
11.8131944444444,0.039413201674583
11.8145833333333,0.151331582031799
11.8159722222222,0.0717746026050073
11.8173611111111,0.115020216902452
11.81875,0.111587961937302
11.8201388888889,0.15242757792075
11.8215277777778,0.132351934141817
11.8229166666667,0.0776578240671887
11.8243055555556,0.120142191697244
11.8256944444444,0.130312876542149
11.8270833333333,0.158812552567951
11.8284722222222,0.142536939381954
11.8298611111111,0.144421179990616
11.83125,0.226944637261766
11.8326388888889,0.255837924212427
11.8340277777778,0.198214958431882
11.8354166666667,0.237870990480855
11.8368055555556,0.18413161454155
11.8381944444444,0.1921154851443
11.8395833333333,0.134395877838744
11.8409722222222,0.180133258731917
11.8423611111111,0.215581324090168
11.84375,0.154365508766461
11.8451388888889,0.176793511494118
11.8465277777778,0.172837174569284
11.8479166666667,0.183030618032157
11.8493055555556,0.173303404825939
11.8506944444444,0.178223054727037
11.8520833333333,0.156789484420337
11.8534722222222,0.223444699961599
11.8548611111111,0.220639607114972
11.85625,0.181313955111943
11.8576388888889,0.224916343453566
11.8590277777778,0.219530818608534
11.8604166666667,0.209792953884403
11.8618055555556,0.141376324467226
11.8631944444444,0.17972779405648
11.8645833333333,0.199314777360037
11.8659722222222,0.148812384309548
11.8673611111111,0.240617923872117
11.86875,0.222153832668074
11.8701388888889,0.240835113448489
11.8715277777778,0.216636288008139
11.8729166666667,0.218070622983305
11.8743055555556,0.26187011563138
11.8756944444444,0.274387997913545
11.8770833333333,0.199810375533569
11.8784722222222,0.227633761181648
11.8798611111111,0.211991930472314
11.88125,0.209009035528197
11.8826388888889,0.246381187582732
11.8840277777778,0.224234897693329
11.8854166666667,0.194068990501799
11.8868055555556,0.193557399843341
11.8881944444444,0.228629883240514
11.8895833333333,0.192160633310316
11.8909722222222,0.197955453357344
11.8923611111111,0.185181968021142
11.89375,0.103041909172712
11.8951388888889,0.128173959418491
11.8965277777778,0.165426120856559
11.8979166666667,0.135697792707409
11.8993055555556,0.173297948641217
11.9006944444444,0.155603645012472
11.9020833333333,0.149657539324224
11.9034722222222,0.154163537853638
11.9048611111111,0.163426673126231
11.90625,0.102758413124797
11.9076388888889,0.12016263583734
11.9090277777778,0.16549226735948
11.9104166666667,0.244934541941362
11.9118055555556,0.243035746522429
11.9131944444444,0.21508972686609
11.9145833333333,0.177825063984689
11.9159722222222,0.239321644944812
11.9173611111111,0.196448345888942
11.91875,0.176973521088717
11.9201388888889,0.145211294390102
11.9215277777778,0.1406016686451
11.9229166666667,0.136062514262786
11.9243055555556,0.147438068546386
11.9256944444444,0.136772002015163
11.9270833333333,0.104374856403553
11.9284722222222,0.124018980233896
11.9298611111111,0.184114508528173
11.93125,0.226294239799452
11.9326388888889,0.171494565167303
11.9340277777778,0.174057693424511
11.9354166666667,0.184714365946428
11.9368055555556,0.166936648236504
11.9381944444444,0.226210348205698
11.9395833333333,0.19932948015742
11.9409722222222,0.23382202497707
11.9423611111111,0.170045681078124
11.94375,0.194525937046175
11.9451388888889,0.142575068225011
11.9465277777778,0.158539045765714
11.9479166666667,0.163395340929969
11.9493055555556,0.169843666533438
11.9506944444444,0.153694790406619
11.9520833333333,0.107492818482272
11.9534722222222,0.125285652239616
11.9548611111111,0.128519888431339
11.95625,0.126261671266201
11.9576388888889,0.10468992556798
11.9590277777778,0.0746648110224426
11.9604166666667,0.0801266095863032
11.9618055555556,0.0913814552344381
11.9631944444444,0.143935526494752
11.9645833333333,0.217890354640746
11.9659722222222,0.125712497634532
11.9673611111111,0.0604143337824159
11.96875,0.0806166150207107
11.9701388888889,0.0642721673451867
11.9715277777778,0.0824157661521443
11.9729166666667,0.0806532757958811
11.9743055555556,0.0255245650799757
11.9756944444444,0.0888337969298754
11.9770833333333,0.157431570971082
11.9784722222222,0.127850372110591
11.9798611111111,0.129030277603631
11.98125,0.0885395708985687
11.9826388888889,0.141512324925273
11.9840277777778,0.208103448032675
11.9854166666667,0.186848009797274
11.9868055555556,0.143540597372377
11.9881944444444,0.192127067203234
11.9895833333333,0.197562511218778
11.9909722222222,0.208142245985588
11.9923611111111,0.179694601680488
11.99375,0.199008223776671
11.9951388888889,0.209847715021603
11.9965277777778,0.297686374072362
11.9979166666667,0.241904887988883
11.9993055555556,0.206159478171612
12.0006944444444,0.238683739018273
12.0020833333333,0.226098933266548
12.0034722222222,0.208042924776613
12.0048611111111,0.14548146535369
12.00625,0.137724275418334
12.0076388888889,0.0907701208426391
12.0090277777778,0.142894424469443
12.0104166666667,0.163829764419703
12.0118055555556,0.14460733169762
12.0131944444444,0.166342139598716
12.0145833333333,0.0692566961436947
12.0159722222222,0.119469248319876
12.0173611111111,0.113034852320192
12.01875,0.130786645537761
12.0201388888889,0.159855981929619
12.0215277777778,0.110192392625456
12.0229166666667,0.148889635464724
12.0243055555556,0.141530783630972
12.0256944444444,0.184406131271496
12.0270833333333,0.195474383026515
12.0284722222222,0.140696540898563
12.0298611111111,0.128107047358222
12.03125,0.14088738718064
12.0326388888889,0.16075400157167
12.0340277777778,0.180868553599419
12.0354166666667,0.210623523084626
12.0368055555556,0.20358692349933
12.0381944444444,0.217876813021418
12.0395833333333,0.18506527959227
12.0409722222222,0.209636830701651
12.0423611111111,0.16338442773753
12.04375,0.179493894589421
12.0451388888889,0.175507619424502
12.0465277777778,0.217422002885699
12.0479166666667,0.170950037121555
12.0493055555556,0.156653147747917
12.0506944444444,0.149262254363154
12.0520833333333,0.167878152566399
12.0534722222222,0.157266340459291
12.0548611111111,0.115827523461427
12.05625,0.112196146421759
12.0576388888889,0.141546919124605
12.0590277777778,0.140806182384592
12.0604166666667,0.170622891909767
12.0618055555556,0.177110184679578
12.0631944444444,0.195639136400683
12.0645833333333,0.228735172084094
12.0659722222222,0.257645799641699
12.0673611111111,0.281995984381648
12.06875,0.288678394704075
12.0701388888889,0.289055296179945
12.0715277777778,0.257831841357784
12.0729166666667,0.311405079767878
12.0743055555556,0.306336588007742
12.0756944444444,0.300981946612191
12.0770833333333,0.298295918452868
12.0784722222222,0.306018957664246
12.0798611111111,0.325007962232482
12.08125,0.265314672969686
12.0826388888889,0.241279627750833
12.0840277777778,0.257225438555211
12.0854166666667,0.275661948612888
12.0868055555556,0.221373374162679
12.0881944444444,0.222971439665521
12.0895833333333,0.203138921329141
12.0909722222222,0.211248057915636
12.0923611111111,0.28588969981351
12.09375,0.292066181201772
12.0951388888889,0.21863211844137
12.0965277777778,0.242870025797374
12.0979166666667,0.181516415353261
12.0993055555556,0.202555366033675
12.1006944444444,0.232592209913704
12.1020833333333,0.166287694215489
12.1034722222222,0.214292429099545
12.1048611111111,0.215760239606529
12.10625,0.247606347784144
12.1076388888889,0.230135445220048
12.1090277777778,0.229462597572428
12.1104166666667,0.25652610318854
12.1118055555556,0.253965655887276
12.1131944444444,0.286107946656125
12.1145833333333,0.291453161465879
12.1159722222222,0.326707313396397
12.1173611111111,0.334569385855457
12.11875,0.339241487176164
12.1201388888889,0.325196822311663
12.1215277777778,0.331807859897516
12.1229166666667,0.361551144906908
12.1243055555556,0.310567656991894
12.1256944444444,0.314742427596093
12.1270833333333,0.338594181199223
12.1284722222222,0.379870088849726
12.1298611111111,0.340489951326213
12.13125,0.327060561514066
12.1326388888889,0.323186787337321
12.1340277777778,0.238501660550895
12.1354166666667,0.267950940327179
12.1368055555556,0.308080230952965
12.1381944444444,0.338150532036434
12.1395833333333,0.288051869468456
12.1409722222222,0.235471573712404
12.1423611111111,0.224816244909825
12.14375,0.187513700149476
12.1451388888889,0.211566775502146
12.1465277777778,0.245646093405829
12.1479166666667,0.236208532719902
12.1493055555556,0.250895504599744
12.1506944444444,0.225431079283406
12.1520833333333,0.2356427654818
12.1534722222222,0.251294323858292
12.1548611111111,0.246767338597799
12.15625,0.25011085291437
12.1576388888889,0.268376579768988
12.1590277777778,0.267062027099867
12.1604166666667,0.172936221402638
12.1618055555556,0.178284649863221
12.1631944444444,0.236182558314168
12.1645833333333,0.280513030976232
12.1659722222222,0.330044143842181
12.1673611111111,0.323731113115985
12.16875,0.277123159252762
12.1701388888889,0.295434504084936
12.1715277777778,0.282670902076454
12.1729166666667,0.298611790167991
12.1743055555556,0.276565174966272
12.1756944444444,0.249996093253199
12.1770833333333,0.251370478277504
12.1784722222222,0.24534085198758
12.1798611111111,0.230591213534257
12.18125,0.237154507012292
12.1826388888889,0.238628462927442
12.1840277777778,0.22992621811758
12.1854166666667,0.222036899531069
12.1868055555556,0.268306130884069
12.1881944444444,0.299290099389483
12.1895833333333,0.254385499257079
12.1909722222222,0.262377440988348
12.1923611111111,0.292666469631463
12.19375,0.291689748011187
12.1951388888889,0.267430469328426
12.1965277777778,0.277174741781144
12.1979166666667,0.219228161898499
12.1993055555556,0.223307492099869
12.2006944444444,0.236072211569951
12.2020833333333,0.274710999920105
12.2034722222222,0.237082559214544
12.2048611111111,0.248621688721428
12.20625,0.168594128149822
12.2076388888889,0.187971789168145
12.2090277777778,0.129439291010462
12.2104166666667,0.145494338778002
12.2118055555556,0.164566922047698
12.2131944444444,0.211932167564887
12.2145833333333,0.262464306979156
12.2159722222222,0.253735035258932
12.2173611111111,0.246271772237739
12.21875,0.316579776452845
12.2201388888889,0.320894325068138
12.2215277777778,0.224903489202494
12.2229166666667,0.263374007863858
12.2243055555556,0.241857100661869
12.2256944444444,0.260064059754328
12.2270833333333,0.246464324355011
12.2284722222222,0.254245634085804
12.2298611111111,0.232840964986411
12.23125,0.179308167700262
12.2326388888889,0.210556502995917
12.2340277777778,0.196791977750697
12.2354166666667,0.253772094315948
12.2368055555556,0.216103479178502
12.2381944444444,0.224236444050615
12.2395833333333,0.295653259367034
12.2409722222222,0.265260076495198
12.2423611111111,0.258506784711469
12.24375,0.238713783557018
12.2451388888889,0.183460426217886
12.2465277777778,0.262759305737107
12.2479166666667,0.278064290154537
12.2493055555556,0.308290837191007
12.2506944444444,0.251595494595157
12.2520833333333,0.217665912155229
12.2534722222222,0.210815838269843
12.2548611111111,0.2301715530133
12.25625,0.231663852215066
12.2576388888889,0.213861941232994
12.2590277777778,0.190734499724693
12.2604166666667,0.28038629448671
12.2618055555556,0.236409130789463
12.2631944444444,0.204564058462054
12.2645833333333,0.221720760799002
12.2659722222222,0.249674799299917
12.2673611111111,0.255521415828089
12.26875,0.25199200441756
12.2701388888889,0.184037256408496
12.2715277777778,0.167801450459139
12.2729166666667,0.228574180221164
12.2743055555556,0.274815184109604
12.2756944444444,0.25190766410465
12.2770833333333,0.310822496655637
12.2784722222222,0.297998791646641
12.2798611111111,0.214268777069449
12.28125,0.311959611183624
12.2826388888889,0.253600252575186
12.2840277777778,0.247441240146033
12.2854166666667,0.271390858413809
12.2868055555556,0.271140438227189
12.2881944444444,0.219071540592191
12.2895833333333,0.27178239651747
12.2909722222222,0.188606164491166
12.2923611111111,0.164506150633044
12.29375,0.2192173823314
12.2951388888889,0.214771929940978
12.2965277777778,0.273132631182391
12.2979166666667,0.22272374780754
12.2993055555556,0.208580342375806
12.3006944444444,0.159926251659422
12.3020833333333,0.158758015004764
12.3034722222222,0.152078010187096
12.3048611111111,0.243174709599013
12.30625,0.263933728938098
12.3076388888889,0.174116684258078
12.3090277777778,0.11987144026503
12.3104166666667,0.171024430783677
12.3118055555556,0.187993259134277
12.3131944444444,0.177222201993246
12.3145833333333,0.156890160600252
12.3159722222222,0.239329050420934
12.3173611111111,0.214221983392418
12.31875,0.210316970622954
12.3201388888889,0.22950438447339
12.3215277777778,0.220530073325277
12.3229166666667,0.167255584893685
12.3243055555556,0.149814823303507
12.3256944444444,0.191380526620713
12.3270833333333,0.227393166933971
12.3284722222222,0.195393753584979
12.3298611111111,0.234876805663744
12.33125,0.206585259138309
12.3326388888889,0.218911959600205
12.3340277777778,0.217780660981534
12.3354166666667,0.130065220670711
12.3368055555556,0.197103887198626
12.3381944444444,0.22586852383819
12.3395833333333,0.217407564798027
12.3409722222222,0.209522409956525
12.3423611111111,0.170532265534818
12.34375,0.180661711456529
12.3451388888889,0.18101248775779
12.3465277777778,0.178652979698885
12.3479166666667,0.18416483272892
12.3493055555556,0.14741729578995
12.3506944444444,0.0836285149315852
12.3520833333333,0.152048743718792
12.3534722222222,0.187879740520069
12.3548611111111,0.197519953969723
12.35625,0.213573504868139
12.3576388888889,0.285476241021712
12.3590277777778,0.263439846091717
12.3604166666667,0.267475591041559
12.3618055555556,0.321150645731309
12.3631944444444,0.340866033654775
12.3645833333333,0.27846906557102
12.3659722222222,0.230128368825964
12.3673611111111,0.223316564012565
12.36875,0.230923896321084
12.3701388888889,0.239550905788855
12.3715277777778,0.280027690539846
12.3729166666667,0.242156656726599
12.3743055555556,0.223064583715946
12.3756944444444,0.23386855796752
12.3770833333333,0.235136167435999
12.3784722222222,0.253374447921478
12.3798611111111,0.150430849947406
12.38125,0.186346549626567
12.3826388888889,0.191971303087488
12.3840277777778,0.236582999910727
12.3854166666667,0.213367487604847
12.3868055555556,0.175573844810861
12.3881944444444,0.199356541861971
12.3895833333333,0.221415104840893
12.3909722222222,0.204475318073553
12.3923611111111,0.258415068246145
12.39375,0.223367553630481
12.3951388888889,0.257725630354951
12.3965277777778,0.198450348985962
12.3979166666667,0.179900131631485
12.3993055555556,0.231936991338832
12.4006944444444,0.190137465237239
12.4020833333333,0.181818215313576
12.4034722222222,0.137358796422876
12.4048611111111,0.117300681888333
12.40625,0.140885547179321
12.4076388888889,0.141740454656034
12.4090277777778,0.121786838298158
12.4104166666667,0.185564927091243
12.4118055555556,0.165574828107484
12.4131944444444,0.230446830515984
12.4145833333333,0.116058405111135
12.4159722222222,0.16893068442001
12.4173611111111,0.218695474599264
12.41875,0.161951148947971
12.4201388888889,0.151114295886986
12.4215277777778,0.152828200501066
12.4229166666667,0.184474337451133
12.4243055555556,0.224188003020652
12.4256944444444,0.220329465047904
12.4270833333333,0.232989045780908
12.4284722222222,0.206300083743593
12.4298611111111,0.185339312993905
12.43125,0.189030388377559
12.4326388888889,0.134998327451261
12.4340277777778,0.172587852663624
12.4354166666667,0.192784598245249
12.4368055555556,0.19029150602291
12.4381944444444,0.208936134035348
12.4395833333333,0.150129100572236
12.4409722222222,0.14274100575737
12.4423611111111,0.140487507294729
12.44375,0.149837094438073
12.4451388888889,0.156836193216563
12.4465277777778,0.184131838976745
12.4479166666667,0.176342381660358
12.4493055555556,0.134257612147989
12.4506944444444,0.140182161773668
12.4520833333333,0.137631932961785
12.4534722222222,0.192747494139761
12.4548611111111,0.26633141962028
12.45625,0.224727132099263
12.4576388888889,0.195930863399461
12.4590277777778,0.157013593329019
12.4604166666667,0.237414360383663
12.4618055555556,0.283819111577629
12.4631944444444,0.268318889239056
12.4645833333333,0.22280820216919
12.4659722222222,0.228829572665454
12.4673611111111,0.206323092117784
12.46875,0.292873931286927
12.4701388888889,0.239567707528354
12.4715277777778,0.250718341226419
12.4729166666667,0.289962853594218
12.4743055555556,0.285070335313265
12.4756944444444,0.241802993684742
12.4770833333333,0.246919840200876
12.4784722222222,0.301529654621105
12.4798611111111,0.278162443805869
12.48125,0.32491580579645
12.4826388888889,0.364247757448638
12.4840277777778,0.338903652177935
12.4854166666667,0.283706456051849
12.4868055555556,0.304215012957215
12.4881944444444,0.294152121009179
12.4895833333333,0.285475250961935
12.4909722222222,0.223137204148557
12.4923611111111,0.259576231831179
12.49375,0.287153832128023
12.4951388888889,0.30530119560792
12.4965277777778,0.320716486891144
12.4979166666667,0.280242330519935
12.4993055555556,0.23244576423512
12.5006944444444,0.261837002669166
12.5020833333333,0.299696881414389
12.5034722222222,0.288286813169042
12.5048611111111,0.203291407977399
12.50625,0.294540037807908
12.5076388888889,0.308012031179187
12.5090277777778,0.339852489891396
12.5104166666667,0.339656704657083
12.5118055555556,0.304659056556769
12.5131944444444,0.285743620056212
12.5145833333333,0.242808127664284
12.5159722222222,0.27637825631793
12.5173611111111,0.286537799526403
12.51875,0.367975857638768
12.5201388888889,0.332853315468837
12.5215277777778,0.295288505332224
12.5229166666667,0.349007552775367
12.5243055555556,0.330493963713068
12.5256944444444,0.310314730061772
12.5270833333333,0.346250792743593
12.5284722222222,0.371910168764839
12.5298611111111,0.242398005856107
12.53125,0.303647362076549
12.5326388888889,0.262314385630698
12.5340277777778,0.28847636581903
12.5354166666667,0.309818198706838
12.5368055555556,0.320951933682424
12.5381944444444,0.286453541337641
12.5395833333333,0.32547569569815
12.5409722222222,0.309012734670086
12.5423611111111,0.269748873842986
12.54375,0.25533061193362
12.5451388888889,0.260272465449968
12.5465277777778,0.219003934945392
12.5479166666667,0.265036274672717
12.5493055555556,0.277827248159986
12.5506944444444,0.237283003934575
12.5520833333333,0.211027133316014
12.5534722222222,0.213279133500142
12.5548611111111,0.223526508243484
12.55625,0.263232876633722
12.5576388888889,0.224008380216266
12.5590277777778,0.161509639453508
12.5604166666667,0.184036820282578
12.5618055555556,0.166401463415632
12.5631944444444,0.260275519424572
12.5645833333333,0.307093464415664
12.5659722222222,0.240349779065791
12.5673611111111,0.192349733049669
12.56875,0.2244486527951
12.5701388888889,0.226712750706096
12.5715277777778,0.297259054218716
12.5729166666667,0.311428643187488
12.5743055555556,0.268887900018327
12.5756944444444,0.331149039544266
12.5770833333333,0.260348912374962
12.5784722222222,0.250927531244516
12.5798611111111,0.267576534370386
12.58125,0.252293834535295
12.5826388888889,0.208712990637336
12.5840277777778,0.17923783641371
12.5854166666667,0.263731124215744
12.5868055555556,0.205455372618157
12.5881944444444,0.210808285118916
12.5895833333333,0.174976305371325
12.5909722222222,0.186923654579507
12.5923611111111,0.210063926214024
12.59375,0.227436434945687
12.5951388888889,0.296732832986436
12.5965277777778,0.22660612846708
12.5979166666667,0.181096863742576
12.5993055555556,0.22903954736891
12.6006944444444,0.262415845074263
12.6020833333333,0.246396007931482
12.6034722222222,0.199352594016225
12.6048611111111,0.254992115587416
12.60625,0.272469986869616
12.6076388888889,0.250615069455614
12.6090277777778,0.300963123660149
12.6104166666667,0.286843405973421
12.6118055555556,0.306379777005091
12.6131944444444,0.374223028443298
12.6145833333333,0.276643691131983
12.6159722222222,0.313558671531043
12.6173611111111,0.261188577614955
12.61875,0.2116088766999
12.6201388888889,0.175196514362551
12.6215277777778,0.175156405273876
12.6229166666667,0.147024692736553
12.6243055555556,0.18869151499334
12.6256944444444,0.165928257903425
12.6270833333333,0.167884978867766
12.6284722222222,0.191993885811407
12.6298611111111,0.200574170058605
12.63125,0.209793625550527
12.6326388888889,0.222155914133158
12.6340277777778,0.185589720451779
12.6354166666667,0.129672358958883
12.6368055555556,0.12667411516412
12.6381944444444,0.238334081056308
12.6395833333333,0.228427199843158
12.6409722222222,0.114292811261127
12.6423611111111,0.178627351486432
12.64375,0.199977965162159
12.6451388888889,0.18960741252062
12.6465277777778,0.214924010739252
12.6479166666667,0.132125288430892
12.6493055555556,0.108714084020678
12.6506944444444,0.150806623204428
12.6520833333333,0.165470517617568
12.6534722222222,0.251257075288148
12.6548611111111,0.299001390678436
12.65625,0.264535480901867
12.6576388888889,0.198951735964628
12.6590277777778,0.238338042846485
12.6604166666667,0.277356395328783
12.6618055555556,0.268224683054942
12.6631944444444,0.193055460360009
12.6645833333333,0.154951232385528
12.6659722222222,0.186048924534769
12.6673611111111,0.117105816737453
12.66875,0.183389537487956
12.6701388888889,0.229022096911317
12.6715277777778,0.25819909793163
12.6729166666667,0.182056935130825
12.6743055555556,0.15763249138682
12.6756944444444,0.196575481843528
12.6770833333333,0.124252201014264
12.6784722222222,0.185887116922907
12.6798611111111,0.140042621742179
12.68125,0.19051817699312
12.6826388888889,0.227143073588579
12.6840277777778,0.114910012834194
12.6854166666667,0.168091409417365
12.6868055555556,0.12741864013926
12.6881944444444,0.215601755274846
12.6895833333333,0.275117720126437
12.6909722222222,0.242889483072206
12.6923611111111,0.172507632530451
12.69375,0.244256709404575
12.6951388888889,0.229813147152047
12.6965277777778,0.206860758076693
12.6979166666667,0.219802178026941
12.6993055555556,0.242666446019283
12.7006944444444,0.187718600181437
12.7020833333333,0.166475136269964
12.7034722222222,0.242564824352754
12.7048611111111,0.142289088446469
12.70625,0.165013648816532
12.7076388888889,0.181503928089375
12.7090277777778,0.197466287638483
12.7104166666667,0.236198811721091
12.7118055555556,0.145083632173927
12.7131944444444,0.180292671735585
12.7145833333333,0.123662974312466
12.7159722222222,0.11170715566924
12.7173611111111,0.119552496012366
12.71875,0.105701023767262
12.7201388888889,0.0715393388793038
12.7215277777778,0.122879973492307
12.7229166666667,0.125206214253355
12.7243055555556,0.0554576585288306
12.7256944444444,0.149094750953053
12.7270833333333,0.173811816878915
12.7284722222222,0.212364497674594
12.7298611111111,0.280162306660893
12.73125,0.262109434523713
12.7326388888889,0.248629379472964
12.7340277777778,0.190616187382207
12.7354166666667,0.228996006925694
12.7368055555556,0.253981201304805
12.7381944444444,0.155161971366767
12.7395833333333,0.162039232898305
12.7409722222222,0.175801677405993
12.7423611111111,0.159179565017548
12.74375,0.167926445623824
12.7451388888889,0.133560879668364
12.7465277777778,0.130179373111293
12.7479166666667,0.186996415165795
12.7493055555556,0.156911453294487
12.7506944444444,0.226381744316714
12.7520833333333,0.22835712346269
12.7534722222222,0.176978065305448
12.7548611111111,0.18146379518479
12.75625,0.201132339285013
12.7576388888889,0.114150988737783
12.7590277777778,0.0656664797586425
12.7604166666667,0.203730486312829
12.7618055555556,0.135635492003352
12.7631944444444,0.142629161536104
12.7645833333333,0.178797005923515
12.7659722222222,0.164219255438651
12.7673611111111,0.17680050046509
12.76875,0.229202590873383
12.7701388888889,0.251205655975314
12.7715277777778,0.195374557105813
12.7729166666667,0.213073679839894
12.7743055555556,0.224324299756436
12.7756944444444,0.176760143476783
12.7770833333333,0.110484301969698
12.7784722222222,0.140063502567787
12.7798611111111,0.121038457731273
12.78125,0.149924629326347
12.7826388888889,0.22015306529666
12.7840277777778,0.214787888804145
12.7854166666667,0.208728464750129
12.7868055555556,0.166960325971095
12.7881944444444,0.155053739736806
12.7895833333333,0.141206052743625
12.7909722222222,0.130552626064874
12.7923611111111,0.136038540851723
12.79375,0.140072455614332
12.7951388888889,0.151064036689548
12.7965277777778,0.140927655474779
12.7979166666667,0.131903480199023
12.7993055555556,0.13744908927226
12.8006944444444,0.129119164051497
12.8020833333333,0.136453888651959
12.8034722222222,0.161591788680344
12.8048611111111,0.101230130916802
12.80625,0.0996225081696991
12.8076388888889,0.150526044404562
12.8090277777778,0.15277556146678
12.8104166666667,0.113734945015837
12.8118055555556,0.0930609359256191
12.8131944444444,0.151399646482567
12.8145833333333,0.0441317683279309
12.8159722222222,0.0583871612021782
12.8173611111111,-0.0403026243060323
12.81875,-0.0403948572464026
12.8201388888889,-0.0124481197322181
12.8215277777778,0.018617653602588
12.8229166666667,0.0414907104191224
12.8243055555556,0.0751407616277618
12.8256944444444,0.136725890975562
12.8270833333333,0.1221298727318
12.8284722222222,0.160935641760197
12.8298611111111,0.159751974860589
12.83125,0.122034539596283
12.8326388888889,0.0915614912640785
12.8340277777778,0.11367935521418
12.8354166666667,0.134951635478292
12.8368055555556,0.145960348711279
12.8381944444444,0.104477589222398
12.8395833333333,0.128620649441682
12.8409722222222,0.193561579734697
12.8423611111111,0.184894829096038
12.84375,0.191752125422962
12.8451388888889,0.20345969728063
12.8465277777778,0.22586630996562
12.8479166666667,0.228294399945024
12.8493055555556,0.156034081480844
12.8506944444444,0.203854536073207
12.8520833333333,0.236773149585432
12.8534722222222,0.174841110729615
12.8548611111111,0.20737110062278
12.85625,0.240792363658193
12.8576388888889,0.176012428231505
12.8590277777778,0.17640922321681
12.8604166666667,0.14506957864624
12.8618055555556,0.112560502623097
12.8631944444444,0.124029081385736
12.8645833333333,0.109848322219049
12.8659722222222,0.126346554806958
12.8673611111111,0.166315001124654
12.86875,0.103443296501365
12.8701388888889,0.105866891911749
12.8715277777778,0.171089201043822
12.8729166666667,0.141048576765634
12.8743055555556,0.110164633241505
12.8756944444444,0.102304319375288
12.8770833333333,0.140095426941039
12.8784722222222,0.212731968552429
12.8798611111111,0.162776124589383
12.88125,0.138291672513211
12.8826388888889,0.0961211872302326
12.8840277777778,0.0944930708382285
12.8854166666667,0.0974684368330731
12.8868055555556,0.0839583151341662
12.8881944444444,0.0575336239888593
12.8895833333333,0.118555819205978
12.8909722222222,0.208993700189667
12.8923611111111,0.234957848887453
12.89375,0.202673524552591
12.8951388888889,0.160775280417294
12.8965277777778,0.183780950670135
12.8979166666667,0.170089274540684
12.8993055555556,0.165213849523256
12.9006944444444,0.198461353469407
12.9020833333333,0.21302508561734
12.9034722222222,0.238965179880466
12.9048611111111,0.135409490237631
12.90625,0.180925385894141
12.9076388888889,0.195472392831115
12.9090277777778,0.225471514252353
12.9104166666667,0.182016717420957
12.9118055555556,0.187106651797242
12.9131944444444,0.160687512870468
12.9145833333333,0.169634785753808
12.9159722222222,0.174030567629603
12.9173611111111,0.193505635583438
12.91875,0.171956291668131
12.9201388888889,0.145336266656568
12.9215277777778,0.145988517884123
12.9229166666667,0.167131322952872
12.9243055555556,0.203447725734143
12.9256944444444,0.21106484024496
12.9270833333333,0.173455610551963
12.9284722222222,0.258545944701352
12.9298611111111,0.210365767690632
12.93125,0.198851800945421
12.9326388888889,0.172242074558178
12.9340277777778,0.207858962075016
12.9354166666667,0.236375364055316
12.9368055555556,0.247474991515974
12.9381944444444,0.232691670414344
12.9395833333333,0.222414215902221
12.9409722222222,0.19421659745495
12.9423611111111,0.208207029531886
12.94375,0.239328182112201
12.9451388888889,0.160771931395714
12.9465277777778,0.225800508869336
12.9479166666667,0.176999224151638
12.9493055555556,0.253200492956704
12.9506944444444,0.226132443834205
12.9520833333333,0.187576193864945
12.9534722222222,0.215692117894297
12.9548611111111,0.256427823089289
12.95625,0.177418498299335
12.9576388888889,0.221422308447571
12.9590277777778,0.245610958346913
12.9604166666667,0.243239743930538
12.9618055555556,0.274052028690918
12.9631944444444,0.246839114429533
12.9645833333333,0.298977761330371
12.9659722222222,0.284308636158479
12.9673611111111,0.275458768751704
12.96875,0.248944347035843
12.9701388888889,0.208179383782155
12.9715277777778,0.209454855506959
12.9729166666667,0.13287501996302
12.9743055555556,0.174900213778576
12.9756944444444,0.21699234670528
12.9770833333333,0.194967764123187
12.9784722222222,0.234097983359609
12.9798611111111,0.169966391092689
12.98125,0.209419471908897
12.9826388888889,0.171687389960498
12.9840277777778,0.186370621273325
12.9854166666667,0.144417024677012
12.9868055555556,0.177364108369985
12.9881944444444,0.147008992077896
12.9895833333333,0.156950804957439
12.9909722222222,0.212631375709306
12.9923611111111,0.225189712140699
12.99375,0.180029867438164
12.9951388888889,0.158615859730634
12.9965277777778,0.126521958600642
12.9979166666667,0.149759883062508
12.9993055555556,0.131949776503358
13.0006944444444,0.113944921231182
13.0020833333333,0.0561064797032213
13.0034722222222,0.0759651101721283
13.0048611111111,0.0418957466106323
13.00625,0.150418692828219
13.0076388888889,0.101782629965369
13.0090277777778,0.151616057130492
13.0104166666667,0.0942919968517285
13.0118055555556,0.0495158067777548
13.0131944444444,0.132279328184828
13.0145833333333,0.127074804383319
13.0159722222222,0.156319869077247
13.0173611111111,0.166782319971531
13.01875,0.146393213935221
13.0201388888889,0.183326794145777
13.0215277777778,0.165516273593564
13.0229166666667,0.161086890501927
13.0243055555556,0.153556182942992
13.0256944444444,0.158826545765342
13.0270833333333,0.111837582706359
13.0284722222222,0.124433673933987
13.0298611111111,0.181961388214599
13.03125,0.179989483034714
13.0326388888889,0.189958762080018
13.0340277777778,0.148026139193949
13.0354166666667,0.101087221302171
13.0368055555556,0.189007723272901
13.0381944444444,0.198479808357896
13.0395833333333,0.121153970200083
13.0409722222222,0.141535430812982
13.0423611111111,0.150632034926331
13.04375,0.128102836318811
13.0451388888889,0.138363336856133
13.0465277777778,0.167290365336826
13.0479166666667,0.17167383081931
13.0493055555556,0.178962074601884
13.0506944444444,0.198946044708072
13.0520833333333,0.159712840114278
13.0534722222222,0.204527768819385
13.0548611111111,0.183543370995752
13.05625,0.110284706630299
13.0576388888889,0.136874656084606
13.0590277777778,0.15880941683652
13.0604166666667,0.1686622609137
13.0618055555556,0.125653082435937
13.0631944444444,0.153534713513473
13.0645833333333,0.174561763235385
13.0659722222222,0.146337346343523
13.0673611111111,0.186560478149756
13.06875,0.131917607365401
13.0701388888889,0.175690660843015
13.0715277777778,0.14780386880839
13.0729166666667,0.189260332715666
13.0743055555556,0.171759967387222
13.0756944444444,0.21432756479466
13.0770833333333,0.204992215030893
13.0784722222222,0.247590314519949
13.0798611111111,0.188921195354209
13.08125,0.193968750902505
13.0826388888889,0.224109211688492
13.0840277777778,0.217958238294901
13.0854166666667,0.196463169051973
13.0868055555556,0.181803064166507
13.0881944444444,0.231543530773254
13.0895833333333,0.227940773002469
13.0909722222222,0.204796515470402
13.0923611111111,0.242267463241011
13.09375,0.217833117900459
13.0951388888889,0.264356855278969
13.0965277777778,0.226764950477143
13.0979166666667,0.165107057747591
13.0993055555556,0.172354954949786
13.1006944444444,0.205288111984441
13.1020833333333,0.193429868656572
13.1034722222222,0.196595876203814
13.1048611111111,0.175727071138512
13.10625,0.169028214627156
13.1076388888889,0.208738862871826
13.1090277777778,0.181040339121073
13.1104166666667,0.24736535970496
13.1118055555556,0.290803051934457
13.1131944444444,0.27626265859345
13.1145833333333,0.208334414739979
13.1159722222222,0.168557161446253
13.1173611111111,0.166217587932785
13.11875,0.166491321066782
13.1201388888889,0.165265503164333
13.1215277777778,0.150456880987506
13.1229166666667,0.181470149269224
13.1243055555556,0.140701161293214
13.1256944444444,0.144887866090555
13.1270833333333,0.128646313749781
13.1284722222222,0.129425468778723
13.1298611111111,0.120764748565624
13.13125,0.162389266108569
13.1326388888889,0.137710366489168
13.1340277777778,0.140423147788484
13.1354166666667,0.146432482358123
13.1368055555556,0.141268199539231
13.1381944444444,0.178262650817515
13.1395833333333,0.181235924353008
13.1409722222222,0.228663731170464
13.1423611111111,0.217449137689284
13.14375,0.229345036038889
13.1451388888889,0.232195685125047
13.1465277777778,0.206399690792374
13.1479166666667,0.143518509895794
13.1493055555556,0.161039620153776
13.1506944444444,0.0535121962016748
13.1520833333333,0.103275798906998
13.1534722222222,0.0774276018002382
13.1548611111111,0.141977038442959
13.15625,0.143491128316874
13.1576388888889,0.0944738203528908
13.1590277777778,0.0805424906554204
13.1604166666667,0.0752258013570492
13.1618055555556,0.0230654703535529
13.1631944444444,0.0774307452711061
13.1645833333333,0.105033724989477
13.1659722222222,0.0988898546744375
13.1673611111111,0.0616726232664351
13.16875,0.00868511942957267
13.1701388888889,0.0883698109450121
13.1715277777778,0.126328432963051
13.1729166666667,0.0625396563171412
13.1743055555556,0.13007620818237
13.1756944444444,0.141407229651012
13.1770833333333,0.0827556575793117
13.1784722222222,0.0745438666037206
13.1798611111111,0.0775845578451011
13.18125,0.113230285425568
13.1826388888889,0.126448855635035
13.1840277777778,0.0818672384662069
13.1854166666667,0.0917013930786464
13.1868055555556,0.151813588397947
13.1881944444444,0.086854970087438
13.1895833333333,0.0664997226542805
13.1909722222222,0.133385713413469
13.1923611111111,0.118431012756521
13.19375,0.0938134936013509
13.1951388888889,0.0902599076042705
13.1965277777778,0.0758342213052548
13.1979166666667,0.0714458149207233
13.1993055555556,0.0223517580497504
13.2006944444444,0.0678748006732237
13.2020833333333,-0.0695376441490191
13.2034722222222,-0.0260052374528072
13.2048611111111,0.0499457720056764
13.20625,0.056811303096981
13.2076388888889,0.0182482397035352
13.2090277777778,0.000973315646030717
13.2104166666667,0.0375786696487406
13.2118055555556,0.0199582805797399
13.2131944444444,0.0385031694950298
13.2145833333333,0.0836996440529773
13.2159722222222,0.100504872934113
13.2173611111111,0.164366485922134
13.21875,0.0946459955089338
13.2201388888889,0.0906965587009546
13.2215277777778,0.13400806675773
13.2229166666667,0.112423000724466
13.2243055555556,0.112782776050254
13.2256944444444,0.136919151939676
13.2270833333333,0.122772206677071
13.2284722222222,0.10890046791684
13.2298611111111,0.0979927769698106
13.23125,0.105245100352907
13.2326388888889,0.0985962991865844
13.2340277777778,0.119168067086101
13.2354166666667,0.0901882484683995
13.2368055555556,0.128931999081843
13.2381944444444,0.143710787559784
13.2395833333333,0.11403649371259
13.2409722222222,0.0356907691014802
13.2423611111111,0.0490579850872353
13.24375,0.1228817461686
13.2451388888889,0.0982535669010858
13.2465277777778,0.104087034202365
13.2479166666667,0.124553655132577
13.2493055555556,0.161309071564213
13.2506944444444,0.162742245822919
13.2520833333333,0.18259666736405
13.2534722222222,0.161356439677412
13.2548611111111,0.159325729704908
13.25625,0.175966089267504
13.2576388888889,0.133021974894579
13.2590277777778,0.102703544894376
13.2604166666667,0.159478053599051
13.2618055555556,0.165486199409963
13.2631944444444,0.160705492962925
13.2645833333333,0.124509141445353
13.2659722222222,0.17638479232407
13.2673611111111,0.141857784796148
13.26875,0.117555374313033
13.2701388888889,0.0772496755937201
13.2715277777778,0.0993723384027251
13.2729166666667,0.163188599971036
13.2743055555556,0.18794878494835
13.2756944444444,0.196628408144788
13.2770833333333,0.0551634259259889
13.2784722222222,0.142186069554017
13.2798611111111,0.131817292385743
13.28125,0.167811079443619
13.2826388888889,0.186721014603068
13.2840277777778,0.122761693887483
13.2854166666667,0.112056063148724
13.2868055555556,0.0199596066067732
13.2881944444444,0.109181400661496
13.2895833333333,0.140977658843754
13.2909722222222,0.0881562379503889
13.2923611111111,0.0907846714487351
13.29375,0.0916076333017813
13.2951388888889,0.129979059581905
13.2965277777778,0.135172361326821
13.2979166666667,0.187918490420032
13.2993055555556,0.192808390643583
13.3006944444444,0.177608295752659
13.3020833333333,0.15028530241012
13.3034722222222,0.17700577311437
13.3048611111111,0.193413987588236
13.30625,0.262303303779643
13.3076388888889,0.228726687490201
13.3090277777778,0.18483423365749
13.3104166666667,0.152883715507019
13.3118055555556,0.163057960548345
13.3131944444444,0.182977647544233
13.3145833333333,0.163907845153526
13.3159722222222,0.159156548704245
13.3173611111111,0.182739919858109
13.31875,0.129042339358801
13.3201388888889,0.1076164028682
13.3215277777778,0.112288058034123
13.3229166666667,0.213683598785471
13.3243055555556,0.238112044426399
13.3256944444444,0.225691809603003
13.3270833333333,0.194503098310152
13.3284722222222,0.123036688614752
13.3298611111111,0.147657126782189
13.33125,0.137622446056428
13.3326388888889,0.2226724883521
13.3340277777778,0.178820532543734
13.3354166666667,0.17192670510004
13.3368055555556,0.222154629989992
13.3381944444444,0.180043676094684
13.3395833333333,0.162417534305545
13.3409722222222,0.196876950672082
13.3423611111111,0.231475419173278
13.34375,0.230395181104518
13.3451388888889,0.228646396332592
13.3465277777778,0.201526033252415
13.3479166666667,0.214695666935161
13.3493055555556,0.186314864709833
13.3506944444444,0.228449861826626
13.3520833333333,0.232710900989887
13.3534722222222,0.205003058042176
13.3548611111111,0.264744551266296
13.35625,0.185636682419604
13.3576388888889,0.165716419506925
13.3590277777778,0.204845809107182
13.3604166666667,0.144651585469984
13.3618055555556,0.110038415630734
13.3631944444444,0.139382192127103
13.3645833333333,0.206922901029789
13.3659722222222,0.183121314522892
13.3673611111111,0.191265678146545
13.36875,0.231532074521942
13.3701388888889,0.208326397580351
13.3715277777778,0.197401441220577
13.3729166666667,0.217308480022708
13.3743055555556,0.215511157340349
13.3756944444444,0.228709713935456
13.3770833333333,0.182334290957789
13.3784722222222,0.161407951307701
13.3798611111111,0.146342532915664
13.38125,0.206676730544186
13.3826388888889,0.225917978846971
13.3840277777778,0.129751508642113
13.3854166666667,0.155257818485306
13.3868055555556,0.19754555367396
13.3881944444444,0.206470022301917
13.3895833333333,0.152096414490392
13.3909722222222,0.17224989100821
13.3923611111111,0.214645231451208
13.39375,0.157543449029158
13.3951388888889,0.174145788145775
13.3965277777778,0.217638482812969
13.3979166666667,0.110551613900553
13.3993055555556,0.0924460717518663
13.4006944444444,0.138057539635865
13.4020833333333,0.082491114215846
13.4034722222222,0.127173472711623
13.4048611111111,0.101263663092911
13.40625,0.0772219468144049
13.4076388888889,0.0830172831173322
13.4090277777778,0.106132942984755
13.4104166666667,0.164769620774939
13.4118055555556,0.132929517138154
13.4131944444444,0.16227049697771
13.4145833333333,0.105577398390451
13.4159722222222,0.0651138411877941
13.4173611111111,0.0744703356980038
13.41875,0.0657728002651112
13.4201388888889,0.0425249550938432
13.4215277777778,0.0679373732357672
13.4229166666667,0.0523801893477419
13.4243055555556,0.11118447643867
13.4256944444444,0.0972282031117993
13.4270833333333,0.0656585203982733
13.4284722222222,0.10490010342032
13.4298611111111,0.0847049771286514
13.43125,0.110504699081168
13.4326388888889,0.169259297315717
13.4340277777778,0.16371829146095
13.4354166666667,0.102337768521853
13.4368055555556,0.0975318714786424
13.4381944444444,0.101100823026318
13.4395833333333,0.102565650945813
13.4409722222222,0.155149081509271
13.4423611111111,0.0930600673559436
13.44375,0.0851645180142136
13.4451388888889,0.112680579176895
13.4465277777778,0.154974277484288
13.4479166666667,0.155900940064314
13.4493055555556,0.163501601954995
13.4506944444444,0.186757121375826
13.4520833333333,0.24456027488585
13.4534722222222,0.230408907795355
13.4548611111111,0.21139854980605
13.45625,0.220754687218571
13.4576388888889,0.162403155136365
13.4590277777778,0.170173364611025
13.4604166666667,0.169511138308866
13.4618055555556,0.168005679566742
13.4631944444444,0.195673301722989
13.4645833333333,0.201001136693912
13.4659722222222,0.257583527548594
13.4673611111111,0.228145345008877
13.46875,0.193080548730568
13.4701388888889,0.243254074075545
13.4715277777778,0.190534189438665
13.4729166666667,0.135279404540195
13.4743055555556,0.188203774919205
13.4756944444444,0.129679599759125
13.4770833333333,0.144518610860335
13.4784722222222,0.135886396226036
13.4798611111111,0.137502559751743
13.48125,0.0978703328417316
13.4826388888889,0.196992264179542
13.4840277777778,0.211658845920132
13.4854166666667,0.171489565333378
13.4868055555556,0.182848159903706
13.4881944444444,0.159130156731586
13.4895833333333,0.1095099432902
13.4909722222222,0.104902725673995
13.4923611111111,0.152599804439032
13.49375,0.138853911102574
13.4951388888889,0.21780103043832
13.4965277777778,0.207694125134915
13.4979166666667,0.203438878182786
13.4993055555556,0.179176808969525
13.5006944444444,0.160853712645077
13.5020833333333,0.151687972270455
13.5034722222222,0.224490769833327
13.5048611111111,0.207890226575341
13.50625,0.132235028609548
13.5076388888889,0.180702658222823
13.5090277777778,0.215722617800101
13.5104166666667,0.271016410100791
13.5118055555556,0.254930244659425
13.5131944444444,0.230219827048883
13.5145833333333,0.239561490584035
13.5159722222222,0.263346818535544
13.5173611111111,0.296844028604287
13.51875,0.263468578481514
13.5201388888889,0.247211441363766
13.5215277777778,0.217923174783234
13.5229166666667,0.212988690101221
13.5243055555556,0.221476539017949
13.5256944444444,0.301832728921313
13.5270833333333,0.244014806034065
13.5284722222222,0.230746970305884
13.5298611111111,0.266148081652791
13.53125,0.309137663275056
13.5326388888889,0.293351762021476
13.5340277777778,0.255254101287717
13.5354166666667,0.22191617870397
13.5368055555556,0.19867382589196
13.5381944444444,0.208313447639185
13.5395833333333,0.180658270388534
13.5409722222222,0.137199737464132
13.5423611111111,0.0981593524237795
13.54375,0.11647971193067
13.5451388888889,0.116497418860407
13.5465277777778,0.129001569148674
13.5479166666667,0.16234842824478
13.5493055555556,0.132476562594053
13.5506944444444,0.118231706588365
13.5520833333333,0.131975034722694
13.5534722222222,0.142537013279922
13.5548611111111,0.122666080599782
13.55625,0.159706306069095
13.5576388888889,0.21657129010958
13.5590277777778,0.142130798030149
13.5604166666667,0.166329477980524
13.5618055555556,0.136477273245989
13.5631944444444,0.127603059254694
13.5645833333333,0.0887882682874284
13.5659722222222,0.138724519425368
13.5673611111111,0.145278389415718
13.56875,0.14183500409354
13.5701388888889,0.176122640983819
13.5715277777778,0.142614219431612
13.5729166666667,0.0904317683447661
13.5743055555556,0.139629591142642
13.5756944444444,0.065376167342005
13.5770833333333,0.0900105484519803
13.5784722222222,0.11848429780241
13.5798611111111,0.100241409756978
13.58125,0.000672433238033262
13.5826388888889,0.106602113412351
13.5840277777778,0.102965944522065
13.5854166666667,0.0898280116431904
13.5868055555556,0.0676330402712604
13.5881944444444,0.0514502666450062
13.5895833333333,0.0283061382648453
13.5909722222222,0.123888408940623
13.5923611111111,0.106721549626837
13.59375,0.106386925270292
13.5951388888889,0.167120825103146
13.5965277777778,0.145473763583567
13.5979166666667,0.103424226357146
13.5993055555556,0.0776653394299228
13.6006944444444,0.0828968660084278
13.6020833333333,0.011158241043564
13.6034722222222,0.0190778455340952
13.6048611111111,0.0734751891987269
13.60625,0.126804098850825
13.6076388888889,0.110253196252714
13.6090277777778,0.112912111567028
13.6104166666667,0.0273497782442661
13.6118055555556,0.0653244420183353
13.6131944444444,0.122106950653104
13.6145833333333,0.0791787000900152
13.6159722222222,0.0653369231460546
13.6173611111111,0.0599010666119123
13.61875,0.0934587632188951
13.6201388888889,0.102806615495002
13.6215277777778,0.0619437505377525
13.6229166666667,0.0435656661753531
13.6243055555556,0.0209498905623972
13.6256944444444,0.0587406337288761
13.6270833333333,0.082067917409268
13.6284722222222,0.0306943279502715
13.6298611111111,0.151686029672915
13.63125,0.169844806677507
13.6326388888889,0.145624129057466
13.6340277777778,0.0957978358439493
13.6354166666667,0.0285939546625227
13.6368055555556,0.0903586000141938
13.6381944444444,0.0742223971271477
13.6395833333333,0.112965839138771
13.6409722222222,0.10985020367551
13.6423611111111,0.11826439637014
13.64375,0.0185790879994774
13.6451388888889,0.117544217845815
13.6465277777778,0.079537947705864
13.6479166666667,0.131848125150288
13.6493055555556,0.17901715862123
13.6506944444444,0.222807021685714
13.6520833333333,0.163784873928053
13.6534722222222,0.210439708534064
13.6548611111111,0.143137196759342
13.65625,0.166988643974771
13.6576388888889,0.132999799041991
13.6590277777778,0.117357438355349
13.6604166666667,0.0946183008857225
13.6618055555556,0.180152301640892
13.6631944444444,0.148485821451391
13.6645833333333,0.136106126318836
13.6659722222222,0.211967191285942
13.6673611111111,0.229700344557751
13.66875,0.138757350611355
13.6701388888889,0.116832384768681
13.6715277777778,0.142954537115574
13.6729166666667,0.111193276524656
13.6743055555556,0.104737118825381
13.6756944444444,0.0657736123480643
13.6770833333333,0.0438234681444402
13.6784722222222,0.0307262301925177
13.6798611111111,-0.00211740021789426
13.68125,0.0410128468950182
13.6826388888889,0.0835418063383082
13.6840277777778,0.130187344934178
13.6854166666667,0.0722877087401221
13.6868055555556,0.0427637721086102
13.6881944444444,0.0613023121466145
13.6895833333333,0.0520333632058192
13.6909722222222,0.0389329246645395
13.6923611111111,0.0385253141390902
13.69375,0.0891772679882316
13.6951388888889,0.102207771364921
13.6965277777778,0.0809883055149103
13.6979166666667,0.0917484401663536
13.6993055555556,0.102864838774873
13.7006944444444,0.0505995739151365
13.7020833333333,0.136042103189294
13.7034722222222,0.165936518885466
13.7048611111111,0.151898050814722
13.70625,0.122088535363504
13.7076388888889,0.0885183134088753
13.7090277777778,0.0729990599823505
13.7104166666667,0.0695873419493681
13.7118055555556,0.0456227202449285
13.7131944444444,0.0988086276502977
13.7145833333333,0.0346326931240631
13.7159722222222,0.123951340044562
13.7173611111111,0.112933549364063
13.71875,0.144944819013418
13.7201388888889,0.139638588662092
13.7215277777778,0.117544787845607
13.7229166666667,0.15482990701907
13.7243055555556,0.126615575682607
13.7256944444444,0.101587418578298
13.7270833333333,0.0796072922684302
13.7284722222222,0.108648731782985
13.7298611111111,0.0991769723640607
13.73125,0.13480227852882
13.7326388888889,0.144516357185905
13.7340277777778,0.148838710996157
13.7354166666667,0.158908431493286
13.7368055555556,0.130350378409057
13.7381944444444,0.127516981879168
13.7395833333333,0.0655527445458478
13.7409722222222,0.103456444853525
13.7423611111111,0.072961928341799
13.74375,0.0712388817389586
13.7451388888889,0.0230514472924668
13.7465277777778,0.0813461805768806
13.7479166666667,0.0180678886350571
13.7493055555556,0.0760782330747134
13.7506944444444,0.104075699394212
13.7520833333333,0.127424695515756
13.7534722222222,0.206337861363713
13.7548611111111,0.146722003317216
13.75625,0.116832187765768
13.7576388888889,0.101709222540229
13.7590277777778,0.0662910251265535
13.7604166666667,0.068370172847944
13.7618055555556,0.113180480734476
13.7631944444444,0.0789121584616409
13.7645833333333,0.12426669478771
13.7659722222222,0.116954896662266
13.7673611111111,0.0879352971915293
13.76875,0.130241221792121
13.7701388888889,0.173031628802689
13.7715277777778,0.0748372509749085
13.7729166666667,0.0533998982382697
13.7743055555556,0.0593914701487018
13.7756944444444,0.0628965413401694
13.7770833333333,0.0364478072366539
13.7784722222222,0.0570916638154728
13.7798611111111,0.0272469459497192
13.78125,0.0487164175351004
13.7826388888889,0.0244361577314155
13.7840277777778,0.0403794819937316
13.7854166666667,0.0672004430731886
13.7868055555556,0.049513780107996
13.7881944444444,0.0430088069874997
13.7895833333333,0.0469501580353164
13.7909722222222,0.0660037828010825
13.7923611111111,0.0463102497985866
13.79375,0.0331371819178237
13.7951388888889,0.10026703724495
13.7965277777778,0.0429129224549962
13.7979166666667,0.0368272463750775
13.7993055555556,-0.0420800262095623
13.8006944444444,-0.0600826865151795
13.8020833333333,-0.0275507311393567
13.8034722222222,0.0159743792657323
13.8048611111111,-0.0117530662071654
13.80625,0.0127253488203545
13.8076388888889,0.0336304632299688
13.8090277777778,0.0359540161148319
13.8104166666667,-0.000964613775945701
13.8118055555556,0.011027056240165
13.8131944444444,-0.0338891354369556
13.8145833333333,-0.0160376270145977
13.8159722222222,-0.0145340892227835
13.8173611111111,-0.0397068967597332
13.81875,-0.00327025188381273
13.8201388888889,0.0590764055904014
13.8215277777778,0.147404609653619
13.8229166666667,0.131522890943032
13.8243055555556,0.112333147589027
13.8256944444444,0.0995929146753769
13.8270833333333,0.0844452636683743
13.8284722222222,0.0843427140322062
13.8298611111111,0.132207675219773
13.83125,0.109430125223758
13.8326388888889,0.0757140258090204
13.8340277777778,0.00812401348367655
13.8354166666667,0.0532525800798771
13.8368055555556,0.109120643943639
13.8381944444444,0.0953051660617746
13.8395833333333,0.0194320435426005
13.8409722222222,0.05062956740355
13.8423611111111,0.0200117233854704
13.84375,0.0262494055089745
13.8451388888889,0.0648290430200955
13.8465277777778,0.0670707319624852
13.8479166666667,0.055171577067968
13.8493055555556,0.0146107011404412
13.8506944444444,0.0127146188957057
13.8520833333333,0.00950615445307762
13.8534722222222,0.061602457757584
13.8548611111111,0.0412039989427636
13.85625,0.0546665477380205
13.8576388888889,0.0158563204274351
13.8590277777778,-0.0776406472024923
13.8604166666667,-0.0235586374770536
13.8618055555556,-0.0392420192345814
13.8631944444444,0.0155288266931597
13.8645833333333,-0.0530137573409489
13.8659722222222,0.0383908017825602
13.8673611111111,0.0712452206280252
13.86875,0.047478959208686
13.8701388888889,0.0634111600952915
13.8715277777778,0.0658052456041146
13.8729166666667,0.113570831103769
13.8743055555556,0.122523035849075
13.8756944444444,0.139758661657845
13.8770833333333,0.146193527244812
13.8784722222222,0.0180579238349165
13.8798611111111,0.0480690615388841
13.88125,0.0340290064292268
13.8826388888889,0.0681695699924063
13.8840277777778,0.0789868206466614
13.8854166666667,0.0754388467839495
13.8868055555556,0.0961022041668573
13.8881944444444,0.149023934705022
13.8895833333333,0.102402424815549
13.8909722222222,0.086131760223978
13.8923611111111,0.0860110313990205
13.89375,0.11508587140514
13.8951388888889,0.0621835297918043
13.8965277777778,0.0961612433698199
13.8979166666667,0.00197731821237637
13.8993055555556,0.0559504726241196
13.9006944444444,0.0590288546451685
13.9020833333333,0.103168119732229
13.9034722222222,0.0568672465326155
13.9048611111111,0.0294385228117455
13.90625,-0.0462509917418372
13.9076388888889,0.0710782375693155
13.9090277777778,0.0962573483447568
13.9104166666667,0.187097620353868
13.9118055555556,0.171593458642147
13.9131944444444,0.171168793640694
13.9145833333333,0.133949113267965
13.9159722222222,0.180059857586189
13.9173611111111,0.153827065661902
13.91875,0.146438449075357
13.9201388888889,0.0667680921996704
13.9215277777778,0.0550674413740915
13.9229166666667,0.0663837759216646
13.9243055555556,0.0632548179478098
13.9256944444444,0.0805046517302478
13.9270833333333,0.0424218603246087
13.9284722222222,0.041241308657689
13.9298611111111,0.0635716489066931
13.93125,0.0534372067717795
13.9326388888889,-0.000169574937558211
13.9340277777778,0.0230477776803627
13.9354166666667,0.0152155744845321
13.9368055555556,-0.0542141219516827
13.9381944444444,0.00689013306935062
13.9395833333333,0.00947150005285511
13.9409722222222,0.0220065559933334
13.9423611111111,0.025924758122571
13.94375,0.00930186404914768
13.9451388888889,0.0597230559683971
13.9465277777778,0.0411999281347695
13.9479166666667,0.00207585306772509
13.9493055555556,0.0544159920664132
13.9506944444444,0.029608165372924
13.9520833333333,0.0624831307914672
13.9534722222222,0.10433435431615
13.9548611111111,0.0922593257505954
13.95625,0.0808727243887664
13.9576388888889,0.077394435183844
13.9590277777778,0.0966068186983915
13.9604166666667,0.101771111613114
13.9618055555556,0.10597002276511
13.9631944444444,0.126472581184806
13.9645833333333,0.0766219583729697
13.9659722222222,0.0583906563027275
13.9673611111111,0.0657179891796704
13.96875,0.0373744093302371
13.9701388888889,0.00676552936007896
13.9715277777778,0.0391342528927429
13.9729166666667,0.0354781225482956
13.9743055555556,0.0214193714718897
13.9756944444444,0.0650693909374956
13.9770833333333,0.0790984319356899
13.9784722222222,0.132139139511617
13.9798611111111,0.0554247837874644
13.98125,0.0674977948820126
13.9826388888889,0.0435555787333514
13.9840277777778,0.0686212395904048
13.9854166666667,0.125257458951031
13.9868055555556,0.0387002024118386
13.9881944444444,0.0465556920355038
13.9895833333333,0.110889879926124
13.9909722222222,0.0662259449340305
13.9923611111111,0.00601553406692521
13.99375,0.031863799633753
13.9951388888889,0.112175918289801
13.9965277777778,0.137613294961169
13.9979166666667,0.0748471221138772
13.9993055555556,0.0567677181842833
14.0006944444444,0.0881130548025402
14.0020833333333,0.067066521839945
14.0034722222222,0.0788403917887478
14.0048611111111,0.0616837690133568
14.00625,0.0343899897825434
14.0076388888889,0.122477263245241
14.0090277777778,0.163561652868074
14.0104166666667,0.121106872049689
14.0118055555556,0.110200647081517
14.0131944444444,0.155561914149634
14.0145833333333,0.0951161338856983
14.0159722222222,0.131902532805337
14.0173611111111,0.094733312735855
14.01875,0.0785740472330315
14.0201388888889,0.116122170049382
14.0215277777778,0.0736360102974997
14.0229166666667,0.0703753614337768
14.0243055555556,0.0509145166060494
14.0256944444444,0.135456533665134
14.0270833333333,0.111190520964907
14.0284722222222,0.115380309769787
14.0298611111111,0.0379937675359704
14.03125,0.116311738385744
14.0326388888889,0.0979765159027483
14.0340277777778,0.0699735799493162
14.0354166666667,0.147608780742125
14.0368055555556,0.0529696263264907
14.0381944444444,0.0396068431912126
14.0395833333333,-0.040747355280043
14.0409722222222,0.073923574281066
14.0423611111111,0.0674214442125653
14.04375,0.107930695479868
14.0451388888889,0.071308823220934
14.0465277777778,0.134228430123439
14.0479166666667,0.142913233308358
14.0493055555556,0.10820770114901
14.0506944444444,0.0833383473022999
14.0520833333333,0.0626747902226106
14.0534722222222,0.0464603808582582
14.0548611111111,0.0808322023877558
14.05625,0.064473695611529
14.0576388888889,0.107226401599046
14.0590277777778,0.0465242941070417
14.0604166666667,0.0393069509881822
14.0618055555556,0.127583722057012
14.0631944444444,0.0296627312122145
14.0645833333333,0.0564779840673444
14.0659722222222,0.0391045182929672
14.0673611111111,0.084949575146997
14.06875,0.0824334281810829
14.0701388888889,0.0390283365979186
14.0715277777778,0.0784089380826336
14.0729166666667,0.0940948877848838
14.0743055555556,0.100743548271826
14.0756944444444,0.0654008108844661
14.0770833333333,-0.0425390598445524
14.0784722222222,0.00105540726436264
14.0798611111111,0.0339085412007039
14.08125,-0.0197693357055592
14.0826388888889,0.0159599737477702
14.0840277777778,0.0962083816677539
14.0854166666667,0.0669138441955685
14.0868055555556,0.0132356542716771
14.0881944444444,0.0886268070444078
14.0895833333333,0.136780956514372
14.0909722222222,0.0719259076081618
14.0923611111111,0.0718224531267182
14.09375,0.0802951197575875
14.0951388888889,0.0563890348296018
14.0965277777778,0.0590726812545936
14.0979166666667,0.0954635384463846
14.0993055555556,0.107781821557047
14.1006944444444,0.124208315036361
14.1020833333333,0.0564151197441179
14.1034722222222,0.0358711994045035
14.1048611111111,0.0703112772767946
14.10625,0.0294436592379641
14.1076388888889,-0.0756642668250295
14.1090277777778,-0.0967226323658815
14.1104166666667,0.0210862021460716
14.1118055555556,0.00944695412757205
14.1131944444444,-0.035230207978398
14.1145833333333,-0.0595062796926297
14.1159722222222,-0.0577644474592589
14.1173611111111,-0.0562108536163707
14.11875,-0.0239132368888809
14.1201388888889,0.0150911647339654
14.1215277777778,0.00463727906526366
14.1229166666667,-0.0574750700149944
14.1243055555556,-0.0775152277311652
14.1256944444444,-0.0478387089290958
14.1270833333333,-0.0350344805741644
14.1284722222222,-0.0159007963237712
14.1298611111111,-0.0244078883267957
14.13125,0.062114525383388
14.1326388888889,0.0715206346939045
14.1340277777778,0.00786317134081385
14.1354166666667,-0.0102698609812683
14.1368055555556,0.0292372786219314
14.1381944444444,0.00616652861561057
14.1395833333333,-0.0165790348191729
14.1409722222222,0.00325617058961127
14.1423611111111,0.00786324841027813
14.14375,0.0559111054850578
14.1451388888889,0.0491747537225331
14.1465277777778,0.0160133870489919
14.1479166666667,0.0587738775794752
14.1493055555556,0.115707618205869
14.1506944444444,0.0878307073110107
14.1520833333333,-0.0438539688518299
14.1534722222222,-0.0276666701586007
14.1548611111111,0.053280789540514
14.15625,0.00644953407146635
14.1576388888889,0.0323429507389488
14.1590277777778,-0.00105773802912718
14.1604166666667,0.0443837666511838
14.1618055555556,0.0408786526618177
14.1631944444444,0.0247941316096475
14.1645833333333,0.000176700912599844
14.1659722222222,0.054254283099084
14.1673611111111,0.0165163060103071
14.16875,-0.016155642382808
14.1701388888889,-0.0113575367556158
14.1715277777778,0.0517553461963373
14.1729166666667,0.0847320782132136
14.1743055555556,0.123893495707028
14.1756944444444,0.0789018510072971
14.1770833333333,0.0835362673901269
14.1784722222222,0.0828067287831592
14.1798611111111,0.043991484056138
14.18125,-0.00396224603131442
14.1826388888889,0.0474603950524388
14.1840277777778,0.0375909179266269
14.1854166666667,0.0443909684137706
14.1868055555556,0.00116380541966531
14.1881944444444,-0.0104754944752357
14.1895833333333,0.0245347098536329
14.1909722222222,0.0511738688189391
14.1923611111111,-0.0455772025529646
14.19375,0.0630038152683565
14.1951388888889,0.0185831902040307
14.1965277777778,0.00940934298563643
14.1979166666667,0.0396327882070474
14.1993055555556,0.0177525923009127
14.2006944444444,0.0163696988680839
14.2020833333333,-0.0167287422509213
14.2034722222222,-0.0478084611428632
14.2048611111111,-0.074547966013787
14.20625,0.0201037287674024
14.2076388888889,-0.037575169166924
14.2090277777778,-0.00167974791442417
14.2104166666667,0.0445316361215456
14.2118055555556,-0.00566152643321046
14.2131944444444,-0.0146713258010886
14.2145833333333,0.00317072469515041
14.2159722222222,0.0664396577328162
14.2173611111111,0.00976930994324632
14.21875,0.0377552449303374
14.2201388888889,-0.0242159142027901
14.2215277777778,-0.0291341465775482
14.2229166666667,-0.00244481137040301
14.2243055555556,0.00743540772526655
14.2256944444444,0.0143986704477382
14.2270833333333,0.0776380451374648
14.2284722222222,0.0558903287405334
14.2298611111111,0.128934606029856
14.23125,0.12767068481757
14.2326388888889,0.0852826131170208
14.2340277777778,0.1429851775118
14.2354166666667,0.100904355349627
14.2368055555556,0.11078536861506
14.2381944444444,0.0785754698253637
14.2395833333333,0.111244738537525
14.2409722222222,0.133197732331798
14.2423611111111,0.0831358512995147
14.24375,0.101785375659864
14.2451388888889,0.163604408278543
14.2465277777778,0.167290381009907
14.2479166666667,0.137170394125712
14.2493055555556,0.108002858266911
14.2506944444444,0.102246592057816
14.2520833333333,0.0975355508106525
14.2534722222222,0.111434064418137
14.2548611111111,0.121360170707365
14.25625,0.0765678707178914
14.2576388888889,0.0228166561941032
14.2590277777778,0.0979893715081972
14.2604166666667,0.0211085989722741
14.2618055555556,0.00522829313498001
14.2631944444444,0.0291235058555901
14.2645833333333,0.06566826288733
14.2659722222222,0.0914957152595421
14.2673611111111,0.105014943185083
14.26875,0.0570512596345215
14.2701388888889,0.0633563715018968
14.2715277777778,0.0656790955310644
14.2729166666667,0.112798795817025
14.2743055555556,0.0628815130346634
14.2756944444444,0.11582855055606
14.2770833333333,0.0712288059263496
14.2784722222222,0.0517357696664551
14.2798611111111,0.0344764038770798
14.28125,0.102967360366273
14.2826388888889,0.0941182621078062
14.2840277777778,0.0604219065225909
14.2854166666667,0.00458085208695924
14.2868055555556,0.0353319015979989
14.2881944444444,0.0636739400282997
14.2895833333333,0.0690748268638139
14.2909722222222,0.0497942029820334
14.2923611111111,0.128558083308487
14.29375,0.0843832877373371
14.2951388888889,0.085045738471839
14.2965277777778,0.112967926133022
14.2979166666667,0.116770692468456
14.2993055555556,0.135710613964243
14.3006944444444,0.0745640803845116
14.3020833333333,0.0781798823967528
14.3034722222222,0.143853965906098
14.3048611111111,0.159395955324072
14.30625,0.169333379665195
14.3076388888889,0.235525446917439
14.3090277777778,0.184902256298339
14.3104166666667,0.176897271502222
14.3118055555556,0.112532340830389
14.3131944444444,0.0634166974647769
14.3145833333333,0.119400360441764
14.3159722222222,0.162380218623531
14.3173611111111,0.181971673334902
14.31875,0.159361875429533
14.3201388888889,0.165433314509967
14.3215277777778,0.218228382875013
14.3229166666667,0.226928329259395
14.3243055555556,0.122972923959928
14.3256944444444,0.166803504686964
14.3270833333333,0.17908866371675
14.3284722222222,0.134626691205105
14.3298611111111,0.140986671645299
14.33125,0.175669229866864
14.3326388888889,0.112166007218596
14.3340277777778,0.204057910930948
14.3354166666667,0.16452563835209
14.3368055555556,0.180924726783113
14.3381944444444,0.184956723387128
14.3395833333333,0.132187234906082
14.3409722222222,0.113565044996728
14.3423611111111,0.100543483685205
14.34375,0.1720842372016
14.3451388888889,0.156421287575195
14.3465277777778,0.163909956855743
14.3479166666667,0.134753920800322
14.3493055555556,0.125888329319785
14.3506944444444,0.120408016047689
14.3520833333333,0.149343655291753
14.3534722222222,0.139119692135961
14.3548611111111,0.0827494570493366
14.35625,0.123815736005056
14.3576388888889,0.117081210680433
14.3590277777778,0.0918537765157847
14.3604166666667,0.0723099138617273
14.3618055555556,0.0598273548932994
14.3631944444444,0.0903440260266401
14.3645833333333,0.0888023834523092
14.3659722222222,0.0556964039137756
14.3673611111111,0.0658048380847417
14.36875,0.0103287788929009
14.3701388888889,0.0815397269529354
14.3715277777778,0.108637499902085
14.3729166666667,0.0743396602244397
14.3743055555556,0.0987765790398875
14.3756944444444,0.0359163597836934
14.3770833333333,0.0337393779454875
14.3784722222222,0.124999636189977
14.3798611111111,0.066904374563198
14.38125,0.1365930809987
14.3826388888889,0.208907875561805
14.3840277777778,0.184495405810362
14.3854166666667,0.15698456101364
14.3868055555556,0.123681622449476
14.3881944444444,0.174662758774292
14.3895833333333,0.150689438531142
14.3909722222222,0.101536538221994
14.3923611111111,0.132360478404877
14.39375,0.134740106691507
14.3951388888889,0.184466297317827
14.3965277777778,0.168982932173116
14.3979166666667,0.179247454827849
14.3993055555556,0.140477657628744
14.4006944444444,0.180403743972156
14.4020833333333,0.150438526098442
14.4034722222222,0.128703608640182
14.4048611111111,0.118287586812148
14.40625,0.141721791269895
14.4076388888889,0.20926769981903
14.4090277777778,0.193186013208068
14.4104166666667,0.192320248873126
14.4118055555556,0.153955583801382
14.4131944444444,0.145644896955394
14.4145833333333,0.172875572724149
14.4159722222222,0.239830491752268
14.4173611111111,0.23528996455047
14.41875,0.237833115560043
14.4201388888889,0.171727151642248
14.4215277777778,0.221730170121682
14.4229166666667,0.241568138818344
14.4243055555556,0.253337949494619
14.4256944444444,0.24268997290517
14.4270833333333,0.248248801583437
14.4284722222222,0.174288169128032
14.4298611111111,0.156803426779467
14.43125,0.121017243724459
14.4326388888889,0.120863205879696
14.4340277777778,0.102015950816396
14.4354166666667,0.0793974508608189
14.4368055555556,0.0815322945174477
14.4381944444444,0.102571438078502
14.4395833333333,0.0756039788695751
14.4409722222222,0.135247730056524
14.4423611111111,0.159387427210311
14.44375,0.177574193039918
14.4451388888889,0.154670495583484
14.4465277777778,0.122612126524847
14.4479166666667,0.111151652501841
14.4493055555556,0.102348005999418
14.4506944444444,0.146258760332271
14.4520833333333,0.222177671687204
14.4534722222222,0.0722612028697829
14.4548611111111,0.0759267163656605
14.45625,0.136361520709306
14.4576388888889,0.153347199902686
14.4590277777778,0.193620354900889
14.4604166666667,0.0886028179676432
14.4618055555556,0.12093848964059
14.4631944444444,0.072889726965323
14.4645833333333,0.192916382049715
14.4659722222222,0.143794818664955
14.4673611111111,0.141145405874284
14.46875,0.112868613587816
14.4701388888889,0.11191381796287
14.4715277777778,0.0567818590142944
14.4729166666667,0.097473894671704
14.4743055555556,0.0640848314061132
14.4756944444444,0.0748465466258306
14.4770833333333,0.0729663328993233
14.4784722222222,0.065050972593134
14.4798611111111,0.114095305450573
14.48125,0.144555686517036
14.4826388888889,0.121586147073254
14.4840277777778,0.17293630175161
14.4854166666667,0.155013404472329
14.4868055555556,0.20487614584827
14.4881944444444,0.160833557070429
14.4895833333333,0.0715060007909693
14.4909722222222,0.0898999113352566
14.4923611111111,0.207002087638726
14.49375,0.128406647692241
14.4951388888889,0.162757815262848
14.4965277777778,0.206001988545809
14.4979166666667,0.179621959708733
14.4993055555556,0.186621831066037
14.5006944444444,0.154927179667047
14.5020833333333,0.163889156150204
14.5034722222222,0.273512596339758
14.5048611111111,0.250558933568448
14.50625,0.208712581800593
14.5076388888889,0.180832900733308
14.5090277777778,0.126225844809433
14.5104166666667,0.122862585193941
14.5118055555556,0.162287451424047
14.5131944444444,0.18510205127361
14.5145833333333,0.187503661493801
14.5159722222222,0.203272118611176
14.5173611111111,0.142453766254711
14.51875,0.216399676686299
14.5201388888889,0.257486964608684
14.5215277777778,0.204771740690794
14.5229166666667,0.118149815549702
14.5243055555556,0.0662558214390313
14.5256944444444,0.0963586319205727
14.5270833333333,0.0668366562997665
14.5284722222222,0.103306530589244
14.5298611111111,0.101013530223182
14.53125,0.124274168267319
14.5326388888889,0.0835795745942406
14.5340277777778,0.115599101673332
14.5354166666667,0.0995255033858579
14.5368055555556,0.0922874285779661
14.5381944444444,0.124720993978249
14.5395833333333,0.115586682965399
14.5409722222222,0.129280720913279
14.5423611111111,0.063043822511743
14.54375,0.068254843833748
14.5451388888889,0.0296576423467864
14.5465277777778,0.0710348391442757
14.5479166666667,0.095412692100886
14.5493055555556,0.145793051532763
14.5506944444444,0.169622633459144
14.5520833333333,0.0745457191746019
14.5534722222222,0.163592903984479
14.5548611111111,0.0804135147189469
14.55625,0.0946751809743571
14.5576388888889,0.218063377009976
14.5590277777778,0.172591629312932
14.5604166666667,0.17847217829596
14.5618055555556,0.146111792185626
14.5631944444444,0.125482504647167
14.5645833333333,0.0898062891286421
14.5659722222222,0.116309257886197
14.5673611111111,0.105519718844116
14.56875,0.14651279480782
14.5701388888889,0.129590053873517
14.5715277777778,0.0438452439052518
14.5729166666667,0.0804088237323118
14.5743055555556,0.14186953951923
14.5756944444444,0.067020565110681
14.5770833333333,0.0858796084114086
14.5784722222222,0.0749179146942635
14.5798611111111,0.152506640278224
14.58125,0.0669410347254027
14.5826388888889,0.112156851442539
14.5840277777778,0.0965547348630612
14.5854166666667,0.148936986493795
14.5868055555556,0.159637068521981
14.5881944444444,0.180196166707325
14.5895833333333,0.178154716896095
14.5909722222222,0.124802096807852
14.5923611111111,0.138004265376389
14.59375,0.0768596827966094
14.5951388888889,0.0900849824768141
14.5965277777778,0.110639184615546
14.5979166666667,0.0813869653561159
14.5993055555556,0.107641736664131
14.6006944444444,0.0938003796660823
14.6020833333333,0.0797762338042867
14.6034722222222,0.0276315437107786
14.6048611111111,0.070411266330013
14.60625,0.142285922455181
14.6076388888889,0.118819693076761
14.6090277777778,0.0766883149044779
14.6104166666667,0.104051125769124
14.6118055555556,0.0287830566880981
14.6131944444444,0.0200608877340513
14.6145833333333,0.000851633756424771
14.6159722222222,0.00764886379276088
14.6173611111111,0.0814354249954293
14.61875,0.0623744945589715
14.6201388888889,0.0204698246551054
14.6215277777778,0.132425755986817
14.6229166666667,0.157798083192315
14.6243055555556,0.123101560991756
14.6256944444444,0.121513765210503
14.6270833333333,0.18721200763735
14.6284722222222,0.16922066033537
14.6298611111111,0.138479821120977
14.63125,0.13808738748585
14.6326388888889,0.0848040855542942
14.6340277777778,0.0829213509710158
14.6354166666667,0.104585249359172
14.6368055555556,0.137100907106865
14.6381944444444,0.165640310308976
14.6395833333333,0.152647264134006
14.6409722222222,0.0794570373843932
14.6423611111111,0.148737084835519
14.64375,0.168524665906989
14.6451388888889,0.174633772522003
14.6465277777778,0.207738791006316
14.6479166666667,0.17350761390313
14.6493055555556,0.194162812173111
14.6506944444444,0.173524740354552
14.6520833333333,0.129988489609916
14.6534722222222,0.133302663207505
14.6548611111111,0.149109460774067
14.65625,0.153529810963548
14.6576388888889,0.18873008466414
14.6590277777778,0.189524646032586
14.6604166666667,0.229531208141534
14.6618055555556,0.170477318237051
14.6631944444444,0.190231305518589
14.6645833333333,0.204487650166256
14.6659722222222,0.174898040693197
14.6673611111111,0.145745671939199
14.66875,0.119156644920847
14.6701388888889,0.171810233456568
14.6715277777778,0.159439577410411
14.6729166666667,0.174509725216128
14.6743055555556,0.168032644337363
14.6756944444444,0.159773290017862
14.6770833333333,0.137933866235809
14.6784722222222,0.168608736920464
14.6798611111111,0.124174663440849
14.68125,0.105396096399579
14.6826388888889,0.0865567490127293
14.6840277777778,0.0758328525740099
14.6854166666667,0.116637103787483
14.6868055555556,0.101397340280576
14.6881944444444,0.0781206246516345
14.6895833333333,0.124108354292833
14.6909722222222,0.104582225753694
14.6923611111111,0.0891128648215373
14.69375,0.0585935069401077
14.6951388888889,0.017575942048564
14.6965277777778,0.010396048013738
14.6979166666667,0.0510958645429787
14.6993055555556,0.0969296085873227
14.7006944444444,0.0758081023758605
14.7020833333333,0.0827344110686536
14.7034722222222,0.0938954746818087
14.7048611111111,0.0166480313294357
14.70625,0.0766868988426485
14.7076388888889,0.104592513348165
14.7090277777778,0.0787297629149655
14.7104166666667,0.0699278551426822
14.7118055555556,0.0865027555475384
14.7131944444444,0.127866202355967
14.7145833333333,0.088126312778231
14.7159722222222,0.0634918573732171
14.7173611111111,0.0481332345213412
14.71875,0.0450360203003816
14.7201388888889,0.0739721016179286
14.7215277777778,0.0337725363804047
14.7229166666667,0.116353632793232
14.7243055555556,0.165911280257202
14.7256944444444,0.0819157033846221
14.7270833333333,0.148229665768073
14.7284722222222,0.169806356385857
14.7298611111111,0.124413343992455
14.73125,0.145085598628396
14.7326388888889,0.131254885462495
14.7340277777778,0.151626832807621
14.7354166666667,0.148117180964958
14.7368055555556,0.251225257557967
14.7381944444444,0.225508019211909
14.7395833333333,0.193688487908236
14.7409722222222,0.289016436853434
14.7423611111111,0.190107462460982
14.74375,0.181647998602607
14.7451388888889,0.208241354655314
14.7465277777778,0.168558140053848
14.7479166666667,0.101287851525062
14.7493055555556,0.125010711803795
14.7506944444444,0.156903707482168
14.7520833333333,0.215018995826838
14.7534722222222,0.1624339420269
14.7548611111111,0.119757703012354
14.75625,0.129475697260971
14.7576388888889,0.0977275389837207
14.7590277777778,0.0881265036841704
14.7604166666667,0.0472001682843069
14.7618055555556,0.0987813386371929
14.7631944444444,0.0313390044655034
14.7645833333333,0.0166979870408774
14.7659722222222,-0.029996500259385
14.7673611111111,-0.0255543113322285
14.76875,-0.0739879680596251
14.7701388888889,0.00190839577820848
14.7715277777778,-0.0300789969699194
14.7729166666667,0.0308417303638503
14.7743055555556,0.0741975582560491
14.7756944444444,0.0504565059263233
14.7770833333333,0.011325507191418
14.7784722222222,0.0737539882893701
14.7798611111111,0.0764036780773188
14.78125,0.00770760092802022
14.7826388888889,0.0598746615715583
14.7840277777778,0.024747196717084
14.7854166666667,0.00721939124255005
14.7868055555556,0.0303602864070104
14.7881944444444,-0.0242749612754504
14.7895833333333,0.024640439814765
14.7909722222222,0.0473772302386425
14.7923611111111,0.0894379533552898
14.79375,0.128633404069551
14.7951388888889,0.104412303927362
14.7965277777778,0.0128206627388871
14.7979166666667,0.0283134661019595
14.7993055555556,-0.0209217546664219
14.8006944444444,-0.0094993360032012
14.8020833333333,-0.054061583865251
14.8034722222222,-0.0379066025097169
14.8048611111111,0.0772959232163118
14.80625,0.0664323921924572
14.8076388888889,0.0458502966293555
14.8090277777778,0.00985665287652821
14.8104166666667,0.0486049489567801
14.8118055555556,0.0552861298882613
14.8131944444444,0.0487695357280548
14.8145833333333,0.0282346018776805
14.8159722222222,-0.0254710964205466
14.8173611111111,0.0390720251484504
14.81875,-0.0745637677029974
14.8201388888889,-0.0986552688857072
14.8215277777778,-0.0623618148157285
14.8229166666667,-0.0353127712314026
14.8243055555556,0.050002678289276
14.8256944444444,0.042252873322165
14.8270833333333,-0.0451464070960753
14.8284722222222,0.0316285952822022
14.8298611111111,0.0489728109378944
14.83125,0.0942876692296355
14.8326388888889,0.0839845609169275
14.8340277777778,0.0503211254267444
14.8354166666667,0.0358265630448388
14.8368055555556,0.036952279193689
14.8381944444444,0.0665046753483694
14.8395833333333,0.070634177472965
14.8409722222222,0.0172100621787319
14.8423611111111,-0.00464281103030324
14.84375,0.0583158946803875
14.8451388888889,0.0763768190951136
14.8465277777778,0.065653189255008
14.8479166666667,0.0336509269723961
14.8493055555556,-0.015326408808316
14.8506944444444,-0.0129732567436762
14.8520833333333,-0.114080928426715
14.8534722222222,-0.0224125698936169
14.8548611111111,-0.0806879314204878
14.85625,-0.0698604783694812
14.8576388888889,-0.0948643259846132
14.8590277777778,-0.0949476733803662
14.8604166666667,-0.0864846041071859
14.8618055555556,-0.087843150733908
14.8631944444444,-0.0385687064336946
14.8645833333333,-0.0536812271337722
14.8659722222222,0.0149496809532554
14.8673611111111,-0.00807134608099685
14.86875,0.000708866554551801
14.8701388888889,-0.0175307165167637
14.8715277777778,0.0654912376343394
14.8729166666667,0.0941451054919831
14.8743055555556,0.102815500232222
14.8756944444444,0.067224049324045
14.8770833333333,0.146786220584938
14.8784722222222,0.0783167205087981
14.8798611111111,-0.00336631498459772
14.88125,0.0215293449772834
14.8826388888889,0.0462561613514486
14.8840277777778,0.0256755983254264
14.8854166666667,0.0120571276663641
14.8868055555556,-0.0402932955512914
14.8881944444444,-0.0205991911324071
14.8895833333333,-0.0830216734566696
14.8909722222222,-0.0522085677950867
14.8923611111111,-0.00878171429291712
14.89375,-0.00765350527835343
14.8951388888889,-0.0729000497357141
14.8965277777778,-0.107693229318645
14.8979166666667,-0.192624615903094
14.8993055555556,-0.0185930852660063
14.9006944444444,0.023474914050181
14.9020833333333,-0.0825192622325922
14.9034722222222,0.0238556534709206
14.9048611111111,0.00584838482914407
14.90625,0.0091031210283323
14.9076388888889,-0.00793333834027132
14.9090277777778,-0.0376646206626674
14.9104166666667,-0.00539853103869447
14.9118055555556,0.0285319580410108
14.9131944444444,0.0049703301510863
14.9145833333333,-0.00300677149591014
14.9159722222222,0.0303141484755698
14.9173611111111,0.0367228301756857
14.91875,-0.011623379598122
14.9201388888889,-9.01364337916394e-05
14.9215277777778,-0.0292836202242567
14.9229166666667,0.015350845068734
14.9243055555556,-0.0151135459623429
14.9256944444444,-0.000534402914332223
14.9270833333333,0.0145502985369887
14.9284722222222,0.0379154353086416
14.9298611111111,0.0325145085617482
14.93125,0.0416018554906302
14.9326388888889,0.044965106772715
14.9340277777778,0.020258753857506
14.9354166666667,0.0389641189943259
14.9368055555556,0.0676821806025243
14.9381944444444,0.037712759070752
14.9395833333333,0.101484392561334
14.9409722222222,0.0489246764257406
14.9423611111111,0.0815330619442789
14.94375,0.099876062048275
14.9451388888889,0.0650217424671019
14.9465277777778,0.0192164991284165
14.9479166666667,-0.0401752427720778
14.9493055555556,-0.00249370366140304
14.9506944444444,0.00291665858049358
14.9520833333333,0.0401289967760814
14.9534722222222,0.0069791757902788
14.9548611111111,-0.0302567251792416
14.95625,-0.0143925866197508
14.9576388888889,0.052110689355255
14.9590277777778,-0.0489520346611347
14.9604166666667,-0.0182721932906608
14.9618055555556,-0.017556053723866
14.9631944444444,0.0442721087600371
14.9645833333333,0.0219995964967833
14.9659722222222,0.0255530842970907
14.9673611111111,0.0144462475754275
14.96875,-0.0490390690000084
14.9701388888889,-0.00870008819213445
14.9715277777778,0.0403161997330765
14.9729166666667,0.0170319086249435
14.9743055555556,0.00112709282758977
14.9756944444444,0.0529734697507902
14.9770833333333,0.054216418534236
14.9784722222222,-0.0305153107460034
14.9798611111111,-0.0254255345534288
14.98125,-0.0347014694004894
14.9826388888889,-0.0323870070428332
14.9840277777778,-0.0129303343632253
14.9854166666667,-0.00253851722640696
14.9868055555556,0.0189471182628855
14.9881944444444,0.0141588345271916
14.9895833333333,-0.0760004113120128
14.9909722222222,-0.0620920438975757
14.9923611111111,0.0240160545527017
14.99375,0.00382551085498785
14.9951388888889,0.0107536648431702
14.9965277777778,-0.0185472304829646
14.9979166666667,-0.0251904201557805
14.9993055555556,-0.0915491244747755
15.0006944444444,-0.0769064663750351
15.0020833333333,-0.118755849665291
15.0034722222222,-0.120739427877963
15.0048611111111,-0.0892541703064659
15.00625,-0.083758503818635
15.0076388888889,-0.12647859660442
15.0090277777778,-0.111499094547233
15.0104166666667,-0.0899656096461932
15.0118055555556,-0.0386562612193264
15.0131944444444,0.00826460491268917
15.0145833333333,-0.0357061869921619
15.0159722222222,-0.00576209025579694
15.0173611111111,-0.0393574846923732
15.01875,-0.0592168864234071
15.0201388888889,0.0592096598970619
15.0215277777778,0.0199334877326827
15.0229166666667,0.0116697772170678
15.0243055555556,-0.0194160475214624
15.0256944444444,0.00372149685038218
15.0270833333333,-0.00373852832087835
15.0284722222222,-0.00881340160661443
15.0298611111111,0.0330181215413359
15.03125,0.0634982596030081
15.0326388888889,0.0209888502547068
15.0340277777778,0.0159855937608285
15.0354166666667,0.042911738955288
15.0368055555556,0.0169875110610104
15.0381944444444,0.0278602359712774
15.0395833333333,-0.0111988762924746
15.0409722222222,-0.00637901075256328
15.0423611111111,0.0362347011236843
15.04375,0.0144652845563603
15.0451388888889,0.0524393567489152
15.0465277777778,0.109985433524818
15.0479166666667,0.0868306060621246
15.0493055555556,0.039250277861349
15.0506944444444,0.0875607480857203
15.0520833333333,0.0761151951814374
15.0534722222222,0.0449630832062584
15.0548611111111,0.0657084039217381
15.05625,0.0414473674773105
15.0576388888889,-0.0441928195163835
15.0590277777778,-0.0740810853660162
15.0604166666667,-0.0568898052905916
15.0618055555556,-0.0531755892546307
15.0631944444444,-0.00991568901559042
15.0645833333333,-0.0340267865867661
15.0659722222222,-0.0193641828798265
15.0673611111111,-0.0214737197136322
15.06875,0.00727521518364421
15.0701388888889,0.0666104079386928
15.0715277777778,0.0178077240730487
15.0729166666667,0.0912947415503498
15.0743055555556,-0.00390733126825122
15.0756944444444,-0.0271714626222393
15.0770833333333,-0.0774393957111137
15.0784722222222,-0.0100830465171866
15.0798611111111,-0.0371435445870507
15.08125,-0.00119105384313389
15.0826388888889,0.0308172737495067
15.0840277777778,0.0855355959073232
15.0854166666667,0.0972275658167883
15.0868055555556,0.0561265197291759
15.0881944444444,0.129587099849453
15.0895833333333,0.0860148392322774
15.0909722222222,0.155147407020647
15.0923611111111,0.0853565175764809
15.09375,0.0851599148362929
15.0951388888889,0.109112118041116
15.0965277777778,0.140114801774346
15.0979166666667,0.0966380656492842
15.0993055555556,0.0495642213207135
15.1006944444444,0.0420756806933247
15.1020833333333,0.114313472793508
15.1034722222222,0.0901027929511558
15.1048611111111,0.105790692394219
15.10625,0.146214490008514
15.1076388888889,0.0921341032073034
15.1090277777778,0.122781982901196
15.1104166666667,0.113257040635244
15.1118055555556,0.0929656985671409
15.1131944444444,0.0507610543917427
15.1145833333333,0.120343085438428
15.1159722222222,0.035724513706492
15.1173611111111,0.0180788204192728
15.11875,0.0504867161793051
15.1201388888889,0.0705114481923294
15.1215277777778,0.0823455626762865
15.1229166666667,0.0735169676166407
15.1243055555556,0.111676321810739
15.1256944444444,0.107735823766545
15.1270833333333,0.0314154859162862
15.1284722222222,0.0960566543823443
15.1298611111111,0.0857260113619805
15.13125,0.0835635919021152
15.1326388888889,0.080056456930076
15.1340277777778,0.0449383849405748
15.1354166666667,0.0592769415933102
15.1368055555556,0.0872380354281398
15.1381944444444,0.137092211994671
15.1395833333333,0.0568962719263315
15.1409722222222,0.0702070031612843
15.1423611111111,0.102527614372679
15.14375,0.0500660090219048
15.1451388888889,0.105693423024443
15.1465277777778,0.0884550383291614
15.1479166666667,0.0806604733643609
15.1493055555556,0.110915209099043
15.1506944444444,0.0766056430843349
15.1520833333333,0.0819041556093634
15.1534722222222,0.0741942334726604
15.1548611111111,0.0633602414186591
15.15625,0.0562056420229149
15.1576388888889,0.0596000002877778
15.1590277777778,0.0709579925650955
15.1604166666667,0.113794704464569
15.1618055555556,0.109397069642799
15.1631944444444,0.0665928851777716
15.1645833333333,0.0171103567192755
15.1659722222222,0.0326718217596658
15.1673611111111,6.18272134286968e-05
15.16875,-0.0214577030515194
15.1701388888889,0.00247697489274258
15.1715277777778,0.00116010016684207
15.1729166666667,-0.0205533963069297
15.1743055555556,0.0591398205089765
15.1756944444444,0.0327185023980788
15.1770833333333,0.0485614237583904
15.1784722222222,0.0634992879606579
15.1798611111111,0.00721482629085554
15.18125,0.088915732827216
15.1826388888889,0.0902152664708951
15.1840277777778,0.0490886493175986
15.1854166666667,0.0930551924666356
15.1868055555556,0.0836461701610742
15.1881944444444,0.118843985147049
15.1895833333333,0.0278725427062427
15.1909722222222,0.045556317658776
15.1923611111111,0.0695859922152089
15.19375,0.026889262418239
15.1951388888889,0.0236272397844653
15.1965277777778,0.035320478887976
15.1979166666667,0.053530041893498
15.1993055555556,0.137989617913225
15.2006944444444,0.0279968322941799
15.2020833333333,0.055580433586589
15.2034722222222,0.0164794085665948
15.2048611111111,-0.0126060790904716
15.20625,-0.0360975927744668
15.2076388888889,-0.00503132534885027
15.2090277777778,0.0523363099472201
15.2104166666667,0.0202721600205719
15.2118055555556,0.00825430157472484
15.2131944444444,-0.00140848263386245
15.2145833333333,-0.0161716712616207
15.2159722222222,-0.0139866046534774
15.2173611111111,0.0683136066719171
15.21875,0.0484806238280544
15.2201388888889,-0.00281648081705435
15.2215277777778,0.0568383950180453
15.2229166666667,-0.00498804214215098
15.2243055555556,-0.0339082188337215
15.2256944444444,-0.0219106170283083
15.2270833333333,-0.0196224192748664
15.2284722222222,-0.0382218124513834
15.2298611111111,-0.011661613794359
15.23125,0.0272490626988203
15.2326388888889,0.0668890940016292
15.2340277777778,0.0465841824126004
15.2354166666667,-0.00910734243040901
15.2368055555556,-0.0070606474800246
15.2381944444444,-0.0446163938147444
15.2395833333333,0.0329639735029465
15.2409722222222,0.00621184825999576
15.2423611111111,-0.0694361310431029
15.24375,0.011389943340874
15.2451388888889,0.0244212648610257
15.2465277777778,0.0405245786796092
15.2479166666667,-0.0118491942920073
15.2493055555556,-0.0999462515569509
15.2506944444444,-0.0143486375880794
15.2520833333333,-0.00409073471352585
15.2534722222222,-0.0374993421785149
15.2548611111111,-0.0428405148095572
15.25625,-0.0242922186927853
15.2576388888889,-0.0601940565175985
15.2590277777778,-0.0192460939585085
15.2604166666667,0.0104742075202956
15.2618055555556,-0.0575190397365025
15.2631944444444,0.0143589388912419
15.2645833333333,-0.0602623476264824
15.2659722222222,-0.0628010075677029
15.2673611111111,-0.0948381613126078
15.26875,-0.027406862528166
15.2701388888889,-0.0236708782844852
15.2715277777778,-0.0248633300742252
15.2729166666667,-0.0492440574805009
15.2743055555556,-0.0615006597357196
15.2756944444444,-0.0212579427772334
15.2770833333333,-0.0203701642455351
15.2784722222222,-0.0191998722295589
15.2798611111111,-0.0535593663498633
15.28125,-0.0613228805924292
15.2826388888889,-0.0380849305352442
15.2840277777778,-0.00940356861122839
15.2854166666667,-0.0406649901807516
15.2868055555556,-0.0535039976139761
15.2881944444444,-0.0355312869323482
15.2895833333333,-0.0425685490226144
15.2909722222222,-0.0783791086136421
15.2923611111111,-0.053492204084678
15.29375,-0.00531566896043353
15.2951388888889,-0.0186111307483467
15.2965277777778,0.0349118495825986
15.2979166666667,0.0487114337718159
15.2993055555556,-0.02187381652274
15.3006944444444,-0.0192945745053284
15.3020833333333,-0.0121379379844349
15.3034722222222,0.0316378682059854
15.3048611111111,-0.039918014281662
15.30625,-0.0374786592715679
15.3076388888889,-0.0246555511159632
15.3090277777778,-0.0946259721826105
15.3104166666667,-0.0743972143519164
15.3118055555556,-0.0709370676899259
15.3131944444444,-0.00562612610054263
15.3145833333333,0.00975932853456768
15.3159722222222,-0.0208942554928083
15.3173611111111,-0.0198329067737502
15.31875,-0.0421937522226384
15.3201388888889,-0.0290852109682506
15.3215277777778,-0.0647489760604093
15.3229166666667,-0.0703018523235003
15.3243055555556,-0.0320482549346851
15.3256944444444,-0.00178923615351533
15.3270833333333,0.00768833517900976
15.3284722222222,0.0301486117196881
15.3298611111111,-0.0418178857720899
15.33125,0.0753996905048446
15.3326388888889,-0.00170968801748708
15.3340277777778,0.00973086330013293
15.3354166666667,0.0191821201138966
15.3368055555556,-0.0500570000141722
15.3381944444444,-0.0207105010550174
15.3395833333333,0.00227942145900089
15.3409722222222,-0.0458247010813047
15.3423611111111,-0.0529408353543112
15.34375,-0.0418510364971519
15.3451388888889,-0.115355748313969
15.3465277777778,-0.0809462118849983
15.3479166666667,-0.0743588461776628
15.3493055555556,-0.0432427647283579
15.3506944444444,-0.0126763366467487
15.3520833333333,0.000640136254725973
15.3534722222222,-0.0251616987909668
15.3548611111111,-0.0298194643042082
15.35625,-0.0492652890116445
15.3576388888889,-0.0798466415069929
15.3590277777778,-0.0854641373430321
15.3604166666667,-0.0972325145130171
15.3618055555556,-0.0564422356794775
15.3631944444444,-0.0381656853094416
15.3645833333333,-0.00675328809302467
15.3659722222222,0.00624491667184839
15.3673611111111,-0.0463848793007961
15.36875,0.013543450722487
15.3701388888889,0.0218495231118595
15.3715277777778,-0.042771427627449
15.3729166666667,-0.0343577518490899
15.3743055555556,-0.0274936839072804
15.3756944444444,-0.0980467149785156
15.3770833333333,-0.0583874578165291
15.3784722222222,-0.0387491800755066
15.3798611111111,-0.0743992068312678
15.38125,-0.0811189519104801
15.3826388888889,-0.0141705896725426
15.3840277777778,-0.0385688671347678
15.3854166666667,-0.0328737973595111
15.3868055555556,-0.0135120978225025
15.3881944444444,-0.00829744261484775
15.3895833333333,-0.0308721213399872
15.3909722222222,-0.0299330712241812
15.3923611111111,-0.0868672916277568
15.39375,-0.0237094288066427
15.3951388888889,0.00954031551789067
15.3965277777778,-0.0394921339360634
15.3979166666667,-0.0282268308978011
15.3993055555556,-0.0781284200237499
15.4006944444444,-0.0888723004036414
15.4020833333333,-0.0748163827102745
15.4034722222222,-0.0833795363189873
15.4048611111111,-0.104197782938789
15.40625,-0.147773822980836
15.4076388888889,-0.134845843837409
15.4090277777778,-0.115665093988475
15.4104166666667,-0.0848576917256753
15.4118055555556,-0.0578196349068068
15.4131944444444,0.00166182418454273
15.4145833333333,-0.106427319444244
15.4159722222222,-0.0301213904869339
15.4173611111111,-0.0785442513653741
15.41875,-0.0382675608607535
15.4201388888889,-0.032525268163555
15.4215277777778,-0.0176605192645436
15.4229166666667,-0.00842811656903142
15.4243055555556,-0.0466995256251587
15.4256944444444,-0.0222741578335153
15.4270833333333,0.0124419920062919
15.4284722222222,0.0108476625119718
15.4298611111111,-0.0267482172272711
15.43125,-0.0672002481894781
15.4326388888889,0.0204205036137078
15.4340277777778,-0.0308343123520856
15.4354166666667,-0.0634375565149169
15.4368055555556,-0.00670780243575305
15.4381944444444,-0.0295525280635107
15.4395833333333,-0.0787644754752687
15.4409722222222,-0.0307621406551604
15.4423611111111,-0.0119010700382082
15.44375,-0.0295736487369753
15.4451388888889,-0.0586231554400649
15.4465277777778,-0.024070573252447
15.4479166666667,-0.00478072897175131
15.4493055555556,-0.0121786492292212
15.4506944444444,-0.0642834683336598
15.4520833333333,-0.0523807074072126
15.4534722222222,-0.0343856491532303
15.4548611111111,-0.0779608146125012
15.45625,-0.0434717267838003
15.4576388888889,-0.105008823321106
15.4590277777778,-0.042072826986085
15.4604166666667,-0.0607762449370269
15.4618055555556,-0.108155036007418
15.4631944444444,-0.114818542327123
15.4645833333333,-0.0781623487287189
15.4659722222222,-0.107456351214951
15.4673611111111,-0.108359315981694
15.46875,-0.0480956053229434
15.4701388888889,0.00272065607468534
15.4715277777778,-0.0151882381803082
15.4729166666667,-0.0340143907802288
15.4743055555556,-0.0607381043507653
15.4756944444444,-0.0076201428760879
15.4770833333333,0.0256719589653006
15.4784722222222,0.00227344037428252
15.4798611111111,0.0457495036419503
15.48125,0.0303446606238125
15.4826388888889,-0.0304270300358909
15.4840277777778,-0.0227465377078093
15.4854166666667,0.0300235099690286
15.4868055555556,0.0294264222300236
15.4881944444444,-0.000486004666756655
15.4895833333333,0.0136774703277809
15.4909722222222,0.00560671143019595
15.4923611111111,-0.0185090505294042
15.49375,-0.0204667841662914
15.4951388888889,-0.00390790764465855
15.4965277777778,-0.0240985896937399
15.4979166666667,0.00770860893293315
15.4993055555556,-0.0543726279945865
15.5006944444444,0.00319558211440205
15.5020833333333,0.0274964899269537
15.5034722222222,0.0591699235606985
15.5048611111111,0.125287057091153
15.50625,0.117914858350064
15.5076388888889,0.0620225266716864
15.5090277777778,0.069869895984611
15.5104166666667,0.0429961353170943
15.5118055555556,0.0427925696980757
15.5131944444444,0.0823375479858027
15.5145833333333,0.0436141096566796
15.5159722222222,0.0905410052822264
15.5173611111111,0.0526602593721557
15.51875,0.0554601395927343
15.5201388888889,0.0522815738192889
15.5215277777778,-0.00742101589162734
15.5229166666667,0.0958734550757806
15.5243055555556,0.0164273754522923
15.5256944444444,-0.0137137198522131
15.5270833333333,0.0269110189851003
15.5284722222222,0.0133000480522958
15.5298611111111,0.134809877279822
15.53125,0.0362635984497728
15.5326388888889,0.105274734800583
15.5340277777778,0.0165514402594878
15.5354166666667,0.0454180976979969
15.5368055555556,0.0273567533651594
15.5381944444444,-0.00273406565555077
15.5395833333333,0.00624727791281405
15.5409722222222,-0.033310656856998
15.5423611111111,0.00936146321586076
15.54375,-0.028853809591162
15.5451388888889,0.0241880180527456
15.5465277777778,0.0107160831713117
15.5479166666667,-0.029668963435591
15.5493055555556,-0.0130242060290316
15.5506944444444,-0.00537435702863524
15.5520833333333,0.0184323528202509
15.5534722222222,-0.0366547899375615
15.5548611111111,-0.00675066583259501
15.55625,0.0405838833566116
15.5576388888889,-0.0352328566321087
15.5590277777778,0.00281817130616595
15.5604166666667,-0.0134414610469116
15.5618055555556,-0.0473480641189158
15.5631944444444,-0.0666211303087464
15.5645833333333,-0.0508664812138833
15.5659722222222,-0.0345152111833984
15.5673611111111,0.00066899459603272
15.56875,0.00447235446289662
15.5701388888889,-0.0577504145264125
15.5715277777778,-0.0431235691788703
15.5729166666667,-0.00623581649716544
15.5743055555556,-0.0334334953391626
15.5756944444444,-0.0232826439497116
15.5770833333333,-0.0489920685678194
15.5784722222222,-0.0757320435106274
15.5798611111111,0.0402415879973986
15.58125,-0.0302493443179478
15.5826388888889,-0.0345387161759687
15.5840277777778,-0.037669297567907
15.5854166666667,-0.0851858702154286
15.5868055555556,-0.0648572383257595
15.5881944444444,-0.0562621151704154
15.5895833333333,-0.0860284548892588
15.5909722222222,-0.0138780553357583
15.5923611111111,-0.0829803068161244
15.59375,-0.0519031335733408
15.5951388888889,0.00143919206614949
15.5965277777778,-0.0437507055539465
15.5979166666667,-0.0582701440965051
15.5993055555556,-0.0424171861313156
15.6006944444444,-0.00221134743543364
15.6020833333333,-0.0217655383104413
15.6034722222222,-0.0356813421756599
15.6048611111111,-0.0154697405902909
15.60625,0.0208849806962039
15.6076388888889,0.0267197560772807
15.6090277777778,0.0848145934252078
15.6104166666667,0.065418723952689
15.6118055555556,0.0568481416546509
15.6131944444444,0.107145717214199
15.6145833333333,0.0787980836847194
15.6159722222222,0.0583327308335053
15.6173611111111,0.120269409594088
15.61875,0.0327894163011646
15.6201388888889,0.0368486620291504
15.6215277777778,0.0397337864400155
15.6229166666667,0.0198446294770462
15.6243055555556,0.0797527601542854
15.6256944444444,0.0628752541254955
15.6270833333333,0.08420655786345
15.6284722222222,0.0839125651921097
15.6298611111111,0.0527059151019542
15.63125,0.076314739541841
15.6326388888889,0.0761940583311485
15.6340277777778,0.146858614181016
15.6354166666667,0.123297225660446
15.6368055555556,0.103334396832579
15.6381944444444,0.0846708874604417
15.6395833333333,0.0872286180926293
15.6409722222222,0.138664711552431
15.6423611111111,0.119643807370951
15.64375,0.13898949523753
15.6451388888889,0.105097286323174
15.6465277777778,0.0545662150580479
15.6479166666667,0.0903525431697877
15.6493055555556,0.0617685170932485
15.6506944444444,0.021602424032902
15.6520833333333,0.043237137968439
15.6534722222222,0.0434508295732519
15.6548611111111,0.0853117469788293
15.65625,0.0729466748781384
15.6576388888889,0.114576448154271
15.6590277777778,0.0848974644716873
15.6604166666667,0.0544198951100171
15.6618055555556,0.111599737052798
15.6631944444444,0.130932053241952
15.6645833333333,0.0384059245431366
15.6659722222222,0.0810559862658857
15.6673611111111,0.04767836259932
15.66875,0.0293409375161236
15.6701388888889,0.010357533879442
15.6715277777778,0.0562519338984334
15.6729166666667,0.0255638628810867
15.6743055555556,0.0421737837738752
15.6756944444444,0.0357611388447061
15.6770833333333,0.096556949759413
15.6784722222222,0.109811664423653
15.6798611111111,0.0449937653305702
15.68125,0.0539234358429899
15.6826388888889,0.0372413467132226
15.6840277777778,0.0678772668856793
15.6854166666667,0.0320908139373816
15.6868055555556,0.0670888714469975
15.6881944444444,0.0787396179513129
15.6895833333333,0.0806425481871099
15.6909722222222,0.106490664547932
15.6923611111111,0.0778288912833827
15.69375,-0.0397064588645762
15.6951388888889,-0.00331894328233437
15.6965277777778,0.019479401718949
15.6979166666667,0.0102326324853624
15.6993055555556,0.0549520219877931
15.7006944444444,0.0757565199558491
15.7020833333333,0.108610833600599
15.7034722222222,0.104177777663431
15.7048611111111,0.0884220886230795
15.70625,-0.00411480469214602
15.7076388888889,-0.0325453522483754
15.7090277777778,0.0106303786662364
15.7104166666667,-0.00578178193985665
15.7118055555556,0.00224359013307751
15.7131944444444,0.0141985681985484
15.7145833333333,0.0459195439412641
15.7159722222222,0.0509963907153161
15.7173611111111,0.0791080032512827
15.71875,0.00989218626541613
15.7201388888889,-0.00528108151174689
15.7215277777778,-0.000646136376004888
15.7229166666667,0.050662764806556
15.7243055555556,0.0831374821033193
15.7256944444444,0.0903822159674117
15.7270833333333,0.0206645668892144
15.7284722222222,0.0407360104945928
15.7298611111111,0.0580842997205428
15.73125,0.0595048783038237
15.7326388888889,0.0604492960849361
15.7340277777778,0.0709374168966023
15.7354166666667,0.060761178937634
15.7368055555556,0.0594129737103089
15.7381944444444,0.0515022783855012
15.7395833333333,-0.000107115104014133
15.7409722222222,-0.00685643653488636
15.7423611111111,0.00478079942083951
15.74375,-0.0108670739307883
15.7451388888889,-0.0345586000598709
15.7465277777778,0.00787413792553053
15.7479166666667,0.00350713713521383
15.7493055555556,0.00583052215264603
15.7506944444444,-0.0141478963957277
15.7520833333333,0.0195084704495193
15.7534722222222,0.0171269187549779
15.7548611111111,0.0157950973773258
15.75625,0.00897713463003173
15.7576388888889,0.00161197409659253
15.7590277777778,-0.00557061543751941
15.7604166666667,-0.00536354909360852
15.7618055555556,-0.0621217434397851
15.7631944444444,0.00507059401591393
15.7645833333333,0.0721639415841263
15.7659722222222,0.0334096659545961
15.7673611111111,0.0658661137299979
15.76875,0.0357210765653054
15.7701388888889,0.0738792615222792
15.7715277777778,0.0703430396089918
15.7729166666667,0.0664293641967311
15.7743055555556,0.0138512524509587
15.7756944444444,-0.022656657414758
15.7770833333333,-0.00358886374611946
15.7784722222222,0.006378647032578
15.7798611111111,0.00733739933038193
15.78125,0.0620579157317364
15.7826388888889,0.0788447055991296
15.7840277777778,0.0580910073904105
15.7854166666667,0.0759584014949052
15.7868055555556,0.0410117706898597
15.7881944444444,0.0341195980252814
15.7895833333333,0.0414919241501248
15.7909722222222,0.069632395707677
15.7923611111111,0.0616464847738407
15.79375,0.0466302001017223
15.7951388888889,0.109942732761269
15.7965277777778,0.121423323160336
15.7979166666667,0.0987517238622593
15.7993055555556,0.0999660990116082
15.8006944444444,0.188467702038835
15.8020833333333,0.153657395231066
15.8034722222222,0.164015353514342
15.8048611111111,0.0926955348531993
15.80625,0.051484424103188
15.8076388888889,0.0431480183060621
15.8090277777778,0.0857455857088173
15.8104166666667,0.0479971169502254
15.8118055555556,0.0175196664585592
15.8131944444444,0.0774701659373236
15.8145833333333,0.00626427903666155
15.8159722222222,0.0232068350880372
15.8173611111111,0.0188689969154541
15.81875,0.0244637093877689
15.8201388888889,0.0531949691974673
15.8215277777778,0.106518493490631
15.8229166666667,0.133346008660955
15.8243055555556,0.0934625620447695
15.8256944444444,0.179725239919921
15.8270833333333,0.0987530867791053
15.8284722222222,0.103471014451345
15.8298611111111,0.147094164822444
15.83125,0.139929998849725
15.8326388888889,0.0673414878852226
15.8340277777778,0.032687374491232
15.8354166666667,0.0692802983228232
15.8368055555556,0.122839689532117
15.8381944444444,0.143993750334246
15.8395833333333,0.163183249694871
15.8409722222222,0.0921311507220244
15.8423611111111,0.0467371379881815
15.84375,0.0751997520869283
15.8451388888889,0.118133683589076
15.8465277777778,0.153891805341241
15.8479166666667,0.073068494060394
15.8493055555556,0.0235518568624094
15.8506944444444,0.0204324344130557
15.8520833333333,0.0601604917612392
15.8534722222222,0.10010833314773
15.8548611111111,0.046415756285106
15.85625,0.123577968646175
15.8576388888889,0.131936795816347
15.8590277777778,0.147225829154671
15.8604166666667,0.0550116729305064
15.8618055555556,0.0705066114204321
15.8631944444444,0.0354345068623067
15.8645833333333,0.0495862233801702
15.8659722222222,0.110217388561661
15.8673611111111,0.0803354141386203
15.86875,0.0619991415185667
15.8701388888889,0.0368741214365941
15.8715277777778,0.104334931576361
15.8729166666667,0.107210502405378
15.8743055555556,0.190020189224125
15.8756944444444,0.0949379582256664
15.8770833333333,0.0936760648920692
15.8784722222222,0.0629418201509886
15.8798611111111,0.0471662378877407
15.88125,0.0676705532835886
15.8826388888889,0.100899888588905
15.8840277777778,0.108120762727005
15.8854166666667,0.0822961911237226
15.8868055555556,0.079640691308865
15.8881944444444,0.0670541979712633
15.8895833333333,0.0966453723548637
15.8909722222222,0.116638868442847
15.8923611111111,0.117986385818881
15.89375,0.0658476313691625
15.8951388888889,0.103122680379271
15.8965277777778,0.0282929690632765
15.8979166666667,0.0730411042247584
15.8993055555556,0.122911840695775
15.9006944444444,0.119413555082779
15.9020833333333,0.107263024735469
15.9034722222222,0.0865055209365673
15.9048611111111,0.109928099898603
15.90625,0.0766397958324616
15.9076388888889,0.134818839436367
15.9090277777778,0.148255190672387
15.9104166666667,0.0714172096239346
15.9118055555556,0.117870895295836
15.9131944444444,0.159254485661369
15.9145833333333,0.127007231660576
15.9159722222222,0.110249903005192
15.9173611111111,0.0772918964617115
15.91875,0.0852045590870906
15.9201388888889,0.0962908681625963
15.9215277777778,0.0664556760732404
15.9229166666667,0.0612633545481332
15.9243055555556,0.108228047546101
15.9256944444444,0.107523865948416
15.9270833333333,0.0743955077896063
15.9284722222222,0.0754289602966596
15.9298611111111,0.0691416649946096
15.93125,0.064907729614582
15.9326388888889,0.124615531448303
15.9340277777778,0.143580005080874
15.9354166666667,0.138139246899103
15.9368055555556,0.147713221395014
15.9381944444444,0.0997258267219493
15.9395833333333,0.162024125148494
15.9409722222222,0.240926422417955
15.9423611111111,0.203012249361971
15.94375,0.173082781720468
15.9451388888889,0.185354434497527
15.9465277777778,0.19825134284039
15.9479166666667,0.139717686822262
15.9493055555556,0.176727145900995
15.9506944444444,0.141829635756095
15.9520833333333,0.142599465026814
15.9534722222222,0.146963939259984
15.9548611111111,0.186927540235166
15.95625,0.0946853036686629
15.9576388888889,0.140560070235822
15.9590277777778,0.106685448728314
15.9604166666667,0.141695860472976
15.9618055555556,0.16717295441517
15.9631944444444,0.128327790483255
15.9645833333333,0.124212165488145
15.9659722222222,0.12346636111986
15.9673611111111,0.108377742270484
15.96875,0.0846730530153773
15.9701388888889,0.10930617568997
15.9715277777778,0.18131388573245
15.9729166666667,0.122071388464492
15.9743055555556,0.151316486344689
15.9756944444444,0.147609394612674
15.9770833333333,0.137201885581398
15.9784722222222,0.146245712875158
15.9798611111111,0.108737678425754
15.98125,0.079076201701705
15.9826388888889,0.068309307856243
15.9840277777778,0.0393040666885
15.9854166666667,-0.0243385052949408
15.9868055555556,0.00076765585266575
15.9881944444444,0.0558174448091683
15.9895833333333,0.0868592797074334
15.9909722222222,0.084811677014217
15.9923611111111,0.0264025636692605
15.99375,-0.00431104546460215
15.9951388888889,-0.0493242672159139
15.9965277777778,-0.0140010008690805
15.9979166666667,0.029416715066776
15.9993055555556,0.0411155583490377
16.0006944444444,0.0740086373844215
16.0020833333333,0.129072200013557
16.0034722222222,-0.0128706678611086
16.0048611111111,-0.0224059338411827
16.00625,-0.00533839525884483
16.0076388888889,0.0617904304090757
16.0090277777778,0.0570902926745364
16.0104166666667,0.00994835306860555
16.0118055555556,0.00215469294402419
16.0131944444444,0.00116156168029864
16.0145833333333,0.0355559740588743
16.0159722222222,0.0667788354535015
16.0173611111111,0.0209267375784021
16.01875,-0.0454913958655746
16.0201388888889,-0.0108937649547023
16.0215277777778,-0.0187036253926519
16.0229166666667,0.0136629035554201
16.0243055555556,0.0197767592976539
16.0256944444444,0.0647619563727127
16.0270833333333,0.0495471834497228
16.0284722222222,0.0141428147645321
16.0298611111111,-0.016481126625625
16.03125,-0.027172276950571
16.0326388888889,-0.0605612883836587
16.0340277777778,-0.0467194049139965
16.0354166666667,-0.0730600794523178
16.0368055555556,-0.049897227181974
16.0381944444444,-0.0556965242525019
16.0395833333333,-0.00474128973627482
16.0409722222222,0.0158286195973569
16.0423611111111,0.00922198572273084
16.04375,-0.00652962903972965
16.0451388888889,-0.107051130468411
16.0465277777778,-0.091772675755961
16.0479166666667,-0.101222604017243
16.0493055555556,-0.0981303925604257
16.0506944444444,-0.0936802980036417
16.0520833333333,-0.0472794709679847
16.0534722222222,-0.076322314062511
16.0548611111111,-0.0602250608438786
16.05625,-0.0750140460085326
16.0576388888889,-0.0582273542335607
16.0590277777778,-0.0163647289911644
16.0604166666667,-0.0469572385462273
16.0618055555556,-0.0467553127655011
16.0631944444444,-0.0510503286264966
16.0645833333333,-0.0483682557764072
16.0659722222222,-0.0149700688961676
16.0673611111111,0.00243702822218546
16.06875,-0.013684984120995
16.0701388888889,-0.0552616115075269
16.0715277777778,-0.0155223784092624
16.0729166666667,-0.04332396031779
16.0743055555556,0.0181539079303541
16.0756944444444,0.00971918856229002
16.0770833333333,-0.0483535321313798
16.0784722222222,-0.000943056637542589
16.0798611111111,-0.00253579005266693
16.08125,0.00833121509815533
16.0826388888889,-0.00138291127382827
16.0840277777778,-0.0122146384261334
16.0854166666667,0.0476320020605664
16.0868055555556,0.0711633175562188
16.0881944444444,0.0738427449306985
16.0895833333333,0.0708756261934299
16.0909722222222,0.0220657081566373
16.0923611111111,-0.0176379172297256
16.09375,0.0316572130760187
16.0951388888889,0.122722102997908
16.0965277777778,0.0987585788415702
16.0979166666667,0.0648802855538343
16.0993055555556,0.0544790387844995
16.1006944444444,0.00676914800626092
16.1020833333333,-0.0181678324955894
16.1034722222222,-0.00263738178952283
16.1048611111111,0.00349672237651292
16.10625,0.0461720386550177
16.1076388888889,-0.00326889842801673
16.1090277777778,0.0295448995584821
16.1104166666667,0.0151524721566665
16.1118055555556,-0.00412045721456588
16.1131944444444,-0.0220805862420401
16.1145833333333,-0.0332741350695818
16.1159722222222,-0.0623193179157584
16.1173611111111,-0.0450151125642485
16.11875,0.00640064640682424
16.1201388888889,-0.0309524024326855
16.1215277777778,-0.0315711601254387
16.1229166666667,0.00214746361360769
16.1243055555556,-0.0340945631381321
16.1256944444444,-0.0831167400094609
16.1270833333333,-0.121355773839831
16.1284722222222,-0.0683390717701023
16.1298611111111,-0.124425517157064
16.13125,-0.1064908017402
16.1326388888889,-0.0674202305229146
16.1340277777778,-0.148182539077952
16.1354166666667,-0.0762404365921593
16.1368055555556,-0.101828433614792
16.1381944444444,-0.0558042121053839
16.1395833333333,-0.0794227461325671
16.1409722222222,-0.126322021361656
16.1423611111111,-0.15415807241141
16.14375,-0.137973166466568
16.1451388888889,-0.147021818111745
16.1465277777778,-0.120314592968944
16.1479166666667,-0.0923314511081079
16.1493055555556,-0.109900578674298
16.1506944444444,-0.111622583361027
16.1520833333333,-0.140834120461038
16.1534722222222,-0.160455078323888
16.1548611111111,-0.100428738462525
16.15625,-0.106248349156996
16.1576388888889,0.000517732086929081
16.1590277777778,-0.0525598011128503
16.1604166666667,-0.105117289706562
16.1618055555556,-0.108314278706502
16.1631944444444,-0.0797388575056998
16.1645833333333,-0.0845560119827385
16.1659722222222,-0.155828514874071
16.1673611111111,-0.0933941402026155
16.16875,-0.101497175294404
16.1701388888889,-0.0721910171351578
16.1715277777778,0.000959929201891519
16.1729166666667,0.0149575488736195
16.1743055555556,0.0101389588992192
16.1756944444444,-0.025661306689335
16.1770833333333,-0.0571872522457498
16.1784722222222,-0.144190990086745
16.1798611111111,-0.0635161197814325
16.18125,-0.139476329623241
16.1826388888889,-0.151542541648989
16.1840277777778,-0.130793420729325
16.1854166666667,-0.14176927810438
16.1868055555556,-0.108640328331282
16.1881944444444,-0.1203137090382
16.1895833333333,-0.0975453348794132
16.1909722222222,-0.0585872288004057
16.1923611111111,-0.00843903592406118
16.19375,-0.0121267390243463
16.1951388888889,-0.0373861904674595
16.1965277777778,0.0104719209081859
16.1979166666667,-0.0147641079077777
16.1993055555556,-0.0560204660370917
16.2006944444444,-0.0741019674469317
16.2020833333333,-0.0757270783745218
16.2034722222222,-0.0707241346799469
16.2048611111111,-0.0812806601634035
16.20625,-0.0674726158503562
16.2076388888889,-0.121873874244298
16.2090277777778,-0.0879769098709033
16.2104166666667,-0.0989911177204686
16.2118055555556,-0.122566324309892
16.2131944444444,-0.134291050425047
16.2145833333333,-0.117835279744723
16.2159722222222,-0.0203487420467742
16.2173611111111,-0.00113063661115426
16.21875,8.19869873936364e-05
16.2201388888889,-0.0619379651507331
16.2215277777778,-0.13714252592504
16.2229166666667,-0.116195192703508
16.2243055555556,-0.0398010906959483
16.2256944444444,-0.110710917987757
16.2270833333333,-0.0617301982216926
16.2284722222222,-0.121855137168233
16.2298611111111,-0.0812370854162088
16.23125,-0.112406885530098
16.2326388888889,-0.114180429197809
16.2340277777778,-0.0171550534025887
16.2354166666667,-0.100588660856847
16.2368055555556,-0.0709609470083652
16.2381944444444,-0.0482638923713697
16.2395833333333,-0.0415321699007968
16.2409722222222,-0.0218064953255886
16.2423611111111,-0.0553573348431822
16.24375,-0.0814075534426305
16.2451388888889,-0.0569150942586754
16.2465277777778,-0.0801875071996251
16.2479166666667,-0.0471399905719333
16.2493055555556,-0.044662340290979
16.2506944444444,-0.0720258458717893
16.2520833333333,-0.03343883102946
16.2534722222222,-0.0739275423330523
16.2548611111111,-0.0348140295864422
16.25625,-0.0748350987996198
16.2576388888889,-0.0120118332108516
16.2590277777778,-0.0584285596347536
16.2604166666667,0.012358877799813
16.2618055555556,0.0517611953126409
16.2631944444444,0.0435995477173968
16.2645833333333,0.00815524545991445
16.2659722222222,0.0886864119330199
16.2673611111111,0.0685719595356909
16.26875,0.0122137166237187
16.2701388888889,0.0256383221423522
16.2715277777778,0.0311084853477793
16.2729166666667,0.0277681817766384
16.2743055555556,0.0208978937678903
16.2756944444444,0.0121719909528355
16.2770833333333,0.0446336680102891
16.2784722222222,0.0704221654404877
16.2798611111111,0.0188763932062062
16.28125,-0.0411361263107865
16.2826388888889,-0.0367173875804978
16.2840277777778,-0.0293141295245522
16.2854166666667,-0.0127759667330575
16.2868055555556,-0.0121460662680726
16.2881944444444,-0.0546961896816779
16.2895833333333,0.0592703025658123
16.2909722222222,0.00814630905005988
16.2923611111111,0.0234540552766706
16.29375,0.0346928648402439
16.2951388888889,0.0684251911381043
16.2965277777778,-0.0471119434053067
16.2979166666667,0.0453331133212198
16.2993055555556,-0.0237885268856461
16.3006944444444,0.00353088921754619
16.3020833333333,-0.0147913052694095
16.3034722222222,-0.0230828968966686
16.3048611111111,0.00611815721162627
16.30625,0.00901592639657373
16.3076388888889,-0.031718528368867
16.3090277777778,-0.0961034049444525
16.3104166666667,-0.0583638898751659
16.3118055555556,-0.0277799591236568
16.3131944444444,-0.0036096743158252
16.3145833333333,-0.00387950194901116
16.3159722222222,-0.0701606277758687
16.3173611111111,-0.0665749569499838
16.31875,-0.0198071694234743
16.3201388888889,0.0337794582042297
16.3215277777778,0.0281438844578288
16.3229166666667,0.021017991856766
16.3243055555556,0.0415981900504703
16.3256944444444,0.0168062955935385
16.3270833333333,0.0349706806157481
16.3284722222222,0.0738802238150764
16.3298611111111,0.0507740790020743
16.33125,0.0146672979336272
16.3326388888889,-0.00481579828485686
16.3340277777778,-0.0306003304474448
16.3354166666667,0.0165380725116704
16.3368055555556,0.0415161768961214
16.3381944444444,0.0464865030962635
16.3395833333333,0.0402774789364155
16.3409722222222,0.0550342041192265
16.3423611111111,0.0668274237688025
16.34375,-0.0411338844960105
16.3451388888889,-0.0206702166549318
16.3465277777778,-0.0591027956711764
16.3479166666667,-0.047358904086589
16.3493055555556,-0.0781473133366605
16.3506944444444,-0.0331583313689622
16.3520833333333,-0.0641235651386213
16.3534722222222,0.0498044885997032
16.3548611111111,-0.0466373023093288
16.35625,-0.0637462393272629
16.3576388888889,-0.0931133462124743
16.3590277777778,-0.0381230674351276
16.3604166666667,0.00655358017789697
16.3618055555556,-0.0130481165319455
16.3631944444444,-0.0099387151137457
16.3645833333333,-0.0203360247846684
16.3659722222222,0.0225622744677218
16.3673611111111,0.0452486057328732
16.36875,0.0907164204738001
16.3701388888889,0.0986471264828442
16.3715277777778,0.0764961214505957
16.3729166666667,0.0499882420143685
16.3743055555556,0.0688876396311582
16.3756944444444,0.0268417562438108
16.3770833333333,0.0391670116087052
16.3784722222222,0.0240036315375643
16.3798611111111,0.0380476315162645
16.38125,-0.00309477697031305
16.3826388888889,-0.0592170169048493
16.3840277777778,-0.0197437641848423
16.3854166666667,-0.0473571899347264
16.3868055555556,-0.0668139468962776
16.3881944444444,-0.0594748762643612
16.3895833333333,-0.0707334962097421
16.3909722222222,-0.0365897889809344
16.3923611111111,-0.0811604163374742
16.39375,-0.0572893870602335
16.3951388888889,0.0189179659190303
16.3965277777778,-0.0241130379724214
16.3979166666667,-0.0470051680235837
16.3993055555556,-0.0624028081729647
16.4006944444444,-0.0617355536873402
16.4020833333333,-0.0725486056288022
16.4034722222222,-0.0497756430298525
16.4048611111111,0.00562719795154711
16.40625,-0.0235513484791703
16.4076388888889,0.0154096001385164
16.4090277777778,0.0123766327747198
16.4104166666667,0.00200069653926573
16.4118055555556,0.0566573545718812
16.4131944444444,0.0339954318257372
16.4145833333333,0.0158208994608319
16.4159722222222,-0.0142591302431301
16.4173611111111,0.0303810591848772
16.41875,0.0545958254997723
16.4201388888889,0.0486725781912295
16.4215277777778,0.0648254684371611
16.4229166666667,0.0168213639936079
16.4243055555556,0.00589428079162486
16.4256944444444,0.00358537891912686
16.4270833333333,0.0423570970904983
16.4284722222222,0.026515997117349
16.4298611111111,-0.00658140068196138
16.43125,0.0172219462096814
16.4326388888889,0.0233863099459992
16.4340277777778,0.0339131773000583
16.4354166666667,0.0220474667933103
16.4368055555556,0.0109079927293639
16.4381944444444,-0.0176201791600557
16.4395833333333,-0.0259767736808498
16.4409722222222,-0.00424076533531675
16.4423611111111,-0.0359960524906356
16.44375,-0.00597811559701591
16.4451388888889,0.00150808187638087
16.4465277777778,0.0166540361300894
16.4479166666667,-0.00640163200874904
16.4493055555556,-0.00120541691903971
16.4506944444444,0.0556648252478759
16.4520833333333,0.0371908496634205
16.4534722222222,0.0400072710742118
16.4548611111111,0.00776570257191612
16.45625,0.0020962087604386
16.4576388888889,0.00269387844125684
16.4590277777778,0.0175755215066112
16.4604166666667,0.0765125217989398
16.4618055555556,0.0360127149124214
16.4631944444444,0.0979918565000167
16.4645833333333,0.0889959534027942
16.4659722222222,0.0303259465557444
16.4673611111111,0.016739488818244
16.46875,0.0648335937104357
16.4701388888889,0.0351374288104161
16.4715277777778,0.0426799307148662
16.4729166666667,0.0530650331811239
16.4743055555556,-0.0261094797631859
16.4756944444444,0.00239998137882881
16.4770833333333,0.0670897393923785
16.4784722222222,0.00173321179843198
16.4798611111111,0.00113657016170822
16.48125,0.0246668609215524
16.4826388888889,0.0467944192470478
16.4840277777778,0.0128813140891238
16.4854166666667,0.0254950030833447
16.4868055555556,-0.0191893881590375
16.4881944444444,0.00953393290750752
16.4895833333333,0.0606517533536267
16.4909722222222,0.00691749812704073
16.4923611111111,0.0107472002297064
16.49375,-0.0167113302690295
16.4951388888889,-0.00900804287339779
16.4965277777778,-0.0406766060485172
16.4979166666667,-0.00204572325859932
16.4993055555556,-0.0273410033586147
16.5006944444444,0.0219290116481766
16.5020833333333,0.0367800679603755
16.5034722222222,-0.0673389399179611
16.5048611111111,-0.119406497912687
16.50625,-0.00870486128463113
16.5076388888889,-0.026690596418738
16.5090277777778,-0.112782715994451
16.5104166666667,-0.0727408795512139
16.5118055555556,-0.0450733534452477
16.5131944444444,-0.0507488049268653
16.5145833333333,0.00278764941814379
16.5159722222222,-0.0191565057528659
16.5173611111111,-0.0839961533384932
16.51875,-0.0859240485044814
16.5201388888889,-0.0794909925434295
16.5215277777778,-0.104068709063726
16.5229166666667,-0.0755380704517302
16.5243055555556,-0.0242584081379076
16.5256944444444,-0.00564731003426008
16.5270833333333,-0.0147035291450572
16.5284722222222,-0.0585223890548253
16.5298611111111,-0.0683955194025113
16.53125,-0.0894571758814732
16.5326388888889,-0.128566456538637
16.5340277777778,-0.129391989898763
16.5354166666667,-0.135305539577937
16.5368055555556,-0.142053406022565
16.5381944444444,-0.138925301634667
16.5395833333333,-0.126804408038772
16.5409722222222,-0.104582862176243
16.5423611111111,-0.068069112702794
16.54375,-0.105148192620671
16.5451388888889,-0.0609447744569772
16.5465277777778,-0.0839394990862424
16.5479166666667,-0.112771672862886
16.5493055555556,-0.141381240326297
16.5506944444444,-0.131945848587367
16.5520833333333,-0.0939880510073226
16.5534722222222,-0.0512843665226986
16.5548611111111,-0.083915645526677
16.55625,-0.109267275306253
16.5576388888889,-0.0772270121836314
16.5590277777778,-0.0754575498829451
16.5604166666667,-0.117975780113364
16.5618055555556,-0.104733212532066
16.5631944444444,-0.0946068203236003
16.5645833333333,-0.0739066208556712
16.5659722222222,-0.0418120789428962
16.5673611111111,-0.0403262658189242
16.56875,-0.0686122538440171
16.5701388888889,-0.0189965981460409
16.5715277777778,-0.0321918532163611
16.5729166666667,-0.129354603139044
16.5743055555556,-0.0251512175718377
16.5756944444444,-0.0137715479201293
16.5770833333333,-0.00125966761928354
16.5784722222222,-0.0559523848399518
16.5798611111111,-0.0577728845543451
16.58125,-0.0523919128390088
16.5826388888889,-0.051386707627403
16.5840277777778,-0.0536137043513661
16.5854166666667,-0.0673171650427235
16.5868055555556,-0.0847702611656126
16.5881944444444,-0.0514001834545033
16.5895833333333,-0.072626816520444
16.5909722222222,-0.127030011421317
16.5923611111111,-0.112871285300966
16.59375,-0.0871847028381428
16.5951388888889,-0.0987616241851594
16.5965277777778,-0.123522210025666
16.5979166666667,-0.151050272891142
16.5993055555556,-0.0802347822775708
16.6006944444444,-0.0773306682164589
16.6020833333333,-0.0807015229862185
16.6034722222222,-0.109931642137025
16.6048611111111,-0.0651022922373106
16.60625,-0.0595207839261046
16.6076388888889,-0.019669761563682
16.6090277777778,-0.0449047894763786
16.6104166666667,-0.0561364335969373
16.6118055555556,-0.0946896810988072
16.6131944444444,-0.0967114564783787
16.6145833333333,-0.0974571610835652
16.6159722222222,-0.0563523233811289
16.6173611111111,-0.109826768363181
16.61875,-0.0820007690608996
16.6201388888889,-0.094706151598743
16.6215277777778,-0.0756889434334128
16.6229166666667,-0.122600293290611
16.6243055555556,-0.0709761295926418
16.6256944444444,-0.0594515070050363
16.6270833333333,-0.0459840379651135
16.6284722222222,-0.0406127340564107
16.6298611111111,-0.0751106056915668
16.63125,-0.0897449611875043
16.6326388888889,-0.0551839439981401
16.6340277777778,-0.0789480958262444
16.6354166666667,-0.0569721089300094
16.6368055555556,-0.0412539195233564
16.6381944444444,-0.0506085377575891
16.6395833333333,-0.02962091897132
16.6409722222222,-0.0530200226722451
16.6423611111111,-0.0604663685875613
16.64375,-0.00163967961476846
16.6451388888889,-0.00823242281206537
16.6465277777778,-0.020261949200811
16.6479166666667,-0.0301378507575488
16.6493055555556,-0.00538923643040055
16.6506944444444,-0.0356751213724323
16.6520833333333,0.0240012118300604
16.6534722222222,0.0148790743555933
16.6548611111111,-0.0251304648072355
16.65625,-0.0680242679874321
16.6576388888889,-0.0254414839379342
16.6590277777778,-0.0297646369843335
16.6604166666667,-0.0263342894115146
16.6618055555556,-0.00204758932229136
16.6631944444444,0.0914706761765965
16.6645833333333,0.0573148819582131
16.6659722222222,0.0528094923342589
16.6673611111111,0.000372343361062735
16.66875,-0.0456641832859456
16.6701388888889,-0.0654872605045937
16.6715277777778,-0.0124963063431658
16.6729166666667,-0.0385978057132239
16.6743055555556,0.0174102473375689
16.6756944444444,0.0354888682086369
16.6770833333333,-0.00332405595467674
16.6784722222222,-0.00632137369628799
16.6798611111111,-0.0112698223506317
16.68125,0.00797840338850173
16.6826388888889,-0.00147353299758834
16.6840277777778,0.0238522320009573
16.6854166666667,0.0133886669067054
16.6868055555556,-0.0284026029613041
16.6881944444444,-0.00935371440839602
16.6895833333333,0.0485156599917934
16.6909722222222,-0.0746180370195574
16.6923611111111,-0.0726581365610357
16.69375,-0.0394748798981552
16.6951388888889,-0.060517794078591
16.6965277777778,-0.0332216153624503
16.6979166666667,-0.03071216633074
16.6993055555556,-0.0418132942831638
16.7006944444444,0.00529193934733018
16.7020833333333,0.0411918959873411
16.7034722222222,-0.0236836668985567
16.7048611111111,-0.0311089516387398
16.70625,-0.0646390653595761
16.7076388888889,-0.0871188350939393
16.7090277777778,-0.11912770631415
16.7104166666667,-0.119922116227275
16.7118055555556,-0.0794757845489956
16.7131944444444,-0.0722323922814643
16.7145833333333,-0.107828153933211
16.7159722222222,-0.0915039819815632
16.7173611111111,-0.102971802993801
16.71875,-0.0340143234070669
16.7201388888889,0.0223321342506232
16.7215277777778,-0.0110228467132085
16.7229166666667,-0.0355172359040461
16.7243055555556,0.0192470846462571
16.7256944444444,0.00856097766311693
16.7270833333333,-0.0194870738805607
16.7284722222222,0.0414647142268992
16.7298611111111,0.00456481224592485
16.73125,-0.0910599728763905
16.7326388888889,0.0001949450372269
16.7340277777778,-0.0112035515762177
16.7354166666667,-0.00995314084001448
16.7368055555556,-0.0390988698779989
16.7381944444444,-0.00696617574590288
16.7395833333333,-0.0476734300204681
16.7409722222222,0.0218508302743449
16.7423611111111,-0.014328827136245
16.74375,-0.00690454453596078
16.7451388888889,-0.0173264339385716
16.7465277777778,-0.0170940864018992
16.7479166666667,-0.0163193923759577
16.7493055555556,-0.0521978343990932
16.7506944444444,-0.0368537962333909
16.7520833333333,-0.0779004750171145
16.7534722222222,-0.0757065120440786
16.7548611111111,-0.0718982201769941
16.75625,-0.0841717083441314
16.7576388888889,-0.0844129841889844
16.7590277777778,0.00735026382188306
16.7604166666667,-0.0406840860826651
16.7618055555556,-0.0940265598605045
16.7631944444444,-0.0688894572472802
16.7645833333333,-0.0637663573106045
16.7659722222222,-0.0294506271609635
16.7673611111111,-0.0315238521159836
16.76875,-0.0628111942764198
16.7701388888889,-0.0732622053126037
16.7715277777778,-0.0378693290287313
16.7729166666667,-0.000609530607811677
16.7743055555556,-0.0765257463841323
16.7756944444444,-0.0500213077965461
16.7770833333333,-0.0606602644448812
16.7784722222222,-0.0475587574569571
16.7798611111111,-0.0288027001835214
16.78125,-0.0561181317134148
16.7826388888889,-0.0319549043262853
16.7840277777778,-0.0248826247634508
16.7854166666667,-0.0360537630637846
16.7868055555556,-0.0398110006634967
16.7881944444444,-0.0640346438655826
16.7895833333333,-0.0231735729565908
16.7909722222222,-0.0592297909666053
16.7923611111111,-0.153264857602966
16.79375,-0.0612697009410271
16.7951388888889,-0.0422346175021543
16.7965277777778,-0.0708398980533824
16.7979166666667,-0.11252980472494
16.7993055555556,-0.0579472955866364
16.8006944444444,-0.0378041350209221
16.8020833333333,-0.0445015308555004
16.8034722222222,-0.0618481035369422
16.8048611111111,0.0341828137851359
16.80625,-0.0673078843537713
16.8076388888889,-0.0217622310106079
16.8090277777778,-0.0236374775286778
16.8104166666667,-0.0574963180440376
16.8118055555556,0.0108963648135892
16.8131944444444,-0.0545750414498792
16.8145833333333,-0.0252473847395387
16.8159722222222,-0.00610551966154088
16.8173611111111,-0.0112704879050829
16.81875,-0.0626010068269819
16.8201388888889,-0.0640952463258085
16.8215277777778,-0.0445726020259818
16.8229166666667,-0.0147781118438813
16.8243055555556,0.0147280392221529
16.8256944444444,-0.0539240232160784
16.8270833333333,-0.0287225518318695
16.8284722222222,-0.00323047537414892
16.8298611111111,-0.0424095510414933
16.83125,-0.012670016556033
16.8326388888889,-0.0193033528910238
16.8340277777778,-0.0624967463076919
16.8354166666667,-0.0559090148923093
16.8368055555556,-0.014798833494172
16.8381944444444,0.0776790775115854
16.8395833333333,0.0428024250988647
16.8409722222222,0.0423050072935742
16.8423611111111,0.0104467673079996
16.84375,-0.0024475027321008
16.8451388888889,0.0171477133574717
16.8465277777778,-0.0305206106771412
16.8479166666667,0.0248326651739013
16.8493055555556,0.0892679885347074
16.8506944444444,0.0912526291727179
16.8520833333333,0.0100170678429469
16.8534722222222,-0.015340179172346
16.8548611111111,-0.00847683928103072
16.85625,-0.0740790528774109
16.8576388888889,-0.0113589774068098
16.8590277777778,-0.0356982812708704
16.8604166666667,0.064054960042097
16.8618055555556,0.044493970978373
16.8631944444444,-0.0204581531413791
16.8645833333333,-0.00681243576451141
16.8659722222222,0.00176584294454695
16.8673611111111,-0.0251668474427492
16.86875,-0.0438671815093664
16.8701388888889,-0.0458080798681066
16.8715277777778,-0.00902021413086654
16.8729166666667,-0.0155609786832774
16.8743055555556,-0.0600587979060587
16.8756944444444,0.023091229660246
16.8770833333333,0.0635066296862697
16.8784722222222,0.025227912793364
16.8798611111111,0.0190516140623579
16.88125,0.0277328605327752
16.8826388888889,-0.0112421811263383
16.8840277777778,0.0267784637339125
16.8854166666667,0.0159181138026182
16.8868055555556,0.0482796960686334
16.8881944444444,0.00859117629358652
16.8895833333333,0.0377705942608147
16.8909722222222,0.0136184961421485
16.8923611111111,0.0163224001585114
16.89375,0.0404365826806659
16.8951388888889,0.0639613046498612
16.8965277777778,0.00657720867172628
16.8979166666667,0.00675631307238759
16.8993055555556,-0.102389861067263
16.9006944444444,-0.0404571328197857
16.9020833333333,-0.0477051942621925
16.9034722222222,-0.0183038604415176
16.9048611111111,6.65603082092893e-05
16.90625,0.00680488721812766
16.9076388888889,-0.00782781197360671
16.9090277777778,-0.0639576643432836
16.9104166666667,-0.052993345044423
16.9118055555556,-0.0418039032008553
16.9131944444444,-0.104317517075606
16.9145833333333,-0.129964992979805
16.9159722222222,-0.137507503643587
16.9173611111111,-0.102123335860365
16.91875,-0.0917231225118292
16.9201388888889,-0.0703811831534626
16.9215277777778,-0.0501890144321442
16.9229166666667,-0.0470458096017143
16.9243055555556,-0.0406272421420966
16.9256944444444,-0.042476665354986
16.9270833333333,-0.0127039427486969
16.9284722222222,-0.0385203359942168
16.9298611111111,0.00746023729653197
16.93125,-0.024135782661762
16.9326388888889,-0.0780925914516887
16.9340277777778,-0.0660028010536088
16.9354166666667,-0.0714190099719537
16.9368055555556,-0.0551221772097339
16.9381944444444,-0.0365425753576587
16.9395833333333,-0.0215384374658255
16.9409722222222,0.0163798125443167
16.9423611111111,-0.0295253933862774
16.94375,-0.0201282592183093
16.9451388888889,-0.0154145840242381
16.9465277777778,-0.0676892962365549
16.9479166666667,-0.0207655988853731
16.9493055555556,-0.0113758196025752
16.9506944444444,-0.0297575782155057
16.9520833333333,-0.0556431640423277
16.9534722222222,-0.0358442575302946
16.9548611111111,-0.0992835934893836
16.95625,-0.079504149562499
16.9576388888889,-0.100887825695837
16.9590277777778,-0.121394251135573
16.9604166666667,-0.0601324037660439
16.9618055555556,0.00853268565422502
16.9631944444444,-0.0369717373624988
16.9645833333333,-0.10770722569073
16.9659722222222,-0.0720120210759791
16.9673611111111,-0.123403345113692
16.96875,-0.0766370757884386
16.9701388888889,-0.105264927480623
16.9715277777778,-0.114487894769336
16.9729166666667,-0.217265799452361
16.9743055555556,-0.125720412440686
16.9756944444444,-0.146537636212945
16.9770833333333,-0.0974252227232057
16.9784722222222,-0.0622675655787717
16.9798611111111,-0.0496309475040878
16.98125,-0.0515291063732046
16.9826388888889,-0.081062849525136
16.9840277777778,-0.0859391447119789
16.9854166666667,-0.116081552391148
16.9868055555556,-0.105518287429391
16.9881944444444,-0.0307952220528359
16.9895833333333,-0.0514917782461005
16.9909722222222,-0.0576648216717975
16.9923611111111,-0.112906437399839
16.99375,-0.135233231814297
16.9951388888889,-0.114674378064279
16.9965277777778,-0.0652571851408524
16.9979166666667,-0.0520609808896422
16.9993055555556,-0.0727186327630217
17.0006944444444,-0.0620032776934655
17.0020833333333,-0.0695817814943922
17.0034722222222,-0.093327956839355
17.0048611111111,-0.0865182549721219
17.00625,-0.122172372100047
17.0076388888889,-0.0907404100495826
17.0090277777778,-0.0778861195417641
17.0104166666667,-0.0999981332121299
17.0118055555556,-0.119247221651147
17.0131944444444,-0.144206908844486
17.0145833333333,-0.11644297577815
17.0159722222222,-0.092082659922738
17.0173611111111,-0.0894156242922029
17.01875,-0.0597624693495695
17.0201388888889,-0.0837289916540976
17.0215277777778,-0.04452904568148
17.0229166666667,0.0065883104816628
17.0243055555556,-0.00972194522176165
17.0256944444444,-0.02291070500545
17.0270833333333,0.0188132817393533
17.0284722222222,0.00950789158419363
17.0298611111111,-0.0430650699770406
17.03125,-0.136738098562692
17.0326388888889,-0.104486805902525
17.0340277777778,-0.0969466696135193
17.0354166666667,-0.0858862007568601
17.0368055555556,-0.0127029718036502
17.0381944444444,0.0127291674190083
17.0395833333333,-0.0302912986387796
17.0409722222222,-0.0997343219401437
17.0423611111111,-0.0545961200861229
17.04375,-0.0656173368424994
17.0451388888889,-0.0618523094815238
17.0465277777778,-0.0941913298727174
17.0479166666667,-0.149335948759269
17.0493055555556,-0.132084773659597
17.0506944444444,-0.126994679299269
17.0520833333333,-0.0968186778196979
17.0534722222222,-0.089476242510694
17.0548611111111,-0.111982095732369
17.05625,-0.135833717172541
17.0576388888889,-0.0978296362811655
17.0590277777778,-0.0570104464339178
17.0604166666667,0.00413892851157126
17.0618055555556,-0.05078150899898
17.0631944444444,-0.0411036432529148
17.0645833333333,-0.0293844206617988
17.0659722222222,-0.105648024146883
17.0673611111111,-0.0969272327685751
17.06875,-0.0721575628313497
17.0701388888889,-0.055807703429231
17.0715277777778,-0.0567952408025002
17.0729166666667,-0.0033504961629412
17.0743055555556,-0.0859684571666875
17.0756944444444,0.0283350216808972
17.0770833333333,0.0378067687985534
17.0784722222222,0.020099915007848
17.0798611111111,0.0799510756488026
17.08125,0.042025270475328
17.0826388888889,0.0015383695474277
17.0840277777778,-0.0323113447194207
17.0854166666667,-0.00689097813430447
17.0868055555556,-0.0742780420482355
17.0881944444444,-0.0573119537872771
17.0895833333333,0.00948789825986311
17.0909722222222,0.00195936437337285
17.0923611111111,0.0239464759870816
17.09375,-0.000487118067173584
17.0951388888889,0.0431089886060014
17.0965277777778,0.0386844896915724
17.0979166666667,0.0157346251118276
17.0993055555556,-0.0412465645626292
17.1006944444444,-0.0635946514353017
17.1020833333333,-0.0657320053227098
17.1034722222222,-0.0174545343409739
17.1048611111111,0.019945698291057
17.10625,0.0164114902713846
17.1076388888889,-0.000267981654325706
17.1090277777778,0.0303101542084632
17.1104166666667,-0.00544517075953151
17.1118055555556,-0.0604374006518907
17.1131944444444,-0.0221159452620739
17.1145833333333,0.0774356684382878
17.1159722222222,0.0674609186210541
17.1173611111111,0.0214998408163794
17.11875,0.0105525030296606
17.1201388888889,0.0792271902222879
17.1215277777778,0.0687773674653234
17.1229166666667,0.0476114660090391
17.1243055555556,0.0443240557426072
17.1256944444444,0.0429163264483016
17.1270833333333,0.0205189962747411
17.1284722222222,0.0374589505452786
17.1298611111111,0.0309731079344117
17.13125,0.0361406487782713
17.1326388888889,0.0322059032658299
17.1340277777778,0.0237077830859501
17.1354166666667,0.038023034014789
17.1368055555556,0.0182659906093613
17.1381944444444,0.0160499378825513
17.1395833333333,0.0135809982989634
17.1409722222222,0.0789276403171525
17.1423611111111,0.0446757091668942
17.14375,-0.0146561695478158
17.1451388888889,0.0294479580542288
17.1465277777778,0.113232015376352
17.1479166666667,0.132130138431685
17.1493055555556,0.0951154552320382
17.1506944444444,0.0190255611648008
17.1520833333333,0.079452613736709
17.1534722222222,-0.000243351383880326
17.1548611111111,0.0293102186305102
17.15625,0.0203336684120954
17.1576388888889,0.0302973291099618
17.1590277777778,0.065796403222208
17.1604166666667,0.0708969080615298
17.1618055555556,0.0587754765836934
17.1631944444444,0.0827465723995345
17.1645833333333,0.0625012967476614
17.1659722222222,0.0073443673354298
17.1673611111111,0.0148228590543321
17.16875,0.0143793704429211
17.1701388888889,-0.00381136255798708
17.1715277777778,0.00675586373719664
17.1729166666667,0.00536215440220925
17.1743055555556,0.0198145594385479
17.1756944444444,0.0174919652036661
17.1770833333333,0.0904315699096431
17.1784722222222,0.0420182417597001
17.1798611111111,-0.00586554564659707
17.18125,-0.000520703707711624
17.1826388888889,-0.0402417403142432
17.1840277777778,-0.0303368180642971
17.1854166666667,-0.038098147876038
17.1868055555556,0.0241859180368401
17.1881944444444,0.0498653177263338
17.1895833333333,0.010907251832343
17.1909722222222,0.040130186319128
17.1923611111111,0.0346178428571714
17.19375,0.0283654380932676
17.1951388888889,-0.0197204720864509
17.1965277777778,0.0281781140730116
17.1979166666667,-0.0221355178681163
17.1993055555556,-0.00832965958154493
17.2006944444444,0.0406771967687026
17.2020833333333,0.0485666460308171
17.2034722222222,0.0594173726816291
17.2048611111111,0.0873250943992999
17.20625,0.0403260663815041
17.2076388888889,-0.0183411377330748
17.2090277777778,0.0332347604284301
17.2104166666667,0.0136080208203928
17.2118055555556,0.0792134683428698
17.2131944444444,0.0501668388663404
17.2145833333333,0.0266753989860189
17.2159722222222,0.0345304028973064
17.2173611111111,-0.0034007738191016
17.21875,0.0434250926881879
17.2201388888889,-0.00205113113285858
17.2215277777778,-0.0200741846284939
17.2229166666667,-0.00862020517049993
17.2243055555556,0.0371532299845673
17.2256944444444,-0.00141953376747771
17.2270833333333,0.0170741681410092
17.2284722222222,0.0466659292568716
17.2298611111111,-0.00317923797117732
17.23125,0.031141445197244
17.2326388888889,0.0149656642591273
17.2340277777778,-0.0232662552091808
17.2354166666667,0.0261606642666509
17.2368055555556,0.0107239957444716
17.2381944444444,0.0316097992008838
17.2395833333333,0.0205991782222277
17.2409722222222,0.0309511986632777
17.2423611111111,0.0902253639826939
17.24375,0.107356578143205
17.2451388888889,0.0987245707210864
17.2465277777778,0.0898545611597169
17.2479166666667,0.0548180256217285
17.2493055555556,0.0956003172782976
17.2506944444444,0.0748616279918804
17.2520833333333,0.0447003492147607
17.2534722222222,0.0744936812300162
17.2548611111111,0.0807399545027141
17.25625,0.0793673839960254
17.2576388888889,0.0679020879539171
17.2590277777778,0.0617472018272331
17.2604166666667,0.0575568174974013
17.2618055555556,0.0500980773399732
17.2631944444444,0.00710937481587652
17.2645833333333,-0.00840037132038886
17.2659722222222,0.0364575968183672
17.2673611111111,0.0175034804762488
17.26875,-0.0128184085351082
17.2701388888889,0.0529909585259296
17.2715277777778,0.0668156784719676
17.2729166666667,0.0311185633743875
17.2743055555556,0.0447907166712067
17.2756944444444,0.0300122894651388
17.2770833333333,0.0423609151200971
17.2784722222222,0.0543483527888231
17.2798611111111,0.0574406093604375
17.28125,0.0804666561867454
17.2826388888889,0.0771260340960606
17.2840277777778,0.116429091440733
17.2854166666667,0.129834251700652
17.2868055555556,0.115793190315981
17.2881944444444,0.0684096761073898
17.2895833333333,0.102711749120317
17.2909722222222,0.139737358133055
17.2923611111111,0.132803426412532
17.29375,0.0946843325643858
17.2951388888889,0.0376541633878268
17.2965277777778,0.034847790729623
17.2979166666667,0.00476540928346447
17.2993055555556,-0.0184501060348096
17.3006944444444,0.000218577545599177
17.3020833333333,0.00493999412919139
17.3034722222222,0.029977575910441
17.3048611111111,-0.0376021003621115
17.30625,0.0292051028159705
17.3076388888889,0.0324015527390559
17.3090277777778,-0.0441909711906162
17.3104166666667,-0.0402989768798351
17.3118055555556,-0.0227994037964983
17.3131944444444,-0.0224911590561875
17.3145833333333,0.0175563691919255
17.3159722222222,-0.0128577224593594
17.3173611111111,0.0086382421028245
17.31875,0.0249707610155813
17.3201388888889,-0.010170682372086
17.3215277777778,0.00957361845438169
17.3229166666667,0.0106750881887753
17.3243055555556,0.0486601878868171
17.3256944444444,0.0362320442059118
17.3270833333333,0.0177168102866237
17.3284722222222,-0.0133307632196552
17.3298611111111,-0.0189980128111173
17.33125,-0.00680915082103803
17.3326388888889,-0.0214386233088779
17.3340277777778,-0.0571158508460538
17.3354166666667,-0.0163012881194352
17.3368055555556,0.00100472126120594
17.3381944444444,-0.0261570590815222
17.3395833333333,-0.0479211788792973
17.3409722222222,0.00925658792637481
17.3423611111111,0.0362172368567005
17.34375,-0.0208905271650387
17.3451388888889,-0.0166453386244993
17.3465277777778,-0.0595152488271224
17.3479166666667,-0.0538080746615387
17.3493055555556,-0.0392946125368172
17.3506944444444,-0.0133496568722889
17.3520833333333,0.0224578906885334
17.3534722222222,0.0166078798147428
17.3548611111111,0.0374149936575533
17.35625,0.0631345999859024
17.3576388888889,0.0464870374835641
17.3590277777778,0.0437452533771679
17.3604166666667,0.0339570851003821
17.3618055555556,0.0482669517494663
17.3631944444444,0.0565011080724245
17.3645833333333,-0.0125195162217541
17.3659722222222,-0.0197690347743445
17.3673611111111,-0.0409508560529254
17.36875,-0.00915109516704786
17.3701388888889,0.0167987041720609
17.3715277777778,0.0053927057482787
17.3729166666667,-0.0113405680159409
17.3743055555556,0.0250692330305306
17.3756944444444,0.0397262021889814
17.3770833333333,-0.0418130305100334
17.3784722222222,-0.0507908191997381
17.3798611111111,0.0302117951511049
17.38125,0.0371800559747338
17.3826388888889,-0.0126354549672519
17.3840277777778,-0.0419247980830235
17.3854166666667,-0.026121338685895
17.3868055555556,0.000917512302726834
17.3881944444444,0.000103839269486764
17.3895833333333,0.0793616615312452
17.3909722222222,0.0220384010308665
17.3923611111111,0.0434525602740881
17.39375,0.0132038607425871
17.3951388888889,0.0307441310896588
17.3965277777778,-0.000449830139304917
17.3979166666667,-0.0669668858798666
17.3993055555556,-0.0210263202669824
17.4006944444444,0.0155056450631034
17.4020833333333,0.00668187624605289
17.4034722222222,0.0217978286150688
17.4048611111111,0.0393179500347271
17.40625,0.0437088940743108
17.4076388888889,0.015870481405239
17.4090277777778,0.0231141072378822
17.4104166666667,0.0139874081048268
17.4118055555556,-0.0517335192447206
17.4131944444444,0.00954731930657571
17.4145833333333,0.0436880897688103
17.4159722222222,0.014049829125607
17.4173611111111,0.0208544581200206
17.41875,0.0121713719302642
17.4201388888889,-0.0177919728027717
17.4215277777778,-0.00211518005193258
17.4229166666667,0.0403427872858599
17.4243055555556,0.0101323900811876
17.4256944444444,0.0111786462293926
17.4270833333333,0.0122825102512964
17.4284722222222,-0.0707800645142352
17.4298611111111,-0.035842698081721
17.43125,-0.00768825016391652
17.4326388888889,0.0256025314030766
17.4340277777778,0.0170348548896907
17.4354166666667,-0.000270788283222597
17.4368055555556,-0.0352207428140525
17.4381944444444,-0.00219605320431043
17.4395833333333,-0.0157831309251342
17.4409722222222,0.0172851273032605
17.4423611111111,-0.0345665179701319
17.44375,-0.0406181007736843
17.4451388888889,0.00463047341905664
17.4465277777778,0.0274933238936029
17.4479166666667,-0.0195892006233032
17.4493055555556,-0.00891098290311455
17.4506944444444,-0.0446378563625609
17.4520833333333,0.0320192879665591
17.4534722222222,0.0094206691871561
17.4548611111111,-0.0205546614663807
17.45625,0.0121217679222008
17.4576388888889,-0.00173236146229399
17.4590277777778,-0.0671883177500755
17.4604166666667,-0.0834956316290993
17.4618055555556,-0.109419445655784
17.4631944444444,-0.124105242214589
17.4645833333333,-0.0893003594783132
17.4659722222222,-0.0729226144329661
17.4673611111111,-0.0236083755395426
17.46875,-0.0659194876932015
17.4701388888889,-0.0654879242015908
17.4715277777778,-0.0895502898103744
17.4729166666667,-0.0539422697101976
17.4743055555556,-0.0121315200082854
17.4756944444444,-0.0361435329745166
17.4770833333333,-0.0418408119311251
17.4784722222222,-0.0536015834293473
17.4798611111111,-0.0173752581405166
17.48125,-0.0694413065726054
17.4826388888889,-0.0697013682279875
17.4840277777778,-0.0588805643756449
17.4854166666667,-0.0221248927813411
17.4868055555556,-0.0256181502903717
17.4881944444444,-0.0663343700871508
17.4895833333333,-0.0820337648745379
17.4909722222222,-0.0358474305031643
17.4923611111111,-0.0723773202081507
17.49375,-0.0611040844114922
17.4951388888889,-0.02268073953031
17.4965277777778,-0.0699537946825904
17.4979166666667,-0.0460153364808251
17.4993055555556,-0.0512248777539697
17.5006944444444,0.00678652750094778
17.5020833333333,-0.0050134771419453
17.5034722222222,-0.0181054933012305
17.5048611111111,-0.011528198699441
17.50625,-0.0422924313920796
17.5076388888889,-0.0600087387143686
17.5090277777778,-0.0204513164918601
17.5104166666667,-0.0607143074740055
17.5118055555556,-0.0618327944142471
17.5131944444444,-0.0200500632061011
17.5145833333333,-0.0406505248482996
17.5159722222222,-0.0710615428215588
17.5173611111111,-0.113953777908547
17.51875,-0.0576161187835225
17.5201388888889,-0.0709039035533142
17.5215277777778,-0.00740513015248041
17.5229166666667,0.00298751439592594
17.5243055555556,-0.0106829869266503
17.5256944444444,0.0415328374975669
17.5270833333333,0.0659670649095774
17.5284722222222,0.056024912541548
17.5298611111111,0.0540166275011662
17.53125,0.0564890791813893
17.5326388888889,0.00733456795456042
17.5340277777778,0.00769067026276679
17.5354166666667,0.00285249273776077
17.5368055555556,-0.0523474561701451
17.5381944444444,-0.0043967707338239
17.5395833333333,-0.10132694972583
17.5409722222222,-0.0292475203119185
17.5423611111111,-0.0188267524038226
17.54375,-0.0574599482772138
17.5451388888889,-0.0447240879987199
17.5465277777778,-0.0970844420367277
17.5479166666667,-0.0353619999297536
17.5493055555556,-0.0423349192034633
17.5506944444444,-0.0520118385102057
17.5520833333333,0.0236185603792048
17.5534722222222,-0.0234685497831606
17.5548611111111,-0.0370975774853173
17.55625,0.0115529901870136
17.5576388888889,-0.0146256233943582
17.5590277777778,0.017926815837439
17.5604166666667,-0.0114878252479179
17.5618055555556,-0.0223776794972114
17.5631944444444,-0.0605007175740206
17.5645833333333,-0.0356181552022955
17.5659722222222,0.00289448898712382
17.5673611111111,0.0237459968382516
17.56875,0.0218677489669912
17.5701388888889,0.0193868232222816
17.5715277777778,-0.0593105751223343
17.5729166666667,-0.0355114175056287
17.5743055555556,0.00362746776369396
17.5756944444444,-0.0249319846147601
17.5770833333333,-0.0314531803376593
17.5784722222222,-0.0428608870311475
17.5798611111111,0.0330089113370748
17.58125,0.0223084178246711
17.5826388888889,-0.0335392953393165
17.5840277777778,0.019657277678428
17.5854166666667,-0.0210034329394897
17.5868055555556,-0.029456003500763
17.5881944444444,-0.00483717576540758
17.5895833333333,0.00887844821752709
17.5909722222222,0.00721349665258106
17.5923611111111,-0.0177319564008024
17.59375,-0.0313788718828525
17.5951388888889,0.00350031231010371
17.5965277777778,-0.0203345971382882
17.5979166666667,-0.0126363671762576
17.5993055555556,-0.0359203355871048
17.6006944444444,0.00411244983508146
17.6020833333333,0.015830464849272
17.6034722222222,0.0258647133545491
17.6048611111111,0.00417704660498848
17.60625,-0.0278623549188826
17.6076388888889,0.0439373406239123
17.6090277777778,0.0431804298349281
17.6104166666667,0.0143523815315103
17.6118055555556,0.00852862671115718
17.6131944444444,0.0263099689586216
17.6145833333333,0.0619761652277218
17.6159722222222,0.01336259529986
17.6173611111111,0.000207718994959585
17.61875,0.0342068408886147
17.6201388888889,0.0434764770483508
17.6215277777778,0.060491873142799
17.6229166666667,0.0119276279183525
17.6243055555556,-0.0343150857524385
17.6256944444444,0.00658671281067416
17.6270833333333,0.013858835375269
17.6284722222222,0.0418400658226488
17.6298611111111,0.0061957059532273
17.63125,-0.0483495290157988
17.6326388888889,0.00707081449659366
17.6340277777778,-0.0572415187892738
17.6354166666667,-0.0160198517013155
17.6368055555556,0.0136311391306939
17.6381944444444,0.00554898335861236
17.6395833333333,-0.00645132180629926
17.6409722222222,0.049146810966149
17.6423611111111,0.0928408840025455
17.64375,0.0815513729852259
17.6451388888889,0.046632620272995
17.6465277777778,0.0986516528519869
17.6479166666667,0.0708630099452567
17.6493055555556,0.0451567106200722
17.6506944444444,0.0202861434087021
17.6520833333333,0.0311513483678835
17.6534722222222,0.0396652509924383
17.6548611111111,0.0271959688138795
17.65625,0.036053652556475
17.6576388888889,0.0642517925419341
17.6590277777778,0.0401293088511105
17.6604166666667,-0.0202732991478437
17.6618055555556,-0.0177672000855538
17.6631944444444,0.00371498892243534
17.6645833333333,-0.0158227955276778
17.6659722222222,-0.030421685781853
17.6673611111111,-0.0456470736993239
17.66875,-0.0228725609498854
17.6701388888889,-0.0356665952889703
17.6715277777778,-0.0405928311177564
17.6729166666667,-0.0250192737635737
17.6743055555556,-0.00227053705208826
17.6756944444444,0.00168824938870134
17.6770833333333,-0.0257771999484164
17.6784722222222,-0.0358848284322036
17.6798611111111,-0.05141220435759
17.68125,-0.0239996513253251
17.6826388888889,-0.0183660379796296
17.6840277777778,-0.072090146359801
17.6854166666667,-0.054821703641481
17.6868055555556,-0.100604055264682
17.6881944444444,-0.082171268994583
17.6895833333333,-0.0426047418016772
17.6909722222222,-0.0340152230901835
17.6923611111111,-0.072608168351583
17.69375,-0.0409386143262322
17.6951388888889,-0.0584507135896216
17.6965277777778,-0.0690457759619244
17.6979166666667,-0.0515597555983471
17.6993055555556,-0.0655070544417738
17.7006944444444,-0.0847131899737194
17.7020833333333,-0.118342907783511
17.7034722222222,-0.110308797708299
17.7048611111111,-0.0763543565421197
17.70625,-0.0572131399261863
17.7076388888889,-0.042893498687571
17.7090277777778,-0.0438965070229332
17.7104166666667,-0.0756809669501552
17.7118055555556,-0.0664810283119184
17.7131944444444,-0.0703121267408703
17.7145833333333,-0.0436859120605267
17.7159722222222,-0.0449820571608549
17.7173611111111,-0.0581003161331791
17.71875,-0.081471525815198
17.7201388888889,-0.0840578499592184
17.7215277777778,-0.0716204499551722
17.7229166666667,-0.0669233477293213
17.7243055555556,-0.0938060978455699
17.7256944444444,-0.0537477036175666
17.7270833333333,0.00205691505941906
17.7284722222222,-0.047629530302764
17.7298611111111,-0.051787462443894
17.73125,-0.0585219056729915
17.7326388888889,-0.0702680768492529
17.7340277777778,-0.0759432116524159
17.7354166666667,-0.123151030841209
17.7368055555556,-0.0860997723371486
17.7381944444444,-0.0632982220991566
17.7395833333333,-0.0908219758002428
17.7409722222222,-0.0618190915077929
17.7423611111111,-0.102724862686889
17.74375,-0.0730311381956822
17.7451388888889,-0.0484211172519603
17.7465277777778,-0.0598272849464216
17.7479166666667,-0.0592893163636402
17.7493055555556,-0.0611042837009608
17.7506944444444,-0.0913030164196501
17.7520833333333,-0.0682937539399075
17.7534722222222,-0.0592107295127861
17.7548611111111,-0.0576387296879021
17.75625,-0.0309914846485818
17.7576388888889,-0.0303534285302937
17.7590277777778,-0.0808542565654052
17.7604166666667,-0.10186844762105
17.7618055555556,-0.0912186854430731
17.7631944444444,-0.0782187671534607
17.7645833333333,-0.125752117878451
17.7659722222222,-0.0893850499598562
17.7673611111111,-0.0687214039688448
17.76875,-0.0572330029714458
17.7701388888889,-0.0694009641709745
17.7715277777778,-0.0891577004215226
17.7729166666667,-0.105270008781551
17.7743055555556,-0.068326601410224
17.7756944444444,-0.119848555318714
17.7770833333333,-0.054643255567584
17.7784722222222,-0.058896380282371
17.7798611111111,-0.0659957685810906
17.78125,-0.0556527370275449
17.7826388888889,-0.102120428668543
17.7840277777778,-0.0611956838251142
17.7854166666667,-0.0356178119689341
17.7868055555556,-0.00118159035424852
17.7881944444444,-0.0731841241593277
17.7895833333333,-0.0984606651168796
17.7909722222222,-0.106328708409666
17.7923611111111,-0.118337622321777
17.79375,-0.0945116539875862
17.7951388888889,-0.100307962915904
17.7965277777778,-0.0514218689120149
17.7979166666667,-0.050678939844244
17.7993055555556,-0.0173853862008961
17.8006944444444,-0.0211619586572934
17.8020833333333,-0.00762182960665194
17.8034722222222,-0.0556139490612477
17.8048611111111,-0.0814329099437671
17.80625,-0.0109279816023268
17.8076388888889,0.0209917208454655
17.8090277777778,0.0220309356284146
17.8104166666667,0.0191033938040936
17.8118055555556,0.00320953487778027
17.8131944444444,0.00866692309352362
17.8145833333333,0.0138108544123823
17.8159722222222,-0.0494673298064815
17.8173611111111,-0.0276792345952824
17.81875,-0.00483918177624829
17.8201388888889,-0.00813598203121074
17.8215277777778,0.0149249183897709
17.8229166666667,0.017606817832467
17.8243055555556,0.0174073372063976
17.8256944444444,0.00756225326258935
17.8270833333333,-0.0483694915371838
17.8284722222222,-0.0559719580417616
17.8298611111111,-0.0653008509539869
17.83125,-0.0831248470360028
17.8326388888889,-0.0543935638691658
17.8340277777778,-0.0110641857444645
17.8354166666667,-0.0269982307506978
17.8368055555556,-0.021049483086047
17.8381944444444,0.00280661647127353
17.8395833333333,-0.0053301686594213
17.8409722222222,-0.0289812093871834
17.8423611111111,-0.0152486499019673
17.84375,0.00386702970507785
17.8451388888889,0.0188659933813975
17.8465277777778,-0.0217833019008176
17.8479166666667,-0.00622763195655299
17.8493055555556,0.00690823899600413
17.8506944444444,0.035872746165159
17.8520833333333,0.0214938832467977
17.8534722222222,-0.00674669692982218
17.8548611111111,-0.00524240851639854
17.85625,0.0713604183296478
17.8576388888889,0.0222535414406629
17.8590277777778,0.0428494453779977
17.8604166666667,-0.00271915532740159
17.8618055555556,-0.0579510950904341
17.8631944444444,0.0146727029783706
17.8645833333333,0.0195071053682364
17.8659722222222,0.021023325417271
17.8673611111111,0.0526066086267163
17.86875,0.015292605876727
17.8701388888889,-0.0231177041474782
17.8715277777778,0.00328672602085784
17.8729166666667,-0.00144898401501787
17.8743055555556,-0.0122346076996452
17.8756944444444,-0.00581467366595722
17.8770833333333,-0.0458750966535399
17.8784722222222,-0.05969657372104
17.8798611111111,0.0524583869770514
17.88125,-0.000556941022791436
17.8826388888889,0.0011609158661394
17.8840277777778,-0.00958713972012074
17.8854166666667,-0.00973010466158581
17.8868055555556,-0.0296072635500022
17.8881944444444,-0.069731893968593
17.8895833333333,-0.0120221680523524
17.8909722222222,-0.0699630987456394
17.8923611111111,-0.0409391797381587
17.89375,-0.0204473801445846
17.8951388888889,-0.0650709762248586
17.8965277777778,-0.0563695289082223
17.8979166666667,-0.0528900767809786
17.8993055555556,-0.0854425612447165
17.9006944444444,-0.0754494658376867
17.9020833333333,-0.122650955466061
17.9034722222222,-0.0716579253802937
17.9048611111111,-0.0379195713188938
17.90625,-0.0554150330096961
17.9076388888889,-0.0736581514220101
17.9090277777778,-0.0250219563308357
17.9104166666667,-0.029520129877444
17.9118055555556,-0.07809555628721
17.9131944444444,-0.0347195751855306
17.9145833333333,0.00562672697820366
17.9159722222222,0.0175400052445089
17.9173611111111,-0.017129574709507
17.91875,-0.0427972107950451
17.9201388888889,-0.022861293542164
17.9215277777778,-0.0405885859621344
17.9229166666667,-0.0364786383759382
17.9243055555556,-0.0967124258574931
17.9256944444444,-0.142817919062077
17.9270833333333,-0.127400106748028
17.9284722222222,-0.0721925514512556
17.9298611111111,-0.0601980416346381
17.93125,-0.032440827198487
17.9326388888889,-0.0407882234303103
17.9340277777778,-0.0279024410323518
17.9354166666667,-0.0164443701434911
17.9368055555556,-0.00346180069375672
17.9381944444444,-0.00364787946762629
17.9395833333333,0.0011468490912224
17.9409722222222,-0.0584453180358425
17.9423611111111,-0.0425102278128281
17.94375,-0.0519823018425192
17.9451388888889,-0.0137848424445459
17.9465277777778,-0.031645405993444
17.9479166666667,-0.0355154036024728
17.9493055555556,-0.00892132764611577
17.9506944444444,-0.0155655885079396
17.9520833333333,-0.021419507094286
17.9534722222222,-0.0214970249079002
17.9548611111111,-0.0179273419718218
17.95625,0.0503202122762254
17.9576388888889,0.0604083965084528
17.9590277777778,0.0146158559894945
17.9604166666667,-0.00175721157426946
17.9618055555556,-0.0110229107010542
17.9631944444444,0.02389315179091
17.9645833333333,0.010064995771596
17.9659722222222,0.00232476065465189
17.9673611111111,0.0737263495142532
17.96875,0.0710967842036059
17.9701388888889,0.0423859810893289
17.9715277777778,0.0236137011542052
17.9729166666667,0.0627708036421722
17.9743055555556,0.0344144367342453
17.9756944444444,0.101339199186078
17.9770833333333,0.0867588595347414
17.9784722222222,0.0725359579557017
17.9798611111111,0.0663600723426308
17.98125,0.0979359075639796
17.9826388888889,0.10832189393184
17.9840277777778,0.112573757257102
17.9854166666667,0.102664172017059
17.9868055555556,0.108926228282479
17.9881944444444,0.087379735228555
17.9895833333333,0.1013096922381
17.9909722222222,0.0720371649235689
17.9923611111111,0.104302403525239
17.99375,0.120630634094122
17.9951388888889,0.104266416067651
17.9965277777778,0.132481763458837
17.9979166666667,0.080695484845792
17.9993055555556,0.10881004045918
18.0006944444444,0.099961004661963
18.0020833333333,0.0320400499742012
18.0034722222222,0.0534104802320575
18.0048611111111,0.0347245308275491
18.00625,0.00767359387279892
18.0076388888889,-0.00391559141203173
18.0090277777778,0.0917699080315171
18.0104166666667,0.0612917544074997
18.0118055555556,0.0681867039811881
18.0131944444444,0.0397733764368965
18.0145833333333,0.0415772859320563
18.0159722222222,0.0180508061767578
18.0173611111111,-0.00376727249447609
18.01875,0.0205493418274529
18.0201388888889,0.00672157146175595
18.0215277777778,0.0245030084965076
18.0229166666667,-0.0167466578948665
18.0243055555556,0.0236440963322887
18.0256944444444,0.0506034390240077
18.0270833333333,0.0592984668110094
18.0284722222222,0.0755844627793604
18.0298611111111,0.0231006642324853
18.03125,0.0573238249907327
18.0326388888889,0.0199053840802883
18.0340277777778,0.0271021954625776
18.0354166666667,0.0451588407886275
18.0368055555556,0.0201590628462412
18.0381944444444,0.0763698004980384
18.0395833333333,0.00232792936060924
18.0409722222222,0.0235437830969957
18.0423611111111,-0.0165403317990113
18.04375,0.0382765342039736
18.0451388888889,0.0631799691906509
18.0465277777778,0.0580304311755036
18.0479166666667,0.00553985100855231
18.0493055555556,0.0317068677955316
18.0506944444444,-0.00933703436304698
18.0520833333333,0.0447984818454552
18.0534722222222,0.0293673327562931
18.0548611111111,0.0359072536855252
18.05625,0.0213895182419979
18.0576388888889,-0.00697422487466114
18.0590277777778,0.0208124576140064
18.0604166666667,0.0141227780220887
18.0618055555556,0.023129820440233
18.0631944444444,-0.00431070243426317
18.0645833333333,-0.0143513840707116
18.0659722222222,0.0029705726960543
18.0673611111111,0.0262417411342833
18.06875,0.0581685008139247
18.0701388888889,0.0582259523991312
18.0715277777778,0.073495213811098
18.0729166666667,0.0411343509334098
18.0743055555556,0.0775246187655282
18.0756944444444,0.113975275569834
18.0770833333333,0.114494224835561
18.0784722222222,0.0652335901353169
18.0798611111111,0.0700452944252942
18.08125,0.0977933696738922
18.0826388888889,0.113855533886573
18.0840277777778,0.140072451899894
18.0854166666667,0.151486953679241
18.0868055555556,0.145178567939832
18.0881944444444,0.131656294516111
18.0895833333333,0.11415359130544
18.0909722222222,0.141100770504223
18.0923611111111,0.164743535692965
18.09375,0.131207063424428
18.0951388888889,0.130721770808896
18.0965277777778,0.186569144895552
18.0979166666667,0.114586837719087
18.0993055555556,0.0990109419382137
18.1006944444444,0.102706215527776
18.1020833333333,0.0859646689250318
18.1034722222222,0.104107811844592
18.1048611111111,0.118708776575781
18.10625,0.102478338774424
18.1076388888889,0.0525356628898179
18.1090277777778,0.0671966139065248
18.1104166666667,0.092002641659154
18.1118055555556,0.0933513929565431
18.1131944444444,0.030047308373386
18.1145833333333,0.069449802023842
18.1159722222222,0.0555423705463831
18.1173611111111,0.0807399835791336
18.11875,0.143482769569926
18.1201388888889,0.100276651956756
18.1215277777778,0.0568170834558821
18.1229166666667,0.0473809738065231
18.1243055555556,0.0877017521943288
18.1256944444444,0.11610357992027
18.1270833333333,0.07532078450962
18.1284722222222,0.079240374246324
18.1298611111111,0.0661489022955446
18.13125,0.0762067624545749
18.1326388888889,0.0747451114947405
18.1340277777778,0.0579717005091053
18.1354166666667,0.0980587499684234
18.1368055555556,0.100903265397982
18.1381944444444,0.0872714127290075
18.1395833333333,0.0744854302608407
18.1409722222222,0.0673477355733969
18.1423611111111,0.062582951350873
18.14375,0.0647433050944634
18.1451388888889,0.109838181251952
18.1465277777778,0.12010203703524
18.1479166666667,0.0805409333801
18.1493055555556,0.0910099619538742
18.1506944444444,0.06032981428548
18.1520833333333,0.114758408784831
18.1534722222222,0.12494842696625
18.1548611111111,0.068426262995963
18.15625,0.0859662199238503
18.1576388888889,0.112994901996119
18.1590277777778,0.105778894213435
18.1604166666667,0.0412650240675724
18.1618055555556,0.0558949808710226
18.1631944444444,0.108553742439785
18.1645833333333,0.090368344874309
18.1659722222222,0.109225981973873
18.1673611111111,0.110932120053884
18.16875,0.102154908448443
18.1701388888889,0.0878390126772323
18.1715277777778,0.133426690650683
18.1729166666667,0.139833904033216
18.1743055555556,0.1069537969616
18.1756944444444,0.138263170446055
18.1770833333333,0.132789142557371
18.1784722222222,0.124969663537551
18.1798611111111,0.147082881106546
18.18125,0.10971829070073
18.1826388888889,0.120893793048877
18.1840277777778,0.0836996703446519
18.1854166666667,0.0876633160673193
18.1868055555556,0.0451665104115117
18.1881944444444,0.085338630941389
18.1895833333333,0.0625079881259084
18.1909722222222,0.12916073347877
18.1923611111111,0.119484066991793
18.19375,0.100071190541754
18.1951388888889,0.0866112956336217
18.1965277777778,0.0633257243000244
18.1979166666667,0.0947220601006607
18.1993055555556,0.0695024127900259
18.2006944444444,0.092294418980725
18.2020833333333,0.0882420767075964
18.2034722222222,0.0810783824454121
18.2048611111111,0.113803993873338
18.20625,0.0964488074504002
18.2076388888889,0.0757503163174639
18.2090277777778,0.0761727268619567
18.2104166666667,0.133008193154533
18.2118055555556,0.140317775433878
18.2131944444444,0.104666198275626
18.2145833333333,0.12333324033013
18.2159722222222,0.119768114132543
18.2173611111111,0.139601342451514
18.21875,0.0973290357607506
18.2201388888889,0.0993239097208292
18.2215277777778,0.131583448083461
18.2229166666667,0.102405939031042
18.2243055555556,0.0984815246816911
18.2256944444444,0.0815496625873315
18.2270833333333,0.103200615922674
18.2284722222222,0.0969264140828668
18.2298611111111,0.117243386976634
18.23125,0.129647473647043
18.2326388888889,0.121878532391001
18.2340277777778,0.115303562480764
18.2354166666667,0.113881736686265
18.2368055555556,0.108878439145575
18.2381944444444,0.126052901968601
18.2395833333333,0.131670016602126
18.2409722222222,0.128903959214028
18.2423611111111,0.095770978802471
18.24375,0.111179187321335
18.2451388888889,0.0879196757241272
18.2465277777778,0.0864773630478746
18.2479166666667,0.0799503269736553
18.2493055555556,0.0696407231930599
18.2506944444444,0.0919812748363314
18.2520833333333,0.151600184552421
18.2534722222222,0.104584424124536
18.2548611111111,0.048722312913131
18.25625,0.0467285145409943
18.2576388888889,0.057725388969237
18.2590277777778,0.111603737194026
18.2604166666667,0.092126552089084
18.2618055555556,0.101906387209592
18.2631944444444,0.102703966875021
18.2645833333333,0.102455753079363
18.2659722222222,0.0979873904845984
18.2673611111111,0.0820263835970057
18.26875,0.0845871835205189
18.2701388888889,0.0528067001424222
18.2715277777778,0.0765602053236032
18.2729166666667,0.0515112740277774
18.2743055555556,0.0814531054368844
18.2756944444444,0.0736805409075
18.2770833333333,0.101398538411158
18.2784722222222,0.110243434770645
18.2798611111111,0.0956292184651697
18.28125,0.0802981111274851
18.2826388888889,0.0383123331485243
18.2840277777778,0.0679812232345774
18.2854166666667,0.096593905328763
18.2868055555556,0.100766318384326
18.2881944444444,0.109381280787705
18.2895833333333,0.144539025932762
18.2909722222222,0.127064752934489
18.2923611111111,0.0825242137470064
18.29375,0.0873680574936767
18.2951388888889,0.121714816913462
18.2965277777778,0.103976776980002
18.2979166666667,0.0896939056770896
18.2993055555556,0.0620914325017729
18.3006944444444,0.101521582827252
18.3020833333333,0.116536588383674
18.3034722222222,0.110455482245313
18.3048611111111,0.0811051147750181
18.30625,0.063207918782324
18.3076388888889,0.0917551750862323
18.3090277777778,0.119180051296978
18.3104166666667,0.133605874149214
18.3118055555556,0.114808401415595
18.3131944444444,0.131387046786777
18.3145833333333,0.127175678799278
18.3159722222222,0.140774624074835
18.3173611111111,0.0748755512666575
18.31875,0.140993425443331
18.3201388888889,0.120737022517325
18.3215277777778,0.118217847258353
18.3229166666667,0.125558210963711
18.3243055555556,0.158957871534121
18.3256944444444,0.143924045389007
18.3270833333333,0.114793985547749
18.3284722222222,0.12766971657353
18.3298611111111,0.0979904601058031
18.33125,0.0900624322724927
18.3326388888889,0.105849072331135
18.3340277777778,0.103362902756179
18.3354166666667,0.0654535625212419
18.3368055555556,0.0881547927405489
18.3381944444444,0.10117328079519
18.3395833333333,0.0805115109701389
18.3409722222222,0.0721026034497297
18.3423611111111,0.0532897712465992
18.34375,0.0928158053368053
18.3451388888889,0.0820042033158731
18.3465277777778,0.0845770859976042
18.3479166666667,0.0677526732401123
18.3493055555556,0.0582814340847196
18.3506944444444,0.0942160795396066
18.3520833333333,0.102980315485514
18.3534722222222,0.0876634369228048
18.3548611111111,-0.00555981231475776
18.35625,0.0725173839438956
18.3576388888889,0.0678054469942186
18.3590277777778,0.0876685162273585
18.3604166666667,0.0901253537988545
18.3618055555556,0.121912296837289
18.3631944444444,0.135983357825296
18.3645833333333,0.12440548899209
18.3659722222222,0.0730878042587545
18.3673611111111,0.0570032265434229
18.36875,0.0962664440608262
18.3701388888889,0.0756649152969522
18.3715277777778,0.0511675354405271
18.3729166666667,0.0641144885015961
18.3743055555556,0.0420248086133573
18.3756944444444,0.0560767115648547
18.3770833333333,0.0503283936481141
18.3784722222222,0.0817624228792576
18.3798611111111,0.119889660874709
18.38125,0.0291399602366845
18.3826388888889,0.0413103162278294
18.3840277777778,0.0350592946493267
18.3854166666667,-0.00251717013134058
18.3868055555556,0.0419410589704559
18.3881944444444,0.017402350634816
18.3895833333333,0.063734786929807
18.3909722222222,0.0973438118388704
18.3923611111111,0.0782932577558637
18.39375,0.0731692675734843
18.3951388888889,0.0571148784261424
18.3965277777778,0.0592055641011407
18.3979166666667,0.0573372555481806
18.3993055555556,0.0638899036323413
18.4006944444444,0.0471072579137278
18.4020833333333,0.0157939585968757
18.4034722222222,0.0895686571870239
18.4048611111111,0.090181504791002
18.40625,0.0699794079072767
18.4076388888889,0.0804431179579517
18.4090277777778,0.105116302479714
18.4104166666667,0.108598640524873
18.4118055555556,0.107765513603341
18.4131944444444,0.084283258842832
18.4145833333333,0.121260289139581
18.4159722222222,0.0970202979552918
18.4173611111111,0.122281444763819
18.41875,0.13020568864985
18.4201388888889,0.14408012889608
18.4215277777778,0.113119288056449
18.4229166666667,0.0484528283692854
18.4243055555556,0.0547105611388604
18.4256944444444,0.116264469936409
18.4270833333333,0.115809448160707
18.4284722222222,0.100189884707394
18.4298611111111,0.0745866602851
18.43125,0.0543372269578781
18.4326388888889,0.0520747767884429
18.4340277777778,0.0238897478945049
18.4354166666667,0.0690332271678023
18.4368055555556,0.119196973925096
18.4381944444444,0.122758520953175
18.4395833333333,0.115390473054406
18.4409722222222,0.0537614746167399
18.4423611111111,0.0568617278146426
18.44375,0.0541259912451302
18.4451388888889,0.0556961090369441
18.4465277777778,0.0399093398737693
18.4479166666667,0.0738199388452133
18.4493055555556,0.102110370219801
18.4506944444444,0.0921947220862142
18.4520833333333,0.101602121270709
18.4534722222222,0.0975414723089922
18.4548611111111,0.0883343500540479
18.45625,0.113168901130887
18.4576388888889,0.13462448952299
18.4590277777778,0.124800744231709
18.4604166666667,0.127884007971733
18.4618055555556,0.117892581579666
18.4631944444444,0.097411445234706
18.4645833333333,0.121533731925926
18.4659722222222,0.131515320359955
18.4673611111111,0.116220943426988
18.46875,0.110600940686158
18.4701388888889,0.0884911079839822
18.4715277777778,0.127672078985432
18.4729166666667,0.112621184614279
18.4743055555556,0.109026000316039
18.4756944444444,0.0778913488790058
18.4770833333333,0.0633873174041271
18.4784722222222,0.077609003977927
18.4798611111111,0.0758184450706245
18.48125,0.0659311559369804
18.4826388888889,0.0930400141091383
18.4840277777778,0.0622262967188384
18.4854166666667,0.0962569749704234
18.4868055555556,0.0632416496482333
18.4881944444444,0.0832235084444572
18.4895833333333,0.0424620180701836
18.4909722222222,0.0500445763634686
18.4923611111111,0.0591270485666826
18.49375,0.0801736330796222
18.4951388888889,0.0705941130344628
18.4965277777778,0.0593163608521848
18.4979166666667,0.0754109358866355
18.4993055555556,0.0680989674010894
18.5006944444444,0.0827633622150029
18.5020833333333,0.0587090678409373
18.5034722222222,0.0783507155415176
18.5048611111111,0.0583582901212503
18.50625,0.0587951984819361
18.5076388888889,0.069904750321384
18.5090277777778,0.0464938032630467
18.5104166666667,0.116527461399612
18.5118055555556,0.129206731279138
18.5131944444444,0.128203287199758
18.5145833333333,0.127189907312272
18.5159722222222,0.112185712032888
18.5173611111111,0.102399400419208
18.51875,0.099170851148255
18.5201388888889,0.0333795169658526
18.5215277777778,0.0731841224566808
18.5229166666667,0.113893920385546
18.5243055555556,0.121493956282051
18.5256944444444,0.123837126631545
18.5270833333333,0.110536716061788
18.5284722222222,0.183257105757087
18.5298611111111,0.191907743709083
18.53125,0.175505804111227
18.5326388888889,0.135922959853523
18.5340277777778,0.124826072085844
18.5354166666667,0.0695716166215255
18.5368055555556,0.0531146863556179
18.5381944444444,0.105392747265293
18.5395833333333,0.0875278910901494
18.5409722222222,0.0330588619556001
18.5423611111111,0.0377656783503431
18.54375,0.0649717288852755
18.5451388888889,0.0148723490816596
18.5465277777778,0.0313005043818124
18.5479166666667,0.0653682846015255
18.5493055555556,0.0521382913811563
18.5506944444444,0.0364207142077959
18.5520833333333,0.0301332691413658
18.5534722222222,0.0438127036946786
18.5548611111111,0.0523577909810937
18.55625,0.0263071214324129
18.5576388888889,-0.00306656294686215
18.5590277777778,0.0265557776564681
18.5604166666667,-0.00841819964390946
18.5618055555556,-0.076051485079027
18.5631944444444,-0.0766117211350439
18.5645833333333,-0.021005688915532
18.5659722222222,-0.00077870118426485
18.5673611111111,-0.00671853565557816
18.56875,-0.0190082988512563
18.5701388888889,-0.0307013126124154
18.5715277777778,-0.0523455259201432
18.5729166666667,-0.0412135928504245
18.5743055555556,-0.034049105565889
18.5756944444444,0.00638330021554833
18.5770833333333,-0.0356631719135882
18.5784722222222,-0.0188694169357469
18.5798611111111,0.00543888700275507
18.58125,0.0137714183772858
18.5826388888889,0.034490352410506
18.5840277777778,0.0231298450090023
18.5854166666667,-0.00105071703310434
18.5868055555556,0.00193664873053739
18.5881944444444,0.00554272442972561
18.5895833333333,0.0202639553814986
18.5909722222222,-0.00201480066910389
18.5923611111111,-0.028653986916527
18.59375,0.00531263254656385
18.5951388888889,0.0268884464967901
18.5965277777778,-0.0258114056496455
18.5979166666667,-0.0455334823012163
18.5993055555556,-0.0314081693898809
18.6006944444444,0.00581965991376792
18.6020833333333,-0.000443327470348973
18.6034722222222,-0.00295677275507515
18.6048611111111,0.0178615966488459
18.60625,-0.0288546693631842
18.6076388888889,-0.051649354965552
18.6090277777778,-0.0254565744665628
18.6104166666667,-0.0014719956730528
18.6118055555556,0.0146767052205155
18.6131944444444,0.0172143569267165
18.6145833333333,-0.0155154997421026
18.6159722222222,-0.00840227733912035
18.6173611111111,-0.0227337848731667
18.61875,-0.0342135328454196
18.6201388888889,0.0058515123566081
18.6215277777778,0.0161814222094965
18.6229166666667,0.0369082183549357
18.6243055555556,0.0389015838209487
18.6256944444444,0.0296204654305067
18.6270833333333,0.0277942086565263
18.6284722222222,0.0309886900136686
18.6298611111111,0.0093402274875299
18.63125,0.00279395149723028
18.6326388888889,-0.00201221466892819
18.6340277777778,0.00836653774731061
18.6354166666667,0.00720301402604597
18.6368055555556,-0.0223149786174918
18.6381944444444,-0.0654164166232711
18.6395833333333,-0.0622070192293005
18.6409722222222,-0.061015711806222
18.6423611111111,-0.0330311100252505
18.64375,-0.0315115172209152
18.6451388888889,-0.00886098376500972
18.6465277777778,-0.00247563500253494
18.6479166666667,-0.0182059372600415
18.6493055555556,-0.0208846005840547
18.6506944444444,0.0111034811872014
18.6520833333333,-0.00246430646162421
18.6534722222222,-0.0116900757581825
18.6548611111111,0.00582928986769608
18.65625,-0.00481420725155342
18.6576388888889,-0.0169789672320392
18.6590277777778,-0.0512704282481408
18.6604166666667,-0.0143767636638162
18.6618055555556,-0.0146993722836837
18.6631944444444,-0.0335567697977254
18.6645833333333,-0.0174891449934822
18.6659722222222,-0.0051382451912977
18.6673611111111,-0.00641874198901758
18.66875,-0.0239299778344462
18.6701388888889,-0.00685401604851444
18.6715277777778,-0.0153872380024224
18.6729166666667,-0.0219016923498866
18.6743055555556,-0.022619652428497
18.6756944444444,-0.0200020003420744
18.6770833333333,-0.00215766693223983
18.6784722222222,-0.0488487106073083
18.6798611111111,-0.0263937234496218
18.68125,0.0220244756012517
18.6826388888889,-0.034639836689205
18.6840277777778,-0.0576675367967994
18.6854166666667,-0.0486912292207419
18.6868055555556,-0.0436098532629147
18.6881944444444,-0.0300166161039569
18.6895833333333,-0.0133402689733382
18.6909722222222,-0.0212428615969965
18.6923611111111,-0.0274354261127041
18.69375,-0.0336500719787185
18.6951388888889,-0.0351631047112533
18.6965277777778,-0.0436472637306975
18.6979166666667,-0.0254825661373007
18.6993055555556,-0.0561702944663246
18.7006944444444,-0.0474262463304339
18.7020833333333,-0.0169668391079889
18.7034722222222,0.027371223685442
18.7048611111111,0.0111187935069672
18.70625,0.023673110133159
18.7076388888889,0.0034788658815468
18.7090277777778,-0.0017283611156911
18.7104166666667,0.0184975033240644
18.7118055555556,0.0170222473249576
18.7131944444444,0.017860777778085
18.7145833333333,0.0197974286297467
18.7159722222222,0.00979416309914879
18.7173611111111,-0.00239357403186981
18.71875,-0.0145741040859942
18.7201388888889,-0.0195789601283042
18.7215277777778,-0.0184022239707935
18.7229166666667,0.0156268545196924
18.7243055555556,-0.0010446876428927
18.7256944444444,0.00029319099212111
18.7270833333333,-0.0126401616778553
18.7284722222222,0.00263534805718878
18.7298611111111,-0.0256432852944891
18.73125,0.016410826248334
18.7326388888889,0.0254716235743896
18.7340277777778,0.0279325603821875
18.7354166666667,0.00641689432050584
18.7368055555556,-0.0265117471906273
18.7381944444444,-0.0161551615604396
18.7395833333333,-0.00388163022039021
18.7409722222222,-0.0149113974847751
18.7423611111111,-0.0174093384917705
18.74375,0.031787862416652
18.7451388888889,0.0117479021586391
18.7465277777778,0.0244019469576613
18.7479166666667,0.00723843802116723
18.7493055555556,0.0669396754768476
18.7506944444444,0.0760341825551344
18.7520833333333,0.00403184963904091
18.7534722222222,-0.0473302986304505
18.7548611111111,-0.0142592156079923
18.75625,0.0398814680172989
18.7576388888889,0.0120373970968699
18.7590277777778,0.000454724517366238
18.7604166666667,-0.0155461334148841
18.7618055555556,-0.035605760458456
18.7631944444444,-0.0196417314606228
18.7645833333333,9.74803443390776e-05
18.7659722222222,-0.00461543067578932
18.7673611111111,0.0235165892131626
18.76875,0.0222677895918501
18.7701388888889,-0.0327654904699373
18.7715277777778,-0.0517646804190674
18.7729166666667,-0.0121694841552869
18.7743055555556,-0.0161024171028788
18.7756944444444,0.00394803593940977
18.7770833333333,0.0216055480599706
18.7784722222222,0.000290149424914287
18.7798611111111,-0.0106991142316123
18.78125,0.0179646217906455
18.7826388888889,0.00149274037866591
18.7840277777778,0.0057684046647792
18.7854166666667,-0.000596238376447786
18.7868055555556,-0.00435741966214716
18.7881944444444,0.0275348520919192
18.7895833333333,0.0163151404407827
18.7909722222222,0.0112016164979233
18.7923611111111,0.00130136447873646
18.79375,-0.00101393985993847
18.7951388888889,0.0279990497771594
18.7965277777778,0.0118236111587138
18.7979166666667,0.0507091632835696
18.7993055555556,0.0668405813017656
18.8006944444444,0.105332565412899
18.8020833333333,0.0994677212722377
18.8034722222222,0.0591723779694469
18.8048611111111,0.0962521699678652
18.80625,0.0708011482519387
18.8076388888889,0.0676065939873693
18.8090277777778,0.0637328294303123
18.8104166666667,0.0746539566959031
18.8118055555556,0.0849186046075579
18.8131944444444,0.074141712024878
18.8145833333333,0.0860673161887914
18.8159722222222,0.124770946724987
18.8173611111111,0.098156469355262
18.81875,0.078756141398032
18.8201388888889,0.102387589081904
18.8215277777778,0.113377931689963
18.8229166666667,0.131976766772629
18.8243055555556,0.156982088385063
18.8256944444444,0.117419661862754
18.8270833333333,0.109393288522092
18.8284722222222,0.110494003362579
18.8298611111111,0.136754732971327
18.83125,0.117428527788067
18.8326388888889,0.0584295683672655
18.8340277777778,0.072882052099247
18.8354166666667,0.064029804634263
18.8368055555556,0.0498203690308408
18.8381944444444,0.0554021728338775
18.8395833333333,0.0406998905843637
18.8409722222222,0.0480487012919308
18.8423611111111,0.0579599239882034
18.84375,0.0615545335093019
18.8451388888889,0.0844703392329576
18.8465277777778,0.0735659905292411
18.8479166666667,0.0835510795271896
18.8493055555556,0.0798241880031873
18.8506944444444,0.0973149836312714
18.8520833333333,0.102622119034239
18.8534722222222,0.0962224891695558
18.8548611111111,0.0731791657140274
18.85625,0.0576874415429263
18.8576388888889,0.0589723132856025
18.8590277777778,0.0401861048018884
18.8604166666667,0.0701745329325376
18.8618055555556,0.0388825934855415
18.8631944444444,0.0587448607391178
18.8645833333333,0.0626624526238237
18.8659722222222,0.0552882630213666
18.8673611111111,0.0576866130567655
18.86875,0.072406992282945
18.8701388888889,0.0701254491366077
18.8715277777778,0.0589711785659469
18.8729166666667,0.0223056637446217
18.8743055555556,0.0300478186245353
18.8756944444444,0.0343406396764453
18.8770833333333,0.0650284051775902
18.8784722222222,0.10516776568044
18.8798611111111,0.0879688226774304
18.88125,0.0921256350778276
18.8826388888889,0.0395485873053826
18.8840277777778,0.0522383106680766
18.8854166666667,0.0549016586976362
18.8868055555556,0.0495005956586601
18.8881944444444,0.043169442802197
18.8895833333333,0.0406191232033945
18.8909722222222,0.041169585570702
18.8923611111111,0.0601165795469152
18.89375,0.0745207027125739
18.8951388888889,0.0619080322095461
18.8965277777778,0.0577850683322059
18.8979166666667,0.0766155726012337
18.8993055555556,0.0620690298791584
18.9006944444444,0.0643149267702796
18.9020833333333,0.0383830848605949
18.9034722222222,0.043499799233156
18.9048611111111,0.0657774077148122
18.90625,0.0628698312487317
18.9076388888889,0.0449406302898078
18.9090277777778,0.0249387753230654
18.9104166666667,0.0177057625799799
18.9118055555556,0.0423558656842246
18.9131944444444,0.021391507262159
18.9145833333333,-0.00982969868370986
18.9159722222222,0.0278763809851349
18.9173611111111,0.0468704640967303
18.91875,0.0568550638105506
18.9201388888889,0.0437656630533494
18.9215277777778,0.0281153764947271
18.9229166666667,0.0330855105865835
18.9243055555556,0.0249990374806099
18.9256944444444,0.0608576488255793
18.9270833333333,0.00740281095697704
18.9284722222222,-0.00303890917988961
18.9298611111111,-0.00700829695253338
18.93125,-0.0171865825022752
18.9326388888889,0.000106559585897107
18.9340277777778,0.00871524499334342
18.9354166666667,0.0430339951500039
18.9368055555556,0.035856801738067
18.9381944444444,0.0427503919805499
18.9395833333333,0.0329569238674741
18.9409722222222,0.022871614585338
18.9423611111111,0.048596776478627
18.94375,0.0414529243015831
18.9451388888889,0.0306767737941199
18.9465277777778,0.0353545669862879
18.9479166666667,0.0191291982888353
18.9493055555556,0.0309199181129841
18.9506944444444,0.0387931150033433
18.9520833333333,0.0464171632142383
18.9534722222222,0.0256625107999866
18.9548611111111,0.0432525339998809
18.95625,0.032119717487853
18.9576388888889,0.0112400154262686
18.9590277777778,0.0376460032411887
18.9604166666667,0.0320899927108587
18.9618055555556,0.0776526418109492
18.9631944444444,0.0970418271323611
18.9645833333333,0.0787040107180999
18.9659722222222,0.0855532052178132
18.9673611111111,0.0564346151098709
18.96875,0.0441687263756367
18.9701388888889,0.0660984585970192
18.9715277777778,0.066154606032291
18.9729166666667,0.0615236872298362
18.9743055555556,0.0751727893383118
18.9756944444444,0.0612959939911131
18.9770833333333,0.0304828281630884
18.9784722222222,0.0509543179091174
18.9798611111111,0.0875297368021965
18.98125,0.0730266659200623
18.9826388888889,0.0656753649915012
18.9840277777778,0.0664859283618899
18.9854166666667,0.0448771931828293
18.9868055555556,-0.00954268278924757
18.9881944444444,-0.0191623013602434
18.9895833333333,-0.00225781665796115
18.9909722222222,-0.0104581384652667
18.9923611111111,-0.00970837924448483
18.99375,0.00448146342735539
18.9951388888889,-0.00891944474998595
18.9965277777778,-0.00396555419488424
18.9979166666667,0.00981316918210755
18.9993055555556,-0.0258481727198255
19.0006944444444,-0.05006034445698
19.0020833333333,-0.0673799088876571
19.0034722222222,-0.0103487295783122
19.0048611111111,-0.00429659328311688
19.00625,-0.00638320612331434
19.0076388888889,0.00430677859634467
19.0090277777778,0.0248282024515318
19.0104166666667,-0.0166634991811422
19.0118055555556,-0.0119384285523739
19.0131944444444,-0.038049136659324
19.0145833333333,-0.0284070814734682
19.0159722222222,-0.040858572595327
19.0173611111111,-0.0259014186317399
19.01875,-0.0120551793244397
19.0201388888889,-0.0268629031049892
19.0215277777778,0.0147291623527436
19.0229166666667,0.0149492182064079
19.0243055555556,-0.0141294397287164
19.0256944444444,0.00467499368778766
19.0270833333333,-0.0100612108455458
19.0284722222222,-0.0384012851077941
19.0298611111111,-0.0379472584917668
19.03125,-0.0254188586321023
19.0326388888889,-0.0216602393591935
19.0340277777778,-0.0368179768262963
19.0354166666667,-0.0370166769016421
19.0368055555556,-0.039458255454579
19.0381944444444,-0.0191478155541801
19.0395833333333,-0.0198414820428759
19.0409722222222,-0.0178357125577563
19.0423611111111,0.0167093642012382
19.04375,-0.00768446219133424
19.0451388888889,-0.00807317725393966
19.0465277777778,-0.00486611399202053
19.0479166666667,-0.0127699549016477
19.0493055555556,-0.0226193183945069
19.0506944444444,-0.0280118209508444
19.0520833333333,-0.0548538969128668
19.0534722222222,-0.0312549381211215
19.0548611111111,-0.0467790896345108
19.05625,-0.0245372675959717
19.0576388888889,-0.0559330034744416
19.0590277777778,-0.0352710119738495
19.0604166666667,-0.0303653380807487
19.0618055555556,-0.031204350394161
19.0631944444444,-0.0356126744052914
19.0645833333333,-0.00177066248914201
19.0659722222222,0.0206557940767523
19.0673611111111,-0.0346057708122823
19.06875,-0.0843406075497906
19.0701388888889,-0.0581067859541074
19.0715277777778,-0.0530638165256156
19.0729166666667,-0.0627862601676499
19.0743055555556,-0.084211787543247
19.0756944444444,-0.0849592649992878
19.0770833333333,-0.0896949303348233
19.0784722222222,-0.0649934296008208
19.0798611111111,-0.0572736964250067
19.08125,-0.0762948237902708
19.0826388888889,-0.093306794969919
19.0840277777778,-0.0966728946227732
19.0854166666667,-0.0843705445215468
19.0868055555556,-0.0649745536160312
19.0881944444444,-0.0831189436801197
19.0895833333333,-0.0816711965472483
19.0909722222222,-0.0662639203938142
19.0923611111111,-0.0566247242510056
19.09375,-0.0918219919911206
19.0951388888889,-0.148935795851846
19.0965277777778,-0.131595745855689
19.0979166666667,-0.0786721508643368
19.0993055555556,-0.0749230080635763
19.1006944444444,-0.100846759816449
19.1020833333333,-0.150659729025622
19.1034722222222,-0.133346415488778
19.1048611111111,-0.112195698657609
19.10625,-0.109323060005779
19.1076388888889,-0.136415030809019
19.1090277777778,-0.110658070676373
19.1104166666667,-0.125321738305322
19.1118055555556,-0.111873033897921
19.1131944444444,-0.111069980875814
19.1145833333333,-0.114890071513612
19.1159722222222,-0.0871696305279912
19.1173611111111,-0.135193767403205
19.11875,-0.124270426277615
19.1201388888889,-0.0786025524562689
19.1215277777778,-0.0700859140378163
19.1229166666667,-0.0799766702997435
19.1243055555556,-0.130758751508204
19.1256944444444,-0.122582736545104
19.1270833333333,-0.101944923671639
19.1284722222222,-0.0808514566133672
19.1298611111111,-0.0962267212372519
19.13125,-0.120563127495789
19.1326388888889,-0.108716790893711
19.1340277777778,-0.110419638113751
19.1354166666667,-0.103973970238289
19.1368055555556,-0.122909979183418
19.1381944444444,-0.0971059221425056
19.1395833333333,-0.0694546246738969
19.1409722222222,-0.0692061105754826
19.1423611111111,-0.0945436014556886
19.14375,-0.097641415424466
19.1451388888889,-0.0966516118911167
19.1465277777778,-0.0886048866108008
19.1479166666667,-0.108567454662364
19.1493055555556,-0.110201221413631
19.1506944444444,-0.0843617615989105
19.1520833333333,-0.0883692465345213
19.1534722222222,-0.0715902020605634
19.1548611111111,-0.0454327927936952
19.15625,-0.0893446408545973
19.1576388888889,-0.0849013869445388
19.1590277777778,-0.102398863450412
19.1604166666667,-0.0869846922005094
19.1618055555556,-0.0917905049942532
19.1631944444444,-0.0966079212815732
19.1645833333333,-0.0776371950066888
19.1659722222222,-0.101191215610406
19.1673611111111,-0.0990393558324621
19.16875,-0.0434560228215682
19.1701388888889,-0.043696804167595
19.1715277777778,-0.0643927642071791
19.1729166666667,-0.0718309746670501
19.1743055555556,-0.0584016734576674
19.1756944444444,-0.0625061065949376
19.1770833333333,-0.0656609398592607
19.1784722222222,-0.0753428951410057
19.1798611111111,-0.0728244928251542
19.18125,-0.0874774044726502
19.1826388888889,-0.0918549756698437
19.1840277777778,-0.100015937345081
19.1854166666667,-0.0667509442734857
19.1868055555556,-0.0876799627158048
19.1881944444444,-0.109056047545898
19.1895833333333,-0.0944047606586313
19.1909722222222,-0.0727442791605863
19.1923611111111,-0.070664952914039
19.19375,-0.114177366273525
19.1951388888889,-0.116245771790926
19.1965277777778,-0.0937699615641044
19.1979166666667,-0.0931130709421276
19.1993055555556,-0.0533680151230218
19.2006944444444,-0.0584140271264781
19.2020833333333,-0.119947717092926
19.2034722222222,-0.0984534015865542
19.2048611111111,-0.108748593446283
19.20625,-0.140425380146097
19.2076388888889,-0.0962791651071926
19.2090277777778,-0.109994387486589
19.2104166666667,-0.104285942573707
19.2118055555556,-0.118679532373735
19.2131944444444,-0.0986264272942973
19.2145833333333,-0.104458905783517
19.2159722222222,-0.0990807274370713
19.2173611111111,-0.095101277741288
19.21875,-0.123106556646851
19.2201388888889,-0.142087970905747
19.2215277777778,-0.130899850709875
19.2229166666667,-0.143003553832548
19.2243055555556,-0.0842421652428716
19.2256944444444,-0.0771553799814235
19.2270833333333,-0.108362793978928
19.2284722222222,-0.0845938630578235
19.2298611111111,-0.0761608320638658
19.23125,-0.106677225046089
19.2326388888889,-0.105417901091836
19.2340277777778,-0.11116211851745
19.2354166666667,-0.0830480108128192
19.2368055555556,-0.0909018033953791
19.2381944444444,-0.131892817451502
19.2395833333333,-0.135542783094374
19.2409722222222,-0.127757187329572
19.2423611111111,-0.107386265979951
19.24375,-0.121295650876923
19.2451388888889,-0.114606795116869
19.2465277777778,-0.136836163658823
19.2479166666667,-0.116595329482034
19.2493055555556,-0.11392403349873
19.2506944444444,-0.116231322031054
19.2520833333333,-0.0742905991854914
19.2534722222222,-0.104016730529871
19.2548611111111,-0.0681639493228322
19.25625,-0.08702851201952
19.2576388888889,-0.138716933017915
19.2590277777778,-0.133519735710883
19.2604166666667,-0.13992730476194
19.2618055555556,-0.132676880407553
19.2631944444444,-0.0955197273011098
19.2645833333333,-0.116736522571464
19.2659722222222,-0.124094596350414
19.2673611111111,-0.104466416445704
19.26875,-0.109307570187643
19.2701388888889,-0.141006057552171
19.2715277777778,-0.108522165162541
19.2729166666667,-0.104370467539096
19.2743055555556,-0.129898952795061
19.2756944444444,-0.122122271473584
19.2770833333333,-0.126440276166493
19.2784722222222,-0.106233212875878
19.2798611111111,-0.0806883899101892
19.28125,-0.0636590462841006
19.2826388888889,-0.0540810570519405
19.2840277777778,-0.0522030106576175
19.2854166666667,-0.0936269103508342
19.2868055555556,-0.0749984297906211
19.2881944444444,-0.103443274096468
19.2895833333333,-0.0976205871243888
19.2909722222222,-0.0628952048343418
19.2923611111111,-0.0359639213447129
19.29375,-0.0567410362642132
19.2951388888889,-0.069917743440068
19.2965277777778,-0.0801976709020004
19.2979166666667,-0.0830952343414413
19.2993055555556,-0.0583164059058672
19.3006944444444,-0.0603850734560088
19.3020833333333,-0.0776984781298158
19.3034722222222,-0.102331825359657
19.3048611111111,-0.114008541225068
19.30625,-0.119460471397204
19.3076388888889,-0.10180570821672
19.3090277777778,-0.0771202502957726
19.3104166666667,-0.102043876633433
19.3118055555556,-0.0821155500051586
19.3131944444444,-0.106934870732119
19.3145833333333,-0.090893243562937
19.3159722222222,-0.0823015653474682
19.3173611111111,-0.0972864741371749
19.31875,-0.117856497551628
19.3201388888889,-0.107889456025203
19.3215277777778,-0.0679884254151113
19.3229166666667,-0.092048472182295
19.3243055555556,-0.0943555142475631
19.3256944444444,-0.088646308849303
19.3270833333333,-0.0744533708359037
19.3284722222222,-0.02762968752429
19.3298611111111,-0.0539724849475549
19.33125,-0.0872899067659089
19.3326388888889,-0.0794759955645691
19.3340277777778,-0.0852419822134404
19.3354166666667,-0.100103657574838
19.3368055555556,-0.100025324465151
19.3381944444444,-0.079431164303547
19.3395833333333,-0.0460420231935022
19.3409722222222,-0.0759393195482383
19.3423611111111,-0.0974037181411351
19.34375,-0.0650382663787237
19.3451388888889,-0.0647454191689665
19.3465277777778,-0.0646624155722284
19.3479166666667,-0.0626510860064271
19.3493055555556,-0.0469577697154993
19.3506944444444,-0.0789332655665688
19.3520833333333,-0.0651013389001721
19.3534722222222,-0.0264893660661517
19.3548611111111,-0.0374146175830002
19.35625,-0.0755015045460944
19.3576388888889,-0.0796174127456551
19.3590277777778,-0.0870449885834361
19.3604166666667,-0.0907507690901343
19.3618055555556,-0.0672291750275923
19.3631944444444,-0.0504567051336855
19.3645833333333,-0.0746961855296498
19.3659722222222,-0.0621902153583159
19.3673611111111,-0.0437718602723162
19.36875,-0.0992437045875514
19.3701388888889,-0.110519091403559
19.3715277777778,-0.0988135466717311
19.3729166666667,-0.0885436347739069
19.3743055555556,-0.115690702301252
19.3756944444444,-0.107448170364904
19.3770833333333,-0.131252681395209
19.3784722222222,-0.109282825747153
19.3798611111111,-0.100629289505242
19.38125,-0.11009903711061
19.3826388888889,-0.106921377265007
19.3840277777778,-0.118311570104714
19.3854166666667,-0.104192389485063
19.3868055555556,-0.0936410953761113
19.3881944444444,-0.102924979328884
19.3895833333333,-0.109794659321555
19.3909722222222,-0.115176230530695
19.3923611111111,-0.116475204313178
19.39375,-0.100507270786596
19.3951388888889,-0.0829509930213372
19.3965277777778,-0.0599330929330016
19.3979166666667,-0.0495659189867716
19.3993055555556,-0.0472436462175188
19.4006944444444,-0.0541365467836519
19.4020833333333,-0.0546324390588927
19.4034722222222,-0.0688712751893752
19.4048611111111,-0.0952099270255459
19.40625,-0.0927594046010709
19.4076388888889,-0.0866820939024925
19.4090277777778,-0.111236535999101
19.4104166666667,-0.0797288126971224
19.4118055555556,-0.101507171542331
19.4131944444444,-0.0961264501552657
19.4145833333333,-0.0834418132922389
19.4159722222222,-0.102823076146223
19.4173611111111,-0.11150141632897
19.41875,-0.116926145935351
19.4201388888889,-0.144092084408966
19.4215277777778,-0.112911007775069
19.4229166666667,-0.10475958408096
19.4243055555556,-0.0817472643979572
19.4256944444444,-0.0954193565851113
19.4270833333333,-0.138735426888267
19.4284722222222,-0.110663946214457
19.4298611111111,-0.113570211370458
19.43125,-0.14180595413417
19.4326388888889,-0.10167181546795
19.4340277777778,-0.0895607406737334
19.4354166666667,-0.0779661345750533
19.4368055555556,-0.098313592425836
19.4381944444444,-0.105827191830432
19.4395833333333,-0.0700117986344424
19.4409722222222,-0.0608224600036943
19.4423611111111,-0.0573055476715387
19.44375,-0.0732417934155988
19.4451388888889,-0.0638808081108986
19.4465277777778,-0.065720447712927
19.4479166666667,-0.0786603561710503
19.4493055555556,-0.0640024799456212
19.4506944444444,-0.0716737769074388
19.4520833333333,-0.044483799839325
19.4534722222222,-0.0418084557851042
19.4548611111111,-0.0836127402073318
19.45625,-0.104727133626223
19.4576388888889,-0.114629622371054
19.4590277777778,-0.0509565994963554
19.4604166666667,-0.0385781442194038
19.4618055555556,-0.0351976961806152
19.4631944444444,-0.0809990244945551
19.4645833333333,-0.0818313079016749
19.4659722222222,-0.0832205396773831
19.4673611111111,-0.041752994923661
19.46875,-0.0518347006381117
19.4701388888889,-0.0650947257376255
19.4715277777778,-0.0948217232411721
19.4729166666667,-0.0363124673686424
19.4743055555556,-0.00420530903912146
19.4756944444444,0.0150072555852856
19.4770833333333,-0.0415550321819072
19.4784722222222,-0.0497261649557459
19.4798611111111,-0.0364267631677427
19.48125,-0.0254648349871827
19.4826388888889,-0.0376968042129399
19.4840277777778,-0.0116150538131716
19.4854166666667,-0.00463165165219725
19.4868055555556,-0.0238926588692522
19.4881944444444,-0.0443883060793175
19.4895833333333,-0.0283024519885964
19.4909722222222,0.0138977424896628
19.4923611111111,0.0134953031419846
19.49375,-0.000204412417390933
19.4951388888889,-0.0466098765669479
19.4965277777778,-0.0267061496680411
19.4979166666667,-0.0217304911257054
19.4993055555556,-0.0273826057257929
19.5006944444444,-0.00187456903886149
19.5020833333333,0.0209272631302821
19.5034722222222,0.0122332604561124
19.5048611111111,0.0128337265396372
19.50625,-0.0303382342042228
19.5076388888889,0.00177800216932635
19.5090277777778,-0.00917203539165232
19.5104166666667,-0.0027103711053843
19.5118055555556,-0.0287831624289195
19.5131944444444,-0.0125073978620116
19.5145833333333,-0.0199581262223698
19.5159722222222,-0.00390569597535728
19.5173611111111,0.00466044309464313
19.51875,-0.0353554227531512
19.5201388888889,-0.0467709573880456
19.5215277777778,-0.053155928974488
19.5229166666667,-0.031016080905217
19.5243055555556,-0.0452543221239779
19.5256944444444,-0.0654195172549502
19.5270833333333,-0.0454939287776466
19.5284722222222,-0.0346977065411546
19.5298611111111,-0.0249396241246497
19.53125,-0.0376432591306176
19.5326388888889,-0.0240245136005658
19.5340277777778,-0.0170622623871393
19.5354166666667,-0.0162053503973141
19.5368055555556,-0.0352712925052084
19.5381944444444,-0.0432087630086027
19.5395833333333,-0.0228340381550183
19.5409722222222,-0.0139241820300688
19.5423611111111,-0.0316796010422298
19.54375,-0.0512338808190824
19.5451388888889,-0.0154074489229123
19.5465277777778,-0.00158980820760983
19.5479166666667,-0.0199988366195792
19.5493055555556,-0.0175244439347843
19.5506944444444,-0.034621527828759
19.5520833333333,-0.0100876106778722
19.5534722222222,-0.0162707748458952
19.5548611111111,-0.0367352730381223
19.55625,-0.0541617827478327
19.5576388888889,-0.0522560887278882
19.5590277777778,-0.0243210493748219
19.5604166666667,-0.0453741943670477
19.5618055555556,-0.0393461742331882
19.5631944444444,-0.0398618909190054
19.5645833333333,-0.0446947590652446
19.5659722222222,-0.0637241874692592
19.5673611111111,-0.0625339586997416
19.56875,-0.0454654954636633
19.5701388888889,-0.0567985938093076
19.5715277777778,-0.0632719204177046
19.5729166666667,-0.0878033685591946
19.5743055555556,-0.103897938964381
19.5756944444444,-0.0878625562487351
19.5770833333333,-0.0709547823711608
19.5784722222222,-0.0969229265842304
19.5798611111111,-0.0910750540190338
19.58125,-0.0809202265790309
19.5826388888889,-0.0811669887096616
19.5840277777778,-0.0829691241146696
19.5854166666667,-0.0732069416997365
19.5868055555556,-0.0841563721761943
19.5881944444444,-0.0685270747746736
19.5895833333333,-0.087763197224042
19.5909722222222,-0.074575020676706
19.5923611111111,-0.0758613453861743
19.59375,-0.0958128766334835
19.5951388888889,-0.103065100607789
19.5965277777778,-0.0649822725880534
19.5979166666667,-0.0789569098193931
19.5993055555556,-0.0897425098435483
19.6006944444444,-0.0932125480975434
19.6020833333333,-0.106453354767148
19.6034722222222,-0.0929013701286044
19.6048611111111,-0.0797661160246748
19.60625,-0.0801812670945806
19.6076388888889,-0.0864178938850235
19.6090277777778,-0.0669271344982807
19.6104166666667,-0.0493458185430829
19.6118055555556,-0.0790609882227688
19.6131944444444,-0.0765347620218452
19.6145833333333,-0.0803778628526162
19.6159722222222,-0.0956585010221789
19.6173611111111,-0.0918835254276649
19.61875,-0.090576205267906
19.6201388888889,-0.0945636287069615
19.6215277777778,-0.0901767250302035
19.6229166666667,-0.0649001664335603
19.6243055555556,-0.0379833607263164
19.6256944444444,-0.0872507651060004
19.6270833333333,-0.0556299664453081
19.6284722222222,-0.0598112016388436
19.6298611111111,-0.114529789218697
19.63125,-0.0878570918606509
19.6326388888889,-0.0565158740107687
19.6340277777778,-0.0986411433945284
19.6354166666667,-0.101069125657849
19.6368055555556,-0.0915299316708156
19.6381944444444,-0.0656054058951709
19.6395833333333,-0.0682841180412799
19.6409722222222,-0.0537027134510463
19.6423611111111,-0.0467719628922399
19.64375,-0.0637304444599241
19.6451388888889,-0.0852556939852649
19.6465277777778,-0.111492335093862
19.6479166666667,-0.09496753592098
19.6493055555556,-0.0699974398771488
19.6506944444444,-0.0927290391350682
19.6520833333333,-0.106844627180215
19.6534722222222,-0.106088628912532
19.6548611111111,-0.119115520764065
19.65625,-0.102258507658166
19.6576388888889,-0.10560377522467
19.6590277777778,-0.107218437744077
19.6604166666667,-0.0914652861591417
19.6618055555556,-0.064840041769349
19.6631944444444,-0.0835916936953321
19.6645833333333,-0.0639941962539443
19.6659722222222,-0.0437150202562251
19.6673611111111,-0.0915867919612197
19.66875,-0.0568035740466792
19.6701388888889,-0.0769975129083828
19.6715277777778,-0.0923211978063825
19.6729166666667,-0.08229804012353
19.6743055555556,-0.0586118370898493
19.6756944444444,-0.0393382544644795
19.6770833333333,-0.0410614154809829
19.6784722222222,-0.00855647483090965
19.6798611111111,-0.00492597817981328
19.68125,-0.00846619277387875
19.6826388888889,0.0295182790978133
19.6840277777778,0.0394248922560988
19.6854166666667,-0.00545340819939167
19.6868055555556,-0.0110062419108409
19.6881944444444,-0.0158913125369799
19.6895833333333,-0.0121116601032743
19.6909722222222,-0.0120541071831144
19.6923611111111,0.0148873083501582
19.69375,-0.0101540769213438
19.6951388888889,0.0134580821418785
19.6965277777778,-0.00694439402620713
19.6979166666667,0.00907003848103467
19.6993055555556,-0.0280495783233669
19.7006944444444,-0.0258253621777561
19.7020833333333,-0.0289978502295684
19.7034722222222,-0.0154048436875413
19.7048611111111,-0.00681900748632324
19.70625,-0.0228947478272584
19.7076388888889,-0.0451341415165143
19.7090277777778,-0.0502443156350904
19.7104166666667,-0.0524629081924346
19.7118055555556,-0.0475377361077277
19.7131944444444,-0.0553401006171635
19.7145833333333,-0.012899036608029
19.7159722222222,-0.00144135115171009
19.7173611111111,-0.0292366021134901
19.71875,-0.0200389246459584
19.7201388888889,-0.0170786759853175
19.7215277777778,0.02332337702839
19.7229166666667,0.0176688511176682
19.7243055555556,0.0199513139779264
19.7256944444444,0.0782164817429503
19.7270833333333,0.0364572923691196
19.7284722222222,0.0442707776016857
19.7298611111111,0.0432267696638323
19.73125,0.0338281408252548
19.7326388888889,0.0069659489324876
19.7340277777778,-0.00772910057896214
19.7354166666667,-0.0149859460993986
19.7368055555556,-0.0265148567778574
19.7381944444444,-0.0104184439631411
19.7395833333333,0.0443895232079497
19.7409722222222,0.0486009815860422
19.7423611111111,0.042549100916539
19.74375,0.025168835679242
19.7451388888889,0.0213721935903351
19.7465277777778,0.0385346880857049
19.7479166666667,0.0611511552382388
19.7493055555556,0.0434191073007688
19.7506944444444,0.0155609299112981
19.7520833333333,0.00330677521597639
19.7534722222222,0.0115436772391872
19.7548611111111,0.00250821855490359
19.75625,0.0174362900343388
19.7576388888889,0.0210842712302154
19.7590277777778,0.050542815418642
19.7604166666667,0.0694694704693917
19.7618055555556,0.0191353245146363
19.7631944444444,0.0121532033379262
19.7645833333333,0.0118344945685604
19.7659722222222,0.0319454279549768
19.7673611111111,0.044462064570578
19.76875,0.0507726666746109
19.7701388888889,0.0386404479106877
19.7715277777778,0.0159730130003859
19.7729166666667,0.039566495416038
19.7743055555556,0.03203372492348
19.7756944444444,0.0269807808516125
19.7770833333333,0.0129351336576565
19.7784722222222,-0.00278022420775453
19.7798611111111,0.0150064812150282
19.78125,0.0306037292858528
19.7826388888889,0.0165032171958577
19.7840277777778,-0.00350516856979545
19.7854166666667,0.0210846075703542
19.7868055555556,0.04652594343601
19.7881944444444,0.0260471916531227
19.7895833333333,0.0322760296074068
19.7909722222222,0.0398785390278563
19.7923611111111,0.0361430322770374
19.79375,0.040105223820811
19.7951388888889,0.0503149698203538
19.7965277777778,0.0631669195703786
19.7979166666667,0.0480298641418728
19.7993055555556,0.034659395032855
19.8006944444444,0.0421019002091084
19.8020833333333,0.048410217613979
19.8034722222222,0.0514731254982649
19.8048611111111,0.058341292065861
19.80625,0.0410909471422522
19.8076388888889,0.0386433264384431
19.8090277777778,0.0389512375626814
19.8104166666667,0.0213444714645564
19.8118055555556,0.0192932494998155
19.8131944444444,0.0357767609452465
19.8145833333333,0.0501447594561335
19.8159722222222,0.0671066672494247
19.8173611111111,0.0373777928479131
19.81875,0.0402616466520587
19.8201388888889,0.0889293637283675
19.8215277777778,0.0724316157125721
19.8229166666667,0.0662120689508023
19.8243055555556,0.0650983589756157
19.8256944444444,0.0462804625245179
19.8270833333333,0.0672257202732753
19.8284722222222,0.0643700424501594
19.8298611111111,0.0700437577701827
19.83125,0.0863271157981071
19.8326388888889,0.0907575429850022
19.8340277777778,0.0694972648189888
19.8354166666667,0.0758023189407867
19.8368055555556,0.0758862030425204
19.8381944444444,0.0888951727528489
19.8395833333333,0.0881647888711318
19.8409722222222,0.0857328855699753
19.8423611111111,0.0965628593282919
19.84375,0.0807679630114762
19.8451388888889,0.0887408733841639
19.8465277777778,0.0749754541664799
19.8479166666667,0.0906171958570791
19.8493055555556,0.0965122509629613
19.8506944444444,0.113810679691328
19.8520833333333,0.101487293919696
19.8534722222222,0.089002716100128
19.8548611111111,0.0852750209072898
19.85625,0.0445238193995344
19.8576388888889,0.0302707582467589
19.8590277777778,0.0369585330345131
19.8604166666667,0.042625486259185
19.8618055555556,0.0595282297276944
19.8631944444444,0.0394987719445336
19.8645833333333,0.0413038731033126
19.8659722222222,0.0368286149283232
19.8673611111111,0.0487629920947135
19.86875,0.0172584695538581
19.8701388888889,0.0310794377877611
19.8715277777778,0.0346564421046876
19.8729166666667,0.0412937327604105
19.8743055555556,0.0951461158084406
19.8756944444444,0.10301186577863
19.8770833333333,0.0965284141081314
19.8784722222222,0.0705994684030972
19.8798611111111,0.0611605045194018
19.88125,0.0716159716413691
19.8826388888889,0.0908795614332089
19.8840277777778,0.0826153985650874
19.8854166666667,0.108892732270686
19.8868055555556,0.0927286595100446
19.8881944444444,0.0797207905568405
19.8895833333333,0.074975134951165
19.8909722222222,0.0978848055486952
19.8923611111111,0.107473616005705
19.89375,0.0915305778471942
19.8951388888889,0.0767057280826126
19.8965277777778,0.0798143032334681
19.8979166666667,0.0715493886916667
19.8993055555556,0.0899473742624547
19.9006944444444,0.0998531132989924
19.9020833333333,0.0845350139010333
19.9034722222222,0.0578642155222444
19.9048611111111,0.054564916597336
19.90625,0.0748824249295724
19.9076388888889,0.0827071653031855
19.9090277777778,0.0670560405877208
19.9104166666667,0.0581068074660772
19.9118055555556,0.0283848871363525
19.9131944444444,0.0138436065934804
19.9145833333333,0.0178046647090451
19.9159722222222,0.0532129941493005
19.9173611111111,0.0453030599926356
19.91875,0.0435447236980519
19.9201388888889,0.0586531527969463
19.9215277777778,0.0402850055074016
19.9229166666667,0.0222479941248757
19.9243055555556,0.0356383471513273
19.9256944444444,0.0490792980812073
19.9270833333333,0.0451088392089774
19.9284722222222,0.0468148202635018
19.9298611111111,0.0423633522395516
19.93125,0.03511930632791
19.9326388888889,0.0369018030022845
19.9340277777778,0.0587690575913406
19.9354166666667,0.0450147782691577
19.9368055555556,0.0620800168660539
19.9381944444444,0.067277738333032
19.9395833333333,0.0537290892211988
19.9409722222222,0.0184038971149373
19.9423611111111,0.0349341970915457
19.94375,0.0407651015850662
19.9451388888889,0.0212664757199385
19.9465277777778,0.0253585120904846
19.9479166666667,0.0291468422522179
19.9493055555556,0.0406318399381724
19.9506944444444,0.0522139901140867
19.9520833333333,0.0344159086629865
19.9534722222222,0.0356412058936107
19.9548611111111,0.0256937184222806
19.95625,0.0578277697840592
19.9576388888889,0.0593329391109711
19.9590277777778,0.0450438315431726
19.9604166666667,0.0580154674370755
19.9618055555556,0.0714962928392532
19.9631944444444,0.0402277555651672
19.9645833333333,0.0432063005625134
19.9659722222222,0.060978070758171
19.9673611111111,0.0650156449093633
19.96875,0.0507844377320988
19.9701388888889,0.0644124077201013
19.9715277777778,0.0666025454037214
19.9729166666667,0.0479043119024071
19.9743055555556,0.0173613097943602
19.9756944444444,0.0805834621274514
19.9770833333333,0.0943479681051469
19.9784722222222,0.0962701028091719
19.9798611111111,0.053719066879067
19.98125,0.0398349446867961
19.9826388888889,0.0593330748270633
19.9840277777778,0.0685980506011963
19.9854166666667,0.0660168070504166
19.9868055555556,0.0706828402587123
19.9881944444444,0.0837204693527808
19.9895833333333,0.0819695977939864
19.9909722222222,0.120453207066761
19.9923611111111,0.0873738727897259
19.99375,0.0808749819227629
19.9951388888889,0.0640558418371776
19.9965277777778,0.067051554863813
19.9979166666667,0.109611233619018
19.9993055555556,0.148854086576872
20.0006944444444,0.123712027201779
20.0020833333333,0.129280384962779
20.0034722222222,0.121549013490862
20.0048611111111,0.0785646581782938
20.00625,0.0845409551504954
20.0076388888889,0.0835828566383659
20.0090277777778,0.0719729755441336
20.0104166666667,0.0717382893605969
20.0118055555556,0.0748931140134883
20.0131944444444,0.0664264825356813
20.0145833333333,0.0831805516311317
20.0159722222222,0.056013162940419
20.0173611111111,0.0684977420923008
20.01875,0.0641471146098104
20.0201388888889,0.0735180556095301
20.0215277777778,0.0748050577431061
20.0229166666667,0.0795925835256181
20.0243055555556,0.0830522366591596
20.0256944444444,0.07774952628999
20.0270833333333,0.087225086814788
20.0284722222222,0.0643335905391657
20.0298611111111,0.0771831615404437
20.03125,0.0669103802046793
20.0326388888889,0.0895496304535828
20.0340277777778,0.0956388661629874
20.0354166666667,0.103637737435291
20.0368055555556,0.0800177314989077
20.0381944444444,0.0973832409677062
20.0395833333333,0.100990492032373
20.0409722222222,0.11476841988764
20.0423611111111,0.0988416578206433
20.04375,0.0844967355850815
20.0451388888889,0.096747104794156
20.0465277777778,0.0780544072400853
20.0479166666667,0.0821687248160274
20.0493055555556,0.101284297324244
20.0506944444444,0.111761905344747
20.0520833333333,0.121541128762265
20.0534722222222,0.118928712971799
20.0548611111111,0.110348799644459
20.05625,0.102984580696311
20.0576388888889,0.0961122875478433
20.0590277777778,0.0740379007783402
20.0604166666667,0.105534599688542
20.0618055555556,0.0814926735730016
20.0631944444444,0.051862816702171
20.0645833333333,0.0525804397710112
20.0659722222222,0.0858351132110844
20.0673611111111,0.0711106859718138
20.06875,0.0678005736843472
20.0701388888889,0.0746062466281063
20.0715277777778,0.0494144614710026
20.0729166666667,0.0687898054709833
20.0743055555556,0.0648196587607633
20.0756944444444,0.0578996333155508
20.0770833333333,0.056779680144657
20.0784722222222,0.0543233900617535
20.0798611111111,0.0648666783640301
20.08125,0.0789309976769688
20.0826388888889,0.0766961036355922
20.0840277777778,0.103787925626718
20.0854166666667,0.114125452811309
20.0868055555556,0.0695484186433999
20.0881944444444,0.0622035062786302
20.0895833333333,0.0592394406514495
20.0909722222222,0.0506240911921839
20.0923611111111,0.0667393231564214
20.09375,0.0795906005907456
20.0951388888889,0.0785866567539539
20.0965277777778,0.092169353781988
20.0979166666667,0.0743705165795774
20.0993055555556,0.0690532218146883
20.1006944444444,0.0707715090779637
20.1020833333333,0.0713215723744843
20.1034722222222,0.0610046496146467
20.1048611111111,0.0421133154422983
20.10625,0.0405392876204548
20.1076388888889,0.0542095365912129
20.1090277777778,0.0503360292002527
20.1104166666667,0.0639232363943791
20.1118055555556,0.0559435310103201
20.1131944444444,0.0371732632339925
20.1145833333333,0.0683819463774541
20.1159722222222,0.0497679584814317
20.1173611111111,0.0287744768553488
20.11875,0.0400731377723463
20.1201388888889,0.0476121626731678
20.1215277777778,0.0458332161248244
20.1229166666667,0.0445251599622314
20.1243055555556,0.08170966201151
20.1256944444444,0.0713799910546896
20.1270833333333,0.0505602355965668
20.1284722222222,0.0718989568989877
20.1298611111111,0.072148412608417
20.13125,0.10627648130088
20.1326388888889,0.0959860930385941
20.1340277777778,0.0879439620018595
20.1354166666667,0.0820374423181568
20.1368055555556,0.0854508921428564
20.1381944444444,0.0493090716237
20.1395833333333,0.0505923433932068
20.1409722222222,0.0549852335750229
20.1423611111111,0.0827686207982621
20.14375,0.0943306498839956
20.1451388888889,0.0920184375213363
20.1465277777778,0.0843459201046979
20.1479166666667,0.0825612561463385
20.1493055555556,0.0623657277263376
20.1506944444444,0.0607964573631062
20.1520833333333,0.0457660725457151
20.1534722222222,0.0410183952225309
20.1548611111111,0.0346720208058729
20.15625,0.0415379982719496
20.1576388888889,0.0357239040145285
20.1590277777778,0.0638068953074086
20.1604166666667,0.074281407873099
20.1618055555556,0.0500398869663897
20.1631944444444,0.0314666949818196
20.1645833333333,0.0319731419983533
20.1659722222222,0.0419304460037387
20.1673611111111,0.035934815823919
20.16875,0.0408707612345874
20.1701388888889,0.0554090455206775
20.1715277777778,0.072059633656553
20.1729166666667,0.0870470629294721
20.1743055555556,0.0782431097516847
20.1756944444444,0.0572817460089718
20.1770833333333,0.0762078534826567
20.1784722222222,0.0695227081956733
20.1798611111111,0.0545996363170602
20.18125,0.0409868628333287
20.1826388888889,0.0443635111983303
20.1840277777778,0.0494926533024404
20.1854166666667,0.0338877965032075
20.1868055555556,0.0284465247883397
20.1881944444444,0.0377848576998282
20.1895833333333,0.059392465941709
20.1909722222222,0.049613143132665
20.1923611111111,0.0506811102340465
20.19375,0.0589576577000897
20.1951388888889,0.0573093128139281
20.1965277777778,0.0657592815777458
20.1979166666667,0.0509278294791068
20.1993055555556,0.0534817368830863
20.2006944444444,0.0565195957873522
20.2020833333333,0.0651335346788999
20.2034722222222,0.0682633699894194
20.2048611111111,0.0813009642742371
20.20625,0.0837317156659754
20.2076388888889,0.0959728936677797
20.2090277777778,0.0986571138717872
20.2104166666667,0.0853711871917645
20.2118055555556,0.070594348406037
20.2131944444444,0.0614646234770826
20.2145833333333,0.119800039542154
20.2159722222222,0.120322036026258
20.2173611111111,0.103749754269426
20.21875,0.0873142777723138
20.2201388888889,0.0840002088952986
20.2215277777778,0.0846452165932906
20.2229166666667,0.0908455448521461
20.2243055555556,0.0832465355546369
20.2256944444444,0.0850733557479427
20.2270833333333,0.0931819303736697
20.2284722222222,0.0850518717124331
20.2298611111111,0.0871916121281786
20.23125,0.107547524499972
20.2326388888889,0.0695046067025659
20.2340277777778,0.0873944033078695
20.2354166666667,0.0880338172122121
20.2368055555556,0.0777290796486235
20.2381944444444,0.082897133076418
20.2395833333333,0.08455485948393
20.2409722222222,0.0800429776885076
20.2423611111111,0.0933195664344705
20.24375,0.111756388266339
20.2451388888889,0.0630632882855144
20.2465277777778,0.0628173155294286
20.2479166666667,0.0744422642624639
20.2493055555556,0.0366224749796071
20.2506944444444,0.0182721741677423
20.2520833333333,0.0227852420446004
20.2534722222222,0.0341907675294835
20.2548611111111,0.050211968013061
20.25625,0.0785703848383582
20.2576388888889,0.0660142561838446
20.2590277777778,0.0846546476924196
20.2604166666667,0.0719666823531248
20.2618055555556,0.0473672951871555
20.2631944444444,0.0687961443471632
20.2645833333333,0.0724788934065365
20.2659722222222,0.0446709133513998
20.2673611111111,0.0418821981353418
20.26875,0.0458228630751556
20.2701388888889,0.0405760089151909
20.2715277777778,0.000135543111211986
20.2729166666667,-0.00139692399069311
20.2743055555556,-0.00229134879519096
20.2756944444444,0.0219438017504224
20.2770833333333,0.0407361371109575
20.2784722222222,0.031120310860587
20.2798611111111,0.0197207879102418
20.28125,0.0114943582006782
20.2826388888889,0.0424625294278984
20.2840277777778,0.0355890128840024
20.2854166666667,0.0216539551701476
20.2868055555556,0.0255170802870891
20.2881944444444,0.0418818304196631
20.2895833333333,0.0378795823872107
20.2909722222222,0.0250159580789619
20.2923611111111,0.00446954121440789
20.29375,-0.0063877696813198
20.2951388888889,0.0185270200979993
20.2965277777778,0.0170057845973412
20.2979166666667,0.0157963386085588
20.2993055555556,0.0230252692949777
20.3006944444444,0.0189259343813953
20.3020833333333,0.0298698528071188
20.3034722222222,0.021455215671739
20.3048611111111,0.0326357113688269
20.30625,0.0481329356906431
20.3076388888889,0.0561116568431229
20.3090277777778,0.0486648904896978
20.3104166666667,0.0480910565190735
20.3118055555556,0.0526916450108828
20.3131944444444,0.0713414768874188
20.3145833333333,0.0595751268822816
20.3159722222222,0.0509490820475142
20.3173611111111,0.0439216579208569
20.31875,0.0463135419584052
20.3201388888889,0.0524776502309991
20.3215277777778,0.0535211903550344
20.3229166666667,0.0240604985710821
20.3243055555556,0.02685361711188
20.3256944444444,0.029663477317818
20.3270833333333,0.0428210226303608
20.3284722222222,0.0908909159415564
20.3298611111111,0.0844093265865364
20.33125,0.055457736170927
20.3326388888889,0.0494785632394896
20.3340277777778,0.0614369520901948
20.3354166666667,0.0630116492553209
20.3368055555556,0.0646421871054682
20.3381944444444,0.0695048509640962
20.3395833333333,0.0575564538384353
20.3409722222222,0.0395581169127995
20.3423611111111,0.0705745305875548
20.34375,0.0709592041301261
20.3451388888889,0.0717237289675368
20.3465277777778,0.0817179577941151
20.3479166666667,0.0898039279462423
20.3493055555556,0.0868005443493216
20.3506944444444,0.104092663296539
20.3520833333333,0.103488610017607
20.3534722222222,0.137085354590473
20.3548611111111,0.0948056999605809
20.35625,0.0820341465995032
20.3576388888889,0.0618045143052895
20.3590277777778,0.0541744090351863
20.3604166666667,0.0571861196744389
20.3618055555556,0.0775891761293069
20.3631944444444,0.0752032080126049
20.3645833333333,0.047301653275569
20.3659722222222,0.0719151302087377
20.3673611111111,0.0637440263591626
20.36875,0.0708504335588865
20.3701388888889,0.0564329801346266
20.3715277777778,0.0604962182342806
20.3729166666667,0.0434614713990458
20.3743055555556,0.0417128729016375
20.3756944444444,0.0628314521877154
20.3770833333333,0.0440086753187163
20.3784722222222,0.0545703015446583
20.3798611111111,0.0544597734705351
20.38125,0.051369682200872
20.3826388888889,0.078468160310326
20.3840277777778,0.0637943076425406
20.3854166666667,0.0712652761836074
20.3868055555556,0.0735245151351354
20.3881944444444,0.0652905248870106
20.3895833333333,0.0617284444906393
20.3909722222222,0.0820043785727195
20.3923611111111,0.101536315746015
20.39375,0.10370704894434
20.3951388888889,0.0668017113882038
20.3965277777778,0.0837146521516363
20.3979166666667,0.0208095390453369
20.3993055555556,0.0217766318133569
20.4006944444444,0.0368837965629163
20.4020833333333,0.0599722234900594
20.4034722222222,0.0564541644670775
20.4048611111111,0.0521174960022171
20.40625,0.0650117677662253
20.4076388888889,0.0434236103918688
20.4090277777778,0.059067754675696
20.4104166666667,0.0815307493586613
20.4118055555556,0.0868802548422636
20.4131944444444,0.0492058204163432
20.4145833333333,0.0408607497502477
20.4159722222222,0.0405794377611569
20.4173611111111,0.0229086326962555
20.41875,0.0319729334320019
20.4201388888889,0.0378562670474977
20.4215277777778,0.0598927636989951
20.4229166666667,0.0537584023766932
20.4243055555556,0.0551670209626952
20.4256944444444,0.0261590907246189
20.4270833333333,0.0251317924164436
20.4284722222222,0.0430417733914141
20.4298611111111,0.0393231127698665
20.43125,0.0391307227355209
20.4326388888889,0.0258853416473261
20.4340277777778,0.023752497984371
20.4354166666667,0.0352076272049541
20.4368055555556,0.0333270409815508
20.4381944444444,0.00479970970575869
20.4395833333333,-0.00306757697605597
20.4409722222222,-0.0087127053961382
20.4423611111111,0.00536199648247351
20.44375,0.0149280638030391
20.4451388888889,0.0285036033166932
20.4465277777778,0.0267049256221616
20.4479166666667,0.0394729418627621
20.4493055555556,0.0325621379408025
20.4506944444444,0.0189707324101117
20.4520833333333,-0.0163745408261746
20.4534722222222,-0.0264672966030466
20.4548611111111,0.0106757896895908
20.45625,0.0174597817051093
20.4576388888889,0.0387081825454858
20.4590277777778,0.0112162285442864
20.4604166666667,-0.00718280036621688
20.4618055555556,0.00919350558014725
20.4631944444444,0.0384222025308016
20.4645833333333,-0.000152430568000982
20.4659722222222,-0.0323226499253817
20.4673611111111,-0.0277594552143884
20.46875,0.00383776714158843
20.4701388888889,0.0182134379314829
20.4715277777778,0.0293987856851469
20.4729166666667,0.0237279632895325
20.4743055555556,0.0302021798717462
20.4756944444444,0.0493965292957227
20.4770833333333,0.0387853655200689
20.4784722222222,0.00681421421667717
20.4798611111111,0.0435890772220024
20.48125,0.0191631227504042
20.4826388888889,0.000965298442974839
20.4840277777778,0.0229981705040807
20.4854166666667,0.0411464639511839
20.4868055555556,0.0204474228788818
20.4881944444444,0.00735910372167268
20.4895833333333,0.0169774311736956
20.4909722222222,0.013608135762033
20.4923611111111,0.011879796617714
20.49375,0.0531877724535996
20.4951388888889,0.0122142177757098
20.4965277777778,-0.00113047608160764
20.4979166666667,-0.00478757271681941
20.4993055555556,0.0115540492472126
20.5006944444444,-0.00330856385414514
20.5020833333333,-0.00584780258169045
20.5034722222222,0.0149683857210684
20.5048611111111,0.03244358309378
20.50625,0.0227621280695886
20.5076388888889,-0.00762426018790439
20.5090277777778,-0.0248067568435575
20.5104166666667,0.00392147207534071
20.5118055555556,-0.0301135128983693
20.5131944444444,-0.0218765690409291
20.5145833333333,-0.0322721133712385
20.5159722222222,-0.040752772091599
20.5173611111111,-0.0206603273989978
20.51875,-0.019875583793726
20.5201388888889,-0.0100883533326374
20.5215277777778,-0.0427894392433619
20.5229166666667,-0.0200410014687077
20.5243055555556,-0.0734805885302188
20.5256944444444,-0.0594198011207714
20.5270833333333,-0.0772227227316112
20.5284722222222,-0.0573580122036482
20.5298611111111,-0.0450075746129878
20.53125,-0.0343201455586404
20.5326388888889,-0.0357930570744824
20.5340277777778,-0.0151258431821048
20.5354166666667,-0.0310307893667134
20.5368055555556,-0.0245928630840371
20.5381944444444,0.00636999360836147
20.5395833333333,-0.0741593698748702
20.5409722222222,-0.0152367888619397
20.5423611111111,0.00324201254827051
20.54375,0.0104087917871256
20.5451388888889,0.0162739428021511
20.5465277777778,0.0177166668696224
20.5479166666667,-0.02128128560374
20.5493055555556,-0.0329936591817593
20.5506944444444,-0.000137560577763167
20.5520833333333,-0.00360328441346446
20.5534722222222,0.0178776798330302
20.5548611111111,0.010429755710004
20.55625,0.00941171320438265
20.5576388888889,-0.00535912653415908
20.5590277777778,-0.00391744170361082
20.5604166666667,0.0087377677136872
20.5618055555556,0.0628177644065996
20.5631944444444,0.0950318748211345
20.5645833333333,0.107858228939409
20.5659722222222,0.0627337061732638
20.5673611111111,0.0566708716824379
20.56875,0.0883027809624715
20.5701388888889,0.0720461391905398
20.5715277777778,0.0645460290152956
20.5729166666667,0.0698537640706682
20.5743055555556,0.0788654561892342
20.5756944444444,0.0816674450450777
20.5770833333333,0.0557521043046162
20.5784722222222,0.0579041893411377
20.5798611111111,0.0579825744105482
20.58125,0.0373076085386874
20.5826388888889,0.0162357761623315
20.5840277777778,0.012575269163077
20.5854166666667,0.00453240132925092
20.5868055555556,0.0256837995742083
20.5881944444444,0.0184581388443302
20.5895833333333,0.0285685555870493
20.5909722222222,0.0305481592744179
20.5923611111111,0.046438034812115
20.59375,0.0462130393530443
20.5951388888889,0.0388413038409959
20.5965277777778,0.0726942433622522
20.5979166666667,0.0677003257204557
20.5993055555556,0.0628910461662723
20.6006944444444,0.0378418146626707
20.6020833333333,0.0521164256241419
20.6034722222222,0.0810857870150072
20.6048611111111,0.0449087551060548
20.60625,0.0439666444728653
20.6076388888889,0.066826748374272
20.6090277777778,0.072551531409805
20.6104166666667,0.0629414223251275
20.6118055555556,0.0637393690573358
20.6131944444444,0.05147663041265
20.6145833333333,0.0600204122729425
20.6159722222222,0.0742484000295063
20.6173611111111,0.0888994718630684
20.61875,0.125498798617091
20.6201388888889,0.128696544237183
20.6215277777778,0.142300083926081
20.6229166666667,0.106917573925302
20.6243055555556,0.109747581998334
20.6256944444444,0.108410723066457
20.6270833333333,0.0936471582047919
20.6284722222222,0.0953615353411992
20.6298611111111,0.116410695995152
20.63125,0.0885620914691317
20.6326388888889,0.0826796123152909
20.6340277777778,0.106265752742196
20.6354166666667,0.12986557012511
20.6368055555556,0.126217439536998
20.6381944444444,0.0960872598085385
20.6395833333333,0.0856129144585996
20.6409722222222,0.0683522481784042
20.6423611111111,0.0885057150137492
20.64375,0.0899330717288377
20.6451388888889,0.0868747023350955
20.6465277777778,0.0871957886861613
20.6479166666667,0.0868562062802033
20.6493055555556,0.088271012092572
20.6506944444444,0.0892368684189599
20.6520833333333,0.0853702095328744
20.6534722222222,0.0772722595919292
20.6548611111111,0.0767550677097356
20.65625,0.08022781180732
20.6576388888889,0.0850617137671035
20.6590277777778,0.0802147307139531
20.6604166666667,0.0547416379260212
20.6618055555556,0.0815913383233593
20.6631944444444,0.055548841415423
20.6645833333333,0.117861125687221
20.6659722222222,0.123115008834158
20.6673611111111,0.108897826733969
20.66875,0.107285212382494
20.6701388888889,0.11293179074147
20.6715277777778,0.131206124813796
20.6729166666667,0.109063053384259
20.6743055555556,0.107752758424607
20.6756944444444,0.0954921105287238
20.6770833333333,0.0906190074268037
20.6784722222222,0.0939207481380384
20.6798611111111,0.101930459369858
20.68125,0.0927172712308913
20.6826388888889,0.0955281295365989
20.6840277777778,0.0943287031088657
20.6854166666667,0.083943859462189
20.6868055555556,0.0865441705238204
20.6881944444444,0.108410227328113
20.6895833333333,0.0866434568098205
20.6909722222222,0.0835108622229704
20.6923611111111,0.0946296938299129
20.69375,0.0824367525350161
20.6951388888889,0.0694931731281126
20.6965277777778,0.100238542992858
20.6979166666667,0.122509522850226
20.6993055555556,0.137706241305613
20.7006944444444,0.112831999242228
20.7020833333333,0.0856236521393346
20.7034722222222,0.0935077390695843
20.7048611111111,0.073256880485193
20.70625,0.0632960598746659
20.7076388888889,0.0638054760091404
20.7090277777778,0.0827056495755155
20.7104166666667,0.0882887941123728
20.7118055555556,0.0844803866594344
20.7131944444444,0.0895621974904896
20.7145833333333,0.0794797404244511
20.7159722222222,0.0852412219764592
20.7173611111111,0.0774208093805808
20.71875,0.0992821442285636
20.7201388888889,0.105039587758224
20.7215277777778,0.112718969961751
20.7229166666667,0.116032270951755
20.7243055555556,0.144558292256223
20.7256944444444,0.109892969515129
20.7270833333333,0.161390193944832
20.7284722222222,0.144321621194762
20.7298611111111,0.109506303577399
20.73125,0.0922783225460777
20.7326388888889,0.073033719289241
20.7340277777778,0.0597572190012954
20.7354166666667,0.118468837350856
20.7368055555556,0.103265765952686
20.7381944444444,0.0899025779277136
20.7395833333333,0.0750105918285163
20.7409722222222,0.110290297243935
20.7423611111111,0.124597110081266
20.74375,0.133617484122695
20.7451388888889,0.113551975546938
20.7465277777778,0.096510699727866
20.7479166666667,0.105231215116506
20.7493055555556,0.118288721123929
20.7506944444444,0.0995584874007433
20.7520833333333,0.0778182775345653
20.7534722222222,0.0776674524632759
20.7548611111111,0.068338865218008
20.75625,0.0579737702488198
20.7576388888889,0.0752356306147657
20.7590277777778,0.0505750244168653
20.7604166666667,0.036541823308014
20.7618055555556,0.0685919609522161
20.7631944444444,0.0803422261297207
20.7645833333333,0.0916846235989152
20.7659722222222,0.0640008801364173
20.7673611111111,0.0681726053493091
20.76875,0.0814352973629772
20.7701388888889,0.0789456210180766
20.7715277777778,0.0731063991181952
20.7729166666667,0.069288337454445
20.7743055555556,0.0630180782565543
20.7756944444444,0.0361736999005883
20.7770833333333,0.049202342478266
20.7784722222222,0.0621901321362011
20.7798611111111,0.0564799027865599
20.78125,0.0516134750415368
20.7826388888889,0.0459220137659683
20.7840277777778,0.0670508022200541
20.7854166666667,0.0594181933294602
20.7868055555556,0.0532459778272758
20.7881944444444,0.0776652414018616
20.7895833333333,0.0739108186598806
20.7909722222222,0.0247068733477718
20.7923611111111,0.0150927328107641
20.79375,0.0354044534450792
20.7951388888889,0.0512997508924728
20.7965277777778,0.0763288718158214
20.7979166666667,0.0799123757008059
20.7993055555556,0.0837587504925715
20.8006944444444,0.113943231691162
20.8020833333333,0.0943375999358739
20.8034722222222,0.0786692777237905
20.8048611111111,0.0806485954082732
20.80625,0.066891427136837
20.8076388888889,0.0930986031560378
20.8090277777778,0.0885268300754381
20.8104166666667,0.0880164939197251
20.8118055555556,0.079131416405483
20.8131944444444,0.0790101854862481
20.8145833333333,0.0870768451372319
20.8159722222222,0.0805266815898193
20.8173611111111,0.0712967537038755
20.81875,0.0927875432327573
20.8201388888889,0.102113692276187
20.8215277777778,0.096462375447964
20.8229166666667,0.116912280237957
20.8243055555556,0.130077977358795
20.8256944444444,0.0912194788652748
20.8270833333333,0.0955953434361189
20.8284722222222,0.0750898610487997
20.8298611111111,0.091939690414826
20.83125,0.108902282393828
20.8326388888889,0.101518430122958
20.8340277777778,0.101067439441233
20.8354166666667,0.107700928341774
20.8368055555556,0.0933541882922431
20.8381944444444,0.100079485499948
20.8395833333333,0.108383070623582
20.8409722222222,0.103326667336521
20.8423611111111,0.0940965450308999
20.84375,0.0916764157471093
20.8451388888889,0.0947738905921939
20.8465277777778,0.124838182245397
20.8479166666667,0.0864269976101082
20.8493055555556,0.050614110602528
20.8506944444444,0.0457554189211904
20.8520833333333,0.0459254882583288
20.8534722222222,0.0403882975264252
20.8548611111111,0.0524884427723899
20.85625,0.0586843407156321
20.8576388888889,0.0303142573690751
20.8590277777778,0.0452522915127835
20.8604166666667,0.0367665477455532
20.8618055555556,0.0185124591459173
20.8631944444444,0.0154519945817735
20.8645833333333,0.0173609640753971
20.8659722222222,0.0399762887600933
20.8673611111111,0.0446559053522665
20.86875,0.0507255995007269
20.8701388888889,0.0494201819975386
20.8715277777778,0.0168717263383386
20.8729166666667,-0.00146250530274576
20.8743055555556,-0.00754523386208484
20.8756944444444,0.0107663982246855
20.8770833333333,0.00549686850048691
20.8784722222222,-0.0228080490359365
20.8798611111111,0.0122074228598419
20.88125,-0.0361786695137793
20.8826388888889,-0.0151417265282053
20.8840277777778,0.0120266667283236
20.8854166666667,0.0469967312811719
20.8868055555556,0.0180587328325397
20.8881944444444,-0.00411905095688428
20.8895833333333,-0.0152006002912126
20.8909722222222,0.0133249373545427
20.8923611111111,0.0365713466270647
20.89375,0.0401712876087045
20.8951388888889,0.0116876400572888
20.8965277777778,0.0135061620085466
20.8979166666667,0.0467499271339457
20.8993055555556,0.0610380014142026
20.9006944444444,0.0583890556997017
20.9020833333333,0.0680937831796297
20.9034722222222,0.0760377082185848
20.9048611111111,0.0797761760418866
20.90625,0.0814086358756793
20.9076388888889,0.0460581772424703
20.9090277777778,0.0531723466046899
20.9104166666667,0.0776392484459491
20.9118055555556,0.0631404779019424
20.9131944444444,0.0776848101100161
20.9145833333333,0.0845090379484657
20.9159722222222,0.0791878429406247
20.9173611111111,0.0713960917351426
20.91875,0.0748667303625629
20.9201388888889,0.0905228679846445
20.9215277777778,0.0847330981033043
20.9229166666667,0.0827744047045444
20.9243055555556,0.0636079522091169
20.9256944444444,0.049224799144302
20.9270833333333,0.0641072327217782
20.9284722222222,0.0549124652202515
20.9298611111111,0.0520197614129902
20.93125,0.0505844800860005
20.9326388888889,0.063283430802484
20.9340277777778,0.051384215802685
20.9354166666667,0.0530147064378662
20.9368055555556,0.0348792544939704
20.9381944444444,0.0261293056023703
20.9395833333333,0.0299695329724561
20.9409722222222,0.0359601157708667
20.9423611111111,0.0467879546146281
20.94375,0.046627639656978
20.9451388888889,0.0364425840612668
20.9465277777778,0.0197128133194281
20.9479166666667,0.015602025558228
20.9493055555556,0.0161812888168594
20.9506944444444,0.0247299026001499
20.9520833333333,0.0120229289370322
20.9534722222222,0.0299676132704152
20.9548611111111,0.0252296859088825
20.95625,0.012725997974196
20.9576388888889,-0.0136917934451487
20.9590277777778,0.0170402531047027
20.9604166666667,0.018380323667562
20.9618055555556,0.0039707952100376
20.9631944444444,0.0181675291958479
20.9645833333333,0.0452194688066894
20.9659722222222,0.0563323546139882
20.9673611111111,0.0309801261618829
20.96875,0.0215495458193082
20.9701388888889,0.0314490117356717
20.9715277777778,0.0273789935625774
20.9729166666667,0.0170242945848884
20.9743055555556,0.0163318483713854
20.9756944444444,0.0217591897016503
20.9770833333333,0.0302786331236399
20.9784722222222,0.0279561893668817
20.9798611111111,0.0264194888520363
20.98125,0.0222057913567793
20.9826388888889,0.0214312578015755
20.9840277777778,0.0108903512756933
20.9854166666667,0.0322672338582455
20.9868055555556,0.0219718391926029
20.9881944444444,0.0103115675769644
20.9895833333333,0.0112708146728183
20.9909722222222,0.023068155303762
20.9923611111111,0.0235468764592464
20.99375,0.000241817939702686
20.9951388888889,0.0263986046923325
20.9965277777778,0.0209477139024537
20.9979166666667,0.004840633502331
20.9993055555556,-0.00582047750767486
21.0006944444444,0.0114930473215343
21.0020833333333,0.0015157972957319
21.0034722222222,-0.00173362448041002
21.0048611111111,0.0398072041060877
21.00625,0.0110592381601319
21.0076388888889,0.00714125231539083
21.0090277777778,0.0162080468731566
21.0104166666667,0.0124720138296998
21.0118055555556,0.00847833461192799
21.0131944444444,0.0066310132255136
21.0145833333333,0.00134482717225679
21.0159722222222,0.00337668258482811
21.0173611111111,0.00783399147452605
21.01875,0.0237474470168201
21.0201388888889,-0.00265831809073868
21.0215277777778,-0.0173096576058573
21.0229166666667,-0.00253246709831196
21.0243055555556,0.00603130009134045
21.0256944444444,0.0192958921680882
21.0270833333333,0.0249762118086926
21.0284722222222,0.0471790500226018
21.0298611111111,0.0211547063911121
21.03125,-0.0197470751361785
21.0326388888889,-0.0249783532378354
21.0340277777778,-0.0176886300807748
21.0354166666667,-0.00548649140518559
21.0368055555556,-0.00590409377891039
21.0381944444444,0.00919314681083653
21.0395833333333,-0.00759808004151316
21.0409722222222,-0.00123398336321624
21.0423611111111,-0.00952952097834314
21.04375,-0.0150393223913428
21.0451388888889,-0.0106056074750824
21.0465277777778,-0.021332469853498
21.0479166666667,-0.0231764581521478
21.0493055555556,-0.0419140339308604
21.0506944444444,-0.0275318520121669
21.0520833333333,-0.037981390078156
21.0534722222222,-0.0252385904547323
21.0548611111111,-0.0213266100801781
21.05625,-0.0123091848121831
21.0576388888889,-0.0482712990774237
21.0590277777778,-0.0407307714577376
21.0604166666667,-0.0383121703721888
21.0618055555556,-0.0326562755322347
21.0631944444444,-0.0293066829113359
21.0645833333333,-0.0338180656449021
21.0659722222222,-0.0301099251934676
21.0673611111111,-0.0246582628750088
21.06875,-0.0194520280130219
21.0701388888889,-0.0148906329719249
21.0715277777778,0.0105487099200348
21.0729166666667,-0.00176749859908569
21.0743055555556,-0.0036690279880075
21.0756944444444,0.0102324230301681
21.0770833333333,0.00163077667406547
21.0784722222222,0.00737111217679919
21.0798611111111,0.0133717252508933
21.08125,0.00705154041627464
21.0826388888889,0.0193955719108695
21.0840277777778,0.0307884123790301
21.0854166666667,0.0266200195830096
21.0868055555556,0.0102019146213653
21.0881944444444,0.00312628870831674
21.0895833333333,0.0369658393121681
21.0909722222222,0.0253956363642114
21.0923611111111,-0.000819600311368507
21.09375,0.000394889908634165
21.0951388888889,-0.00219759215798702
21.0965277777778,0.0203155199557694
21.0979166666667,0.0273447329674276
21.0993055555556,0.0124599704329957
21.1006944444444,0.0344501484501786
21.1020833333333,-0.0051409827633331
21.1034722222222,-0.00649483956189227
21.1048611111111,-0.00271616046397047
21.10625,0.0115993268519662
21.1076388888889,-0.000762495190969145
21.1090277777778,-0.00944629476045801
21.1104166666667,-0.0156422182586075
21.1118055555556,-0.00573106670699472
21.1131944444444,-0.00315702260253295
21.1145833333333,-0.00965796168501242
21.1159722222222,0.0295540006059114
21.1173611111111,-0.00511491352829286
21.11875,0.00218928204940356
21.1201388888889,-0.00937415570178772
21.1215277777778,-0.0396605257311101
21.1229166666667,-0.044411247216911
21.1243055555556,-0.0351035958182423
21.1256944444444,-0.00747006214653147
21.1270833333333,-0.0239374148048051
21.1284722222222,-0.0441521534359413
21.1298611111111,-0.0599764006615703
21.13125,-0.0390709778956369
21.1326388888889,-0.0254938475437542
21.1340277777778,-0.0253202185611048
21.1354166666667,0.00550808358266584
21.1368055555556,0.0222577018153933
21.1381944444444,0.00148764816378582
21.1395833333333,0.00129486810860529
21.1409722222222,0.0120956153548367
21.1423611111111,0.016809542990133
21.14375,0.0267151356135199
21.1451388888889,0.0114759351067192
21.1465277777778,0.0351351285990708
21.1479166666667,0.0330126302002681
21.1493055555556,0.0394446568213333
21.1506944444444,0.0366774505660271
21.1520833333333,0.011885139324228
21.1534722222222,0.0158040477672547
21.1548611111111,-0.0229120828516322
21.15625,-0.021009327653806
21.1576388888889,-0.00751002158099821
21.1590277777778,0.0117347718728101
21.1604166666667,0.0233124007080744
21.1618055555556,0.00946577621180999
21.1631944444444,-0.00130054794295244
21.1645833333333,0.00388717196185144
21.1659722222222,0.0183910220471941
21.1673611111111,0.0183662906748455
21.16875,-0.00929418077101114
21.1701388888889,0.003844606550436
21.1715277777778,0.021955110192313
21.1729166666667,0.017600209499653
21.1743055555556,0.0182816187408839
21.1756944444444,-0.00644730675432796
21.1770833333333,-0.0174594919584836
21.1784722222222,-0.00538170103209878
21.1798611111111,0.0070257575516947
21.18125,-0.00869316747358904
21.1826388888889,-0.0195279909563132
21.1840277777778,-0.0216987560560665
21.1854166666667,0.00101905375959274
21.1868055555556,0.0112126958911748
21.1881944444444,0.00707645287219718
21.1895833333333,0.0438159435292891
21.1909722222222,0.0339123724029875
21.1923611111111,-0.00968581890058542
21.19375,0.00690782200670522
21.1951388888889,0.0140426637071684
21.1965277777778,0.00173436402447517
21.1979166666667,-0.0102915353832674
21.1993055555556,-0.022247302560105
21.2006944444444,0.0164032572407731
21.2020833333333,0.0327766732206061
21.2034722222222,0.0383183110299417
21.2048611111111,0.0634276277557248
21.20625,0.0308889031679615
21.2076388888889,0.0231862255035864
21.2090277777778,0.0260444669297117
21.2104166666667,0.00587227829869419
21.2118055555556,0.00751752555574332
21.2131944444444,0.010817266950227
21.2145833333333,-0.0113949762661351
21.2159722222222,-0.00621054465149542
21.2173611111111,0.0316671202401146
21.21875,-0.0118558797582692
21.2201388888889,-0.0151375292825304
21.2215277777778,-0.0105866097237633
21.2229166666667,-0.0168208331718589
21.2243055555556,0.0174632284884773
21.2256944444444,0.0035970339126187
21.2270833333333,0.0068062793315083
21.2284722222222,-0.0131781840819081
21.2298611111111,-0.0422505311539762
21.23125,0.00369638702689804
21.2326388888889,-0.0269602598255955
21.2340277777778,-0.027321857207715
21.2354166666667,-0.0211573010295116
21.2368055555556,-0.0228134315589234
21.2381944444444,-0.0124721769509495
21.2395833333333,-0.0106716429783493
21.2409722222222,-0.000767052190791719
21.2423611111111,0.0264083285598984
21.24375,0.00676013034147491
21.2451388888889,0.000419113229454475
21.2465277777778,0.0012696144124204
21.2479166666667,-0.0127932308584446
21.2493055555556,-0.00685609344743401
21.2506944444444,0.00673946137722238
21.2520833333333,0.025393608660415
21.2534722222222,0.00532124745337212
21.2548611111111,0.00415677333682619
21.25625,0.0121436640615826
21.2576388888889,0.020292662992259
21.2590277777778,0.0138081072312554
21.2604166666667,-0.00420351467938416
21.2618055555556,-0.00287376982941625
21.2631944444444,-0.0150608448729381
21.2645833333333,0.00116358474759958
21.2659722222222,0.002907323569673
21.2673611111111,0.00913006715683849
21.26875,0.0125910051290588
21.2701388888889,0.0125799113817254
21.2715277777778,0.0110020336299789
21.2729166666667,0.00709291436287488
21.2743055555556,0.0136519169594348
21.2756944444444,0.0302438953260954
21.2770833333333,0.0146736990339357
21.2784722222222,-0.00197814236812223
21.2798611111111,-0.0291191411971374
21.28125,-0.0233812581611967
21.2826388888889,-0.00408398501877952
21.2840277777778,0.00202128050779478
21.2854166666667,-0.0140641946423107
21.2868055555556,-0.0200476531995691
21.2881944444444,-0.00512720529762895
21.2895833333333,-0.0169404590592621
21.2909722222222,-0.00694712059301354
21.2923611111111,0.0184843651142459
21.29375,0.00132808082024619
21.2951388888889,-0.00962462312906928
21.2965277777778,-0.00925034545702471
21.2979166666667,-0.00590241526181744
21.2993055555556,-0.0292984188519307
21.3006944444444,-0.031234495050839
21.3020833333333,-0.021463121679262
21.3034722222222,-0.0451265662776564
21.3048611111111,-0.0462201236171372
21.30625,0.0171038720651485
21.3076388888889,0.0374709658349059
21.3090277777778,0.0236073275204466
21.3104166666667,-0.0166809725753638
21.3118055555556,0.00585665256909682
21.3131944444444,0.0100031283434625
21.3145833333333,0.00345691558532491
21.3159722222222,0.0150337857074664
21.3173611111111,-0.00471193526147588
21.31875,0.0072581514827803
21.3201388888889,-0.00501187758677794
21.3215277777778,-0.00707263910534313
21.3229166666667,-0.0393519008853905
21.3243055555556,-0.0254894366771648
21.3256944444444,-0.0317080625885275
21.3270833333333,-0.0232211505910124
21.3284722222222,-0.0118067880485944
21.3298611111111,-0.0204402755461308
21.33125,-0.0143741163771216
21.3326388888889,-0.0446116677587887
21.3340277777778,-0.0505157127304973
21.3354166666667,-0.0420102628841334
21.3368055555556,-0.0298288269816862
21.3381944444444,-0.0522905774437672
21.3395833333333,-0.0626136790160523
21.3409722222222,-0.0577505287760853
21.3423611111111,-0.0467590489410186
21.34375,-0.0673686140481162
21.3451388888889,-0.0205871833833479
21.3465277777778,-0.0441630746753782
21.3479166666667,-0.0142574810400659
21.3493055555556,-0.026898177698448
21.3506944444444,-0.0315067360919342
21.3520833333333,-0.0080664801729414
21.3534722222222,-0.032329095390801
21.3548611111111,-0.0288746202583628
21.35625,-0.0226735150587086
21.3576388888889,-0.0303743938488959
21.3590277777778,-0.0594092965534476
21.3604166666667,-0.012425994817548
21.3618055555556,-0.0151193080319842
21.3631944444444,0.00643184953159221
21.3645833333333,0.00164500192678014
21.3659722222222,-0.0065503245368466
21.3673611111111,-0.0154997881793319
21.36875,-0.0305018974658186
21.3701388888889,-0.0323597014901411
21.3715277777778,-0.0310046040427963
21.3729166666667,-0.0280324211881097
21.3743055555556,-0.0242813798980364
21.3756944444444,-0.0209194354887136
21.3770833333333,-0.0266838563956796
21.3784722222222,-0.0128234397767358
21.3798611111111,-0.0199112137201343
21.38125,-0.0452843548535313
21.3826388888889,-0.0424704296649715
21.3840277777778,-0.0395590859710649
21.3854166666667,-0.0506049799272284
21.3868055555556,-0.0374879760402129
21.3881944444444,-0.0379656523342732
21.3895833333333,-0.0402337738678709
21.3909722222222,-0.0177444140968893
21.3923611111111,-0.0497590727465491
21.39375,-0.0343507862146068
21.3951388888889,-0.0445398885381546
21.3965277777778,-0.032731200126306
21.3979166666667,-0.0351696283195557
21.3993055555556,-0.0324505394932747
21.4006944444444,-0.0468972153861212
21.4020833333333,-0.0358894729887438
21.4034722222222,-0.0406445469341832
21.4048611111111,-0.0434674156951395
21.40625,-0.00277522769597699
21.4076388888889,0.0108364035626433
21.4090277777778,-0.0198814254776694
21.4104166666667,-0.037204664267296
21.4118055555556,-0.0480020774250853
21.4131944444444,-0.057284063212533
21.4145833333333,-0.0489608644567375
21.4159722222222,-0.0578294822739769
21.4173611111111,-0.0331505975235909
21.41875,-0.037621369056614
21.4201388888889,-0.0332172443094511
21.4215277777778,-0.0374155049209428
21.4229166666667,-0.0385818304388282
21.4243055555556,-0.0297056702276393
21.4256944444444,-0.0567028765628894
21.4270833333333,-0.0357023554356739
21.4284722222222,-0.0324532864476874
21.4298611111111,-0.0130494558755107
21.43125,-0.0177297246696559
21.4326388888889,-0.058117271179016
21.4340277777778,-0.0525638893776046
21.4354166666667,-0.0513018160089873
21.4368055555556,-0.0694182200395327
21.4381944444444,-0.0660718284368802
21.4395833333333,-0.0372473137573585
21.4409722222222,-0.0404392968549246
21.4423611111111,-0.0736379642492281
21.44375,-0.101810488990088
21.4451388888889,-0.0923373660032302
21.4465277777778,-0.0943075635626935
21.4479166666667,-0.10581887634875
21.4493055555556,-0.0647129897661717
21.4506944444444,-0.0657113551264698
21.4520833333333,-0.0656582504324794
21.4534722222222,-0.046696558219952
21.4548611111111,-0.0338714363216916
21.45625,-0.0691952892352441
21.4576388888889,-0.0405572322682244
21.4590277777778,-0.041949111747916
21.4604166666667,-0.0231152210530351
21.4618055555556,-0.0592214901913571
21.4631944444444,-0.0670697352897322
21.4645833333333,-0.0563375110977804
21.4659722222222,-0.062292759242115
21.4673611111111,-0.0500346269057638
21.46875,-0.0494671196064965
21.4701388888889,-0.0378205041403504
21.4715277777778,-0.0385009007160946
21.4729166666667,-0.0334048727908619
21.4743055555556,-0.0356818043217056
21.4756944444444,-0.0242771260124017
21.4770833333333,0.0230080511983095
21.4784722222222,-0.011726067087681
21.4798611111111,-0.0374973410026567
21.48125,-0.0244341101445239
21.4826388888889,-0.0318504877067867
21.4840277777778,-0.0819358861078197
21.4854166666667,-0.0773912310656817
21.4868055555556,-0.104075855537699
21.4881944444444,-0.0581427890658645
21.4895833333333,-0.0629797634543972
21.4909722222222,-0.086034773740953
21.4923611111111,-0.10484504484263
21.49375,-0.129968786673107
21.4951388888889,-0.128530141478884
21.4965277777778,-0.0986740897938294
21.4979166666667,-0.108061879200041
21.4993055555556,-0.116185934971282
21.5006944444444,-0.112096410800411
21.5020833333333,-0.0938773938040021
21.5034722222222,-0.0924767902004954
21.5048611111111,-0.110087652081254
21.50625,-0.108797871729695
21.5076388888889,-0.101394213979391
21.5090277777778,-0.0947320408448903
21.5104166666667,-0.0933687034422753
21.5118055555556,-0.113225774130342
21.5131944444444,-0.114826441620087
21.5145833333333,-0.136722048234959
21.5159722222222,-0.116753492960063
21.5173611111111,-0.0954134748589077
21.51875,-0.0779992608635003
21.5201388888889,-0.0868178657461506
21.5215277777778,-0.121476769703265
21.5229166666667,-0.122456492146321
21.5243055555556,-0.11134043173478
21.5256944444444,-0.0875830543491058
21.5270833333333,-0.0887544230003569
21.5284722222222,-0.104233057131528
21.5298611111111,-0.0980787067578835
21.53125,-0.0875611881203781
21.5326388888889,-0.103145166263893
21.5340277777778,-0.127726837291758
21.5354166666667,-0.110539191418643
21.5368055555556,-0.0795128890506858
21.5381944444444,-0.0653520071544061
21.5395833333333,-0.0891388119978234
21.5409722222222,-0.0798149025374945
21.5423611111111,-0.072804782405288
21.54375,-0.0683201239210099
21.5451388888889,-0.0448063347676468
21.5465277777778,-0.0299364728961298
21.5479166666667,-0.0398471495243147
21.5493055555556,-0.0347245953349798
21.5506944444444,-0.0198827454124146
21.5520833333333,-0.0974806175307637
21.5534722222222,-0.103175355308388
21.5548611111111,-0.0899840683345252
21.55625,-0.117104723910918
21.5576388888889,-0.0949605160420953
21.5590277777778,-0.10405660243114
21.5604166666667,-0.0794952757622398
21.5618055555556,-0.0600608154133308
21.5631944444444,-0.0621374107514448
21.5645833333333,-0.090860002663883
21.5659722222222,-0.0814554013256232
21.5673611111111,-0.085262315541643
21.56875,-0.049108766673286
21.5701388888889,-0.0539166041596459
21.5715277777778,-0.0653603970676629
21.5729166666667,-0.0709933010323214
21.5743055555556,-0.0848223665147677
21.5756944444444,-0.0826290526488871
21.5770833333333,-0.0987095152071422
21.5784722222222,-0.0544331200191854
21.5798611111111,-0.046427331968343
21.58125,-0.0747456102667507
21.5826388888889,-0.0690711781308815
21.5840277777778,-0.0707437352313035
21.5854166666667,-0.0654132921019396
21.5868055555556,-0.0497003719181747
21.5881944444444,-0.0496101150592363
21.5895833333333,-0.0658057395588207
21.5909722222222,-0.0470120915322176
21.5923611111111,-0.0459036810053765
21.59375,-0.059307725250308
21.5951388888889,-0.0535967691568897
21.5965277777778,-0.0584807746308939
21.5979166666667,-0.0372945045623293
21.5993055555556,-0.0440043297098706
21.6006944444444,-0.044284147147931
21.6020833333333,-0.0521525971349923
21.6034722222222,-0.0509645529747043
21.6048611111111,-0.035121848390412
21.60625,-0.0544426599656139
21.6076388888889,-0.0662260827280917
21.6090277777778,-0.0669603950730202
21.6104166666667,-0.0538654304654117
21.6118055555556,-0.0537188693119622
21.6131944444444,-0.0397574187335878
21.6145833333333,-0.0470594165071538
21.6159722222222,-0.0503039687826542
21.6173611111111,-0.020362582616658
21.61875,-0.0618381746032276
21.6201388888889,-0.0535222593604995
21.6215277777778,-0.0380527528767792
21.6229166666667,-0.0293090294014395
21.6243055555556,-0.0358143533363696
21.6256944444444,-0.034649044512756
21.6270833333333,-0.0717975024803978
21.6284722222222,-0.0429820323958218
21.6298611111111,-0.049590331686629
21.63125,-0.0520908339314271
21.6326388888889,-0.0877273770097946
21.6340277777778,-0.0917274348030595
21.6354166666667,-0.0899982711843639
21.6368055555556,-0.0709280043392115
21.6381944444444,-0.0744121779843525
21.6395833333333,-0.0783103519808925
21.6409722222222,-0.0768120377687251
21.6423611111111,-0.0768445981875641
21.64375,-0.0887082099780459
21.6451388888889,-0.0917115062749273
21.6465277777778,-0.0772494650561223
21.6479166666667,-0.0983079653636672
21.6493055555556,-0.0812984005717244
21.6506944444444,-0.0808089299212727
21.6520833333333,-0.0766629644389618
21.6534722222222,-0.0665971208556226
21.6548611111111,-0.0763188930632666
21.65625,-0.0753777168379007
21.6576388888889,-0.0880955513936683
21.6590277777778,-0.0843574347967892
21.6604166666667,-0.0899954784893278
21.6618055555556,-0.0859741033320544
21.6631944444444,-0.0984461394568811
21.6645833333333,-0.0690246420531686
21.6659722222222,-0.0711075927838622
21.6673611111111,-0.059330303537465
21.66875,-0.0450694244957261
21.6701388888889,-0.0629266542594612
21.6715277777778,-0.0733175383215449
21.6729166666667,-0.0693416384342421
21.6743055555556,-0.0739837960764226
21.6756944444444,-0.0742586339358917
21.6770833333333,-0.084383234585068
21.6784722222222,-0.0731785361496479
21.6798611111111,-0.0546527846553502
21.68125,-0.0653738640232696
21.6826388888889,-0.0773162029349581
21.6840277777778,-0.0533031339990896
21.6854166666667,-0.0411927577823091
21.6868055555556,-0.037351698912401
21.6881944444444,-0.0704946886622937
21.6895833333333,-0.0649497827518795
21.6909722222222,-0.0810244984865352
21.6923611111111,-0.0486177367738303
21.69375,-0.0742680125541497
21.6951388888889,-0.101754837875169
21.6965277777778,-0.113983262549131
21.6979166666667,-0.0795666245690778
21.6993055555556,-0.0945182598064627
21.7006944444444,-0.0942904429050994
21.7020833333333,-0.0470548298415157
21.7034722222222,-0.0571892420344647
21.7048611111111,-0.0507425301855552
21.70625,-0.0490373281584985
21.7076388888889,-0.0449941503198795
21.7090277777778,-0.048674838171058
21.7104166666667,-0.0347511317272213
21.7118055555556,-0.0379654378376968
21.7131944444444,-0.0470898751348474
21.7145833333333,-0.0232289368629947
21.7159722222222,-0.00901185314041016
21.7173611111111,0.00674649009038767
21.71875,-0.0150010909164832
21.7201388888889,-0.0284855489987611
21.7215277777778,-0.0123353163405927
21.7229166666667,-0.0369994140901998
21.7243055555556,-0.0284137671769949
21.7256944444444,-0.0198083421119118
21.7270833333333,-0.0162189343192007
21.7284722222222,-0.0200294947026084
21.7298611111111,-0.0382623479950945
21.73125,-0.017075915849862
21.7326388888889,-0.0154097557552053
21.7340277777778,-0.0281179854877555
21.7354166666667,-0.0454054794800667
21.7368055555556,-0.0399205601603758
21.7381944444444,-0.0341306151836391
21.7395833333333,-0.0256207285458873
21.7409722222222,-0.0411425931688375
21.7423611111111,-0.0481150054448491
21.74375,-0.0478486300343334
21.7451388888889,-0.0522064442859415
21.7465277777778,-0.040324824543665
21.7479166666667,-0.0317366424885062
21.7493055555556,-0.0124459799084019
21.7506944444444,-0.0273810537229979
21.7520833333333,-0.0327805662132433
21.7534722222222,-0.0717750630527868
21.7548611111111,-0.064882442051395
21.75625,-0.0315052511860618
21.7576388888889,-0.000189282494573046
21.7590277777778,-0.0165402687104525
21.7604166666667,-0.0223858197328112
21.7618055555556,-0.0273202904834299
21.7631944444444,-0.0608857079785183
21.7645833333333,-0.0252433796193221
21.7659722222222,0.00405140154233146
21.7673611111111,-0.00732299655187355
21.76875,0.00395454236221005
21.7701388888889,-0.0164457764174142
21.7715277777778,-0.0118780992536748
21.7729166666667,-0.013599543386238
21.7743055555556,-0.0243747765123703
21.7756944444444,-0.0371715605645291
21.7770833333333,-0.0394646784090891
21.7784722222222,-0.0477562745660332
21.7798611111111,-0.0212732756368728
21.78125,-0.0143334427015821
21.7826388888889,-0.00891613585155864
21.7840277777778,0.00526222540497147
21.7854166666667,0.0137367546222693
21.7868055555556,0.0273372889658053
21.7881944444444,0.0221766088144859
21.7895833333333,0.0150564758293681
21.7909722222222,0.0221082696490525
21.7923611111111,0.00665625913758939
21.79375,-0.00229678430643892
21.7951388888889,0.0159481272693178
21.7965277777778,0.0200330957516779
21.7979166666667,0.0149497462908788
21.7993055555556,0.00977572634255137
21.8006944444444,0.00541491696833362
21.8020833333333,0.0124498151526752
21.8034722222222,0.00254561507295279
21.8048611111111,0.00195274750405661
21.80625,0.00430201671454366
21.8076388888889,-0.0073148469786389
21.8090277777778,0.000191126409600977
21.8104166666667,0.00396904299406807
21.8118055555556,0.014730653617038
21.8131944444444,0.0161275155702585
21.8145833333333,0.0236041889979912
21.8159722222222,0.028467379900694
21.8173611111111,0.0146648950988043
21.81875,-0.00412510250581021
21.8201388888889,-0.0212157234720362
21.8215277777778,-0.0225606698435104
21.8229166666667,-0.0173867412215258
21.8243055555556,-0.00633488742921281
21.8256944444444,0.000603466421739227
21.8270833333333,-0.00974830454494704
21.8284722222222,-0.0187878995381086
21.8298611111111,0.00712179898952259
21.83125,0.0183909748871641
21.8326388888889,0.027014931957685
21.8340277777778,0.0561134400746235
21.8354166666667,0.0524102742446147
21.8368055555556,0.0668835374489188
21.8381944444444,0.0798564790365467
21.8395833333333,0.0776216713833416
21.8409722222222,0.0294917880002059
21.8423611111111,0.0076113802981554
21.84375,-0.000934855610777352
21.8451388888889,0.0228487567852742
21.8465277777778,0.021683774605535
21.8479166666667,0.0338363672002303
21.8493055555556,0.0304294145381897
21.8506944444444,0.0122635146944919
21.8520833333333,0.0135856439834367
21.8534722222222,0.0380058477875159
21.8548611111111,0.0321365008851105
21.85625,0.029846711861162
21.8576388888889,0.0190928769823615
21.8590277777778,0.0470801161226936
21.8604166666667,0.052054271045923
21.8618055555556,0.0545324404412747
21.8631944444444,0.00856707641657381
21.8645833333333,0.0237873320707246
21.8659722222222,0.0612837502037032
21.8673611111111,0.013429472681196
21.86875,0.0158167869855035
21.8701388888889,0.0132431877936344
21.8715277777778,0.00740962029942291
21.8729166666667,0.00464531981990969
21.8743055555556,-0.00217977244287097
21.8756944444444,0.0531952012358085
21.8770833333333,0.0304116622767437
21.8784722222222,-0.00111983652231043
21.8798611111111,-0.0125045649238892
21.88125,0.036820052277728
21.8826388888889,0.0210161745079554
21.8840277777778,0.0252315717786258
21.8854166666667,0.0283341977418272
21.8868055555556,0.0468468364747398
21.8881944444444,0.0478484548163742
21.8895833333333,0.0189002180039847
21.8909722222222,0.0118748879905984
21.8923611111111,0.00494599313010708
21.89375,0.0139519213996889
21.8951388888889,0.0103615076287913
21.8965277777778,-0.00186893025548955
21.8979166666667,0.0143678951115966
21.8993055555556,0.00986050295506853
21.9006944444444,-0.025260979763623
21.9020833333333,-0.0409911025528286
21.9034722222222,-0.0424744059485946
21.9048611111111,-0.0666603810744285
21.90625,-0.0620400876203538
21.9076388888889,-0.0393210950025151
21.9090277777778,0.0171095715994749
21.9104166666667,-0.00762892184873909
21.9118055555556,-0.0163324537625983
21.9131944444444,-0.0122830940512704
21.9145833333333,-0.0154907934216158
21.9159722222222,-0.00697872905078941
21.9173611111111,-0.00230840452272448
21.91875,0.0144902916150738
21.9201388888889,0.0117228534076897
21.9215277777778,0.0116793337679786
21.9229166666667,0.0100599350101994
21.9243055555556,-0.0226229669478873
21.9256944444444,-0.0176006866319371
21.9270833333333,0.0160659875200167
21.9284722222222,-0.0193538513513746
21.9298611111111,-0.0302277184743302
21.93125,-0.0506905767959984
21.9326388888889,-0.0415576138807963
21.9340277777778,-0.048221658532372
21.9354166666667,-0.05229298012833
21.9368055555556,-0.0417133166468613
21.9381944444444,-0.0361077549073856
21.9395833333333,-0.0305337355764709
21.9409722222222,-0.0321433685204717
21.9423611111111,-0.0427531688307241
21.94375,-0.0252083269058035
21.9451388888889,-0.0143808794878113
21.9465277777778,-0.0453772188234053
21.9479166666667,-0.0440496771361685
21.9493055555556,-0.041604437895959
21.9506944444444,-0.0384185252864331
21.9520833333333,-0.0401349377675566
21.9534722222222,-0.0411613059665852
21.9548611111111,-0.0346102533200091
21.95625,-0.0163624125921344
21.9576388888889,-0.0270896073650641
21.9590277777778,0.0131652718021644
21.9604166666667,-0.00306145787458373
21.9618055555556,-0.000475535017725823
21.9631944444444,-0.0106703577430901
21.9645833333333,0.0134600796327549
21.9659722222222,-0.0065297840133237
21.9673611111111,0.00806878564425643
21.96875,-0.0174736387711349
21.9701388888889,-0.0210649692538459
21.9715277777778,-0.0170421230382435
21.9729166666667,-0.0185188278757099
21.9743055555556,-0.0289590635662311
21.9756944444444,-0.0332066582191123
21.9770833333333,-0.0273571417719708
21.9784722222222,-0.0507926376487158
21.9798611111111,-0.0378808651812607
21.98125,-0.0383703260222987
21.9826388888889,-0.0460639574780376
21.9840277777778,-0.0561142937513321
21.9854166666667,-0.0311549531001102
21.9868055555556,-0.00782702074208819
21.9881944444444,-0.0281760969625353
21.9895833333333,-0.0513845719801505
21.9909722222222,-0.0547533455200448
21.9923611111111,-0.042449474659213
21.99375,-0.0417988772124919
21.9951388888889,-0.0434931497236697
21.9965277777778,-0.0292165205698788
21.9979166666667,-0.0228932560112838
21.9993055555556,-0.0241311191015023
22.0006944444444,-0.0478803967078865
22.0020833333333,-0.0717148813736094
22.0034722222222,-0.0576169688566239
22.0048611111111,-0.0273976446493222
22.00625,-0.0111592154898452
22.0076388888889,-0.0101491804217299
22.0090277777778,-0.0481210392901063
22.0104166666667,-0.0541735615059036
22.0118055555556,-0.0579455324353768
22.0131944444444,-0.0610349800503722
22.0145833333333,-0.0454908297440616
22.0159722222222,-0.0238826040728416
22.0173611111111,-0.0227569640197456
22.01875,-0.0330857759076962
22.0201388888889,-0.0277336366996618
22.0215277777778,-0.0250071953698643
22.0229166666667,-0.0365192043212607
22.0243055555556,-0.0132720964383602
22.0256944444444,0.00161213235069479
22.0270833333333,-0.00565265015646494
22.0284722222222,0.00238245189386597
22.0298611111111,0.0062995032201283
22.03125,0.021530260812255
22.0326388888889,0.0249390525621022
22.0340277777778,0.00436851667184161
22.0354166666667,0.030921557985758
22.0368055555556,0.0300303865556753
22.0381944444444,0.0133449642255066
22.0395833333333,0.030079148913128
22.0409722222222,0.0249925632216358
22.0423611111111,-0.00135390488413031
22.04375,0.0126218807325218
22.0451388888889,-0.000808504682742722
22.0465277777778,0.0366631836338597
22.0479166666667,0.0140515827899942
22.0493055555556,0.0235667922799288
22.0506944444444,0.00104376642702151
22.0520833333333,-0.00334162872741604
22.0534722222222,-0.00102631662126082
22.0548611111111,-0.00556160601074482
22.05625,-0.00615952342406962
22.0576388888889,-0.0152717302537664
22.0590277777778,-0.0147280923136602
22.0604166666667,0.015018001200159
22.0618055555556,-0.0239827371949097
22.0631944444444,-0.0361051013125715
22.0645833333333,-0.0290652556773381
22.0659722222222,-0.0194972371984778
22.0673611111111,-0.0315461933544317
22.06875,-0.0265078935163453
22.0701388888889,-0.0276696529609246
22.0715277777778,-0.00256427262226176
22.0729166666667,-0.0122901268886486
22.0743055555556,-0.0259046391805542
22.0756944444444,-0.00548550392818077
22.0770833333333,-0.0272311382164191
22.0784722222222,-0.0228946234328497
22.0798611111111,-0.0452252146866672
22.08125,-0.0599235396067964
22.0826388888889,-0.0417010980686865
22.0840277777778,-0.0379861009585183
22.0854166666667,-0.0212179883543693
22.0868055555556,0.00984883692890204
22.0881944444444,-0.0247602892706843
22.0895833333333,-0.0312310692828178
22.0909722222222,-0.0248983961015287
22.0923611111111,-0.0185766069622897
22.09375,-0.0155253065552953
22.0951388888889,-0.0387278398071694
22.0965277777778,0.00185660461097082
22.0979166666667,0.0179742678132123
22.0993055555556,-0.012092249331748
22.1006944444444,-0.0506700305866537
22.1020833333333,-0.00839136844133622
22.1034722222222,-0.0163623111756567
22.1048611111111,-0.00767242398134147
22.10625,0.013023330289387
22.1076388888889,0.0105286047738202
22.1090277777778,0.00326301922228704
22.1104166666667,-0.0132431091003135
22.1118055555556,-0.0172534901969008
22.1131944444444,-0.015905039756945
22.1145833333333,0.000310612123743725
22.1159722222222,0.00469641615471088
22.1173611111111,-0.00164894948088524
22.11875,-0.0237474407233695
22.1201388888889,-0.0155529079050736
22.1215277777778,0.01077934884467
22.1229166666667,0.0141257346765281
22.1243055555556,-0.00940930938409686
22.1256944444444,0.00160491725202301
22.1270833333333,0.0197238508593096
22.1284722222222,-0.0167740385933249
22.1298611111111,-0.00793311741987674
22.13125,-0.0105560566479109
22.1326388888889,-0.0252523361766768
22.1340277777778,-0.00558714960890195
22.1354166666667,0.0403061235561522
22.1368055555556,0.0391010211419189
22.1381944444444,0.0325860161311336
22.1395833333333,0.0381809215593305
22.1409722222222,0.0176657078422587
22.1423611111111,0.024304461176242
22.14375,0.0132322664463102
22.1451388888889,-0.00439247309504358
22.1465277777778,0.0138463510324161
22.1479166666667,-0.000216482264048525
22.1493055555556,0.00219061575098544
22.1506944444444,0.0104399980910973
22.1520833333333,0.00274348900359813
22.1534722222222,0.00452431683643117
22.1548611111111,0.0230989293333506
22.15625,0.0344898318134242
22.1576388888889,0.0391492351894065
22.1590277777778,0.0551057950120075
22.1604166666667,0.0463392957614264
22.1618055555556,0.0280874985677257
22.1631944444444,0.01585285133295
22.1645833333333,0.0186483153135843
22.1659722222222,0.00935727513260599
22.1673611111111,0.00178146211011054
22.16875,0.0129960846341726
22.1701388888889,0.0186915230002256
22.1715277777778,0.021620565080159
22.1729166666667,0.0284404784044665
22.1743055555556,0.0158659757323417
22.1756944444444,0.0187686778565717
22.1770833333333,0.00752766976258803
22.1784722222222,0.0147454772623123
22.1798611111111,0.00456562161596647
22.18125,-0.0108857785439833
22.1826388888889,0.0123265559939872
22.1840277777778,-0.000459241794390399
22.1854166666667,-0.0241028962781075
22.1868055555556,-0.0326797537409716
22.1881944444444,-0.071540609167657
22.1895833333333,-0.0501636164427943
22.1909722222222,-0.0123750380342026
22.1923611111111,-0.00795124687060282
22.19375,-0.0108444526567143
22.1951388888889,-0.0234893918619559
22.1965277777778,-0.0335245042060036
22.1979166666667,-0.0187607057058668
22.1993055555556,-0.0241834708322405
22.2006944444444,-0.0214924134488673
22.2020833333333,-0.021527179106163
22.2034722222222,-0.0254095056805862
22.2048611111111,-0.029085750543851
22.20625,-0.0340453407523458
22.2076388888889,-0.0271017418133534
22.2090277777778,-0.0314773724693702
22.2104166666667,-0.0237445115107884
22.2118055555556,-0.0039297865071419
22.2131944444444,-0.0305895691359975
22.2145833333333,-0.0137029229683043
22.2159722222222,-0.0203432696881735
22.2173611111111,-0.0288488989017373
22.21875,-0.0315522749410337
22.2201388888889,-0.0243329098035882
22.2215277777778,-0.0252081018656965
22.2229166666667,-0.0335671360467887
22.2243055555556,-0.0253962969057294
22.2256944444444,-0.0210492749774988
22.2270833333333,-0.0196666297197817
22.2284722222222,-0.0304568799335563
22.2298611111111,-0.0190197355989362
22.23125,-0.00764164428818538
22.2326388888889,-0.0320982914350691
22.2340277777778,-0.0222171003228052
22.2354166666667,-0.0281078761371479
22.2368055555556,-0.0299108177477689
22.2381944444444,-0.019076099777481
22.2395833333333,-0.0211398383662313
22.2409722222222,-0.0267098010051022
22.2423611111111,-0.0275983681283324
22.24375,-0.0351044748874939
22.2451388888889,-0.0277725564612331
22.2465277777778,-0.0281600983768018
22.2479166666667,-0.0339276264876217
22.2493055555556,-0.0622305672657414
22.2506944444444,-0.0662008146292507
22.2520833333333,-0.0533505292097394
22.2534722222222,-0.0743998020476435
22.2548611111111,-0.0641060757044647
22.25625,-0.0746793347061086
22.2576388888889,-0.0449137512966932
22.2590277777778,-0.0375550379494712
22.2604166666667,-0.046870677812438
22.2618055555556,-0.0664042594986173
22.2631944444444,-0.0559660244040525
22.2645833333333,-0.0693515978072713
22.2659722222222,-0.0697840404191073
22.2673611111111,-0.0651325521447688
22.26875,-0.0638638502384525
22.2701388888889,-0.0594212380290302
22.2715277777778,-0.0414110200325191
22.2729166666667,-0.0413109057357677
22.2743055555556,-0.069205962492951
22.2756944444444,-0.0502210469798463
22.2770833333333,-0.0582885288109606
22.2784722222222,-0.0600716059223466
22.2798611111111,-0.0646557206857621
22.28125,-0.0662521967040474
22.2826388888889,-0.0572944649588699
22.2840277777778,-0.0488944018558347
22.2854166666667,-0.0345371801434434
22.2868055555556,-0.0449609397427721
22.2881944444444,-0.0256882164860841
22.2895833333333,-0.0332373415314248
22.2909722222222,-0.0380669780859171
22.2923611111111,-0.0187571541328951
22.29375,-0.04001038180111
22.2951388888889,-0.0172069332172248
22.2965277777778,0.00394867725042255
22.2979166666667,-0.010326238458629
22.2993055555556,-0.01457216999427
22.3006944444444,-0.0138173203051788
22.3020833333333,-0.0106731432414302
22.3034722222222,-0.00691179509335353
22.3048611111111,0.000770571008568508
22.30625,0.0119432930693088
22.3076388888889,0.0181702852284857
22.3090277777778,0.00761018853636553
22.3104166666667,0.00704735114109267
22.3118055555556,0.0111076639262779
22.3131944444444,0.0111712081307405
22.3145833333333,0.0230013674162817
22.3159722222222,0.036056282155121
22.3173611111111,0.0123577308703699
22.31875,0.00802933864961854
22.3201388888889,0.0283067094715927
22.3215277777778,-0.0105564256039172
22.3229166666667,-0.0349585475690356
22.3243055555556,0.000428731609862908
22.3256944444444,0.00385192149232143
22.3270833333333,0.0186171141301578
22.3284722222222,0.0176359452295957
22.3298611111111,0.0047110541260302
22.33125,0.00449801341815624
22.3326388888889,-0.0103476576425871
22.3340277777778,-0.0026642045890997
22.3354166666667,-0.00606464023836493
22.3368055555556,-0.000881776740052864
22.3381944444444,0.0142463761156346
22.3395833333333,-0.00676133247144635
22.3409722222222,-0.0173374206670101
22.3423611111111,-0.0108562390288425
22.34375,-0.0246387115640586
22.3451388888889,-0.0172803918680753
22.3465277777778,-0.00923575920534294
22.3479166666667,0.000620207016137417
22.3493055555556,-0.00725087147083849
22.3506944444444,-0.0213055999348956
22.3520833333333,-0.0280600557918914
22.3534722222222,-0.0240002536004134
22.3548611111111,-0.028009665755906
22.35625,-0.0305673719551454
22.3576388888889,-0.0321197937326761
22.3590277777778,-0.0473618349157553
22.3604166666667,-0.0494973166265371
22.3618055555556,-0.0173034357867922
22.3631944444444,0.000637328302035041
22.3645833333333,-0.0195344666169924
22.3659722222222,-0.0277905249253215
22.3673611111111,-0.0378295895294208
22.36875,-0.0189573335011495
22.3701388888889,-0.00543576598834523
22.3715277777778,-0.0123982757009987
22.3729166666667,0.01136908506176
22.3743055555556,0.00216522566355497
22.3756944444444,0.0266000556926134
22.3770833333333,0.0247920196957658
22.3784722222222,-0.022675421292112
22.3798611111111,-0.0079893913593267
22.38125,0.0161432305672213
22.3826388888889,0.0277147541284985
22.3840277777778,0.00629779610468121
22.3854166666667,-0.00565471320131853
22.3868055555556,-0.0194175713545868
22.3881944444444,0.0178396213409235
22.3895833333333,0.00025149355019956
22.3909722222222,0.0157921354903832
22.3923611111111,0.0416802065491407
22.39375,-0.0160187988438723
22.3951388888889,-0.0118289860929549
22.3965277777778,-0.0144378180036602
22.3979166666667,0.0251120282667201
22.3993055555556,0.0460876905646459
22.4006944444444,0.0282189994616748
22.4020833333333,0.0188876118496709
22.4034722222222,-0.00921771839764051
22.4048611111111,-0.00967020271968892
22.40625,0.00993964808763704
22.4076388888889,0.0407948868636777
22.4090277777778,0.032678924401014
22.4104166666667,0.0551916303184923
22.4118055555556,0.0455944447795505
22.4131944444444,0.0621332342622314
22.4145833333333,0.074446339421102
22.4159722222222,0.0380063359759597
22.4173611111111,-0.00397254634067893
22.41875,0.000550278230094422
22.4201388888889,0.0224337935994902
22.4215277777778,0.0204485621457653
22.4229166666667,0.0331847368731164
22.4243055555556,0.0476669485473167
22.4256944444444,0.0138173677015198
22.4270833333333,0.00845127994434809
22.4284722222222,0.00846789902664387
22.4298611111111,-0.0012198511375849
22.43125,-0.00866367364673117
22.4326388888889,-0.0033064240959206
22.4340277777778,0.0217962927831505
22.4354166666667,0.0462050045757426
22.4368055555556,0.0350199566341294
22.4381944444444,0.0509675960272925
22.4395833333333,0.0701227315438824
22.4409722222222,0.0614415733658849
22.4423611111111,0.033010169422564
22.44375,0.0228976727820443
22.4451388888889,0.0321143124019058
22.4465277777778,0.0276563125230806
22.4479166666667,0.0472578872434519
22.4493055555556,0.0649742527888026
22.4506944444444,0.0269863459895588
22.4520833333333,0.0280306445489544
22.4534722222222,0.0236697189294051
22.4548611111111,0.0341963354798809
22.45625,0.0240267626662038
22.4576388888889,0.0218418615221645
22.4590277777778,0.0162986195756002
22.4604166666667,0.0171675653177061
22.4618055555556,0.0188777928562978
22.4631944444444,0.0162988401189742
22.4645833333333,0.00214762933736917
22.4659722222222,-0.00448603783457728
22.4673611111111,0.01242423651722
22.46875,0.0360559317977452
22.4701388888889,0.0356567310626536
22.4715277777778,0.0334297062963763
22.4729166666667,0.0222695928565287
22.4743055555556,0.0383854839217236
22.4756944444444,0.0141069034532672
22.4770833333333,0.0093890516655298
22.4784722222222,-0.00336834207592497
22.4798611111111,0.00902601311833239
22.48125,0.00989577231752608
22.4826388888889,0.0366731887814962
22.4840277777778,0.0168581952310504
22.4854166666667,0.0215486848745008
22.4868055555556,0.0147141112554097
22.4881944444444,0.0147945423353549
22.4895833333333,0.0343000556702637
22.4909722222222,0.0523842251392156
22.4923611111111,0.0472956692749581
22.49375,0.0240309453341028
22.4951388888889,0.0229134204832339
22.4965277777778,0.0294077935151007
22.4979166666667,0.0224445762463709
22.4993055555556,0.00919432613297819
22.5006944444444,0.0104197478250462
22.5020833333333,-0.00370832802729683
22.5034722222222,0.0113554785222914
22.5048611111111,0.00334545089055038
22.50625,-0.000372591114536105
22.5076388888889,-0.015238850807363
22.5090277777778,-0.0083611833757692
22.5104166666667,-0.0146323240359116
22.5118055555556,-0.0507052564591259
22.5131944444444,-0.0370917472796414
22.5145833333333,-0.0194771228314838
22.5159722222222,-0.0140523082505687
22.5173611111111,0.00113750605968651
22.51875,0.0114556486429211
22.5201388888889,-0.026756807831762
22.5215277777778,-0.0526959792361787
22.5229166666667,-0.0409532683172544
22.5243055555556,-0.0551214404722125
22.5256944444444,-0.0314317095238987
22.5270833333333,-0.0211352987529886
22.5284722222222,-0.0246263170390205
22.5298611111111,-0.0569934967722709
22.53125,-0.0466434641248444
22.5326388888889,-0.054289037787252
22.5340277777778,-0.0376258169709256
22.5354166666667,-0.00994488409956318
22.5368055555556,-0.0256161041094949
22.5381944444444,-0.0520144593068751
22.5395833333333,-0.0459359614242902
22.5409722222222,-0.0390584472077843
22.5423611111111,-0.0262550320090881
22.54375,-0.0195594757144254
22.5451388888889,-0.00925451772100798
22.5465277777778,-0.00842664944073616
22.5479166666667,-0.0223795766297952
22.5493055555556,0.00350978869673757
22.5506944444444,-0.0345435070338418
22.5520833333333,-0.02927476460116
22.5534722222222,-0.0100305662725904
22.5548611111111,-0.0227971484049948
22.55625,-0.0379659616358194
22.5576388888889,-0.0187529748814627
22.5590277777778,-0.0300521267357065
22.5604166666667,-0.0106465973029238
22.5618055555556,-0.00786832342400311
22.5631944444444,-0.0105565776817781
22.5645833333333,-0.0268464466525621
22.5659722222222,-0.0369700345448535
22.5673611111111,-0.0384068861396118
22.56875,-0.0231002568480099
22.5701388888889,-0.0441528063724624
22.5715277777778,-0.015741171177244
22.5729166666667,0.008207823889535
22.5743055555556,0.00644555711382062
22.5756944444444,0.00140566811385099
22.5770833333333,-0.0180302478859506
22.5784722222222,-0.0171068186049413
22.5798611111111,-0.0192307811235603
22.58125,0.00287032514343482
22.5826388888889,-0.00318870963916011
22.5840277777778,0.00163801348892707
22.5854166666667,-0.0157110711751894
22.5868055555556,-0.0108916764831118
22.5881944444444,0.0144074735385933
22.5895833333333,-0.00766887131697023
22.5909722222222,0.0141180092656316
22.5923611111111,0.0133637117038663
22.59375,0.0119058704771363
22.5951388888889,0.0265917334067031
22.5965277777778,0.00544977987425284
22.5979166666667,-0.00323995592238793
22.5993055555556,-0.002978245535429
22.6006944444444,0.0151194453359975
22.6020833333333,0.0122338805739898
22.6034722222222,0.0287606427333993
22.6048611111111,0.0210023967971391
22.60625,0.0377328141386811
22.6076388888889,0.0329383456265945
22.6090277777778,0.0277579049014945
22.6104166666667,0.0276203886501766
22.6118055555556,0.0438839962102341
22.6131944444444,0.0508672541789926
22.6145833333333,0.0411154672139235
22.6159722222222,0.0477199444213219
22.6173611111111,0.0339685476205082
22.61875,0.0288219309395724
22.6201388888889,0.0255816163241088
22.6215277777778,0.038906607026842
22.6229166666667,-0.0046480635728542
22.6243055555556,0.00866456752279905
22.6256944444444,0.0492728137878361
22.6270833333333,0.0637035547496686
22.6284722222222,0.054501183301404
22.6298611111111,0.0343151187118907
22.63125,0.0578231885833633
22.6326388888889,0.0986523558060422
22.6340277777778,0.0961709887347795
22.6354166666667,0.077261018462972
22.6368055555556,0.0357865537006196
22.6381944444444,0.0362202950380114
22.6395833333333,0.0568333927299003
22.6409722222222,0.0660311592081798
22.6423611111111,0.0650689749123998
22.64375,0.0809097745785949
22.6451388888889,0.0969673777409203
22.6465277777778,0.0842343297999194
22.6479166666667,0.059063151890704
22.6493055555556,0.0318869745562575
22.6506944444444,0.0251964465644942
22.6520833333333,0.042489773650395
22.6534722222222,0.0469867936964957
22.6548611111111,0.0392097659229649
22.65625,0.0417170076770201
22.6576388888889,0.0584711356342522
22.6590277777778,0.0252741956154894
22.6604166666667,0.00586876473512598
22.6618055555556,0.0259070159380774
22.6631944444444,0.0373882193064949
22.6645833333333,0.0522887464924575
22.6659722222222,0.0431657688049224
22.6673611111111,0.0462204439636791
22.66875,0.0469548841450642
22.6701388888889,0.0276912467720604
22.6715277777778,0.0277950701977688
22.6729166666667,0.0279321175135595
22.6743055555556,0.038816071379972
22.6756944444444,0.0490706264396635
22.6770833333333,0.0832619484749314
22.6784722222222,0.0951023052023144
22.6798611111111,0.0902867198044706
22.68125,0.0613833269331202
22.6826388888889,0.0265525148681989
22.6840277777778,0.0300791910667461
22.6854166666667,0.0482981140381144
22.6868055555556,0.0499550126997301
22.6881944444444,0.0291971421883324
22.6895833333333,0.00294468553410671
22.6909722222222,0.0163475405541861
22.6923611111111,-0.0026344935607608
22.69375,-0.00351751515875872
22.6951388888889,-0.00677816908024924
22.6965277777778,0.00494833128221785
22.6979166666667,0.00697970014502154
22.6993055555556,-0.00146755119817332
22.7006944444444,0.00917947409862895
22.7020833333333,0.0361801057719577
22.7034722222222,0.0199519954176333
22.7048611111111,0.0560907401480763
22.70625,0.0416183002638915
22.7076388888889,0.0472648089542269
22.7090277777778,0.0294657418807899
22.7104166666667,0.0115280081919891
22.7118055555556,0.0168521200654961
22.7131944444444,0.0319583809103641
22.7145833333333,-0.009601155690124
22.7159722222222,-0.0108030206356265
22.7173611111111,-0.0216244640697303
22.71875,-0.0136297181226617
22.7201388888889,-0.00680906443057836
22.7215277777778,0.0183723691955307
22.7229166666667,0.0115154836648759
22.7243055555556,0.0118930132728797
22.7256944444444,0.0137055804870544
22.7270833333333,-0.00159703758742925
22.7284722222222,-0.0166514215273956
22.7298611111111,-0.00961744600338377
22.73125,-0.0306857720122288
22.7326388888889,-0.0321841428914436
22.7340277777778,-0.0199434797038694
22.7354166666667,-0.048853797783647
22.7368055555556,-0.0419078504808544
22.7381944444444,-0.0303217239636462
22.7395833333333,-0.0276596256785036
22.7409722222222,-0.0368631872724736
22.7423611111111,-0.0238492001365516
22.74375,-0.00614308465818559
22.7451388888889,-0.012582633930186
22.7465277777778,-0.008037083082677
22.7479166666667,-0.00919822202992605
22.7493055555556,-0.00769794626613336
22.7506944444444,0.00675495939538923
22.7520833333333,-0.0118701583348215
22.7534722222222,-0.0107184187019686
22.7548611111111,0.00428110798725814
22.75625,-0.0332327305995971
22.7576388888889,0.00519834925782965
22.7590277777778,-0.014283740185949
22.7604166666667,-0.0239383535950094
22.7618055555556,-0.0292259570389456
22.7631944444444,-0.0168360455256155
22.7645833333333,-0.0128473346725333
22.7659722222222,0.00758822396173359
22.7673611111111,-0.00667260607939173
22.76875,-0.00140197651125332
22.7701388888889,-0.0502563858484564
22.7715277777778,-0.0614878425861123
22.7729166666667,-0.0537919749745822
22.7743055555556,-0.0301254007634732
22.7756944444444,-0.023352554816478
22.7770833333333,-0.0244377728135959
22.7784722222222,-0.04717599052858
22.7798611111111,-0.0238843195179795
22.78125,-0.0493136307010965
22.7826388888889,-0.0209698499035563
22.7840277777778,0.0195634574093917
22.7854166666667,0.0202375056325591
22.7868055555556,0.0372502170618225
22.7881944444444,0.0267155250228762
22.7895833333333,0.00402166262448223
22.7909722222222,0.0373439954710708
22.7923611111111,0.0420810373987057
22.79375,0.0173470426669481
22.7951388888889,0.0205302972005361
22.7965277777778,0.0742610038309719
22.7979166666667,0.0780447700860307
22.7993055555556,0.0647306517480051
22.8006944444444,0.0310086862632249
22.8020833333333,0.0187940090789687
22.8034722222222,0.0258246285005679
22.8048611111111,0.0576940611891964
22.80625,0.0176009452223036
22.8076388888889,0.0149906945292605
22.8090277777778,0.00803894786170256
22.8104166666667,0.0117867154887141
22.8118055555556,0.0024255128439889
22.8131944444444,0.0106963562374235
22.8145833333333,0.0395960464135471
22.8159722222222,0.0745743790046724
22.8173611111111,0.0574079312221384
22.81875,0.0128959564089194
22.8201388888889,0.0233216725243761
22.8215277777778,0.0123553159603263
22.8229166666667,0.0230108905194245
22.8243055555556,0.0223601816840686
22.8256944444444,0.00879290424455012
22.8270833333333,0.0225206616795864
22.8284722222222,0.0125125158836785
22.8298611111111,0.00426279469875761
22.83125,0.0194330047451137
22.8326388888889,0.031843539756482
22.8340277777778,0.0250269510868426
22.8354166666667,0.0377641617601339
22.8368055555556,0.0361591875227733
22.8381944444444,0.0159339221249211
22.8395833333333,0.00862826669676626
22.8409722222222,0.00981084620995756
22.8423611111111,0.00935258011385868
22.84375,0.00842719715195751
22.8451388888889,0.0219951352400424
22.8465277777778,0.0156468141656515
22.8479166666667,0.00898841829346489
22.8493055555556,0.0340807589112948
22.8506944444444,0.0603237205703848
22.8520833333333,0.0387418778884734
22.8534722222222,0.0580493871623655
22.8548611111111,0.0740133445196075
22.85625,0.0569529442421382
22.8576388888889,0.0522343314811596
22.8590277777778,0.0465549003718188
22.8604166666667,0.0322985310734956
22.8618055555556,0.0429762332386795
22.8631944444444,0.0296967222345301
22.8645833333333,0.0160724651873174
22.8659722222222,0.0300689336260059
22.8673611111111,0.0181641627653742
22.86875,0.0197127356969029
22.8701388888889,0.0343363075216201
22.8715277777778,0.0407399643351383
22.8729166666667,0.0544259002799195
22.8743055555556,0.0428010571422645
22.8756944444444,0.0508371700403621
22.8770833333333,0.051685284937274
22.8784722222222,0.0470742778453997
22.8798611111111,0.0451424035362099
22.88125,0.0569926708987288
22.8826388888889,0.0603073003415827
22.8840277777778,0.0412122913010192
22.8854166666667,0.0302475336025663
22.8868055555556,0.0490402063480372
22.8881944444444,0.0867109350393947
22.8895833333333,0.0636061594742119
22.8909722222222,0.0616217161735461
22.8923611111111,0.0412289050204574
22.89375,0.0639142077991114
22.8951388888889,0.0512454160400525
22.8965277777778,0.0465770002145565
22.8979166666667,0.0381787707506386
22.8993055555556,0.0603742341174597
22.9006944444444,0.0326266087121213
22.9020833333333,0.0492825304522728
22.9034722222222,0.037121139374004
22.9048611111111,0.0466288080728335
22.90625,0.0588987800681025
22.9076388888889,0.0708634074016488
22.9090277777778,0.0378519929057822
22.9104166666667,0.0337680188420941
22.9118055555556,0.00921104183993207
22.9131944444444,0.0172907584489024
22.9145833333333,0.017664809726384
22.9159722222222,0.00637480155927696
22.9173611111111,0.00062998584447986
22.91875,-0.0199954252353829
22.9201388888889,-0.0304133196376073
22.9215277777778,0.00320346540562259
22.9229166666667,0.0133938329907931
22.9243055555556,0.0100387489846577
22.9256944444444,-0.00193844940698539
22.9270833333333,0.00639071667056344
22.9284722222222,-0.00142906829860015
22.9298611111111,0.00803376869933969
22.93125,0.0170169327185544
22.9326388888889,-0.0179500925872413
22.9340277777778,-0.0383321802310493
22.9354166666667,-0.0308027735713737
22.9368055555556,-0.0171079414467243
22.9381944444444,-0.0199626807836782
22.9395833333333,-0.0173714173991234
22.9409722222222,-0.00949916507304543
22.9423611111111,0.00201265439255446
22.94375,-0.0103551878689092
22.9451388888889,-0.0168258145181008
22.9465277777778,-0.0149902369185147
22.9479166666667,-0.0105953394404522
22.9493055555556,-0.00582899829249604
22.9506944444444,-0.00156064335472437
22.9520833333333,0.0429806218927801
22.9534722222222,0.0286758657926945
22.9548611111111,0.0237375729703534
22.95625,0.00775700648542558
22.9576388888889,-0.000849710920010566
22.9590277777778,-0.0272634972125011
22.9604166666667,0.0196170110941079
22.9618055555556,-0.0119593072356065
22.9631944444444,-0.0394638521021318
22.9645833333333,-0.0374611933241756
22.9659722222222,-0.0443675355164972
22.9673611111111,-0.0610387109312039
22.96875,-0.0192404374114478
22.9701388888889,-0.00412120654793921
22.9715277777778,0.000937260028589808
22.9729166666667,-0.011899503402452
22.9743055555556,0.00306775818369372
22.9756944444444,-0.0123391108332146
22.9770833333333,-0.0189206898540915
22.9784722222222,-0.0479311263430074
22.9798611111111,-0.0501705960677295
22.98125,-0.0411489781632219
22.9826388888889,-0.0278646151764386
22.9840277777778,-0.0183688293701158
22.9854166666667,-0.0203456042316669
22.9868055555556,-0.0278998666531776
22.9881944444444,-0.0236535499251129
22.9895833333333,-0.0263906913803589
22.9909722222222,-0.00167386144312633
22.9923611111111,-0.0120573328344553
22.99375,-0.0478232120051178
22.9951388888889,-0.0449751162155391
22.9965277777778,-0.041394010620453
22.9979166666667,-0.0455306159748482
22.9993055555556,0.0116014558543131
23.0006944444444,-0.00921619457128215
23.0020833333333,-0.0115317128565227
23.0034722222222,-0.0265696882230275
23.0048611111111,0.00487107029112648
23.00625,0.0242694583362246
23.0076388888889,0.0133929560671824
23.0090277777778,0.0308394554473947
23.0104166666667,0.00956859150596107
23.0118055555556,0.0207560032915912
23.0131944444444,0.04065990723848
23.0145833333333,-0.000563288437601334
23.0159722222222,-0.0197956480350082
23.0173611111111,-0.00268974193610238
23.01875,0.00494709405477542
23.0201388888889,0.00801286754628564
23.0215277777778,-0.00792108047372584
23.0229166666667,0.00279470823881589
23.0243055555556,0.0142559251004005
23.0256944444444,0.0114905510053228
23.0270833333333,0.0123942443699108
23.0284722222222,0.0237245022249778
23.0298611111111,0.042573196013229
23.03125,0.0404665008812587
23.0326388888889,0.03205247775937
23.0340277777778,0.0349574840174841
23.0354166666667,0.0288964283684976
23.0368055555556,0.0325178831719185
23.0381944444444,0.0181715126675371
23.0395833333333,0.0263658552350045
23.0409722222222,0.0171114601621675
23.0423611111111,0.0185121067856284
23.04375,0.00583464239376222
23.0451388888889,0.00957929774775523
23.0465277777778,-0.00102110275299353
23.0479166666667,0.0361564932115997
23.0493055555556,0.0310881420100237
23.0506944444444,0.0321004912188691
23.0520833333333,0.027566669163283
23.0534722222222,0.0410854903428635
23.0548611111111,0.0489420266902529
23.05625,0.0382985852169146
23.0576388888889,0.0459979897769392
23.0590277777778,0.0561796283915852
23.0604166666667,0.0549755352426027
23.0618055555556,0.00875848555087387
23.0631944444444,-0.0241193069703159
23.0645833333333,0.00281745933048256
23.0659722222222,0.0046232952294154
23.0673611111111,0.000760333338468169
23.06875,-0.010913210039565
23.0701388888889,0.00206938465624859
23.0715277777778,0.00882201979251597
23.0729166666667,0.00971604646618995
23.0743055555556,-0.00164397905230961
23.0756944444444,-0.0202874661526956
23.0770833333333,0.00996690526247941
23.0784722222222,0.00270555359710805
23.0798611111111,0.00448405159587211
23.08125,-0.0100267843945358
23.0826388888889,-0.0200237269080433
23.0840277777778,-0.0484309226381023
23.0854166666667,-0.0292714005152292
23.0868055555556,-0.00319432175616249
23.0881944444444,0.00519637473610663
23.0895833333333,0.00714418857717951
23.0909722222222,-0.011757077924295
23.0923611111111,-0.0210564825009495
23.09375,0.00828330453961096
23.0951388888889,0.0113771101408801
23.0965277777778,0.000661777658616057
23.0979166666667,-0.00410292493039337
23.0993055555556,0.00165559656577241
23.1006944444444,0.00344665294641193
23.1020833333333,0.0057778398160173
23.1034722222222,-0.00223084173804827
23.1048611111111,-0.000471861948348758
23.10625,0.0106964208447491
23.1076388888889,0.00254777658391823
23.1090277777778,-0.00641871302538032
23.1104166666667,-0.00625866112770935
23.1118055555556,-0.00489934281521415
23.1131944444444,0.00943981147411086
23.1145833333333,-0.00748088363069222
23.1159722222222,0.022150917316681
23.1173611111111,0.0254956161211296
23.11875,0.0207451687686673
23.1201388888889,0.0167989530691632
23.1215277777778,0.014937648073899
23.1229166666667,-0.0164948399513787
23.1243055555556,0.0172760922602832
23.1256944444444,0.000365480025012257
23.1270833333333,-0.00538875908188415
23.1284722222222,0.00546800827907455
23.1298611111111,0.00771000502408144
23.13125,0.023942994152077
23.1326388888889,0.0151634750825896
23.1340277777778,0.0130898936907731
23.1354166666667,0.0109138274678008
23.1368055555556,0.0043642062772873
23.1381944444444,0.0160463436983507
23.1395833333333,0.0208696047870434
23.1409722222222,-0.00119286675396114
23.1423611111111,-0.000924755556554024
23.14375,0.010717546345331
23.1451388888889,0.0208213195072485
23.1465277777778,0.0169497691975676
23.1479166666667,0.0327681853461066
23.1493055555556,0.0336954025153328
23.1506944444444,0.0256185333015015
23.1520833333333,0.0243168275775922
23.1534722222222,0.0444187593235514
23.1548611111111,0.044840947823028
23.15625,0.028671454447046
23.1576388888889,0.0533935952066258
23.1590277777778,0.0638940560906074
23.1604166666667,0.0457833631514458
23.1618055555556,0.0312290684538555
23.1631944444444,0.0351477837111751
23.1645833333333,0.0289292756053562
23.1659722222222,0.0655469069599414
23.1673611111111,0.0616817143468957
23.16875,0.0501914059511788
23.1701388888889,0.0352181497291447
23.1715277777778,0.0281156747709561
23.1729166666667,-0.0114668547951261
23.1743055555556,0.0269162791150959
23.1756944444444,0.0322191439022451
23.1770833333333,0.0274591884836426
23.1784722222222,0.040511676437354
23.1798611111111,0.0520235407349533
23.18125,0.0442483216059937
23.1826388888889,0.0323173124511886
23.1840277777778,0.0226373557809537
23.1854166666667,-0.00628461056022876
23.1868055555556,-0.00286688710386923
23.1881944444444,-0.0212937114109437
23.1895833333333,0.000429860310828737
23.1909722222222,0.0165116862564427
23.1923611111111,-0.00221842005137893
23.19375,-0.0383361724319287
23.1951388888889,-0.0202844821183583
23.1965277777778,0.00815849241628023
23.1979166666667,0.0135170694479904
23.1993055555556,0.00824191888846233
23.2006944444444,0.00868481043540262
23.2020833333333,0.0115609938568144
23.2034722222222,0.0437745374705578
23.2048611111111,0.0701704133773932
23.20625,0.0698134631876099
23.2076388888889,0.0344098578055008
23.2090277777778,0.0466049360271528
23.2104166666667,0.0529703040463732
23.2118055555556,0.0360432592578597
23.2131944444444,0.0434427680847039
23.2145833333333,0.0352102071654303
23.2159722222222,0.0202772328314233
23.2173611111111,0.0239733498681866
23.21875,0.0406472476344413
23.2201388888889,0.077475210055308
23.2215277777778,0.0778530078499835
23.2229166666667,0.0476274790953335
23.2243055555556,0.0205403185335538
23.2256944444444,0.0259163120122581
23.2270833333333,0.0197059233376295
23.2284722222222,-0.00667003939804442
23.2298611111111,0.00200883097959559
23.23125,0.00504115153934638
23.2326388888889,0.00778920403868418
23.2340277777778,0.0297530726338377
23.2354166666667,0.0136914077417455
23.2368055555556,0.00291574796744917
23.2381944444444,0.01213017016587
23.2395833333333,0.000994567739611048
23.2409722222222,-0.000621089384539339
23.2423611111111,0.00440786288428382
23.24375,-0.00726407373770731
23.2451388888889,-0.00740567603199936
23.2465277777778,-0.0298219549785788
23.2479166666667,-0.0312703009787837
23.2493055555556,-0.0182081411090471
23.2506944444444,-0.0119200655670598
23.2520833333333,0.00767760541278565
23.2534722222222,0.00184816841874183
23.2548611111111,-0.0118454726123062
23.25625,-0.0157646596885615
23.2576388888889,-0.0364396694443754
23.2590277777778,0.00476992969466057
23.2604166666667,0.0105190814785402
23.2618055555556,0.0132850018451384
23.2631944444444,-0.00790368386154446
23.2645833333333,-0.0307015807588684
23.2659722222222,-0.0227388092197013
23.2673611111111,-0.0416267448049988
23.26875,-0.033805515391165
23.2701388888889,-0.0349658389386865
23.2715277777778,-0.017156046833036
23.2729166666667,-0.0148720880757621
23.2743055555556,-0.0102111764878363
23.2756944444444,-0.0004931339972913
23.2770833333333,0.00183261248115789
23.2784722222222,0.0117888627263867
23.2798611111111,-0.00122779412518023
23.28125,-0.0473213218329631
23.2826388888889,-0.035081038551365
23.2840277777778,-0.0396829366274135
23.2854166666667,-0.0210116718124194
23.2868055555556,-0.033055431685649
23.2881944444444,-0.0289951859298733
23.2895833333333,-0.0175209257174838
23.2909722222222,-0.0164073077045292
23.2923611111111,-0.014237392943222
23.29375,-0.0156178515497915
23.2951388888889,-0.0164286751777327
23.2965277777778,0.0116103839888512
23.2979166666667,-0.00991986118370317
23.2993055555556,-0.00172902642815611
23.3006944444444,-0.00153564331614481
23.3020833333333,-0.0206683597711836
23.3034722222222,-0.0272003657629814
23.3048611111111,-0.0150061116265207
23.30625,-0.0157855202014567
23.3076388888889,0.00466290635341895
23.3090277777778,-0.0108699475464482
23.3104166666667,-0.0426559333592341
23.3118055555556,-0.0125761799936748
23.3131944444444,-0.0319302054242583
23.3145833333333,-0.0476758803544103
23.3159722222222,-0.0109602365528485
23.3173611111111,0.0190199943655364
23.31875,0.00260690294271477
23.3201388888889,-0.0270783310545649
23.3215277777778,-0.0305485250351608
23.3229166666667,-0.026920790668933
23.3243055555556,-0.0114568134207438
23.3256944444444,-0.0173399869676565
23.3270833333333,0.00719619010760199
23.3284722222222,-0.0122992841103067
23.3298611111111,-0.0301262163645265
23.33125,-0.0537612842263367
23.3326388888889,-0.0520777050093428
23.3340277777778,-0.0386166187635547
23.3354166666667,-0.0303108351503791
23.3368055555556,-0.042232374547418
23.3381944444444,-0.0241059436246856
23.3395833333333,-0.0181600396253792
23.3409722222222,-0.0561118114644616
23.3423611111111,-0.0401284594061393
23.34375,-0.0310395527265259
23.3451388888889,-0.0320295908483928
23.3465277777778,-0.0321329099678987
23.3479166666667,-0.0442450463748287
23.3493055555556,-0.0313818033528894
23.3506944444444,-0.0472992923176489
23.3520833333333,-0.0491583041477536
23.3534722222222,-0.0938715234270274
23.3548611111111,-0.0358894444374026
23.35625,-0.0501663087308724
23.3576388888889,-0.0173551780067737
23.3590277777778,-0.0261057908503322
23.3604166666667,-0.0254123957664441
23.3618055555556,-0.0262447468647008
23.3631944444444,-0.0314379036889456
23.3645833333333,-0.0532880402776929
23.3659722222222,-0.0494593856186517
23.3673611111111,-0.0278578238587616
23.36875,-0.0570488462455275
23.3701388888889,-0.050269394942873
23.3715277777778,-0.0230165426677314
23.3729166666667,-0.0255564230142024
23.3743055555556,-0.038032206352973
23.3756944444444,-0.0509775597058058
23.3770833333333,-0.0655882306769328
23.3784722222222,-0.0623334600635182
23.3798611111111,-0.0489626458226108
23.38125,-0.0609623831753349
23.3826388888889,-0.0792761791326146
23.3840277777778,-0.0345817808678053
23.3854166666667,-0.0461187974148309
23.3868055555556,-0.0226880841890875
23.3881944444444,-0.0200924311455285
23.3895833333333,-0.0485397400418837
23.3909722222222,-0.045450882684984
23.3923611111111,-0.0348997824235231
23.39375,-0.0136537885014164
23.3951388888889,-0.0253805355208483
23.3965277777778,-0.0419833572497777
23.3979166666667,-0.0445406864064755
23.3993055555556,-0.0496958578676266
23.4006944444444,-0.0485712339460487
23.4020833333333,-0.0594766537619525
23.4034722222222,-0.050850184130987
23.4048611111111,-0.0315574540061781
23.40625,-0.0416732199820926
23.4076388888889,0.0214649031948411
23.4090277777778,0.0316601546392227
23.4104166666667,0.0159657607217545
23.4118055555556,-0.0216700467011166
23.4131944444444,-0.00585779427581865
23.4145833333333,-0.00924676926593861
23.4159722222222,-0.0308067241368872
23.4173611111111,-0.000365606572452193
23.41875,0.0362719507951533
23.4201388888889,0.0496688570083783
23.4215277777778,0.0190452019159439
23.4229166666667,-0.0101886442040212
23.4243055555556,-0.0108968995385123
23.4256944444444,-0.000914494193322846
23.4270833333333,-0.00386134016552584
23.4284722222222,-0.00209381139473254
23.4298611111111,0.0179979399681116
23.43125,0.0173296989045419
23.4326388888889,-0.00902473364097422
23.4340277777778,-0.0268534580048666
23.4354166666667,-0.0392659343616677
23.4368055555556,-0.0448802685997443
23.4381944444444,-0.024005286022981
23.4395833333333,-0.00676499360518334
23.4409722222222,-0.042943620772383
23.4423611111111,-0.0258995127003293
23.44375,-0.0188952170677972
23.4451388888889,-0.0186066231523697
23.4465277777778,-0.0311392932697486
23.4479166666667,-0.0121593542857492
23.4493055555556,0.0182752215587261
23.4506944444444,-0.0278876045232195
23.4520833333333,-0.0368310436313381
23.4534722222222,-0.0379922374328193
23.4548611111111,-0.0379804751466858
23.45625,-0.046197278465702
23.4576388888889,-0.0537491997990475
23.4590277777778,-0.0395373214370108
23.4604166666667,-0.00686225591820641
23.4618055555556,-0.0115605475360037
23.4631944444444,-0.0161441745426908
23.4645833333333,-0.00528040261748086
23.4659722222222,-0.0604416391601172
23.4673611111111,-0.0354079065630478
23.46875,0.0305818186105632
23.4701388888889,-0.0353262799306098
23.4715277777778,-0.00415358353796401
23.4729166666667,-0.0122086147162742
23.4743055555556,-0.0415418702741891
23.4756944444444,-0.0482969510271049
23.4770833333333,-0.00745211131703008
23.4784722222222,-0.0217645692570215
23.4798611111111,-0.0241663536249733
23.48125,-0.00679032695407175
23.4826388888889,0.00714756170841446
23.4840277777778,0.00760758798818257
23.4854166666667,0.0283176946876338
23.4868055555556,0.0196789688029043
23.4881944444444,0.0248027269375574
23.4895833333333,0.0434681566292369
23.4909722222222,0.0301162322574507
23.4923611111111,0.0215982992990777
23.49375,0.0489799575420623
23.4951388888889,0.0235533940146908
23.4965277777778,0.0431220763988597
23.4979166666667,0.0456593590379697
23.4993055555556,0.0428375918013659
23.5006944444444,0.0467689285302632
23.5020833333333,0.0455314471929243
23.5034722222222,0.0270183308113483
23.5048611111111,0.0456291838701179
23.50625,0.0431335913961698
23.5076388888889,0.0351986310289186
23.5090277777778,0.0283637287065859
23.5104166666667,0.0770388867243197
23.5118055555556,0.0713325965460346
23.5131944444444,0.0509891159741829
23.5145833333333,0.0386172933124337
23.5159722222222,0.060949112270473
23.5173611111111,0.0669756678157853
23.51875,0.0721088804340511
23.5201388888889,0.0930698380842312
23.5215277777778,0.076196194936673
23.5229166666667,0.0739161572236719
23.5243055555556,0.0635247805925593
23.5256944444444,0.0660356135853969
23.5270833333333,0.10670815328267
23.5284722222222,0.0899539149828078
23.5298611111111,0.119743442473363
23.53125,0.0840094542408933
23.5326388888889,0.0852192456399625
23.5340277777778,0.0881348301004772
23.5354166666667,0.0416641927993728
23.5368055555556,0.0418554490518998
23.5381944444444,0.0357296163121152
23.5395833333333,0.00612178004135783
23.5409722222222,0.0312098909230766
23.5423611111111,0.0225604382627689
23.54375,0.0259652902756839
23.5451388888889,0.0444637565330816
23.5465277777778,0.0910335902230757
23.5479166666667,0.080524874775146
23.5493055555556,0.0683503665173715
23.5506944444444,0.0392474724087767
23.5520833333333,0.0461329066192931
23.5534722222222,0.0440934955663601
23.5548611111111,0.0405233273849157
23.55625,0.0259366290122157
23.5576388888889,0.0476804962267568
23.5590277777778,0.0373237177156463
23.5604166666667,0.0414348605360908
23.5618055555556,0.0144621975885773
23.5631944444444,0.0114912822157009
23.5645833333333,0.0383697834545064
23.5659722222222,0.0406671890198561
23.5673611111111,0.0472427972073333
23.56875,0.0233669719539092
23.5701388888889,0.0155753538106317
23.5715277777778,-0.0117108168533019
23.5729166666667,-0.00755921767364166
23.5743055555556,0.0533607891698956
23.5756944444444,0.0223313439902254
23.5770833333333,0.0313411880288213
23.5784722222222,0.034690552469317
23.5798611111111,0.0342033474936403
23.58125,0.0437760148991312
23.5826388888889,0.031366342455336
23.5840277777778,0.0561351148071325
23.5854166666667,0.0304709516524179
23.5868055555556,0.0325732660876362
23.5881944444444,0.0256280997139557
23.5895833333333,0.0353199600910656
23.5909722222222,0.0612148157560814
23.5923611111111,0.0386219671915497
23.59375,0.0308651331125889
23.5951388888889,0.0480477369722916
23.5965277777778,0.0428265892078842
23.5979166666667,0.0558580187802274
23.5993055555556,0.0397711878154737
23.6006944444444,0.00445098273685736
23.6020833333333,0.0223814492250992
23.6034722222222,0.0512589081506446
23.6048611111111,0.0510570068645218
23.60625,0.0530349681199875
23.6076388888889,0.0395723966475952
23.6090277777778,0.0178490955335068
23.6104166666667,0.0256774048541309
23.6118055555556,0.0478249231925205
23.6131944444444,0.0496398921847188
23.6145833333333,0.050462266363052
23.6159722222222,0.0669856566885361
23.6173611111111,0.0622377010688523
23.61875,0.0491534022612976
23.6201388888889,0.0488384386043002
23.6215277777778,0.0447365542012158
23.6229166666667,0.0390055984479792
23.6243055555556,0.0436717365121907
23.6256944444444,0.041406142991941
23.6270833333333,0.0145512690723814
23.6284722222222,0.0264371529950665
23.6298611111111,0.0485772874801091
23.63125,0.0452073019837619
23.6326388888889,0.0480849864055899
23.6340277777778,0.0609146592196679
23.6354166666667,0.0480397070330816
23.6368055555556,0.0663351526383501
23.6381944444444,0.062975960938778
23.6395833333333,0.0809186023123454
23.6409722222222,0.0664870350915835
23.6423611111111,0.0725429972797452
23.64375,0.0554147061618186
23.6451388888889,0.0753348302296699
23.6465277777778,0.0750717018015825
23.6479166666667,0.0452247034254264
23.6493055555556,0.041792021886767
23.6506944444444,0.0311866992347866
23.6520833333333,0.0141420072311388
23.6534722222222,-0.0113709970340519
23.6548611111111,0.0189285189013198
23.65625,0.0243132118221283
23.6576388888889,-0.00297278261520778
23.6590277777778,0.0377558396063772
23.6604166666667,0.0379350160050378
23.6618055555556,0.013029570126113
23.6631944444444,0.00646135444825567
23.6645833333333,-0.00608943611505877
23.6659722222222,0.00463072633831143
23.6673611111111,0.00530103541284893
23.66875,-0.0122872739727926
23.6701388888889,-0.0156403330494416
23.6715277777778,0.0235426247692489
23.6729166666667,0.0209675213221878
23.6743055555556,0.0318755066416772
23.6756944444444,0.00551085993878484
23.6770833333333,0.0148747673654182
23.6784722222222,0.0260519975669485
23.6798611111111,0.0219316016182254
23.68125,0.0280374690945553
23.6826388888889,0.0274196416225721
23.6840277777778,0.0356557936271706
23.6854166666667,0.0603109654771002
23.6868055555556,0.0196631244155248
23.6881944444444,0.0187456451447104
23.6895833333333,0.0209802914599233
23.6909722222222,0.0148609059806468
23.6923611111111,0.00244175971105982
23.69375,0.00443874666636333
23.6951388888889,0.0109169196196638
23.6965277777778,0.00809705457408348
23.6979166666667,-0.0101373141108861
23.6993055555556,-0.0250123954892788
23.7006944444444,-0.00998570551851613
23.7020833333333,0.0153900802587193
23.7034722222222,-0.0056373475233913
23.7048611111111,0.000147074788482635
23.70625,-0.00906348572711102
23.7076388888889,-0.00738928800141246
23.7090277777778,-0.0272095692002442
23.7104166666667,-0.00697490514240636
23.7118055555556,0.0132544984854975
23.7131944444444,0.0262056744939215
23.7145833333333,0.0611160604160842
23.7159722222222,0.0410937110323443
23.7173611111111,0.0214487347040653
23.71875,0.0101540213865157
23.7201388888889,-0.0116653922662466
23.7215277777778,0.00593019163802137
23.7229166666667,0.00259584801489006
23.7243055555556,0.0249561415153825
23.7256944444444,0.00691742903777879
23.7270833333333,0.0281153073601032
23.7284722222222,0.0320083555162168
23.7298611111111,0.0354242591720223
23.73125,0.022358386195121
23.7326388888889,-0.00508387387762086
23.7340277777778,-0.0151735070209319
23.7354166666667,-0.0262043213765613
23.7368055555556,-0.00551183141729711
23.7381944444444,0.0055427650966454
23.7395833333333,0.0226791161263177
23.7409722222222,-0.00282099167780495
23.7423611111111,0.00291008852583846
23.74375,0.0191173151743245
23.7451388888889,0.00743089474937249
23.7465277777778,0.0012427715507586
23.7479166666667,-0.0102829739170344
23.7493055555556,0.00344308384598295
23.7506944444444,0.00926529341337507
23.7520833333333,0.0587751178279083
23.7534722222222,0.0614846466353939
23.7548611111111,0.0959876835070361
23.75625,0.0579501085846707
23.7576388888889,0.0465394285993028
23.7590277777778,0.0526160145028831
23.7604166666667,0.0653241979228427
23.7618055555556,0.111909030656348
23.7631944444444,0.117879453238859
23.7645833333333,0.0839737312776612
23.7659722222222,0.0828548021067496
23.7673611111111,0.0834838682917058
23.76875,0.0714089262847779
23.7701388888889,0.0376902339524797
23.7715277777778,0.0369154508683168
23.7729166666667,0.050554968995981
23.7743055555556,0.0662046285589271
23.7756944444444,0.0809348796706175
23.7770833333333,0.0941084151505806
23.7784722222222,0.0816226893140918
23.7798611111111,0.0258648054368959
23.78125,0.0399711124588591
23.7826388888889,0.0905067811259192
23.7840277777778,0.0826464257820409
23.7854166666667,0.0839369121905315
23.7868055555556,0.0722133673637716
23.7881944444444,0.0322874920416663
23.7895833333333,0.038660475753397
23.7909722222222,0.0400369687225768
23.7923611111111,0.0470625870951313
23.79375,0.0498680046524654
23.7951388888889,0.0580572126786858
23.7965277777778,0.0372262585557408
23.7979166666667,0.000770288854626485
23.7993055555556,-0.00954372338243048
23.8006944444444,-0.0213230703126407
23.8020833333333,0.000944095889437997
23.8034722222222,0.0177455429397799
23.8048611111111,0.0285507844645486
23.80625,0.0091899889863705
23.8076388888889,0.0388848751608432
23.8090277777778,0.0297801717635582
23.8104166666667,0.0439002330842292
23.8118055555556,0.0277141058088582
23.8131944444444,0.0141873411215549
23.8145833333333,0.00561580402897475
23.8159722222222,0.0165267812872837
23.8173611111111,0.0174271917045902
23.81875,0.0355983844927615
23.8201388888889,0.0479255582485727
23.8215277777778,0.0514341582488816
23.8229166666667,0.0566776697922357
23.8243055555556,0.0544081119342102
23.8256944444444,0.0565915733652859
23.8270833333333,0.012184054680928
23.8284722222222,-0.00583766874832825
23.8298611111111,0.0240213433266108
23.83125,0.0445251592424898
23.8326388888889,0.0514771685442793
23.8340277777778,0.0446327228748027
23.8354166666667,0.0202287012884846
23.8368055555556,0.0107790852024405
23.8381944444444,-0.020213117885722
23.8395833333333,-0.00849161326314726
23.8409722222222,-0.0241259451176739
23.8423611111111,-0.0179416768492735
23.84375,0.00490450195065885
23.8451388888889,-0.0351188821196577
23.8465277777778,-0.0406906794265048
23.8479166666667,-0.0268896182200249
23.8493055555556,-0.0215319073834054
23.8506944444444,-0.0259193729856275
23.8520833333333,-0.024029457809616
23.8534722222222,-0.043207909525014
23.8548611111111,-0.0270599560318287
23.85625,-0.0127611503211417
23.8576388888889,-0.0176597933241683
23.8590277777778,-0.0345989133409942
23.8604166666667,-0.0573531085728478
23.8618055555556,-0.0332020506704576
23.8631944444444,-0.0498680765334764
23.8645833333333,-0.0508713721626883
23.8659722222222,-0.0567197449093548
23.8673611111111,-0.0366977620635459
23.86875,-0.0311117156446786
23.8701388888889,-0.0135028604066091
23.8715277777778,-0.00835419354421709
23.8729166666667,-0.0148095046047678
23.8743055555556,-0.0233436969689594
23.8756944444444,-0.0234788336598283
23.8770833333333,-0.0287958682043126
23.8784722222222,-0.0396831585962493
23.8798611111111,-0.033950392486336
23.88125,-0.0235874357992305
23.8826388888889,0.00628448404346847
23.8840277777778,-0.0170370319635187
23.8854166666667,-0.00860729761927889
23.8868055555556,0.00681048922869548
23.8881944444444,0.00843778931397408
23.8895833333333,-0.00253908977611967
23.8909722222222,-0.00180439281687401
23.8923611111111,-0.00197921090759459
23.89375,-0.0226018847714535
23.8951388888889,-0.00344924557219042
23.8965277777778,-0.000256519431081318
23.8979166666667,-0.00233159071608098
23.8993055555556,-0.00146578833770826
23.9006944444444,-0.00179977811718651
23.9020833333333,0.0102196324415489
23.9034722222222,0.0159670061550945
23.9048611111111,0.0281498152418241
23.90625,0.0102470794690517
23.9076388888889,-0.0074584338518677
23.9090277777778,-0.00879231576401869
23.9104166666667,0.0296819497541141
23.9118055555556,0.0148144705044404
23.9131944444444,0.0470576087385101
23.9145833333333,0.0233574101645859
23.9159722222222,-0.00171107271005089
23.9173611111111,0.0382154194410594
23.91875,0.0644414200217847
23.9201388888889,0.0939309820557018
23.9215277777778,0.051890578089821
23.9229166666667,0.0535460926518491
23.9243055555556,0.0542667693327885
23.9256944444444,0.0567438867615572
23.9270833333333,0.0523736288206628
23.9284722222222,0.0203113935572857
23.9298611111111,0.00765063055618831
23.93125,0.00922634598290162
23.9326388888889,0.044437877793083
23.9340277777778,0.0406452986631272
23.9354166666667,0.047204526076588
23.9368055555556,0.0682592840974098
23.9381944444444,0.0760432279903653
23.9395833333333,0.0421079791467159
23.9409722222222,0.0651522490537054
23.9423611111111,0.0974221830292569
23.94375,0.0527400464263756
23.9451388888889,0.0775017424050497
23.9465277777778,0.06812783924837
23.9479166666667,0.0521353001915187
23.9493055555556,0.0468298188463921
23.9506944444444,0.0553077637224907
23.9520833333333,0.0372423961293922
23.9534722222222,0.0230233933580528
23.9548611111111,0.0311800554561829
23.95625,0.0342439860215827
23.9576388888889,0.0249243583104186
23.9590277777778,0.0215704418638212
23.9604166666667,0.0149099506850838
23.9618055555556,0.0118817990823199
23.9631944444444,0.0248124790818599
23.9645833333333,0.0284460360452671
23.9659722222222,0.0116768119926647
23.9673611111111,-0.0130768991055271
23.96875,0.0158126628990059
23.9701388888889,0.05434958246994
23.9715277777778,0.0405657251510011
23.9729166666667,0.0118757118751779
23.9743055555556,-0.0145564749511628
23.9756944444444,0.0224089617548434
23.9770833333333,0.040806334889283
23.9784722222222,-0.00367826122633858
23.9798611111111,0.00487417856406729
23.98125,0.0250756401401391
23.9826388888889,0.0335393052570261
23.9840277777778,0.0286026233975733
23.9854166666667,0.0327277481830989
23.9868055555556,0.0506674855917556
23.9881944444444,0.0515672133890006
23.9895833333333,0.0129513877741165
23.9909722222222,0.0131137760490531
23.9923611111111,0.00109537456199902
23.99375,0.0130969393166221
23.9951388888889,0.00734766523172437
23.9965277777778,0.00863330723346277
23.9979166666667,0.02328447383993
23.9993055555556,0.0277697726149102
